tree
version=v4
num_class=1
num_tree_per_iteration=1
label_index=0
max_feature_idx=23
objective=binary sigmoid:1
feature_names=Column_0 Column_1 Column_2 Column_3 Column_4 Column_5 Column_6 Column_7 Column_8 Column_9 Column_10 Column_11 Column_12 Column_13 Column_14 Column_15 Column_16 Column_17 Column_18 Column_19 Column_20 Column_21 Column_22 Column_23
feature_infos=[0:3398] [0:3398] [0:3398] [54:26948] [31:26871] [0:24238] [0:13429] [0:1200] [0:212] [-500:500] [-3227:3142] [-3243:3270] [-3264:3242] [0:3365.699951171875] [-360.33334350585938:361.5555419921875] [0:3336.966552734375] [-112.55172729492188:111.93103790283203] [0.4177701473236084:1282.423828125] [-963.49468994140625:3195.06396484375] [0:1.9642301797866821] [1.6467034816741943:4694] [-999:120.69999694824219] [-999:56.599998474121094] [0:1]
tree_sizes=3350 3346 3360 3358 3371 3360 3363 3359 3354 3364 3353 3377 3367 3379 3374 3377 3369 3390 3381 3379 3370 3390 3384 3388 3380 3382 3378 3387 3393 3389 3384 3395 3387 3383 3397 3406 3402 3386 3414 3398 3377 3401 3410 3403 3398 3398 3392 3384 3389 3392 3404 3407 3406 3397 3429 3407 3398 3405 3419 3416 3416 3434 3445 3442 3442 3459 3445 3455 3444 3449 3458 3444 3451 3467 3462 3478 3476 3476 3466 3479 3477 3472 3471 3485 3487 3473 3481 3494 3486 3490 3482 3490 3484 3481 3506 3506 3486 3492 3494 3498 3527 3524 3510 3506 3515 3516 3531 3529 3524 3550 3523 3555 3556 3550 3536 3532 3549 3535 3550 3556 3564 3553 3575 3562 3572 3550 3553 3584 3565 3575 3569 3578 3584 3576 3583 3577 3599 3598 3588 3594 3594 3616 3594 3598 3634 3620 3621 3609 3605 3612 3625 3639 3618 3625 3642 3626 3635 3643 3626 3638 3653 3634 3648 3645 3646 3658 3672 3649 3657 3660 3642 3673 3666 3676 3678 3669 3666 3665 3677 3685 3679 3729 3671 3693 3684 3679 3675 3709 3705 3690 3704 3726 3700 3699 3702 3710 3708 3721 3710 3717

Tree=0
num_leaves=31
num_cat=0
split_feature=6 17 15 18 21 20 21 19 22 21 23 19 17 15 21 22 0 21 22 21 22 21 6 22 20 15 18 12 20 17
split_gain=10954.3 874.482 425.665 199.255 193.039 195.326 91.1793 91.0805 86.3831 83.1113 81.2305 71.844 68.7087 65.5287 74.8769 72.8876 60.0802 58.3661 55.6448 70.1348 51.3043 75.7121 50.9715 48.7603 47.5821 43.9328 43.1244 44.9346 41.4431 31.7684
threshold=414.50000000000006 509.18785095214849 338.21667480468756 -648.31991577148426 38.350000381469734 19.382786750793461 39.049999237060554 1.1134177446365359 29.44999980926514 42.850000381469734 1.0000000180025095e-35 1.1196839809417727 775.85751342773449 255.05000305175784 36.049999237060554 34.95000076293946 107.50000000000001 39.049999237060554 41.850000381469734 37.649999618530281 40.549999237060554 75.349998474121108 312.50000000000006 50.649999618530281 41.635955810546882 158.81666564941409 -434.46205139160151 -6.4999999999999991 16.290672302246097 209.4912033081055
decision_type=2 2 2 2 2 2 2 2 2 2 2 2 2 2 2 2 2 2 2 2 2 2 2 2 2 2 2 2 2 2
left_child=1 6 7 -3 18 8 26 9 -6 10 -2 22 -7 14 28 -16 -11 -14 24 23 21 -13 -8 25 -5 -20 27 -1 -9 -4
right_child=2 3 29 4 5 12 11 13 -10 16 -12 20 17 -15 15 -17 -18 -19 19 -21 -22 -23 -24 -25 -26 -27 -28 -29 -30 -31
leaf_value=-0.19999997784959939 0.086908190916331091 0.20000002215040061 0.13273978241962653 -0.11851524954112042 -0.19999997784959941 -0.1713098062217889 -0.18721161100879627 -0.17193574307461165 0.18018529638447164 -0.19999997784959925 -0.19682750601390142 0.19532792724165893 -0.19999997784959933 0.16577911717049806 -0.13711451650382958 0.18272960519013901 0.20000002215040061 0.13472761313715664 -0.13001476086047881 -0.19999997784959941 -0.19999997784959941 -0.19999997784959941 0.16154452282404183 -0.19999997784959941 0.18779986922914518 0.20000002215040061 -0.19849529620356424 0.20000002215040066 0.16154452282404183 0.19823678772778247
leaf_weight=5.669792503118515 13.883375734090803 38.660993814468384 77.812012553215027 5.7509930580854407 7.4143440425395957 138.83687974512577 54.966139853000641 20.872567459940914 30.81511427462101 4.7975167334079769 36.928468644618988 18.669906899333004 8.0685508698225039 61.174941122531891 9.3149135112762433 30.304159015417099 17.280292689800262 14.699983671307562 5.0219688564539018 12.866067603230475 7.8504819273948661 6.5420682728290549 4.5365463197231284 5.2336546182632437 42.898270636796951 20.502042174339294 1557.2001827657223 5.5648400187492353 4.5365463197231284 1533.5765065699816
leaf_count=26 52 132 281 25 34 625 250 94 107 22 169 64 37 215 41 105 59 53 22 59 36 30 16 24 148 70 7134 19 16 5244
internal_value=2.43654e-08 -0.161826 0.17803 -0.0133426 -0.0415789 -0.0968188 -0.191395 0.0400843 0.106451 -0.0489151 -0.119302 -0.0949515 -0.144904 0.0914866 0.0215963 0.10753 0.11308 0.0161092 0.0780536 -0.00395347 0.0232362 0.0927472 -0.160622 0.0780536 0.151589 0.135068 -0.197087 -0.00186835 -0.112396 0.195074
internal_weight=3802.25 1991.77 1810.48 330.769 292.108 199.835 1661 199.093 38.2295 72.8897 50.8118 92.5651 161.605 126.203 65.0282 39.6191 22.0778 22.7685 92.273 43.6237 33.0625 25.212 59.5027 30.7577 48.6493 25.524 1568.43 11.2346 25.4091 1611.39
internal_count=15209 8911 6298 1336 1204 856 7575 773 141 302 221 396 715 471 256 146 81 90 348 175 130 94 266 116 173 92 7179 45 110 5525
is_linear=0
shrinkage=1


Tree=1
num_leaves=31
num_cat=0
split_feature=6 17 15 18 21 20 21 21 19 19 15 21 17 22 22 21 22 21 6 21 21 0 18 12 17 0 21 1 20 22
split_gain=8963.23 717.043 349.527 163.05 157.674 159.455 74.821 70.6199 59.3369 58.7069 56.3267 51.8746 51.0189 53.2277 45.452 81.0722 41.998 61.966 41.6733 38.7842 38.9084 109.888 35.2962 36.7893 33.6011 106.036 32.2149 38.5362 30.0812 29.3125
threshold=414.50000000000006 509.18785095214849 315.16667175292974 -648.31991577148426 38.350000381469734 19.382786750793461 39.049999237060554 90.850002288818374 1.1134177446365359 1.1196839809417727 354.61666870117193 101.95000076293947 819.50430297851574 44.649999618530281 41.549999237060554 37.649999618530281 40.549999237060554 75.349998474121108 312.50000000000006 42.149999618530281 36.149999618530281 92.500000000000014 -434.46205139160151 -6.4999999999999991 209.4912033081055 143.50000000000003 33.850000381469734 106.50000000000001 41.635955810546882 33.649999618530281
decision_type=2 2 2 2 2 2 2 2 2 2 2 2 2 2 2 2 2 2 2 2 2 2 2 2 2 2 2 2 2 2
left_child=1 6 8 -3 14 7 22 -6 12 18 11 -7 13 -2 28 26 17 -11 -8 20 21 -10 23 -1 25 -4 -16 -28 -5 -22
right_child=2 3 24 4 5 10 9 -9 19 16 -12 -13 -14 -15 15 -17 -18 -19 -20 -21 29 -23 -24 -25 -26 -27 27 -29 -30 -31
leaf_value=-0.18187307241514347 -0.15535972607387397 0.18187306918215596 0.1615018263355168 -0.087922502476745851 0.16353554807099682 -0.15325182181842062 -0.17002608148068377 -0.1818730724151435 -0.17446713375191913 0.17753968775752368 0.19086348890855434 0.16259242864860371 0.18187306918215596 0.086107393161269627 -0.11534196301078595 -0.18569906480160855 -0.1818730724151435 -0.1818730724151435 0.14637593527726653 -0.17719636077232215 -0.069968082409101059 0.13834243598429027 -0.18047679917692946 0.18187306918215598 0.17901461261913526 -0.14699702717887109 -0.13775519304208436 0.17970690129690514 0.1828780384600342 0.17210767157623649
leaf_weight=5.6134706139564514 37.908019632101059 38.276946187019348 74.450025945901871 4.644320845603942 30.56634533405304 149.81157441437244 54.48732191324234 7.3406923413276663 18.332826748490334 18.492954134941105 5.2464758157730094 5.3870548903942099 7.539398491382598 12.024760723114012 6.3415726423263541 15.121729806065558 7.7724977731704703 6.4770814776420584 4.5070775151252738 6.1478696763515464 5.6531018614768973 28.987012937664986 1541.9618298709393 5.5095604360103589 1546.0931346565485 13.102352350950239 4.4906708598136929 25.74530716240406 35.128598481416702 43.435230687260628
leaf_count=26 172 132 261 20 107 678 250 34 84 64 18 19 26 45 28 70 36 30 16 28 24 104 7134 19 5345 58 20 89 121 151
internal_value=-4.43589e-07 -0.147087 0.161786 -0.0121064 -0.0377252 -0.0878137 -0.174013 0.0966472 0.0207434 -0.0862566 -0.131395 -0.142289 -0.0605988 -0.0972099 0.0708889 0.00906116 0.0211229 0.0843101 -0.145853 0.0663274 0.0818567 0.0171526 -0.179196 -0.00169904 0.175602 0.115334 0.0895781 0.132557 0.151256 0.14423
internal_weight=3766.6 1972.92 1793.67 328.101 289.824 198.352 1644.82 37.907 160.028 91.7369 160.445 155.199 57.4722 49.9328 91.4722 51.6993 32.7425 24.97 58.9944 102.556 96.4082 47.3198 1553.08 11.123 1633.65 87.5524 36.5776 30.236 39.7729 49.0883
internal_count=15209 8911 6298 1336 1204 856 7575 141 634 396 715 697 243 217 348 207 130 94 266 391 363 188 7179 45 5664 319 137 109 141 175
is_linear=0
shrinkage=0.1


Tree=2
num_leaves=31
num_cat=0
split_feature=6 17 15 18 21 20 19 21 21 23 21 17 19 15 21 22 0 21 21 22 22 21 22 20 15 20 18 12 17 6
split_gain=7458.77 600.692 299.159 135.704 130.524 131.756 63.8888 62.7569 59.1961 60.3046 58.6431 49.3997 49.1825 46.0213 51.2463 50.6929 44.0055 42.3961 40.4442 59.5653 37.9005 47.511 34.8282 32.468 31.0125 29.8267 29.4022 30.6715 23.6898 89.4387
threshold=414.50000000000006 509.18785095214849 338.21667480468756 -648.31991577148426 38.350000381469734 19.382786750793461 1.1134177446365359 39.049999237060554 42.850000381469734 1.0000000180025095e-35 90.850002288818374 775.85751342773449 1.0849267244338991 255.05000305175784 36.149999618530281 34.95000076293946 107.50000000000001 39.049999237060554 70.799999237060561 38.95000076293946 41.850000381469734 37.649999618530281 50.649999618530281 41.635955810546882 158.81666564941409 16.290672302246097 -434.46205139160151 -6.4999999999999991 217.60556793212893 3595.5000000000005
decision_type=2 2 2 2 2 2 2 2 2 2 2 2 2 2 2 2 2 2 2 2 2 2 2 2 2 2 2 2 2 2
left_child=1 7 6 -3 20 10 8 26 9 -2 -6 -7 -9 14 25 -16 -10 -13 19 -14 23 22 24 -5 -22 -8 27 -1 29 -4
right_child=2 3 28 4 5 11 13 12 16 -11 -12 17 18 -15 15 -17 -18 -19 -20 -21 21 -23 -24 -25 -26 -27 -28 -29 -30 -31
leaf_value=-0.16825817360376294 0.074865537057831236 0.16825816147531697 -0.060999913399326845 -0.097376438904468232 0.15050692985512593 -0.14323216695851068 -0.14372874254834117 -0.14975406592276772 -0.17528320351916604 -0.17105928880433824 -0.16825817360376297 -0.17024003067565738 0.13966618433352304 0.13896781754982343 -0.11494607684142961 0.15502426680474723 0.17169484242201086 0.11866115713155415 -0.16896103674427274 -0.16846661064349785 -0.11010145960753939 -0.16799751037150218 -0.17295393203358836 0.1576033051612849 0.16979140540549367 0.14119917209544672 -0.16689712195935921 0.168258161475317 0.16691484629710254 0.17326223166331084
leaf_weight=5.468012273311615 13.7948891967535 37.285102128982544 21.992807313799858 5.6768455654382697 29.922584041953087 135.29295481741428 20.875613957643512 47.227912098169327 4.6760625541210201 35.972916975617409 7.1504775881767264 7.8219825774431255 22.994931086897854 59.685645401477814 9.1622735261917096 28.874727621674538 16.741200149059296 14.488143920898436 10.745639339089392 8.6273782998323423 4.9467567056417527 12.3991851657629 5.1056717634201041 41.514656096696854 19.819598019123077 4.4586534500122061 1502.6005549132824 5.3667950034141523 1471.7337316274643 62.934012711048126
leaf_count=26 52 132 92 25 107 625 96 220 22 169 34 37 84 215 41 103 59 53 51 41 22 59 24 148 70 16 7134 19 5213 220
internal_value=-4.34802e-07 -0.135882 0.14935 -0.0111138 -0.0346513 -0.080597 0.0323341 -0.160899 -0.0430708 -0.102893 0.089025 -0.120497 -0.0795793 0.0759537 0.0166045 0.0899944 0.0959386 0.0173717 -0.00135492 0.0555996 0.0653292 -0.00344267 0.0648602 0.126931 0.113886 -0.0935834 -0.165714 -0.00157185 0.163951 0.112597
internal_weight=3675.36 1924.46 1750.9 321.424 284.139 194.676 194.242 1603.03 71.1851 49.7678 37.0731 157.603 89.5959 123.057 63.3713 38.037 21.4173 22.3101 42.3679 31.6223 89.4627 42.2712 29.872 47.1915 24.7664 25.3343 1513.44 10.8348 1556.66 84.9268
internal_count=15209 8911 6298 1336 1204 856 773 7575 302 221 141 715 396 471 256 144 81 90 176 125 348 175 116 173 92 112 7179 45 5525 312
is_linear=0
shrinkage=0.1


Tree=3
num_leaves=31
num_cat=0
split_feature=6 17 15 18 21 20 19 21 22 21 21 15 17 19 22 0 21 22 6 22 21 20 22 22 18 12 5 21 7 20
split_gain=6287.45 510.641 256.183 114.429 109.206 109.981 58.19 64.6987 58.4313 54.3827 49.2685 43.1825 41.7483 41.7246 40.1178 38.553 36.9132 44.8051 34.2703 32.8627 58.5745 31.4751 29.9716 44.0246 24.8176 25.9216 22.5205 31.5198 21.6085 21.1554
threshold=414.50000000000006 509.18785095214849 350.31666564941412 -648.31991577148426 38.350000381469734 19.382786750793461 1.1134177446365359 42.649999618530281 44.250000000000007 39.049999237060554 90.850002288818374 259.53334045410162 768.73489379882824 1.1196839809417727 36.850000381469734 107.50000000000001 36.049999237060554 34.95000076293946 312.50000000000006 41.549999237060554 37.649999618530281 18.007870674133304 40.549999237060554 38.45000076293946 -434.46205139160151 -6.4999999999999991 1030.5000000000002 33.850000381469734 2.5000000000000004 41.635955810546882
decision_type=2 2 2 2 2 2 2 2 2 2 2 2 2 2 2 2 2 2 2 2 2 2 2 2 2 2 2 2 2 2
left_child=1 9 6 -3 19 10 7 8 -2 24 -6 16 -7 18 -14 -9 21 -18 -11 29 26 -8 23 -15 25 -1 -21 -28 -26 -5
right_child=2 3 -4 4 5 12 11 15 -10 13 -12 -13 14 22 -16 -17 17 -19 -20 20 -22 -23 -24 -25 28 -27 27 -29 -30 -31
leaf_value=-0.15768741328657662 -0.15907720557915986 0.15768740301560613 0.15418668394847673 -0.070913840192046287 0.13995462882467186 -0.13395104743579586 -0.12355332585743631 -0.16328165979930237 0.08419930994546522 -0.14805120761541024 -0.15768741328657665 0.13342846011097168 0.17881681249360909 -0.15764687704281261 -0.089610217290201466 0.15999183063745659 -0.10466229027327448 0.14023521035214234 0.14088108127307175 -0.14367993813026633 -0.16362415599521243 0.16738727022848607 -0.15767538703355219 0.15491189243179909 -0.15703989101199203 0.15768740301560613 -0.097178673844325186 0.15708936861862571 0.049511261094226183 0.15896175515124666
leaf_weight=5.2615553736686707 38.650478035211563 35.877322196960449 1481.1433481276035 4.5547333955764762 29.00741820037365 129.57227092981339 21.629185929894451 4.525319546461108 13.260074093937872 51.750718906521797 6.8804954886436454 65.632076948881149 8.8529549539089221 6.0698801279068055 15.004419207572935 19.963496059179306 9.944028437137602 30.035180523991585 4.4588184952735892 4.0781428813934317 14.275875866413115 4.4903873801231375 7.2848233580589286 17.495553001761436 1441.6432097405195 5.1641600131988508 6.0864623785018948 24.499270588159561 5.0827467292547217 33.07726126909256
leaf_count=26 186 132 5452 20 107 616 101 22 50 250 34 242 31 30 68 73 45 111 16 19 70 16 36 64 7112 19 28 90 22 121
internal_value=2.98254e-09 -0.127051 0.139589 -0.0103134 -0.0321606 -0.0747056 0.0357029 -0.0337284 -0.0969345 -0.150619 0.0828902 0.0759707 -0.111568 -0.0738442 0.00999724 0.100254 0.0189187 0.0793219 -0.125132 0.0608778 0.00685077 -0.0735358 0.0196022 0.0744044 -0.155206 -0.0014731 0.0770587 0.106491 -0.156314 0.131139
internal_weight=3545.25 1855.98 1689.27 311.767 275.889 189.318 208.13 76.3994 51.9106 1544.21 35.8879 131.731 153.43 87.0598 23.8574 24.4888 66.0988 39.9792 56.2095 86.5717 48.9398 26.1196 30.8503 23.5654 1457.15 10.4257 34.6639 30.5857 1446.73 37.632
internal_count=15209 8911 6298 1336 1204 856 846 331 236 7575 141 515 715 396 99 95 273 156 266 348 207 117 130 94 7179 45 137 118 7134 141
is_linear=0
shrinkage=0.1


Tree=4
num_leaves=31
num_cat=0
split_feature=6 17 15 18 21 20 21 17 2 12 19 22 21 22 17 21 22 8 22 21 4 20 21 15 18 12 15 21 7 2
split_gain=5351.92 477.586 192.063 92.0463 84.5656 96.5774 51.9951 47.7897 40.9224 43.5007 37.9376 37.6361 33.2276 33.0975 32.2689 31.4651 46.8819 29.1775 27.3258 52.5328 24.6364 60.0746 41.8819 23.4214 22.9983 25.7444 22.8183 21.8843 21.7509 17.4401
threshold=439.50000000000006 514.16119384765636 308.94999694824224 -648.31991577148426 38.549999237060554 18.007870674133304 39.049999237060554 768.73489379882824 498.50000000000006 -28.499999999999996 1.0849267244338991 34.750000000000007 33.750000000000007 36.850000381469734 705.42446899414074 70.799999237060561 38.95000076293946 1.0000000180025095e-35 41.850000381469734 37.649999618530281 4369.5000000000009 27.716399192810062 40.049999237060554 192.76667022705081 -434.46205139160151 -6.4999999999999991 344.68333435058599 36.149999618530281 1.0000000180025095e-35 328.50000000000006
decision_type=2 2 2 2 2 2 2 2 2 2 2 2 2 2 2 2 2 2 2 2 2 2 2 2 2 2 2 2 2 2
left_child=1 6 8 -3 12 -6 24 20 9 11 23 -2 -5 -9 18 16 -12 -11 -14 -20 21 22 -7 -8 25 -1 -15 -10 -26 -4
right_child=2 3 29 4 5 7 10 13 27 17 15 -13 14 26 -16 -17 -18 -19 19 -21 -22 -23 -24 -25 28 -27 -28 -29 -30 -31
leaf_value=-0.1503562105078996 -0.095600361970687095 0.14927532092330148 0.080869838185628873 -0.16258742636163462 0.12677080699267435 0.19625028685381921 -0.15305899945302262 0.16312397783262433 -0.03655748355413016 -0.10861994528673707 0.12783315446853141 0.12279576380989002 0.14515776104627387 -0.16613441953516841 -0.13699520390116621 -0.150045617959363 -0.14972835401358237 0.08310097649359291 0.10814690335711002 -0.14960318805904094 -0.15287731881568442 -0.13467077518699325 -0.11476325471386212 0.080244687567193579 -0.14818089843459839 0.151700122071663 0.098057689281339636 0.16053597630036576 0.013611867046200477 0.14589179532433968
leaf_weight=5.8216851651668549 10.900431692600248 34.455931812524796 42.484572350978851 6.5468725562095633 23.313183382153511 11.792980909347536 41.286994472146034 11.226139038801195 7.3626870512962368 45.381142631173134 22.674174830317501 28.577845856547356 41.386652290821075 8.7535636574029905 6.8413499891757956 10.080701038241385 8.3176888674497587 9.6208036690950376 24.959482818841934 11.574192494153975 75.063164800405502 40.770236104726791 6.8417423963546744 4.8036306351423255 1385.82609847188 5.475598603487013 5.2179991155862799 23.989162385463715 8.3593132048845273 1420.1574247181416
leaf_count=30 53 133 171 32 90 45 210 41 32 217 88 110 159 43 33 52 43 38 99 60 377 202 33 19 7163 21 20 89 37 5469
internal_value=-2.49694e-06 -0.117994 0.133804 -0.00477951 -0.0241318 -0.0633556 -0.141411 -0.0911164 0.015253 -0.0175978 -0.0664653 0.0624939 0.0544711 0.0352671 0.0712364 0.00342205 0.0533404 -0.0750846 0.089519 0.0264894 -0.114799 -0.0666841 0.0820616 -0.128744 -0.146059 -0.00395472 -0.0674658 0.11425 -0.147211 0.144003
internal_weight=3389.86 1801.39 1588.47 308.743 274.288 182.979 1492.65 159.666 125.832 94.4802 87.1632 39.4783 91.3086 25.1977 84.7617 41.0726 30.9919 55.0019 77.9203 36.5337 134.468 59.405 18.6347 46.0906 1405.48 11.2973 13.9716 31.3518 1394.19 1462.64
internal_count=15209 9030 6179 1367 1234 851 7663 761 539 418 412 163 383 104 351 183 131 255 318 159 657 280 78 229 7251 51 63 121 7200 5640
is_linear=0
shrinkage=0.1


Tree=5
num_leaves=31
num_cat=0
split_feature=6 17 15 18 21 20 19 21 22 21 21 15 15 0 19 15 21 19 22 21 22 22 12 7 4 15 21 17 17 6
split_gain=4591.35 382.613 199.239 83.6902 77.9884 78.1056 42.0137 50.0091 47.6858 41.4475 36.2556 35.8291 31.6905 31.0657 31.0148 31.088 28.3437 27.313 24.5251 43.4076 21.781 32.4963 20.7766 20.2066 19.9086 19.7422 23.497 19.1369 18.4066 70.2716
threshold=414.50000000000006 509.18785095214849 350.31666564941412 -648.31991577148426 38.350000381469734 19.382786750793461 1.1134177446365359 42.649999618530281 44.250000000000007 39.049999237060554 90.850002288818374 354.61666870117193 259.53334045410162 107.50000000000001 1.1338242292404177 298.80000305175787 101.95000076293947 1.3156310319900515 41.549999237060554 37.649999618530281 40.549999237060554 38.45000076293946 -67.499999999999986 3.5000000000000004 10272.500000000002 145.73332977294925 33.850000381469734 534.55499267578136 217.60556793212893 3595.5000000000005
decision_type=2 2 2 2 2 2 2 2 2 2 2 2 2 2 2 2 2 2 2 2 2 2 2 2 2 2 2 2 2 2
left_child=1 9 6 -3 18 10 7 8 -2 23 -6 16 17 -9 15 -11 -7 22 -5 25 21 -16 -8 -1 27 -20 -27 -24 29 -4
right_child=2 3 28 4 5 11 12 13 -10 14 -12 -13 -14 -15 20 -17 -18 -19 19 -21 -22 -23 24 -25 -26 26 -28 -29 -30 -31
leaf_value=-0.14064591424740147 -0.14595045907796098 0.14243936010316727 -0.087593111530064036 0.11747430742524899 0.12394535256585806 -0.11572637581978384 0.13409789109269318 -0.15206557814785548 0.077312570248938561 -0.13155995148021007 -0.14360091914712156 0.16653181610276363 0.11716851367919363 0.1478918755463734 -0.14237859540824216 0.16319265200801344 0.13065478052878185 0.14985108690748308 -0.13973210101320108 -0.14893637274562488 -0.14241181061594144 0.14514553840580002 -0.14205208260370844 0.094885329434715768 0.058871325682707025 -0.083489198811800516 0.14301771807962513 0.034816831146011189 0.14140584513038368 0.14495112505848984
leaf_weight=1312.4936109781265 36.178687289357185 32.347581267356873 17.094078436493874 34.366041943430901 26.715138837695122 132.89900441467762 7.7099403589963904 4.2403312921524074 13.00552962720394 49.154758006334305 6.2499052435159674 4.9585832953453055 61.077093735337257 18.588699162006378 5.2882138043642106 3.8592443466186515 4.8392031490802756 12.219358861446379 4.0240740776062003 12.990045115351675 6.2019390463829032 15.314271509647368 20.736197471618656 3.6526039540767661 12.964295461773871 5.7476823627948788 22.539849445223808 8.6773729622364026 1271.1962798982859 54.188027009367943
leaf_count=7164 186 132 74 141 107 678 30 22 50 258 34 18 242 73 29 14 19 48 19 70 34 61 104 15 54 28 90 37 5164 214
internal_value=-1.08586e-05 -0.114108 0.124901 -0.00909605 -0.028294 -0.0655132 0.0305557 -0.0301402 -0.0869142 -0.135749 0.0732207 -0.0975628 0.0659809 0.0921769 -0.0657788 -0.110103 -0.10707 0.0158039 0.0537718 0.00544673 0.021886 0.0713443 -0.0168981 -0.139992 -0.0443693 0.0675125 0.0969943 -0.0898735 0.138633 0.089185
internal_weight=3221.52 1683.64 1537.88 287.677 255.33 175.662 195.398 72.0132 49.1842 1395.96 32.965 142.697 123.384 22.829 79.8184 53.014 137.738 62.3072 79.6677 45.3017 26.8044 20.6025 50.0878 1316.15 42.3779 32.3116 28.2875 29.4136 1342.48 71.2821
internal_count=15209 8911 6298 1336 1204 856 846 331 236 7575 141 715 515 95 396 272 697 273 348 207 124 90 225 7179 195 137 118 141 5452 288
is_linear=0
shrinkage=0.1


Tree=6
num_leaves=31
num_cat=0
split_feature=6 17 15 18 21 20 21 19 21 23 21 15 19 15 0 21 19 21 22 22 21 22 15 18 5 20 12 7 12 17
split_gain=3961.85 335.635 177.365 72.263 66.2739 66.2264 36.623 35.4874 42.634 41.7167 31.1037 30.3677 27.7076 27.1309 26.7828 24.0025 23.5496 22.5364 32.2043 20.7179 35.4722 22.285 21.6808 20.3587 20.0552 19.1455 19.0492 17.9146 17.5403 17.3966
threshold=414.50000000000006 509.18785095214849 350.31666564941412 -648.31991577148426 38.350000381469734 19.382786750793461 39.049999237060554 1.1134177446365359 42.649999618530281 1.0000000180025095e-35 90.850002288818374 354.61666870117193 1.0849267244338991 259.53334045410162 107.50000000000001 101.95000076293947 1.3156310319900515 70.799999237060561 38.95000076293946 41.649999618530281 37.649999618530281 50.649999618530281 158.81666564941409 -434.46205139160151 2317.0000000000005 41.635955810546882 -6.4999999999999991 3.5000000000000004 -67.499999999999986 221.21818542480472
decision_type=2 2 2 2 2 2 2 2 2 2 2 2 2 2 2 2 2 2 2 2 2 2 2 2 2 2 2 2 2 2
left_child=1 6 7 -3 19 10 23 8 9 -2 -6 15 24 16 -10 -7 28 18 -14 25 21 22 -21 26 -8 -5 -1 -25 -9 -4
right_child=2 3 29 4 5 11 12 13 14 -11 -12 -13 17 -15 -16 -17 -18 -19 -20 20 -22 -23 -24 27 -26 -27 -28 -29 -30 -31
leaf_value=-0.13683135035611785 0.064696127786468174 0.13680512230183814 0.084984746876149403 -0.074625241955569688 0.11736980335556109 -0.10874032257467714 -0.13981869642285244 0.12633214411838367 -0.14487142071051992 -0.14186125422481946 -0.13778639917935906 0.15660361832226549 0.11165193623597254 0.11025934309372061 0.14135222024033472 0.12208877822888807 0.143123670928821 -0.13746819150506426 -0.13701253503647456 -0.096933037758807239 -0.14248714020778425 -0.14476258773040401 0.14105702919098809 -0.13597680509515311 0.13147450872836494 0.13920406999535409 0.14873011721382043 0.083579846366992533 -0.04098063914535538 0.13569506074930329
leaf_weight=4.461424857378006 13.807525411248205 30.411406874656677 71.7155422270298 4.886322855949401 25.456167817115787 127.57227364182472 36.989486977458 7.3824894428253165 4.0172700285911587 33.499484434723854 5.8812454193830481 4.7559594810008994 19.932186961174015 58.546220183372498 17.556874886155128 4.6696947813034049 11.548818528652189 8.8180013447999936 7.0504172444343558 4.6856192350387635 11.891570791602133 4.4587311446666709 20.910761952400208 1226.5892786681652 2.9415818601846686 29.268778532743454 4.9035693705081922 3.7276150137186042 41.424295365810394 1193.4783998429775
leaf_count=26 54 132 302 22 107 678 209 30 22 182 34 18 84 242 73 19 48 51 41 22 68 24 88 7119 11 124 19 15 195 5150
internal_value=-7.06316e-06 -0.10907 0.11936 -0.00856549 -0.0266516 -0.0616621 -0.130069 0.0286712 -0.0284442 -0.0815732 0.0694834 -0.0916607 -0.0625604 0.0617588 0.0880552 -0.100589 0.0147122 0.00132057 0.0466772 0.0507906 0.00370864 0.0615523 0.0974911 -0.134194 -0.119833 0.108613 0.0126904 -0.135312 -0.015673 0.132821
internal_weight=3043.24 1590.26 1452.98 274.849 244.437 168.335 1315.41 187.783 68.8812 47.307 31.3374 136.998 75.7317 118.902 21.5741 132.242 60.3556 35.8006 26.9826 76.1018 41.9467 30.0551 25.5964 1239.68 39.9311 34.1551 9.36499 1230.32 48.8068 1265.19
internal_count=15209 8911 6298 1336 1204 856 7575 846 331 236 141 715 396 515 95 697 273 176 125 348 202 134 110 7179 220 146 45 7134 225 5452
is_linear=0
shrinkage=0.1


Tree=7
num_leaves=31
num_cat=0
split_feature=15 17 6 15 22 21 18 19 21 22 3 15 21 21 17 22 21 19 17 6 21 19 10 22 21 21 22 18 12 15
split_gain=3441.05 199.462 138.522 130.581 64.8622 64.0378 62.1702 51.486 41.9967 41.0808 32.4143 26.786 26.1774 24.356 31.5602 28.604 22.7291 32.5397 18.8422 65.7028 30.1247 18.686 24.0875 18.9812 18.4458 18.2633 23.0784 17.9746 16.503 16.1029
threshold=286.83332824707037 509.18785095214849 395.50000000000006 354.61666870117193 42.750000000000007 37.850000381469734 -648.31991577148426 1.092575788497925 37.750000000000007 34.750000000000007 1891.0000000000002 151.58333587646487 101.95000076293947 36.149999618530281 161.60405731201175 37.45000076293946 39.049999237060554 1.0899078249931338 217.60556793212893 3595.5000000000005 36.95000076293946 1.2031992673873904 -4.4999999999999991 38.750000000000007 42.649999618530281 39.45000076293946 38.95000076293946 -434.46205139160151 -6.4999999999999991 228.83332824707034
decision_type=2 2 2 2 2 2 2 2 2 2 2 2 2 2 2 2 2 2 2 2 2 2 2 2 2 2 2 2 2 2
left_child=1 2 16 4 5 -2 -3 8 11 -9 -11 -8 -10 14 -4 -15 27 -18 19 20 -5 22 23 -12 -7 26 -19 28 -1 -16
right_child=3 6 13 18 -6 24 7 9 12 10 21 -13 -14 15 29 -17 17 25 -20 -21 -22 -23 -24 -25 -26 -27 -28 -29 -30 -31
leaf_value=-0.13212125274424932 -0.12312460235296126 0.13209922008840733 -0.15122156061673461 0.038995005870846179 0.13169982838945399 -0.0019224711738691773 -0.13485463009069412 -0.1425394931032033 -0.11158393059926308 -0.13822586061985828 0.085550475974713894 0.12243865910581749 0.11798675473190699 -0.086312785154922966 -0.08233892146166262 0.10601331222339741 -0.13534800891075707 0.10546082770188914 0.13104000446089778 0.13523375074904173 -0.22530458233039075 -0.093523139333188746 0.11730994445954337 -0.092822993635368015 0.1137444206127932 -0.11885210089833993 -0.13232239399785317 -0.13126122593674283 0.14199569160089348 0.17619202441479054
leaf_weight=4.1732492446899414 37.278896480798721 23.489811539649963 15.198405191302301 8.723715007305147 39.305397465825081 33.683934673666954 5.5303551405668285 14.191671043634413 112.01596662402153 9.0746536105871183 11.680964589118959 15.077645510435103 5.1974670737981787 9.9719165414571744 3.9237730056047422 34.442968040704727 36.266906753182411 17.612918093800552 1131.5762157738209 49.043226033449173 8.5285183191299421 7.094683349132537 48.12957689166069 12.19285613298416 23.341096445918083 8.8377839773893339 5.312993496656417 1119.8903304934502 4.6362528800964338 6.2416498064994812
leaf_count=26 223 109 81 35 170 164 28 81 636 52 53 68 22 50 22 143 218 77 5207 213 41 39 214 64 104 54 33 6938 19 25
internal_value=-9.48552e-06 -0.102299 -0.118773 0.117545 0.0237762 -0.0212058 -0.0231717 -0.0383569 -0.0782582 0.0153654 0.0407807 0.0533915 -0.101404 0.0181865 -0.059994 0.0628327 -0.126759 -0.0706241 0.128004 0.0761887 -0.0916596 0.0613175 0.0765743 -0.00554856 0.0454215 0.00327593 0.0503555 -0.130142 0.0121406 0.0764011
internal_weight=2861.67 1530.18 1266.51 1331.48 133.609 94.3039 263.676 240.186 137.821 102.364 88.1727 20.608 117.213 69.7787 25.3638 44.4149 1196.73 68.0306 1197.87 66.2955 17.2522 79.0981 72.0034 23.8738 57.025 31.7637 22.9259 1128.7 8.8095 10.1654
internal_count=15209 9052 7686 6157 661 491 1366 1257 754 503 422 96 658 321 128 193 7365 382 5496 289 76 370 331 117 268 164 110 6983 45 47
is_linear=0
shrinkage=0.1


Tree=8
num_leaves=31
num_cat=0
split_feature=15 17 6 15 22 21 18 19 21 22 3 2 16 15 21 21 19 8 17 6 21 4 20 21 21 18 21 22 19 10
split_gain=2996.23 178.989 123.701 118.51 56.0923 54.8713 53.9516 44.1517 35.9139 35.3618 27.7224 23.2142 25.6043 23.0187 22.38 20.5733 28.785 19.156 17.7473 56.979 25.32 16.9851 41.5708 21.2207 15.9863 15.772 15.7164 20.8502 15.6681 20.7604
threshold=286.83332824707037 509.18785095214849 395.50000000000006 354.61666870117193 42.750000000000007 37.850000381469734 -648.31991577148426 1.092575788497925 37.750000000000007 34.750000000000007 1891.0000000000002 456.50000000000006 -2.8448275327682491 151.58333587646487 101.95000076293947 39.049999237060554 1.1134177446365359 2.5000000000000004 221.21818542480472 3595.5000000000005 36.95000076293946 4132.0000000000009 27.716399192810062 39.750000000000007 42.649999618530281 -434.46205139160151 39.45000076293946 40.750000000000007 1.2031992673873904 -4.4999999999999991
decision_type=2 2 2 2 2 2 2 2 2 2 2 2 2 2 2 2 2 2 2 2 2 2 2 2 2 2 2 2 2 2
left_child=1 2 15 4 5 -2 -3 8 13 -9 -11 12 -4 -8 21 25 -17 -14 19 20 -5 22 23 -10 -7 -1 27 -18 29 -12
right_child=3 6 11 18 -6 24 7 9 14 10 28 -13 17 -15 -16 16 26 -19 -20 -21 -22 -23 -24 -25 -26 -27 -28 -29 -30 -31
leaf_value=0.01168495738913088 -0.11751867892619319 0.1281270681864293 0.16390250552551233 0.039836240714476646 0.12608012169753854 -0.0017298775150510312 -0.12704902758360911 -0.13714795711035452 0.29071887505953248 -0.1332910136232647 -0.0050437379810263205 0.094978315901497551 -0.087737481151684255 0.11719712245023835 0.11131356594180174 -0.12075470370791828 0.1273028353546935 0.1205877889331757 0.12696506584352271 0.13042265372662332 -0.19729484371166242 -0.12709026099256476 -0.13417833181920608 -0.017762546110924964 0.10742395866603101 -0.12717533789118013 -0.11034423683429682 -0.12811950836428357 -0.08679732241751667 0.11024236685138405
leaf_weight=8.2441606819629651 35.256855890154839 21.879041686654091 6.0158904939889899 9.0496704578399676 37.067531436681747 33.690313801169395 5.2953066974878338 13.319502428174017 4.543394401669504 8.4991660267114622 23.599745571613305 24.35358814895153 31.612347528338432 14.221277311444281 4.9700575917959204 39.424046397209167 13.533110395073896 5.1301846057176581 1052.7665597051382 48.004440516233444 8.9621169418096525 82.970130816102028 14.737558156251906 4.379564106464386 22.297777771949768 1044.178665086627 6.9620143175125113 4.1839542090892783 6.8908771574497214 46.195524126291282
leaf_count=45 223 109 26 37 170 164 28 81 18 52 117 108 165 68 22 246 63 22 5193 223 43 506 89 23 104 6938 45 28 39 214
internal_value=-8.62919e-06 -0.0985327 -0.114812 0.113371 0.0223453 -0.0197962 -0.0219191 -0.0362159 -0.0742231 0.0143745 0.0380664 0.0170481 -0.027338 0.0509274 -0.0961093 -0.122737 -0.0677362 -0.05865 0.123811 0.0735151 -0.078153 -0.105777 -0.0310392 0.13931 0.0417417 -0.126088 0.0169593 0.0669838 0.0570581 0.0712609
internal_weight=2682.23 1435.14 1183.64 1247.1 128.312 91.2449 251.501 229.622 131.117 98.5048 85.1853 67.112 42.7584 19.5166 111.601 1116.53 64.1031 36.7425 1118.78 66.0162 18.0118 106.631 23.6605 8.92296 55.9881 1052.42 24.6791 17.7171 76.6861 69.7953
internal_count=15209 9052 7686 6157 661 491 1366 1257 754 503 422 321 213 96 658 7365 382 187 5496 303 80 636 130 41 268 6983 136 91 370 331
is_linear=0
shrinkage=0.1


Tree=9
num_leaves=31
num_cat=0
split_feature=15 17 6 15 18 22 21 21 19 22 0 21 17 21 17 22 0 20 21 19 7 17 6 21 4 20 18 12 21 1
split_gain=2617.33 175.684 119.744 87.3686 47.9595 40.2444 45.9297 39.3564 31.8447 29.5995 30.7261 36.3617 25.5966 22.5506 29.7461 28.3095 21.2139 19.6281 18.7531 25.9816 17.4052 16.7145 49.6864 19.7552 15.9461 34.5235 14.9369 14.3834 13.885 19.742
threshold=298.80000305175787 509.18785095214849 378.50000000000006 354.61666870117193 -648.31991577148426 42.850000381469734 37.850000381469734 37.750000000000007 1.092575788497925 34.750000000000007 33.500000000000007 38.549999237060554 768.73489379882824 36.049999237060554 161.60405731201175 37.45000076293946 87.500000000000014 29.886748313903812 39.049999237060554 1.0899078249931338 2.5000000000000004 217.60556793212893 3595.5000000000005 36.95000076293946 4132.0000000000009 27.716399192810062 -434.46205139160151 -6.4999999999999991 39.45000076293946 31.500000000000004
decision_type=2 2 2 2 2 2 2 2 2 2 2 2 2 2 2 2 2 2 2 2 2 2 2 2 2 2 2 2 2 2
left_child=1 2 18 5 -3 6 -2 -6 12 -10 11 -11 24 14 -4 -15 -16 -14 20 -20 26 22 23 -5 25 -9 27 -1 29 -21
right_child=3 4 13 21 7 -7 -8 8 9 10 -12 -13 17 15 16 -17 -18 -19 19 28 -22 -23 -24 -25 -26 -27 -28 -29 -30 -31
leaf_value=-0.12847657088582423 -0.11915243206435565 0.12512644963635691 -0.15161642862829783 0.031882973395527446 0.049084655548951736 0.12188916441445584 0.04470574979348222 0.11944679111319614 -0.13294604946228214 0.12680366873691717 0.090736796173631992 -0.14914796553763848 0.14373273920472296 -0.081220172894563639 -0.13145058302373727 0.10040132075791444 0.16369117959878571 -0.13049208207022428 -0.12746740186016758 -0.16383936958810141 0.086786174893569407 0.12332657084890648 0.12635319877006468 -0.18350940923219916 -0.1239693185953098 -0.12988672028129741 -0.12464823679992312 0.13601323890698264 -0.10875848438198799 0.092635845592669283
leaf_weight=3.912614107131958 27.218269556760788 21.386857360601425 15.101800814270975 8.5355655550956744 48.033256784081459 29.663166418671608 46.045061677694321 9.3145403712987918 13.470725923776625 7.0305966138839748 34.57297682762146 14.883989483118055 7.9276881068944913 11.38496060669422 3.6600796878337842 34.860883682966232 7.2778537422418594 3.8913585245609283 31.6803919672966 3.6459503322839799 3.9517536461353293 981.40423853695393 42.826250940561295 8.4971264004707319 77.137801975011826 13.752699658274649 967.28890624642372 4.3332372456788999 7.8824959248304358 16.972622781991959
leaf_count=26 183 114 89 35 241 145 223 41 87 36 165 93 35 62 24 155 32 25 218 21 18 5207 213 41 501 89 6928 19 54 89
internal_value=-1.23014e-05 -0.0936066 -0.110675 0.11151 -0.0181113 0.0236185 -0.0161697 -0.0314296 -0.0526809 0.000253723 0.0320182 -0.0606177 -0.0857382 0.0137774 -0.0606565 0.0556891 0.0649301 0.0534457 -0.119328 -0.065146 -0.122657 0.120198 0.0688965 -0.0755702 -0.102155 -0.029206 -0.123506 0.0105142 0.00412738 0.0472837
internal_weight=2507.55 1363.36 1111.95 1144.19 251.402 102.926 73.2633 230.016 181.982 69.9583 56.4876 21.9146 112.024 72.2856 26.0397 46.2458 10.9379 11.819 1039.67 60.1815 979.487 1041.26 59.8589 17.0327 100.205 23.0672 975.535 8.24585 28.5011 20.6186
internal_count=15209 9162 7735 6047 1427 551 406 1313 1072 381 294 129 691 362 145 217 56 60 7373 382 6991 5496 289 76 631 130 6973 45 164 110
is_linear=0
shrinkage=0.1


Tree=10
num_leaves=31
num_cat=0
split_feature=15 17 6 15 22 18 21 19 21 22 2 3 2 16 21 19 21 22 7 17 6 21 3 8 4 20 22 2 19 18
split_gain=2295.33 144.809 100.641 98.7479 42.5171 41.2281 40.8654 33.2338 27.2082 26.3802 20.2678 19.9481 18.2544 19.514 17.4393 23.237 16.8797 16.6604 16.2469 15.7386 43.7953 17.471 15.5598 15.2334 14.2365 29.2501 13.2669 29.6479 16.0165 13.1969
threshold=286.83332824707037 509.18785095214849 395.50000000000006 354.61666870117193 42.750000000000007 -648.31991577148426 37.750000000000007 1.092575788497925 37.750000000000007 34.750000000000007 113.50000000000001 1891.0000000000002 456.50000000000006 -2.8448275327682491 39.049999237060554 1.0899078249931338 101.95000076293947 42.149999618530281 3.5000000000000004 221.21818542480472 3595.5000000000005 36.95000076293946 13179.500000000002 3.5000000000000004 4132.0000000000009 27.716399192810062 50.649999618530281 279.50000000000006 1.2031992673873904 -434.46205139160151
decision_type=2 2 2 2 2 2 2 2 2 2 2 2 2 2 2 2 2 2 2 2 2 2 2 2 2 2 2 2 2 2
left_child=1 2 14 4 6 -3 -2 8 10 -9 -7 -11 13 -4 18 -16 24 22 29 20 21 -5 -8 -15 25 -10 28 -28 -13 -1
right_child=3 5 12 19 -6 7 17 9 16 11 -12 26 -14 23 15 -17 -18 -19 -20 -21 -22 -23 -24 -25 -26 -27 27 -29 -30 -31
leaf_value=0.010170910613005561 -0.12379318600189507 0.1218342346025466 0.15200916797505118 0.033138133359175564 0.11696420843524723 -0.14136707930674919 0.0118279332805827 -0.12873029163138797 0.10562533403707186 -0.12509958342487046 0.10446880018566587 0.089314282841427617 0.086410990405678179 -0.076532031491166358 -0.12422726925111685 0.0037927677574033599 0.10192267093293937 -0.13710774704830445 0.113944940049161 0.1203110351842151 0.12285503676316774 -0.16681702755927766 0.1316244707577254 0.14034618806562596 -0.11899349240935504 -0.1262463842094721 -0.1489633026507545 0.13502594174209737 -0.078701464533456583 -0.12145188607476737
leaf_weight=7.6827874332666388 25.242012500762939 18.783858686685562 5.3287789672613135 8.8335143625736254 32.781254649162292 4.4366419464349773 39.544843256473541 11.577422603964804 9.4708061069250125 7.2745294719934455 13.738491252064703 51.010414332151413 22.696328908205032 30.718961730599403 29.374461397528648 27.406817331910133 4.44123551249504 5.5559967011213294 2.9698592871427527 907.15652430057526 41.600483551621437 8.6472601890563947 14.937717095017431 3.620352014899253 72.595401301980019 12.784111320972441 9.1013771295547468 6.1670581102371207 6.3837598860263816 895.60480968654156
leaf_count=45 189 109 26 37 170 25 196 81 41 52 71 254 108 170 218 164 22 35 12 5193 223 43 71 17 506 89 49 28 39 6926
internal_value=-2.66343e-05 -0.092203 -0.108224 0.106505 0.0201723 -0.0200762 -0.0170339 -0.0328315 -0.06803 0.0123487 0.044459 0.0327814 0.0148859 -0.0260375 -0.116196 -0.0624354 -0.0886209 0.027851 -0.119565 0.117054 0.067044 -0.0657742 0.0446731 -0.0536668 -0.0975429 -0.027571 0.0485874 -0.0342575 0.0706265 -0.120332
internal_weight=2337.47 1253.17 1025.4 1084.3 118.062 227.765 85.2806 208.981 117.467 91.5146 18.1751 79.9371 62.3644 39.6681 963.039 56.7813 99.2916 60.0386 906.257 966.238 59.0813 17.4808 54.4826 34.3393 94.8503 22.2549 72.6626 15.2684 57.3942 903.288
internal_count=15209 9052 7686 6157 661 1366 491 1257 754 503 96 422 321 213 7365 382 658 302 6983 5496 303 80 267 187 636 130 370 77 293 6971
is_linear=0
shrinkage=0.1


Tree=11
num_leaves=31
num_cat=0
split_feature=15 6 17 22 17 0 11 18 20 21 2 22 18 2 22 0 11 12 18 21 20 21 12 0 20 21 20 19 20 12
split_gain=2015.77 161.785 120.78 45.2905 43.9264 67.2252 55.936 32.3185 30.5004 45.0521 24.8436 23.106 21.9708 27.5684 31.0717 42.1406 21.5965 16.6755 19.0709 32.0088 44.3959 15.7879 15.2189 15.2297 14.6155 13.9828 23.4384 15.0103 13.9182 11.762
threshold=319.50000000000006 334.50000000000006 474.21398925781256 36.250000000000007 209.4912033081055 95.500000000000014 186.50000000000003 -648.31991577148426 25.265030860900882 38.250000000000007 346.50000000000006 41.850000381469734 -490.23353576660151 498.50000000000006 44.350000381469734 87.500000000000014 -28.499999999999996 -338.49999999999994 -441.80877685546869 41.649999618530281 21.119676589965824 36.149999618530281 -29.499999999999996 109.50000000000001 15.098815917968752 39.049999237060554 971.50000000000011 1.1529067158699038 6.76497507095337 -126.49999999999999
decision_type=2 2 2 2 2 2 2 2 2 2 2 2 2 2 2 2 2 2 2 2 2 2 2 2 2 2 2 2 2 2
left_child=1 2 24 -4 5 -2 -7 -5 16 11 17 -10 -3 14 28 -16 -9 -6 19 20 -19 -15 -17 -24 -1 -26 27 -27 -14 -13
right_child=4 12 3 7 10 6 -8 8 9 -11 -12 29 13 21 15 22 -18 18 -20 -21 -22 -23 23 -25 25 26 -28 -29 -30 -31
leaf_value=0.24361792645920707 0.12517453816643007 0.09020610456183159 -0.1267397935148448 0.11990182424977798 0.12535541549623364 -0.16728485505937515 0.12940073778939806 -0.077069346710604433 0.097222693701495111 -0.090174552498871741 0.11918938663331742 0.12525012661938101 0.14197032104303864 -0.038523804298453528 -0.10617957356133001 0.12772633204061343 0.16705903596997213 -0.39609766198955954 0.09320509732392164 0.099247764731623708 -0.0012533585953025603 0.13267305550949579 -0.086607293923406922 0.11014710394455858 -0.11853606135116393 -0.12610657692570126 0.16281627222558454 0.0084280866899388591 -0.10033345006000821 -0.068532906151545642
leaf_weight=1.1339900493621815 34.533150732517242 27.215211004018784 37.730611689388752 18.364644184708595 18.433194696903229 21.308034554123882 9.0553504824638349 5.0024320334196117 26.62696635723114 71.584228694438934 833.43735902011395 3.7101566046476391 2.4946997016668311 7.5579624325037029 18.342794701457024 23.790015235543251 13.147223517298697 4.7821768224239367 14.831787288188933 7.8760414123535147 7.0395950675010681 18.752086594700813 8.7962130904197675 7.1172479987144461 821.60132568329573 26.814426936209202 4.2517493069171897 12.006575182080267 47.665691338479519 20.107234917581081
leaf_count=4 191 143 277 114 105 139 47 27 143 490 5146 20 12 37 122 123 59 33 85 44 36 94 47 32 6872 207 19 75 321 145
internal_value=-3.44286e-05 -0.0849095 -0.0990978 -0.0282709 0.109155 0.0297385 -0.0788035 -0.00483691 -0.0211788 -0.0391682 0.114969 0.0332135 0.00826388 -0.00831455 -0.0306375 0.0191762 0.099772 0.0485576 0.00756005 -0.0569278 -0.160977 0.0834941 0.07709 0.00139052 -0.115154 -0.115624 -0.0600851 -0.0844976 -0.0882826 -0.0383463
internal_weight=2175.11 1223.81 1062.08 196.273 951.297 64.8965 30.3634 158.543 140.178 122.029 886.4 50.4444 161.732 134.517 108.207 58.0463 18.1497 52.9628 34.5296 19.6978 11.8218 26.31 39.7035 15.9135 865.808 864.674 43.0728 38.821 50.1604 23.8174
internal_count=15209 9383 8452 1275 5826 377 186 998 884 798 5449 308 931 788 657 324 86 303 198 113 69 131 202 79 7177 7173 301 282 333 165
is_linear=0
shrinkage=0.1


Tree=12
num_leaves=31
num_cat=0
split_feature=15 17 6 15 22 21 18 19 19 21 22 21 19 15 17 21 17 21 17 17 2 4 20 7 2 20 19 6 21 19
split_gain=1777.86 115.958 83.8972 81.8806 32.2432 33.7355 32.0839 25.1897 24.5557 22.1288 21.3249 17.4108 19.9323 16.9278 16.1273 15.7985 19.6334 17.906 14.9811 14.1604 35.2331 14.0412 22.5553 13.7433 13.6508 15.9968 15.3182 13.3597 33.6898 12.332
threshold=286.83332824707037 509.18785095214849 395.50000000000006 354.61666870117193 42.750000000000007 39.45000076293946 -648.31991577148426 1.092575788497925 1.0870562195777895 37.750000000000007 34.750000000000007 39.049999237060554 1.0899078249931338 151.58333587646487 596.38378906250011 36.149999618530281 161.60405731201175 42.149999618530281 768.73489379882824 221.21818542480472 1049.5000000000002 4132.0000000000009 27.716399192810062 3.5000000000000004 279.50000000000006 1792.0000000000002 1.1036811470985415 240.50000000000003 39.750000000000007 1.0786700844764712
decision_type=2 2 2 2 2 2 2 2 2 2 2 2 2 2 2 2 2 2 2 2 2 2 2 2 2 2 2 2 2 2
left_child=1 2 11 4 5 -2 -3 9 -7 13 -9 23 -13 -8 24 16 -4 29 21 20 -5 22 -11 -1 25 26 -12 28 -16 -17
right_child=3 6 15 19 -6 8 7 10 -10 18 14 12 -14 -15 27 17 -18 -19 -20 -21 -22 -23 -24 -25 -26 -27 -28 -29 -30 -31
leaf_value=-0.11541490999171551 -0.079129323179104274 0.11714561338194217 -0.13559528675455274 -0.054307038238291097 0.10936739920723859 0.13233893469793742 -0.11689937549092551 -0.12443389366565522 -0.027021703619350242 0.090302679690471122 0.05760497297219011 -0.11898750662477914 0.0050563207636176713 0.10606299208734236 0.15313005591709711 -0.071934859848777552 0.065275609992957104 -0.14158084347723451 0.048153439359419126 0.11525733360492015 0.11984378285998801 -0.12040837678173653 -0.12082807285082189 0.097936484236624877 0.12751337372323313 0.093712364353005187 -0.13018865623099157 0.12630407253143322 -0.13680034828653856 0.10154832636108797
leaf_weight=770.08947794139385 39.656612202525139 15.954629793763159 12.462249681353571 17.485146164894104 28.834041729569435 19.210881397128105 4.764825806021693 10.260419160127638 19.467603847384453 9.3181145340204257 5.76219409704209 25.009761899709702 26.873710513114929 11.933020785450934 7.8903159648180035 4.7836541831493369 7.9827642217278472 4.2369457036256781 7.9163658320903769 774.38692602515221 34.61624675989151 59.956766866147518 11.072622165083883 3.0311452746391288 5.3831140995025626 6.468429520726203 17.642451770603657 21.63473217189312 8.1451192349195463 28.56565560400486
leaf_count=6971 294 109 81 87 170 97 28 81 100 41 29 218 164 68 44 26 47 26 48 5193 216 480 89 12 28 39 117 115 50 141
internal_value=-1.46908e-05 -0.0869385 -0.10264 0.101198 0.0189588 -0.0143193 -0.019007 -0.0305525 0.0521297 -0.0631267 0.0105483 -0.110815 -0.0547374 0.0424394 0.0295396 0.0135801 -0.0571652 0.0520619 -0.0830978 0.111862 0.061399 -0.0960295 -0.024346 -0.114578 -0.0190697 -0.0454839 -0.0839541 0.075034 0.00586135 0.0766637
internal_weight=2020.8 1087.14 883.035 933.657 107.169 78.3351 204.103 188.148 38.6785 104.962 83.1868 825.004 51.8835 16.6978 72.9264 58.0313 20.445 37.5863 88.2639 826.488 52.1014 80.3475 20.3907 773.121 35.2562 29.8731 23.4046 37.6702 16.0354 33.3493
internal_count=15209 9052 7686 6157 661 491 1366 1257 197 754 503 7365 382 96 422 321 128 193 658 5496 303 610 130 6983 213 185 146 209 94 167
is_linear=0
shrinkage=0.1


Tree=13
num_leaves=31
num_cat=0
split_feature=15 17 7 6 18 19 17 19 22 21 17 0 11 0 21 17 21 21 15 22 12 20 17 21 15 21 20 22 20 6
split_gain=1566.5 105.363 80.3809 76.1647 32.2955 33.1497 32.1043 31.6537 22.4792 21.8898 20.7059 38.385 49.9707 19.7726 18.5776 16.1872 16.1737 28.1325 13.4312 16.6262 19.9103 13.3554 11.4464 12.9628 27.1043 10.3208 20.0973 10.0034 14.6016 9.66018
threshold=286.83332824707037 437.10064697265631 1.0000000180025095e-35 589.50000000000011 -648.31991577148426 1.092575788497925 297.85835266113287 1.0741549134254458 34.750000000000007 36.049999237060554 209.4912033081055 91.500000000000014 175.50000000000003 130.50000000000003 42.149999618530281 602.10186767578136 37.750000000000007 41.45000076293946 255.05000305175784 38.850000381469734 -6.4999999999999991 1350.5000000000002 775.85751342773449 37.750000000000007 151.58333587646487 39.049999237060554 971.50000000000011 38.45000076293946 21.119676589965824 240.50000000000003
decision_type=2 2 2 2 2 2 2 2 2 2 2 2 2 2 2 2 2 2 2 2 2 2 2 2 2 2 2 2 2 2
left_child=1 2 25 6 -3 22 13 -8 -7 -4 11 -5 -13 -2 -11 18 -9 27 19 -10 -21 -22 23 24 -6 -1 -27 28 -18 -17
right_child=3 4 9 10 5 8 7 16 15 14 -12 12 -14 -15 -16 29 17 -19 -20 20 21 -23 -24 -25 -26 26 -28 -29 -30 -31
leaf_value=-0.11455136834706695 0.1746306005800885 0.11525027487668632 -0.091854540144391109 0.12147624121789934 -0.10995025019231806 -0.12178790278992394 0.096396701730091669 0.11960398062720484 0.082431430522973068 0.081837943336102628 0.11461433961817258 -0.18744800622775759 0.11499672175790639 -0.11687337055345351 -0.13546191361594623 0.013493370944871214 -0.33440028560407969 0.067866201604490695 0.12271641230022612 -0.09142685522109717 -0.095876890957841077 0.12331884755091496 0.053920961679444102 -0.096724507142280078 0.098117820862690747 -0.087716854012448719 0.15508656683861266 -0.052240036170065812 -0.087289558637530115 0.12283498988663333
leaf_weight=678.25651646405458 2.6255733966827419 14.661527797579764 13.535197906196116 31.081776395440102 13.886471256613733 12.9439515247941 53.883690446615219 6.1365127414464942 11.45250929892063 33.458262860774994 701.69712489843369 12.108865767717363 9.9533360451459867 20.453843526542187 4.4586227163672438 14.226158976554869 4.6486784815788322 10.595874592661856 6.8024818152189246 34.511652983725064 4.0581451356411042 8.8232911825180036 6.7664153128862372 94.804222978651524 11.400864511728285 22.554455853998665 4.0160061568021765 7.3604763597249976 4.9241056591272354 18.702599912881851
leaf_count=6687 14 109 86 196 118 108 335 40 65 170 5095 63 60 193 30 88 28 60 40 255 23 49 41 799 70 187 19 45 28 108
internal_value=-1.41291e-05 -0.084659 -0.103348 0.0986995 -0.0288021 -0.037662 0.0212097 0.0488685 0.00211084 0.0173154 0.110056 0.0498742 -0.0510004 -0.0837111 0.0562858 0.0183798 -0.0272028 -0.0599275 -0.0103198 -0.0256986 -0.0518281 0.0542638 -0.0726264 -0.0797565 -0.0161422 -0.112156 -0.0510182 -0.139894 -0.20729 0.0755963
internal_weight=1874.79 1009.32 756.279 865.47 253.04 238.379 110.629 87.5493 111.521 51.4521 754.841 53.144 22.0622 23.0794 37.9169 98.5768 33.6656 27.5291 65.6481 58.8456 47.3931 12.8814 126.858 120.092 25.2873 704.827 26.5705 16.9333 9.57278 32.9288
internal_count=15209 9052 7179 6157 1873 1764 743 536 736 286 5414 319 123 207 200 628 201 161 432 392 327 72 1028 987 188 6893 206 101 56 196
is_linear=0
shrinkage=0.1


Tree=14
num_leaves=31
num_cat=0
split_feature=15 17 7 2 18 19 19 18 22 17 6 21 21 0 17 20 22 22 20 21 15 21 22 14 21 18 0 17 19 22
split_gain=1382.62 106.325 74.8103 60.2669 29.1831 28.2339 24.995 22.2494 22.1323 20.9612 38.9736 20.2185 17.3806 13.7893 13.6621 14.7754 13.6524 16.0679 25.4361 12.7671 26.1093 12.3082 25.6653 11.3296 10.1125 18.3861 8.52808 7.91608 7.81755 13.9512
threshold=298.80000305175787 437.10064697265631 1.0000000180025095e-35 378.50000000000006 -648.31991577148426 1.092575788497925 1.1318005323410036 54.724822998046882 34.750000000000007 198.98685455322268 3306.5000000000005 36.049999237060554 42.149999618530281 25.500000000000004 768.73489379882824 29.886748313903812 37.750000000000007 38.45000076293946 33.47358703613282 37.750000000000007 158.81666564941409 41.649999618530281 34.350000381469734 14.277777671813967 39.049999237060554 -340.59799194335932 95.500000000000014 420.68624877929693 1.1645854115486147 44.149999618530281
decision_type=2 2 2 2 2 2 2 2 2 2 2 2 2 2 2 2 2 2 2 2 2 2 2 2 2 2 2 2 2 2
left_child=1 2 24 6 -3 14 7 21 -7 10 23 26 28 -10 16 -16 -6 18 -18 20 -19 22 -2 -5 -1 27 -4 -26 29 -13
right_child=3 4 11 9 5 8 -8 -9 13 -11 -12 12 -14 -15 15 -17 17 19 -20 -21 -22 -23 -24 -25 25 -27 -28 -29 -30 -31
leaf_value=-0.11245735232648718 -0.18911976052404481 0.11398391926388252 -0.14092969771108738 -0.1547858010285813 -0.11701825283941183 -0.11999446161029448 0.11955906232476472 -0.11513379865941353 -0.069264523042402035 0.11335054339421731 0.10887004626459047 -0.091063239652017292 -0.13480722883902024 0.035642355973561544 0.13498271690071717 -0.12361126860481851 0.19035005736508445 -0.099251968547606831 -0.11601892939184642 -0.10693162134985948 0.11777236866923371 0.094466287291910672 0.02676871152448464 0.058009417060792004 0.13774962630326149 -0.11814043391199257 0.03192858683450079 -0.03821836416556005 0.1258896332135592 0.097910594304291679
leaf_weight=626.76290927827358 6.3843855261802664 14.274346671998499 9.5507117733359319 9.9415789991617185 46.87855938076973 12.813209034502504 22.291702479124069 13.91329764574766 14.760178975760935 643.84009335935116 26.322676092386246 6.1329290941357639 4.3698652014136306 82.906950727105141 6.5107086896896345 3.3446164727210999 6.5114588737487775 13.568320274353029 4.6417703106999397 34.343568086624146 9.3727130144834501 18.015395998954773 40.053662545979023 3.3434780836105338 5.4505051523447055 15.14388260245323 4.0705413520336142 4.8147879242897034 16.633646473288536 10.762347884476183
leaf_count=6722 37 114 69 55 432 114 154 143 120 5085 186 30 31 529 35 25 25 121 45 315 63 113 255 19 28 141 20 37 96 50
internal_value=-2.43216e-06 -0.0808863 -0.100786 0.0983673 -0.0248569 -0.033267 0.026127 -0.000450086 0.00357646 0.109007 0.0383988 0.0152206 0.0527768 0.0197881 -0.0657862 0.0472233 -0.0754444 -0.0469671 0.0628449 -0.0683473 -0.0105852 0.0243062 -0.00291202 -0.101231 -0.10995 -0.0481052 -0.0892732 0.0552144 0.0772249 0.0293137
internal_weight=1737.72 953.619 703.692 784.106 249.926 235.652 100.658 78.3667 110.48 683.448 39.6077 51.52 37.8988 97.6671 125.172 9.85533 115.316 68.4378 11.1532 57.2846 22.941 64.4534 46.438 13.2851 652.172 25.4092 13.6213 10.2653 33.5289 16.8953
internal_count=15209 9162 7224 6047 1938 1824 702 548 763 5345 260 296 207 649 1061 60 1001 569 70 499 184 405 292 74 6928 206 89 65 176 80
is_linear=0
shrinkage=0.1


Tree=15
num_leaves=31
num_cat=0
split_feature=15 6 17 22 17 0 11 18 20 21 22 11 2 19 21 0 12 6 1 12 18 21 20 21 20 7 22 19 22 7
split_gain=1221.9 124.728 93.5307 32.0381 23.8467 36.7247 28.6546 20.4157 18.2564 32.7538 21.1427 17.9131 16.5828 15.6071 22.7219 26.9364 12.6419 15.442 12.3163 11.9016 14.1059 22.1239 26.6488 11.8565 16.0997 10.7567 10.6488 10.4681 8.76661 8.6717
threshold=338.21667480468756 334.50000000000006 463.84844970703131 36.049999237060554 221.21818542480472 96.500000000000014 186.50000000000003 -648.31991577148426 25.265030860900882 38.149999618530281 41.850000381469734 -28.499999999999996 346.50000000000006 1.0985382199287417 41.049999237060554 107.50000000000001 -67.499999999999986 2332.5000000000005 442.50000000000006 -338.49999999999994 -482.29756164550776 41.649999618530281 22.123173713684086 38.649999618530281 971.50000000000011 2.5000000000000004 53.250000000000007 1.145260810852051 38.649999618530281 3.5000000000000004
decision_type=2 2 2 2 2 2 2 2 2 2 2 2 2 2 2 2 2 2 2 2 2 2 2 2 2 2 2 2 2 2
left_child=1 2 23 -4 5 -2 -7 -5 11 10 -10 -9 19 14 18 -16 -15 26 25 -6 21 22 -21 29 27 -3 -18 -25 -29 -1
right_child=4 13 3 7 12 6 -8 8 9 -11 -12 -13 -14 16 15 -17 17 -19 -20 20 -22 -23 -24 24 -26 -27 -28 28 -30 -31
leaf_value=-0.11238115049922184 0.11640035674197896 -0.12323006177964205 -0.11892711247083201 0.11289205069873337 0.11479733822627432 -0.12436586613213237 0.12030828095298701 -0.076016269747177553 0.10534271966341424 -0.075185501993610959 -0.034733295422874559 0.1515298811325855 0.11257107682100242 0.093633857045786306 -0.13288638664159116 0.12502463773832639 -9.9417704100172128e-05 0.10036480169426797 0.12912592025278927 -0.30650161899462341 0.10794421301571588 0.11521243660004231 0.051815519312113589 -0.10308441385756494 0.14352784036530819 0.032535793872608847 -0.16604218228449133 -0.11768674893549638 0.067913320985979367 0.09326268176123792
leaf_weight=566.02350267767906 27.20532438158989 27.583667226135731 29.009369060397148 13.619749419391153 12.573442675173281 16.734855636954311 6.7039550468325606 4.9674630761146572 22.062883131206036 65.838652320206165 21.061834841966629 11.397809773683546 586.15065248310566 25.29114206135273 5.6554501131176975 14.260386720299719 53.849112004041672 15.491829603910444 2.5698049366474143 5.1799700856208784 6.6966756656765964 4.273981697857379 3.4633348733186722 36.301741056144238 3.5653514862060538 5.2823980152606955 4.1663022339344016 3.8053473830223066 7.6834180131554604 2.0580172389745703
leaf_count=6626 207 243 285 117 98 116 46 28 138 545 183 59 5065 163 50 87 360 101 13 29 47 33 20 392 19 22 29 35 45 8
internal_value=-4.65952e-06 -0.0734257 -0.0895298 -0.0233418 0.10333 0.0373588 -0.0543843 -0.00338567 -0.0160218 -0.0308131 0.0369305 0.0824612 0.108734 0.00883381 -0.0336769 0.0517863 0.0326504 0.0116682 -0.0817093 0.0388496 -0.00983644 -0.0708972 -0.162925 -0.107476 -0.0614623 -0.0981946 -0.0120164 -0.0767553 0.00643824 -0.111636
internal_weight=1610.53 941.545 787.395 167.958 668.982 50.6441 23.4388 138.948 125.329 108.963 43.1247 16.3653 618.338 154.15 55.3517 19.9158 98.7984 73.5072 35.4359 32.1874 19.614 12.9173 8.6433 619.437 51.3559 32.8661 58.0154 47.7905 11.4888 568.082
internal_count=15209 9548 8480 1355 5661 369 162 1070 953 866 321 87 5292 1068 415 137 653 490 278 227 129 82 49 7125 491 265 389 472 80 6634
is_linear=0
shrinkage=0.1


Tree=16
num_leaves=31
num_cat=0
split_feature=15 6 17 22 17 0 11 18 2 20 21 22 11 19 17 18 18 20 15 21 20 12 21 12 11 0 19 16 15 15
split_gain=1082.5 113.139 87.7416 28.808 22.0709 32.4496 27.5652 18.0767 15.6882 15.4899 27.752 18.3216 15.5648 14.1973 14.0924 21.262 22.8965 23.306 22.7519 11.3381 14.0651 10.6506 11.905 22.2826 10.0473 20.3255 9.43506 9.29453 8.24512 8.1979
threshold=338.21667480468756 334.50000000000006 463.84844970703131 36.049999237060554 209.4912033081055 96.500000000000014 186.50000000000003 -648.31991577148426 346.50000000000006 25.265030860900882 38.149999618530281 41.850000381469734 -28.499999999999996 1.3524360060691836 185.18360137939456 -244.37347412109372 -490.23353576660151 14.678769111633303 151.58333587646487 38.649999618530281 971.50000000000011 -338.49999999999994 41.649999618530281 -206.49999999999997 167.50000000000003 96.500000000000014 1.145260810852051 -5.0172414779663077 111.58333206176759 145.73332977294925
decision_type=2 2 2 2 2 2 2 2 2 2 2 2 2 2 2 2 2 2 2 2 2 2 2 2 2 2 2 2 2 2
left_child=1 2 19 -4 5 -2 -7 -5 21 12 11 -11 -9 14 24 16 -16 -18 -17 -1 26 -6 23 -23 28 -26 -21 -19 -3 -13
right_child=4 13 3 7 8 6 -8 9 -10 10 -12 29 -14 -15 15 18 17 27 -20 20 -22 22 -24 -25 25 -27 -28 -29 -30 -31
leaf_value=-0.11029209059059134 0.11507842614177591 0.054078966100739603 -0.11700016585191851 0.1115240166677914 0.11320593724547862 -0.14118654413562934 0.11850902704658378 -0.067692622224178586 0.11078611852053824 0.10113074511505181 -0.070531843459676641 -0.10342854362335584 0.14577435929595384 0.11773569819482499 0.067633806418795184 -0.14499707869554038 0.095559772730371681 0.067611543205093619 0.1240731846635776 -0.1006343142137395 0.1386568493532758 -0.27658898593772041 0.11368738675537367 0.01655437662601943 -0.13975316655926623 0.12791926502247347 0.0059053806638361822 -0.09955938151554232 -0.1162704198478669 0.023084760461828852
leaf_weight=519.98079166561365 21.677501820027828 3.3031731322407749 26.658843837678432 12.467069320380686 11.528632305562498 13.562529779970648 5.8503353893756858 5.0175946876406661 542.58020527660847 20.752154394984245 63.300155818462372 9.0157317072153109 10.699153102934359 10.970914356410502 24.786201253533363 3.5858016312122372 8.8792759925127012 3.6699290424585334 25.42448278516531 33.606211885809898 3.3335035890340796 3.4994547367095974 5.6317507401108733 10.010804764926432 4.737826466560362 7.0701825991272926 11.04398065805435 35.476187847554684 20.319750055670738 11.859136506915091
leaf_count=6634 177 22 285 117 98 104 43 28 5110 138 545 86 59 79 163 17 59 26 159 392 19 19 47 63 32 39 80 303 169 97
internal_value=9.74451e-06 -0.0713643 -0.0875837 -0.0221157 0.101778 0.0309825 -0.0629237 -0.00311266 0.106853 -0.014959 -0.0288268 0.034592 0.0776247 0.00826855 -0.000481393 0.0184204 -0.0104238 -0.0507098 0.0908149 -0.106 -0.0594891 0.0372728 -0.00845935 -0.0593762 -0.0548015 0.0205188 -0.0742823 -0.0838872 -0.0924506 -0.0315556
internal_weight=1490.3 875.958 727.734 159.77 614.341 41.0904 19.4129 133.111 573.251 120.644 104.927 41.627 15.7167 148.224 137.253 101.822 72.8116 48.0254 29.0103 567.964 47.9837 30.6706 19.142 13.5103 35.4309 11.808 44.6502 39.1461 23.6229 20.8749
internal_count=15209 9548 8480 1355 5661 324 147 1070 5337 953 866 321 87 1068 989 727 551 388 176 7125 491 227 129 82 262 71 472 329 191 183
is_linear=0
shrinkage=0.1


Tree=17
num_leaves=31
num_cat=0
split_feature=15 20 17 18 17 0 11 19 18 21 21 19 22 2 15 20 22 22 15 22 4 3 14 12 19 17 0 15 12 18
split_gain=960.006 102.486 59.8342 26.242 20.2575 29.3367 21.7546 18.5832 18.5671 18.5246 16.4568 22.0455 22.4756 15.4317 14.9097 20.071 13.7744 38.7215 12.4079 12.138 11.7467 12.0796 11.2806 11.9312 10.0618 10.0374 10.5845 11.1749 9.61258 11.1436
threshold=338.21667480468756 29.886748313903812 374.90489196777349 -648.31991577148426 221.21818542480472 96.500000000000014 186.50000000000003 1.1147906184196474 -482.29756164550776 47.350000381469734 39.549999237060554 1.0858655571937563 41.850000381469734 346.50000000000006 145.73332977294925 41.635955810546882 37.250000000000007 39.350000381469734 259.53334045410162 38.350000381469734 10988.500000000002 13312.500000000002 6.5000000000000009 -152.49999999999997 1.3234668374061587 602.10186767578136 86.500000000000014 57.750000000000007 -338.49999999999994 -482.29756164550776
decision_type=2 2 2 2 2 2 2 2 2 2 2 2 2 2 2 2 2 2 2 2 2 2 2 2 2 2 2 2 2 2
left_child=1 7 9 -4 5 -2 -7 8 -1 -3 11 14 19 28 -5 -16 -10 -18 24 -13 -20 -22 23 -19 25 26 27 -9 -6 -30
right_child=4 2 3 10 13 6 -8 18 16 -11 -12 12 -14 -15 15 -17 17 22 20 -21 21 -23 -24 -25 -26 -27 -28 -29 29 -31
leaf_value=0.049513817742545596 0.11313759211651853 -0.10916418622365887 0.11031463912332795 -0.11237687187376483 0.11180342747119179 -0.11333992968980318 0.11621737448231513 0.11220019926071428 -0.10432587017227574 0.11878991705295788 -0.11624190578729295 -0.11152113475660264 -0.094104481076898921 0.11006031135969681 -0.094726669481021444 0.073099463860356068 0.15978003753435621 0.10087226350611951 0.11650238404389351 0.075355147160158065 -0.13416408496301108 0.1141456579932314 0.024755289850676959 -0.10630400038728399 0.11963442462502999 0.067449025851624975 0.012984465742961969 -0.12707719808114626 -0.06043696810603677 0.10434272572701152
leaf_weight=21.999425083398819 22.886087134480476 459.52954190224409 11.397998578846453 36.134098887443542 10.555676989257337 15.168017163872721 5.6720478534698477 2.2347623407840755 33.038450554013252 3.5928187370300284 27.924937874078751 3.8635172396898261 13.322177819907663 490.4820446819067 15.140879742801191 13.461982667446135 9.6151476204395276 3.0406866893172255 22.812496773898605 34.623924180865288 4.4429450631141654 3.5044235959649086 11.691270180046557 32.391917064785957 6.1959614828228942 10.962140157818792 17.487865068018436 15.416517123579977 12.758753679692747 6.0503082647919646
leaf_count=159 207 6401 117 453 98 116 46 12 353 24 295 49 147 5065 137 97 48 21 157 239 24 29 79 340 48 71 109 139 82 47
internal_value=2.36254e-05 -0.0694494 -0.0893587 -0.0357668 0.100346 0.0349751 -0.0508612 -0.00619722 -0.0328192 -0.107396 -0.0472918 -0.0307711 0.0178452 0.105845 -0.0696792 -0.015739 -0.0529944 -0.0231047 0.0296302 0.0565958 0.0800277 -0.0246709 -0.0604205 -0.0885249 -1.22468e-05 -0.0160926 -0.0421546 -0.0967832 0.0354291 -0.00743231
internal_weight=1377.4 813.826 618.992 155.87 563.573 43.7262 20.8401 194.834 111.777 463.122 144.472 116.547 51.8096 519.847 64.737 28.6029 89.7775 56.739 83.0571 38.4874 30.7599 7.94737 47.1239 35.4326 52.2972 46.1013 35.1391 17.6513 29.3647 18.8091
internal_count=15209 9548 7959 1534 5661 369 162 1589 1000 6425 1417 1122 435 5292 687 234 841 488 589 288 210 53 440 361 379 331 260 151 227 129
is_linear=0
shrinkage=0.1


Tree=18
num_leaves=31
num_cat=0
split_feature=15 20 17 18 21 19 17 2 21 17 19 18 2 21 22 22 22 15 0 4 10 21 22 12 12 19 21 0 22 15
split_gain=852.11 99.2352 57.7437 22.9813 18.0398 17.2528 15.9382 23.5521 15.4926 13.7563 19.2594 13.5439 13.2595 12.9719 27.4957 12.0605 37.8366 11.8249 11.5543 10.5429 10.2713 10.2337 39.3389 10.0942 9.87794 11.877 9.75649 12.2676 10.2517 8.32217
threshold=344.68333435058599 30.632482528686527 374.90489196777349 -625.62506103515614 40.250000000000007 1.1134177446365359 221.21818542480472 1049.5000000000002 47.549999237060554 768.73489379882824 1.0972536206245425 3.7955012321472172 339.50000000000006 38.149999618530281 41.850000381469734 38.95000076293946 38.45000076293946 259.53334045410162 96.500000000000014 10988.500000000002 63.500000000000007 39.45000076293946 36.049999237060554 -169.49999999999997 -322.49999999999994 1.0938701629638674 36.049999237060554 92.500000000000014 34.95000076293946 145.73332977294925
decision_type=2 2 2 2 2 2 2 2 2 2 2 2 2 2 2 2 2 2 2 2 2 2 2 2 2 2 2 2 2 2
left_child=1 5 8 4 -4 9 7 18 -3 11 -11 21 24 14 -5 16 -15 26 -2 -19 -21 23 -23 -1 -8 -26 27 -7 -28 -16
right_child=6 2 3 13 -6 17 12 -9 -10 10 -12 -13 -14 15 29 -17 -18 19 -20 20 -22 22 -24 -25 25 -27 28 -29 -30 -31
leaf_value=0.09923686791338443 0.12206166461551776 -0.10831849561402979 0.12945686994014616 0.082685193677033031 -0.12458894124976322 -0.099600198776467808 0.11070781502304949 0.11004816668300324 0.11695752418330051 0.12637113520440918 -0.14498570516035422 0.047840732271664133 0.10884408275500633 -0.11094596983548199 -0.104374087222116 -0.11386194326854054 0.10104047141332997 0.11119013225240371 -0.085302252865223985 -0.14051385599907565 0.080822773942991061 -0.098091186216977419 0.11554028831063473 -0.10409145980448685 0.079086564611958843 -0.10713532329428942 -0.067591437755406394 0.052133569053714246 0.071075581530816737 0.0028676260454116374
leaf_weight=2.5904348120093337 3.3030569553375271 420.62158527970314 13.360438421368601 19.928638987243176 3.534661538898944 15.705854102969171 9.3321959152817744 20.933884046971798 3.0750839486718169 10.742599830031393 3.4573062360286704 13.468615114688872 448.86011864989996 22.998349890112877 20.78920399397612 38.167372971773148 13.282351329922674 23.381107062101368 14.408531121909617 3.8203225582838041 4.6468076929450035 24.113344069570303 13.415147200226782 42.501472167670727 6.2801965996623021 7.5328906998038292 6.998523578047755 8.0642427131533605 22.383258700370789 11.099676258862017
leaf_count=19 21 6411 132 157 30 158 94 219 22 72 21 80 5073 303 282 410 84 175 105 20 38 272 90 484 47 47 49 48 151 95
internal_value=2.3137e-05 -0.0669516 -0.0881311 -0.0332237 0.0763074 -0.00547478 0.099983 0.0382408 -0.106683 -0.0315684 0.0603028 -0.045145 0.105038 -0.0478796 -0.00946053 -0.0746202 -0.0333378 0.0283821 -0.0466307 0.0765665 -0.0190431 -0.0603034 -0.0217253 -0.0924107 0.0312283 -0.0224685 -0.000489645 -0.048123 0.0380461 -0.0670461
internal_weight=1272.8 762.146 566.857 143.161 16.8951 195.289 510.651 38.6455 423.697 110.289 14.1999 96.089 472.005 126.266 51.8175 74.4481 36.2807 85.0001 17.7116 31.8482 8.46713 82.6204 37.5285 45.0919 23.1453 13.8131 53.1519 23.7701 29.3818 31.8889
internal_count=15209 9603 7926 1493 162 1677 5606 345 6433 1038 93 945 5261 1331 534 797 387 639 126 233 58 865 362 503 188 94 406 206 200 377
is_linear=0
shrinkage=0.1


Tree=19
num_leaves=31
num_cat=0
split_feature=15 20 17 18 21 17 2 19 21 2 17 19 4 21 22 22 22 15 18 0 4 12 19 3 19 17 0 13 19 22
split_gain=757.557 90.9336 53.6129 20.2506 16.0918 14.9752 20.9738 14.8718 13.8734 13.035 11.924 16.8357 12.6876 11.7616 23.5303 10.8251 33.3282 10.3704 9.98685 9.82791 9.43219 8.85641 9.51296 8.80491 8.48498 8.33707 8.58001 10.0043 8.3314 11.9023
threshold=344.68333435058599 30.632482528686527 374.90489196777349 -625.62506103515614 40.250000000000007 221.21818542480472 1049.5000000000002 1.1134177446365359 47.549999237060554 339.50000000000006 768.73489379882824 1.0972536206245425 3177.0000000000005 38.149999618530281 41.850000381469734 38.95000076293946 38.45000076293946 259.53334045410162 3.7955012321472172 96.500000000000014 10988.500000000002 -322.49999999999994 1.0938701629638674 13312.500000000002 1.3234668374061587 602.10186767578136 87.500000000000014 81.000000000000014 1.092575788497925 50.649999618530281
decision_type=2 2 2 2 2 2 2 2 2 2 2 2 2 2 2 2 2 2 2 2 2 2 2 2 2 2 2 2 2 2
left_child=1 7 8 4 -4 6 19 10 -3 21 12 -12 -1 14 -5 16 -15 24 28 -2 -19 -7 -23 -22 25 26 27 -9 -14 -30
right_child=5 2 3 13 -6 9 -8 17 -10 -11 11 -13 18 15 -16 -17 -18 20 -20 -21 23 22 -24 -25 -26 -27 -28 -29 29 -31
leaf_value=0.12649232564368942 0.11960029045576959 -0.10731838174190161 0.12801590389057679 0.07792623586110016 -0.12185892540483392 0.10959399018299061 0.1090065956773984 0.08170606064597985 0.11510185931764648 0.10789601479035821 0.12268822994047604 -0.13939241561787677 -0.089562039197865068 -0.10980210771547519 -0.063893701255505461 -0.11188308218189723 0.095464463297188051 0.10819490108676094 0.029095029528827667 -0.078424295717773346 -0.10014080841137574 0.07492188666202125 -0.092567485441217637 0.11164457701020698 0.11742740630980651 0.062090647160449153 0.011739411938210743 -0.1212574518673577 0.030986360676933496 -0.11604547024983114
leaf_weight=4.2059225142002097 3.0470614805817631 383.95986283570528 12.218226723372934 19.076631680130959 3.2662435621023169 8.5255416780710238 19.113481342792511 2.9110314771533039 2.8249998912215224 409.53162948787212 9.9971417784690839 3.2472544610500327 48.936136651784182 21.015440728515387 30.251303043216467 35.114823874086142 12.684135541319845 21.711922973394397 13.100703381001948 14.120583124458788 5.0263228267431241 5.9821714013814908 7.829279400408268 3.2210607677698135 5.4490924179553977 10.811097398400305 17.20377890765667 14.653383646160362 16.417692545801405 8.2834526449441892
leaf_count=31 21 6411 132 157 30 94 219 18 22 5073 72 21 576 303 377 410 84 175 78 105 27 47 47 31 48 76 109 155 152 108
internal_value=2.55661e-05 -0.0654138 -0.0868282 -0.0322211 0.0753081 0.0986547 0.0369484 -0.00523161 -0.105694 0.103839 -0.0302172 0.0584314 -0.0431274 -0.0463145 -0.00904756 -0.0730285 -0.0325421 0.0269117 -0.0513522 -0.0432772 0.073613 0.0294492 -0.0200226 -0.0174269 -0.000507168 -0.0146065 -0.0384553 -0.0876194 -0.0656645 -0.0183203
internal_weight=1173.74 705.588 520.412 133.627 15.4845 468.15 36.2811 185.176 386.785 431.869 104.188 13.2444 90.9439 118.142 49.3279 68.8144 33.6996 80.9877 86.738 17.1676 29.9593 22.337 13.8115 8.24738 51.0284 45.5793 34.7682 17.5644 73.6373 24.7011
internal_count=15209 9603 7926 1493 162 5606 345 1677 6433 5261 1038 93 945 1331 534 797 387 639 914 126 233 188 94 58 406 358 282 173 836 260
is_linear=0
shrinkage=0.1


Tree=20
num_leaves=31
num_cat=0
split_feature=15 20 17 18 21 17 0 11 19 2 21 16 18 13 2 21 22 19 12 4 21 22 22 22 19 17 18 12 21 16
split_gain=672.726 83.8943 50.2913 17.9303 14.3639 14.2567 18.9452 18.7526 12.8898 12.6115 12.4589 11.9181 15.9965 12.8459 12.4893 16.6542 25.8955 12.89 12.1104 12.4416 10.4251 20.5009 10.071 29.4366 9.51497 9.1434 8.76976 7.19125 8.80943 17.3283
threshold=344.68333435058599 30.632482528686527 368.92715454101568 -625.62506103515614 40.250000000000007 204.2571716308594 96.500000000000014 186.50000000000003 1.3440206050872805 346.50000000000006 47.549999237060554 -5.7068965435028067 -587.82397460937489 51.500000000000007 219.50000000000003 39.45000076293946 35.750000000000007 1.1181777715682986 -28.499999999999996 12871.000000000002 38.149999618530281 41.95000076293946 38.95000076293946 38.45000076293946 1.1000834703445437 761.87152099609386 -445.49896240234369 -338.49999999999994 41.649999618530281 -5.0172414779663077
decision_type=2 2 2 2 2 2 2 2 2 2 2 2 2 2 2 2 2 2 2 2 2 2 2 2 2 2 2 2 2 2
left_child=1 8 10 4 -4 6 -2 -8 11 27 -3 12 -1 -13 15 -15 -17 -18 24 -20 21 -5 23 -22 25 -16 -23 -7 29 -29
right_child=5 2 3 20 -6 9 7 -9 -10 -11 -12 13 -14 14 18 16 17 -19 19 -21 22 26 -24 -25 -26 -27 -28 28 -30 -31
leaf_value=-0.12930463514768856 0.10982658198886519 -0.10662574368925969 0.12660732677172601 0.063573247676137798 -0.11947021808009939 0.1084752770646563 -0.13851316395738208 0.11547312762187055 0.11433632584780509 0.10653932333567018 0.11347271436124035 0.2180909709107883 0.1157039542016783 -0.10427026103552919 -0.086673224534551674 -0.11075905605637404 0.12899569956419885 -0.096035624578313494 -0.051677768864937239 0.082333612378423959 -0.10876886110248934 0.12661959504166848 -0.1100222929693471 0.086978426981650356 0.082833891597313705 0.096597409694872821 -0.084566751944419136 -0.16761731948202846 0.111908264995755 0.082405590781796656
leaf_weight=3.3053765073418644 13.697719566524031 348.2888347171247 11.172308102250097 21.311281032860279 3.0114626288413993 7.9516703411936787 9.111029200255869 4.2690638303756705 8.6190422475337964 378.38831550627947 2.5909779369831076 2.2337322980165473 13.749788358807562 34.394193604588509 8.1947055086493474 12.051857985556127 12.657839223742483 3.1862100660800925 43.161035280674696 8.2523740790784341 19.400639738887548 2.136208891868594 32.8181615434587 12.718874178826807 23.519028805196285 4.0763353630900374 24.72594677656889 6.1755094528198242 4.3770504966378203 5.0297302529215795
leaf_count=21 159 6383 132 187 30 97 82 41 82 5115 22 11 85 473 81 173 85 21 339 72 307 13 420 87 199 35 345 32 42 38
internal_value=3.19161e-05 -0.0636779 -0.085467 -0.0316243 0.0743608 0.09739 0.0271565 -0.0574761 -0.00494663 0.102122 -0.105 -0.0110379 0.0682201 -0.0199471 -0.0235038 -0.057703 -0.000288044 0.0837423 0.000924921 -0.0301676 -0.0449145 -0.00966673 -0.0710627 -0.0312557 0.0455901 -0.0257923 -0.0677722 0.0310931 -0.00839519 -0.0553888
internal_weight=1084.58 655.576 478.175 127.295 14.1838 429 27.0778 13.3801 177.402 401.922 350.88 168.782 17.0552 151.727 149.494 62.2901 27.8959 15.844 87.2035 51.4134 113.111 48.1734 64.9377 32.1195 35.7901 12.271 26.8622 23.534 15.5823 11.2052
internal_count=15209 9603 7926 1521 162 5606 282 123 1677 5324 6405 1595 106 1489 1478 752 279 106 726 411 1359 545 814 394 315 116 358 209 112 70
is_linear=0
shrinkage=0.1


Tree=21
num_leaves=31
num_cat=0
split_feature=15 20 17 18 17 2 21 2 19 21 12 15 2 21 22 19 12 4 21 18 15 22 22 20 19 17 21 21 17 14
split_gain=598.67 77.1395 47.0764 15.6288 13.2735 17.0952 12.828 12.3421 11.4508 11.1573 10.2865 11.0293 10.9352 15.4844 23.8311 11.4083 10.0164 10.4407 9.85315 18.1058 16.7917 8.8398 25.9896 8.6236 8.56701 7.94188 7.6805 7.18864 12.5166 11.8636
threshold=344.68333435058599 30.632482528686527 374.90489196777349 -625.62506103515614 221.21818542480472 1049.5000000000002 40.250000000000007 346.50000000000006 1.3440206050872805 47.549999237060554 -173.49999999999997 27.183333396911625 219.50000000000003 39.45000076293946 35.750000000000007 1.1232996582984927 -28.499999999999996 12871.000000000002 38.149999618530281 -445.49896240234369 158.81666564941409 38.95000076293946 38.45000076293946 47.121086120605476 1.1000834703445437 768.73489379882824 36.850000381469734 37.750000000000007 161.60405731201175 -1.0000000180025095e-35
decision_type=2 2 2 2 2 2 2 2 2 2 2 2 2 2 2 2 2 2 2 2 2 2 2 2 2 2 2 2 2 2
left_child=1 8 9 6 5 26 -4 -6 10 -3 -1 -12 13 -13 -15 -16 24 27 19 -5 -21 22 -20 -22 25 -14 -2 28 -18 -30
right_child=4 2 3 18 7 -7 -8 -9 -10 -11 11 12 16 14 15 -17 17 -19 21 20 23 -23 -24 -25 -26 -27 -28 -29 29 -31
leaf_value=0.065691889805902307 0.030598689253868373 -0.10560696688754299 0.12521640253848831 0.11413840619012722 0.02982186029784812 0.10723997270978423 -0.11737231826243172 0.10652488131274043 0.11293670845860754 0.11203771728559027 0.20778101807998217 -0.1019769786323235 -0.075703461139176295 -0.10965790016514179 0.12394346246752917 -0.10917895789702135 -0.086870261448726185 0.078748746005148779 -0.10788543946973064 -0.094406491739120149 -0.091467481972685408 -0.10839525662561551 0.084889371342422054 0.091562696259316914 0.078312722153363448 0.11136138279886559 -0.1095399444239674 -0.092532592133153749 -0.075821097748091093 0.13088947578048496
leaf_weight=15.981749907135962 7.7541290223598498 319.24084863439202 10.215763632208107 9.5876838341355306 22.364180088043213 15.863381043076513 2.7710802964866152 338.45143620669842 7.8905317410826674 2.3728994056582442 2.1161635443568221 32.161184065043926 8.6973193027079088 11.008868973702194 12.366240106523035 2.5283869430422774 11.11209996044636 7.7895946875214568 17.496250234544281 22.173976831138134 3.424445427954196 29.62837466225028 11.650511816143988 10.36791607737541 22.618116460740566 3.0708848536014548 7.8905618712306023 19.190971396863461 4.2384067848324785 8.0492925494909251
leaf_count=101 43 6411 132 86 209 219 30 5052 82 22 11 477 85 173 89 16 95 72 303 324 40 410 84 84 201 31 83 178 30 36
internal_value=3.7006e-05 -0.0621268 -0.0842216 -0.0299975 0.0963352 0.0340904 0.0734538 0.101771 -0.00468054 -0.104001 -0.0104474 -0.0188425 -0.0222001 -0.0556318 0.00190934 0.0843706 0.000700435 -0.0276988 -0.042875 -0.00796758 -0.0405178 -0.0699303 -0.0308297 0.0461189 0.0423089 -0.0268893 -0.0400817 -0.0471674 -0.00996179 0.0595886
internal_weight=1000.07 607.75 438.93 117.316 392.324 31.5081 12.9868 360.816 168.82 321.614 160.929 144.948 142.831 58.0647 25.9035 14.8946 84.7667 50.3804 104.329 45.554 35.9663 58.7751 29.1468 13.7924 34.3863 11.7682 15.6447 42.5908 23.3998 12.2877
internal_count=15209 9603 7926 1493 5606 345 162 5261 1677 6433 1595 1494 1483 755 278 105 728 411 1331 534 448 797 387 124 317 116 126 339 161 66
is_linear=0
shrinkage=0.1


Tree=22
num_leaves=31
num_cat=0
split_feature=15 20 17 18 17 0 2 11 21 19 21 15 16 2 21 22 19 12 9 22 22 21 22 0 18 19 15 21 18 4
split_gain=532.556 70.9366 43.5724 13.9488 12.5104 15.6825 12.6471 12.0053 11.4607 10.1948 10.0391 8.82945 9.37248 10.0046 13.0318 19.9889 14.0296 8.6763 8.91198 8.57961 13.3999 17.0522 19.0911 9.83086 7.87614 7.65886 7.49194 11.0967 7.44624 7.30092
threshold=344.68333435058599 30.632482528686527 368.92715454101568 -625.62506103515614 221.21818542480472 96.500000000000014 346.50000000000006 186.50000000000003 40.250000000000007 1.3440206050872805 47.549999237060554 27.183333396911625 -5.7068965435028067 219.50000000000003 39.45000076293946 35.750000000000007 1.1250931620597842 -28.499999999999996 51.500000000000007 38.45000076293946 38.95000076293946 38.149999618530281 41.850000381469734 32.500000000000007 -296.33932495117182 1.1232996582984927 145.73332977294925 37.750000000000007 -580.49560546874989 14112.500000000002
decision_type=2 2 2 2 2 2 2 2 2 2 2 2 2 2 2 2 2 2 2 2 2 2 2 2 2 2 2 2 2 2
left_child=1 9 10 8 5 -2 -6 -7 -4 11 -3 -1 28 14 -14 -16 -17 24 29 -5 23 22 -22 -21 25 -15 -24 -28 -13 -19
right_child=4 2 3 19 6 7 -8 -9 -10 -11 -12 12 13 17 15 16 -18 18 -20 20 21 -23 26 -25 -26 -27 27 -29 -30 -31
leaf_value=0.19909795933681509 0.10793174282788449 -0.10510476466241983 0.12383592905574102 -0.10724479699614282 0.027342720162069175 -0.089735571219662968 0.10586675459643446 0.1130298483322936 -0.11552380858729716 0.11168276558892239 0.11077005506224553 -0.031452855636733959 -0.09948137935047012 -0.034176678146962361 -0.10867689205546871 0.11971824664068903 -0.14605178792654283 -0.048402895747684298 0.13209141350158993 0.11305780019074485 0.083806504003318266 -0.10681777976683021 -0.098780949722578837 -0.10389375570955872 0.12057287609627639 0.082691551925218154 0.098542307835213949 -0.11213468522694037 0.11114970166837944 0.11331897396958934
leaf_weight=1.9939200654625882 14.341614447534086 289.13114921748638 9.3414640277624112 16.772695261985064 21.97404657304287 11.363781459629534 308.05002939328551 3.929793667048215 2.5454346574842921 7.215707801282405 2.1703991703689089 5.716838799417018 29.442399427294731 14.656370453536512 10.046553589403631 11.909114077687262 2.3838341087102881 42.036221951246262 3.3207301571965209 9.7947999835014325 15.204304777085779 27.634320359677076 16.32186991721392 2.6547517776489249 8.9602875858545286 9.0824730619788152 5.9649764969944936 4.3040909022092819 10.185833372175692 2.9900809153914443
leaf_count=11 202 6383 132 315 209 98 5052 45 30 82 22 34 473 148 173 91 15 359 24 70 141 420 293 25 79 88 42 53 72 28
internal_value=3.56746e-05 -0.0607934 -0.0832118 -0.0297562 0.0950495 0.0328111 0.100638 -0.0376335 0.07258 -0.00446869 -0.103496 -0.00995644 -0.0127219 -0.0212858 -0.0547252 -0.000585599 0.0753921 0.000904464 -0.0260037 -0.042087 -0.0287396 -0.0458701 -0.00557254 0.0667949 0.0406893 0.0105371 -0.0566782 0.0102409 0.0598856 -0.0376634
internal_weight=921.44 561.781 401.84 110.539 359.659 29.6352 330.024 15.2936 11.8869 159.94 291.302 152.725 150.731 134.828 53.7819 24.3395 14.2929 81.0462 48.347 98.6518 81.8791 69.4296 41.7952 12.4496 32.6991 23.7388 26.5909 10.2691 15.9027 45.0263
internal_count=15209 9603 7926 1521 5606 345 5261 143 162 1677 6405 1595 1584 1478 752 279 106 726 411 1359 1044 949 529 95 315 236 388 95 106 387
is_linear=0
shrinkage=0.1


Tree=23
num_leaves=31
num_cat=0
split_feature=15 20 17 18 17 0 2 11 21 19 21 22 22 21 22 18 0 15 13 18 22 18 22 22 19 0 15 11 14 21
split_gain=473.722 65.8697 40.0244 12.3923 11.6047 14.0213 12.9248 10.3247 10.2425 9.07092 9.02054 7.82949 11.8013 15.3346 16.9968 8.8825 8.6236 7.65366 8.27749 12.7241 12.242 15.8869 11.0211 16.0836 10.5334 7.97696 7.75652 11.0159 7.51502 9.21018
threshold=344.68333435058599 30.632482528686527 368.92715454101568 -625.62506103515614 221.21818542480472 96.500000000000014 346.50000000000006 186.50000000000003 40.250000000000007 1.3440206050872805 47.549999237060554 38.45000076293946 38.95000076293946 38.149999618530281 41.649999618530281 -434.46205139160151 32.500000000000007 27.183333396911625 197.55000305175784 -434.46205139160151 43.350000381469734 -530.54617309570301 35.750000000000007 38.750000000000007 1.2794077396392824 102.50000000000001 255.05000305175784 3.5000000000000004 17.500000000000004 42.750000000000007
decision_type=2 2 2 2 2 2 2 2 2 2 2 2 2 2 2 2 2 2 2 2 2 2 2 2 2 2 2 2 2 2
left_child=1 9 10 8 5 -2 -6 -7 -4 17 -3 -5 16 14 -14 -16 -13 -1 19 22 21 -20 -19 -24 26 -21 27 -22 29 -23
right_child=4 2 3 11 6 7 -8 -9 -10 -11 -12 12 13 -15 15 -17 -18 18 20 25 24 28 23 -25 -26 -27 -28 -29 -30 -31
leaf_value=0.19156370057469532 0.10714445583476631 -0.10444031957214935 0.12246478774178277 -0.10651168248942022 0.025033278864191235 -0.083421467655342613 0.10527841017872959 0.11175725718399383 -0.11389038019804615 0.11055698707138367 0.10964735136265509 0.10994064931851551 0.11174094756905738 -0.10536516255254791 0.056756448578529864 -0.072754235926955971 -0.1002280708310231 -0.1098891605478394 0.047245381882600725 -0.094840979498855671 -0.066106103549606984 -0.12214741841964268 0.095702586806654888 -0.13779794929289185 -0.10747598050880912 0.087452928443532932 0.11851579177567742 0.079937411413592063 0.1145642502284636 0.02172380593675453
leaf_weight=1.8714424073696125 13.067310210317375 263.19642486423254 8.542379677295683 15.275682535022495 21.62047915905714 11.019996605813501 280.21335727721453 3.5942433066666117 2.3345406092703334 6.5921266265213481 1.9829362183809269 9.1011682301759702 9.3960350826382619 25.331778183579445 6.9027644768357233 22.746604099869735 2.4854996651411048 5.5538037605583694 17.060767032206059 31.203009575605392 8.2147851958870906 19.864862091839321 15.199525505304338 3.6602733209729186 3.9889018610119811 2.6005101203918448 15.189925018697975 13.911000497639177 1.9329428821802128 5.7339620776474467
leaf_count=11 202 6383 132 315 209 98 5052 45 30 82 22 70 97 420 59 373 25 98 141 517 68 228 133 33 33 16 157 96 13 51
internal_value=4.36519e-05 -0.0594126 -0.0823546 -0.029159 0.0938473 0.0318793 0.0995304 -0.035419 0.0717353 -0.00418498 -0.102839 -0.0411868 -0.0280506 -0.0447721 -0.00546066 -0.0426024 0.0648566 -0.00936627 -0.0119755 -0.0410867 0.00775471 -0.0285785 0.0139247 0.0503853 0.0469801 -0.0808171 0.0634909 0.0257149 -0.0755648 -0.0899212
internal_weight=849.389 519.874 367.296 102.116 329.515 27.6816 301.834 14.6142 10.8769 152.578 265.179 91.2395 75.9638 64.3772 39.0454 29.6494 11.5867 145.986 144.114 58.2171 85.8971 44.5925 24.4136 18.8598 41.3046 33.8035 37.3157 22.1258 27.5318 25.5988
internal_count=15209 9603 7926 1521 5606 345 5261 143 162 1677 6405 1359 1044 949 529 432 95 1595 1584 797 787 433 264 166 354 533 321 164 292 279
is_linear=0
shrinkage=0.1


Tree=24
num_leaves=31
num_cat=0
split_feature=15 20 17 17 0 2 11 18 21 21 19 22 22 21 22 0 18 4 20 12 18 21 19 15 1 18 12 20 12 18
split_gain=421.39 60.4821 37.3492 11.062 13.7281 12.9126 12.6706 10.9308 9.15651 8.10972 8.09536 7.23948 10.2795 13.9987 14.9162 7.56395 7.4668 8.05051 8.21593 6.99718 8.23829 11.1794 7.66869 6.66173 7.33948 11.2381 10.6302 9.06637 8.64082 9.58462
threshold=344.68333435058599 30.632482528686527 368.92715454101568 204.2571716308594 96.500000000000014 346.50000000000006 186.50000000000003 -625.62506103515614 40.250000000000007 47.549999237060554 1.3440206050872805 38.45000076293946 38.95000076293946 38.149999618530281 41.649999618530281 32.500000000000007 -434.46205139160151 5697.5000000000009 54.583841323852546 -338.49999999999994 -482.29756164550776 41.649999618530281 1.0955234766006472 27.183333396911625 193.50000000000003 -434.46205139160151 -54.499999999999993 14.678769111633303 -29.499999999999996 -296.33932495117182
decision_type=2 2 2 2 2 2 2 2 2 2 2 2 2 2 2 2 2 2 2 2 2 2 2 2 2 2 2 2 2 2
left_child=1 10 9 4 -2 19 -6 8 -4 -3 23 -9 15 14 -14 -13 -16 -18 -19 -5 21 22 -21 -1 25 26 27 -25 29 -26
right_child=3 2 7 5 6 -7 -8 11 -10 -11 -12 12 13 -15 16 -17 17 18 -20 20 -22 -23 -24 24 28 -27 -28 -29 -30 -31
leaf_value=0.18484029418622236 0.10676569112330121 -0.10382850042030407 0.12110629424106333 0.1070117260864568 -0.13086358733215911 0.1038666238764514 0.11099860019898718 -0.10585674702914057 -0.11244338131153622 0.10865078362078318 0.10954449146572894 0.10692819601389388 0.11054279137463985 -0.10398731484911046 0.051547101208473979 -0.096569546719614208 -0.11363898605758699 -0.10878360265123416 0.098234681215651987 0.00086189860083263684 0.11118601691557678 0.11047967328168946 -0.20011021741298252 0.11505297989321324 0.012802256678414378 -0.086439792311028288 0.066386842479989397 -0.11112129530505047 -0.022986208430905809 0.12730424579836866
leaf_weight=1.7517606392502774 9.6314960718154925 239.48199207335711 7.8118024170398694 6.7527908608317402 7.2925059013068658 260.63480988517404 3.0811891555786133 13.903157521039246 2.1381684467196465 1.8098492994904507 6.0171169862151137 8.4552731662988645 8.5893140435218793 23.209446027874947 6.8436269536614374 2.3298409879207602 14.008932843804368 3.2699449695646754 4.6336563974618912 3.1254860311746597 3.7651118412613842 2.8197127133607864 4.8371369913220406 2.2181729599833515 30.033314526081085 26.594619121402502 13.619931675493715 8.8179944753646833 46.064189150929451 9.6625239886343461
leaf_count=11 159 6383 132 97 82 5115 41 315 30 22 82 70 97 420 59 25 273 54 46 20 39 30 23 17 300 501 145 118 414 89
internal_value=4.46852e-05 -0.0580549 -0.0813086 0.09265 0.0207945 0.0977486 -0.0590258 -0.0282659 0.0709184 -0.102235 -0.00401049 -0.0398431 -0.026978 -0.0429977 -0.00509394 0.0629678 -0.039634 -0.0681113 0.0125853 0.0228875 -0.0161621 -0.0606312 -0.121225 -0.00893454 -0.0114121 -0.0413518 0.00728115 -0.0656622 0.0064801 0.0406736
internal_weight=783.205 481.265 336.485 301.94 20.0052 281.935 10.3737 95.1932 9.94997 241.292 144.78 85.2432 71.34 60.5549 37.3455 10.7851 28.7562 21.9125 7.9036 21.3002 14.5474 10.7823 7.96262 138.763 137.011 51.2507 24.6561 11.0362 85.76 39.6958
internal_count=15209 9603 7926 5606 282 5324 123 1521 162 6405 1677 1359 1044 949 529 95 432 373 100 209 112 73 43 1595 1584 781 280 135 803 389
is_linear=0
shrinkage=0.1


Tree=25
num_leaves=31
num_cat=0
split_feature=15 20 17 17 2 0 18 13 21 21 22 20 0 3 21 12 22 11 21 0 22 22 21 22 15 21 0 12 18 19
split_gain=374.927 56.9244 34.2726 10.2077 12.5197 11.6468 9.72496 8.63616 8.18822 7.29429 7.23078 10.4366 8.26264 12.9556 12.3717 10.277 8.38248 10.3627 12.5232 8.72348 6.60479 9.06754 12.5775 13.4521 7.08559 6.9804 6.63164 6.27186 7.11359 7.96574
threshold=344.68333435058599 30.632482528686527 368.92715454101568 221.21818542480472 346.50000000000006 143.50000000000003 -625.62506103515614 552.10000610351574 40.250000000000007 47.549999237060554 32.049999237060554 24.630224227905277 54.500000000000007 7357.5000000000009 39.95000076293946 -71.499999999999986 43.350000381469734 186.50000000000003 42.850000381469734 109.50000000000001 38.45000076293946 38.95000076293946 38.149999618530281 41.95000076293946 145.73332977294925 37.750000000000007 32.500000000000007 -338.49999999999994 -482.29756164550776 1.0899078249931338
decision_type=2 2 2 2 2 2 2 2 2 2 2 2 2 2 2 2 2 2 2 2 2 2 2 2 2 2 2 2 2 2
left_child=1 10 9 5 27 7 8 -2 -4 -3 11 -1 -12 14 -14 -15 17 18 -17 -18 -8 26 23 -23 -25 -26 -22 -5 29 -29
right_child=3 2 6 4 -6 -7 20 -9 -10 -11 12 -13 13 15 -16 16 19 -19 -20 -21 21 22 -24 24 25 -27 -28 28 -30 -31
leaf_value=-0.11164002601637737 -0.036796051188136523 -0.10326159460848688 0.11976670726357191 0.10630360492972027 0.10428372693509642 -0.098700555447028326 -0.10527088753264831 0.11231276050332753 -0.11115869020875394 0.10776441441506208 0.0711522889233656 0.059616137973040974 -0.10094010093313908 0.07876237573206403 0.056321124127764743 -0.10276990574421714 -0.0074907045163417636 0.12539412518971405 0.11065089585745234 0.10098699325275869 0.10398201112909621 0.066007222085943923 -0.10266805813152079 -0.10650940674188031 0.091475304235633603 -0.10863667667267161 -0.092891164576051344 0.064763311152355826 0.11003422380424897 -0.11820294371276829
leaf_weight=12.686090461909773 5.5601088777184549 217.82154058292508 7.143485873937605 6.148799758404496 231.69179195538163 5.4765574745833865 12.646533805876969 12.887704186141489 1.955908454954624 1.6503997109830368 16.313840340822935 4.9458098486065856 21.266628537327055 19.341599352657795 6.5411154739558688 19.15008236840368 23.137383691966534 3.0140783526003352 3.2103435173630706 10.908282414078711 7.8564043194055539 15.089007172733544 21.25696748867631 12.191447809338571 4.6953872069716445 2.7723850309848785 2.1873610466718674 3.6195036321878433 3.4406481198966476 6.9455652683973312
leaf_count=189 46 6383 132 97 5052 79 315 220 30 22 170 57 418 191 70 244 193 27 29 89 70 171 420 277 36 45 25 31 39 42
internal_value=5.08005e-05 -0.0564402 -0.0805514 0.0917779 0.0977078 0.029356 -0.027747 0.0673719 0.0701295 -0.101675 -0.00371574 -0.0636021 0.00487704 -0.00526849 -0.0639481 0.015449 -0.00515983 -0.0486661 -0.0721285 0.0272657 -0.0390642 -0.0263875 -0.0420783 -0.00501295 -0.0595229 0.0171844 0.0611064 0.0221118 -0.0148501 -0.0555202
internal_weight=723.553 447.782 307.267 275.771 251.846 23.9244 87.7949 18.4478 9.09939 219.472 140.515 17.6319 122.883 106.57 27.8077 78.7618 59.4202 25.3745 22.3604 34.0457 78.6955 66.049 56.0052 34.7482 19.6592 7.46777 10.0438 20.1545 14.0057 10.5651
internal_count=15209 9603 7926 5606 5261 345 1521 266 162 6405 1677 246 1431 1261 488 773 582 300 273 282 1359 1044 949 529 358 81 95 209 112 73
is_linear=0
shrinkage=0.1


Tree=26
num_leaves=31
num_cat=0
split_feature=15 20 17 21 15 20 4 20 17 5 17 2 22 21 20 19 21 21 21 22 3 16 20 3 14 0 21 19 22 21
split_gain=333.821 52.7702 31.759 10.7828 9.69327 8.87482 8.78497 7.50349 9.54311 6.78662 9.63378 8.54577 6.9223 6.7376 9.92976 6.70672 6.622 6.48342 6.16085 5.75674 10.5085 7.55043 7.98514 10.0819 5.95106 5.76185 11.9546 11.917 11.6648 9.21699
threshold=344.68333435058599 30.632482528686527 463.84844970703131 39.049999237060554 467.80000305175787 41.635955810546882 5697.5000000000009 1350.5000000000002 678.23248291015636 3586.5000000000005 198.98685455322268 917.50000000000011 40.549999237060554 41.649999618530281 22.123173713684086 1.3440206050872805 38.45000076293946 40.149999618530281 37.750000000000007 32.049999237060554 9872.5000000000018 -5.8793103694915763 23.805509567260746 3095.5000000000005 -6.1666667461395255 96.500000000000014 39.45000076293946 1.1397324800491335 44.250000000000007 42.750000000000007
decision_type=2 2 2 2 2 2 2 2 2 2 2 2 2 2 2 2 2 2 2 2 2 2 2 2 2 2 2 2 2 2
left_child=1 15 3 -3 9 18 7 8 -7 12 11 -11 13 14 -2 19 -9 -10 -4 20 -1 24 25 -24 -21 26 -23 -28 29 -27
right_child=4 2 5 -5 -6 6 -8 16 17 10 -12 -13 -14 -15 -16 -17 -18 -19 -20 21 -22 22 23 -25 -26 28 27 -29 -30 -31
leaf_value=-0.1225672925009951 -0.16525659553773211 -0.10275087184573682 0.11442583026124552 -0.012005231183298649 0.10011093661739363 -0.082269318224049398 0.10125440630485982 0.1078365463938476 0.13614411563609138 -0.12988216187948964 0.10521054333082383 0.10915002708800166 0.10996963577471944 0.11033178782735614 0.041853745051452902 0.10799560382765912 -0.05963296377257446 -0.11070118012441704 -0.094849965011979703 -0.046657499361629537 0.04449795376692086 -0.057037840924913277 0.15366889234940437 -0.091268403105479054 0.1176326187807671 -0.070429066244966573 0.094676642680344092 -0.16094342359412145 0.079078608582563437 0.11236989264069903
leaf_weight=10.612425044178964 5.5696247816085798 208.04089550673962 1.5487707629799867 13.973774306476114 205.63857724890113 17.15758736431599 8.4600469022989255 7.5049711354076845 3.9669639058411112 3.7308544386178282 24.544841177761555 2.4965205751359463 4.0193012580275527 2.3359034545719615 3.9613998550921679 5.1820315681397906 3.4449123553931713 1.4540383815765379 15.335430558770893 2.9495580196380606 5.8352264612913123 29.088823053985834 1.8634105622768427 17.11732817068696 8.732133209705351 12.961185511201622 11.863246869295834 2.155112385749816 22.653978351503611 3.5039935335516921
leaf_count=189 32 6680 14 243 4835 294 106 101 63 42 535 39 48 27 48 82 78 24 323 17 54 396 10 322 67 145 133 16 211 35
internal_value=4.54682e-05 -0.0550587 -0.0797238 -0.0970393 0.0907743 -0.0144256 0.0101949 -0.0127816 -0.045726 0.0496246 0.0770273 -0.0340555 -0.00345534 -0.0418721 -0.0791749 -0.00355565 0.0551494 0.0699345 -0.0756533 -0.00802509 -0.0632966 2.78465e-05 -0.00875849 -0.067222 0.0761503 0.00473695 -0.0204802 0.0553789 0.0325248 -0.0315272
internal_weight=667.703 415.406 280.887 222.015 252.297 58.8727 41.9885 33.5285 22.5786 46.6584 30.7722 6.22738 15.8862 11.8669 9.53102 134.518 10.9499 5.421 16.8842 129.336 16.4477 112.889 101.207 18.9807 11.6817 82.2263 43.1072 14.0184 39.1192 16.4652
internal_count=15209 9603 7926 6923 5606 1003 666 560 381 771 616 81 155 107 80 1677 179 87 337 1595 243 1352 1268 332 84 936 545 149 391 180
is_linear=0
shrinkage=0.1


Tree=27
num_leaves=31
num_cat=0
split_feature=15 20 17 17 2 0 18 22 21 9 21 22 17 22 22 17 21 15 12 15 11 22 18 22 20 12 21 19 15 22
split_gain=296.477 50.7832 29.9819 8.4611 10.7501 9.71288 7.96809 7.04489 6.58503 6.51591 6.24689 6.13725 9.67148 6.61489 10.8103 15.1896 14.7265 15.1209 10.6962 7.08898 9.41716 7.07512 8.26541 8.21136 6.27097 5.8583 5.75617 6.09328 8.98219 8.03853
threshold=350.31666564941412 30.632482528686527 374.90489196777349 221.21818542480472 346.50000000000006 143.50000000000003 -625.62506103515614 53.250000000000007 47.549999237060554 51.500000000000007 40.250000000000007 35.149999618530281 831.57427978515636 38.750000000000007 44.149999618530281 77.162860870361342 36.149999618530281 208.90000152587893 334.50000000000006 255.05000305175784 3.5000000000000004 37.549999237060554 -467.18359374999994 37.149999618530281 25.992187500000004 -60.499999999999993 39.549999237060554 1.0858655571937563 145.73332977294925 41.95000076293946
decision_type=2 2 2 2 2 2 2 2 2 2 2 2 2 2 2 2 2 2 2 2 2 2 2 2 2 2 2 2 2 2
left_child=1 9 8 5 -5 7 10 -2 -3 11 -4 12 24 21 15 -15 17 -16 19 20 25 22 23 -13 -1 -19 27 28 -8 -29
right_child=3 2 6 4 -6 -7 26 -9 -10 -11 -12 13 -14 14 16 -17 -18 18 -20 -21 -22 -23 -24 -25 -26 -27 -28 29 -30 -31
leaf_value=-0.082559117259488501 0.10049876038079252 -0.10197722925342648 0.11654195964042234 0.019044397420689342 0.1034887800647826 -0.097346756198709625 -0.10663010051044958 -0.071717202669939556 0.10705851532314435 0.12153524570772234 -0.099297476515121677 0.11132823144206438 0.10985416083034837 0.14424749163811076 -0.10881575786213769 -0.11110299304609719 0.1012215914509369 0.069417984167011226 -0.16120993129702776 0.10939469419877504 0.1083692522418734 0.12861410255114733 -0.089453893667882145 -0.10985923325680538 0.051399865904762733 -0.12141192643854014 -0.10585359004352138 0.042247785523932296 -0.0014664999882462602 -0.095222139592976762
leaf_weight=24.439283857122067 12.317883007228376 182.2333722691983 6.1732996404170981 16.367201894521713 191.02293808013201 4.683090539649128 15.897596715018151 2.9428383484482756 1.5195781067013729 4.1315383687615386 1.7130035571753977 8.0797928571701032 3.6322019658982745 2.7281419746577766 12.323608122766016 15.944550221785901 14.335147298872469 2.2285642102360717 2.7378208003938189 10.346282768994568 4.8364974856376639 8.0713273063302022 5.2084383778274086 2.1184564977884284 4.0776014514267436 5.7838367782533231 10.18281915783882 19.747846916317943 16.604912493377924 5.4214021060615769
leaf_count=379 226 6427 133 193 5037 63 443 32 22 43 31 82 44 36 272 256 115 24 18 148 27 57 91 16 50 52 255 282 219 136
internal_value=5.1142e-05 -0.0528014 -0.0784256 0.0908418 0.0968244 0.0286302 -0.0254814 0.0672891 -0.100249 -0.00205214 0.0696589 -0.00607609 -0.0438297 0.00673489 -0.00843153 -0.0737954 0.0147759 -0.0176162 0.0257227 0.0477872 -0.00182091 0.0527706 0.0130373 0.0653815 -0.0634045 -0.0683346 -0.036539 -0.0243004 -0.052904 0.0126371
internal_weight=617.851 390.517 259.494 227.334 207.39 19.9438 75.7409 15.2607 183.753 131.023 7.8863 126.892 32.1491 94.7425 71.2644 18.6727 52.5918 38.2566 25.933 23.1952 12.8489 23.478 15.4067 10.1982 28.5169 8.0124 67.8546 57.6718 32.5025 25.1692
internal_count=15209 9658 7948 5551 5230 321 1499 258 6449 1710 164 1667 473 1194 948 292 656 541 269 251 103 246 189 98 429 76 1335 1080 662 418
is_linear=0
shrinkage=0.1


Tree=28
num_leaves=31
num_cat=0
split_feature=15 20 17 13 17 6 18 20 20 21 9 21 22 22 21 22 18 4 20 22 0 21 9 20 15 22 12 19 15 18
split_gain=263.486 45.7546 28.8231 8.5677 9.97997 9.53608 7.01521 6.19709 8.03905 5.94452 5.78504 5.57643 5.56682 8.30659 11.2694 10.7334 5.95106 6.27135 6.11294 5.51506 11.2091 8.31205 6.6902 8.16371 8.98765 8.69699 7.78624 7.62523 6.25014 6.43496
threshold=350.31666564941412 30.632482528686527 368.92715454101568 325.30000305175787 221.21818542480472 3978.5000000000005 -625.62506103515614 16.803649902343754 21.119676589965824 47.549999237060554 51.500000000000007 40.250000000000007 38.45000076293946 38.95000076293946 38.149999618530281 41.649999618530281 -434.46205139160151 5697.5000000000009 54.583841323852546 34.350000381469734 135.50000000000003 101.95000076293947 37.500000000000007 21.119676589965824 118.01666641235353 51.649999618530281 -122.49999999999999 1.1471294164657595 208.90000152587893 -244.37347412109372
decision_type=2 2 2 2 2 2 2 2 2 2 2 2 2 2 2 2 2 2 2 2 2 2 2 2 2 2 2 2 2 2
left_child=1 10 9 7 5 -5 11 -2 -9 -3 19 -4 -8 -14 15 -15 -17 -18 -19 20 21 -1 23 25 -25 27 -26 -21 -27 -30
right_child=3 2 6 4 -6 -7 12 8 -10 -11 -12 -13 13 14 -16 16 17 18 -20 22 -22 -23 -24 24 26 28 -28 -29 29 -31
leaf_value=-0.098947020266507021 0.10681289446660527 -0.10179388393960137 0.11534196319195372 -0.042157639836237659 0.10211609034549525 0.10369409370044819 -0.10409623429496079 -0.1120056017440277 0.088283983174075764 0.10634474973298635 0.11957456809090027 -0.096774245293573105 0.064615371403696067 0.10802605495692824 -0.10227328640287373 0.052398279925058223 -0.11297499709475088 -0.10669403009246847 0.094926582155861319 0.094502808302603089 0.10731392732812324 0.083404424524543191 -0.11707665595743638 0.075143507641131979 0.034638742078033295 -0.10950447922165725 -0.083170238667232887 -0.00096220565351130361 -0.097160044263954165 0.071146942437884095
leaf_weight=18.953648418188102 4.4731816239655009 164.44503393024206 5.6410065535455933 9.8641547225415724 177.23376677557826 8.2169966734945756 9.9160445183515531 5.4430002421140653 3.1716767624020576 1.3837280869483937 3.7965324968099585 1.588374216109514 9.1041373312473279 6.851620718836787 17.879616180434823 5.7838156446814528 10.389367137104278 2.5167248304933301 3.736152708530426 24.879477033391595 3.9936939030885688 2.8794708438217631 4.251777756959199 7.0355159323662511 7.7053477019071606 5.6972869466990259 20.631444497033954 12.606399863958357 3.2616993747651577 7.483926620334385
leaf_count=321 81 6399 133 101 5071 213 315 42 43 22 43 31 95 99 422 59 273 54 46 293 44 34 32 74 67 133 403 165 37 64
internal_value=5.31069e-05 -0.0514676 -0.0769633 0.0896475 0.0948961 0.0241248 -0.0247935 0.0113201 -0.0382647 -0.100057 -0.00194927 0.0687377 -0.0350111 -0.0228349 -0.0397179 -0.00151592 -0.0349832 -0.0653516 0.0137762 -0.005814 -0.0467215 -0.0748975 0.0054792 0.0113143 -0.0260188 0.0358014 -0.0511356 0.0623982 -0.024833 0.0200595
internal_weight=570.815 362.412 239.236 208.403 195.315 18.0812 73.4069 13.0879 8.61468 165.829 123.176 7.22938 66.1775 56.2614 47.1573 29.2777 22.4261 16.6422 6.25288 119.38 25.8268 21.8331 93.5529 89.3011 35.3723 53.9288 28.3368 37.4859 16.4429 10.7456
internal_count=15209 9658 7948 5551 5385 314 1527 166 85 6421 1710 164 1363 1048 953 531 432 373 100 1667 399 355 1268 1236 544 692 470 458 234 101
is_linear=0
shrinkage=0.1


Tree=29
num_leaves=31
num_cat=0
split_feature=15 20 17 2 17 2 18 22 21 21 19 22 22 21 22 0 18 21 13 3 18 22 18 19 22 11 17 0 22 11
split_gain=234.382 44.0849 26.5293 7.26899 9.11187 8.46482 6.2647 5.61261 8.05463 5.35358 5.12583 5.04998 7.25018 10.5261 9.69268 5.25141 5.24072 4.97811 4.85211 5.73108 11.6512 8.59309 10.3963 8.38875 7.60147 7.09432 6.27679 5.8938 7.83677 5.295
threshold=354.61666870117193 30.632482528686527 368.92715454101568 346.50000000000006 221.21818542480472 1049.5000000000002 -625.62506103515614 37.95000076293946 41.649999618530281 47.549999237060554 1.3651232719421389 38.45000076293946 38.95000076293946 38.149999618530281 41.649999618530281 32.500000000000007 -441.80877685546869 40.250000000000007 51.500000000000007 7357.5000000000009 -423.01170349121088 43.350000381469734 -542.68176269531239 1.2629984021186831 35.45000076293946 -28.499999999999996 55.152170181274421 110.50000000000001 34.350000381469734 186.50000000000003
decision_type=2 2 2 2 2 2 2 2 2 2 2 2 2 2 2 2 2 2 2 2 2 2 2 2 2 2 2 2 2 2
left_child=1 10 9 7 5 -5 17 8 -2 -3 18 -8 15 14 -14 -13 -16 -4 -1 20 24 22 27 26 -20 -26 -23 28 -21 -24
right_child=3 2 6 4 -6 -7 11 -9 -10 -11 -12 12 13 -15 16 -17 -18 -19 19 21 -22 23 29 -25 25 -27 -28 -29 -30 -31
leaf_value=0.15970054532271347 -0.083520790779123347 -0.10134949197876929 0.11419347928021024 -0.040288318500666997 0.10283624259845997 0.10330270337114406 -0.10369305225695886 0.10651824601213251 0.10624635370492728 0.10570697591249921 0.10589603889923274 0.10032930335428764 0.10725486533043081 -0.10214101958666465 0.073500470604597232 -0.086588062699127735 -0.057128438954144316 -0.094116513771809393 -0.1071130092089351 -0.14810041487112144 -0.1020489966393756 -0.12019364713716583 -0.072926757567937539 -0.087712021726631173 -0.039441349247042179 0.099740955196846254 0.069056763618788139 0.11610837982328528 0.066469094177092486 0.13031700879795674
leaf_weight=1.7655562497675408 6.7117476202547532 149.85749153792858 5.1529293376952401 9.0515435226261634 156.37367450073361 7.5132162217050782 9.0055161360651237 5.3440843261778346 3.3545907475054264 1.2592172101140011 4.3403410837054244 6.9407560154795629 6.3339274600148228 16.593834020197392 3.7360987812280646 1.9185281395912168 17.258181896060709 1.4757683258503673 4.2025302108377245 2.7653410546481592 16.538924476131797 1.8542605042457569 24.367557311430577 4.4275861978530875 6.057202499359847 9.2621102593839133 31.942117851227522 6.361214205622673 4.4273522049188614 1.3530072756111611
leaf_count=12 48 6415 133 79 5007 216 315 90 56 22 84 70 100 423 38 25 394 31 103 27 459 29 364 42 55 113 332 77 39 11
internal_value=5.19195e-05 -0.0496173 -0.0762339 0.0895011 0.0953654 0.0248397 -0.0245694 0.0236908 -0.0202812 -0.0996241 -0.000787532 -0.0344809 -0.0226719 -0.0393173 -0.00117035 0.0598513 -0.033882 0.0678168 -0.00480265 -0.00736026 -0.0402936 0.00796395 -0.0248865 0.0417172 0.0120256 0.0447088 0.0586734 0.0459885 -0.0160254 -0.0622353
internal_weight=527.546 339.197 219.532 188.349 172.938 16.5648 68.4155 15.4104 10.0663 151.117 119.665 61.7868 52.7813 43.922 27.3282 8.85928 20.9943 6.6287 115.325 113.559 36.0608 77.4984 39.2745 38.224 19.5218 15.3193 33.7964 13.5539 7.19269 25.7206
internal_count=15209 9713 7966 5496 5302 295 1529 194 104 6437 1747 1365 1050 955 532 95 432 164 1663 1651 730 921 518 403 271 168 361 143 66 375
is_linear=0
shrinkage=0.1


Tree=30
num_leaves=31
num_cat=0
split_feature=15 19 17 15 22 18 22 22 20 1 5 22 5 17 2 20 20 21 12 6 16 21 22 18 21 18 0 3 21 21
split_gain=208.803 35.2925 13.7113 10.1553 8.15432 8.70433 7.82238 9.45478 7.40941 6.67276 6.09288 6.05205 5.96674 8.12128 6.02697 5.4431 6.48335 5.41202 5.25045 4.85074 4.50483 7.28859 7.70081 5.86881 7.07529 12.6918 5.28672 6.82955 12.7725 5.10173
threshold=338.21667480468756 1.0650647282600405 529.39074707031261 467.80000305175787 37.750000000000007 -490.23353576660151 32.250000000000007 36.850000381469734 47.121086120605476 31.500000000000004 6381.5000000000009 53.250000000000007 3586.5000000000005 198.98685455322268 917.50000000000011 16.290672302246097 21.757605552673343 101.95000076293947 -92.499999999999986 2332.5000000000005 -5.7068965435028067 39.95000076293946 39.350000381469734 -580.49560546874989 37.850000381469734 188.55808258056643 158.50000000000003 7937.0000000000009 37.250000000000007 38.45000076293946
decision_type=2 2 2 2 2 2 2 2 2 2 2 2 2 2 2 2 2 2 2 2 2 2 2 2 2 2 2 2 2 2
left_child=1 2 -1 12 5 6 -3 -8 17 -6 -7 20 15 14 -14 -2 -17 -4 -18 -13 -11 22 29 -24 26 -26 27 28 -25 -22
right_child=3 4 8 -5 9 10 7 -9 -10 11 -12 19 13 -15 -16 16 18 -19 -20 -21 21 -23 23 24 25 -27 -28 -29 -30 -31
leaf_value=-0.095652220594113324 0.10949371685577408 -0.14422345705593351 -0.090518484186403625 0.097426940884693655 -0.10814523075484331 -0.086248796169676692 0.09564859415609521 -0.1276895764682062 0.063281643018916617 0.10188614111283496 0.12403181571971507 -0.10499166130441398 -0.10791454901137221 0.10432138698163401 0.1080647206679313 -0.10214633942316996 0.11089811578758449 0.076825001585549182 -0.091512813580376606 0.11836183666587584 -0.039930234159210272 -0.12794166267954885 0.12844543499414912 -0.075275555676648176 -0.098512708160810716 0.10808425875860923 -0.16157545581587629 0.057999671393318457 0.10566022973638074 0.11426956150248171
leaf_weight=134.0366300791502 3.176533941179513 2.5135389268398276 9.9428593087941426 142.12868408486247 5.4108393490314475 32.581201320514083 9.318581745028494 2.37953315116465 8.5129234958440048 5.4283980615437022 1.438768122345208 7.281758710741995 3.7037378959357765 18.203084424138069 1.9842306487262247 6.9049442503601295 3.7604782320559016 2.3988668620586386 1.9440339710563428 1.1222007125616071 2.6821467876434317 3.7727649342268696 3.3928372692316691 13.416574107483038 15.125558361411096 3.7011828757822505 1.6271021924912918 23.583351578563452 5.5011794231832019 10.725761784240602
leaf_count=6003 42 21 248 4835 191 1005 126 29 187 67 12 221 50 552 40 54 50 32 38 16 73 56 56 354 342 58 16 259 72 104
internal_value=6.55751e-05 -0.0503785 -0.0839163 0.0849395 -0.0159772 -0.0498984 0.015829 0.050219 -0.00848769 -5.76384e-05 -0.0773556 0.00594934 0.0402079 0.0717302 -0.0325708 -0.00749895 -0.0369714 -0.0579919 0.0419187 -0.0751667 0.0136126 0.00787579 0.0143005 0.000331843 -0.0065726 -0.0578974 0.0153245 0.0220969 -0.0226604 0.0834231
internal_weight=487.7 305.895 154.891 181.806 151.003 48.2316 14.2117 11.6981 20.8546 102.772 34.02 97.3608 39.677 23.8911 5.68797 15.786 12.6095 12.3417 5.70451 8.40396 88.9569 83.5285 79.7557 66.3478 62.9549 18.8267 44.1282 42.5011 18.9178 13.4079
internal_count=15209 9548 6470 5661 3078 1193 176 155 467 1885 1017 1694 826 642 90 184 142 280 88 237 1457 1390 1334 1157 1101 400 701 685 426 177
is_linear=0
shrinkage=0.1


Tree=31
num_leaves=31
num_cat=0
split_feature=15 20 17 17 2 0 11 21 18 15 9 9 12 21 16 21 22 22 21 22 3 18 22 18 21 17 22 0 17 17
split_gain=184.898 32.9465 22.8068 9.96116 11.5702 9.06605 5.78875 5.23848 4.66128 4.61676 4.70145 4.55089 4.47204 5.76477 6.00197 4.4706 4.44939 5.3051 7.68829 7.41635 4.44227 8.8952 7.56254 7.19584 7.19558 12.1358 6.22469 6.82586 4.88142 8.96797
threshold=338.21667480468756 30.632482528686527 368.92715454101568 221.21818542480472 346.50000000000006 96.500000000000014 186.50000000000003 47.549999237060554 -625.62506103515614 27.183333396911625 51.500000000000007 43.500000000000007 -338.49999999999994 41.649999618530281 -5.0172414779663077 40.250000000000007 38.45000076293946 38.95000076293946 38.149999618530281 41.649999618530281 7357.5000000000009 -423.01170349121088 44.250000000000007 -542.68176269531239 36.049999237060554 161.60405731201175 35.45000076293946 33.500000000000007 442.19464111328131 185.18360137939456
decision_type=2 2 2 2 2 2 2 2 2 2 2 2 2 2 2 2 2 2 2 2 2 2 2 2 2 2 2 2 2 2
left_child=1 9 7 5 12 -2 -7 -3 15 -1 11 20 -5 14 -14 -4 -10 -18 19 -19 21 26 23 -22 25 -24 -11 -28 29 -25
right_child=3 2 8 4 -6 6 -8 -9 16 10 -12 -13 13 -15 -16 -17 17 18 -20 -21 22 -23 24 28 -26 -27 27 -29 -30 -31
leaf_value=0.15353820961318668 0.10401129291254115 -0.10049455881273257 0.11175763534956283 0.10436592807916943 0.10234498021039573 -0.075832026238543737 0.10699583019981507 0.10563447783514948 -0.10306394514325586 -0.10603488556365753 0.11524030443216929 -0.1656327185193105 -0.10916582293357745 0.10862528342212832 0.048276723541974612 -0.10601126180455003 0.056164215733334182 0.10603125416886594 -0.096609933390745237 -0.030149233923524244 0.044080476357145806 -0.095872298274919304 -0.12094450464770866 -0.11087921782272854 0.11195194836398799 0.053136681533437195 -0.14501017327674226 0.067966185502763427 -0.098811135284583906 0.086651738374539877
leaf_weight=1.8419858515262593 6.9169936701655415 123.35120367817581 4.342823762446641 4.3131868168711689 131.30014376528561 9.1756135914474708 2.1347155179828396 1.2453442886471737 7.5290711130946866 3.6250424012541833 3.0882841553539029 1.8452894687652577 6.3021033257246017 3.0165249891579142 3.9320054277777654 1.2040696516633032 7.6017839759588233 5.0339725762605694 13.296275813132523 19.452621357515454 9.9986355286091548 14.35802913084626 5.3265703208744588 4.2171321064233833 10.199219707399605 16.136605307459831 1.7203594930469979 12.013181012123821 12.611443271860479 5.0515450201928616
leaf_count=15 207 6366 132 98 5065 116 46 22 315 103 42 12 37 47 45 30 95 95 418 432 118 473 66 47 90 189 13 154 270 51
internal_value=7.82791e-05 -0.0488765 -0.0742565 0.0836048 0.0921484 0.0138279 -0.041325 -0.0984343 -0.0227265 -0.00334256 -0.00622677 -0.0100899 0.0159231 -0.0128657 -0.0486755 0.0644863 -0.0318689 -0.020058 -0.0353937 -0.00215315 -0.00707683 -0.0376427 0.00818014 -0.0262016 0.0427968 0.00993452 0.0105216 0.0412873 -0.0583186 -0.00322237
internal_weight=452.182 285.09 183.057 167.091 148.864 18.2273 11.3103 124.597 58.4606 102.033 100.191 97.1031 17.5638 13.2506 10.2341 5.54689 52.9137 45.3847 37.7829 24.4866 95.2578 31.7166 63.5412 31.8788 31.6624 21.4632 17.3586 13.7335 21.8801 9.26868
internal_count=15209 9548 7905 5661 5292 369 162 6388 1517 1643 1628 1586 227 129 82 162 1355 1040 945 527 1574 743 831 486 345 255 270 167 368 98
is_linear=0
shrinkage=0.1


Tree=32
num_leaves=31
num_cat=0
split_feature=15 20 17 17 1 0 13 12 21 18 21 19 13 17 21 21 15 22 22 2 18 16 8 13 6 7 2 12 19 15
split_gain=164.626 34.402 21.6182 6.9925 8.42335 6.66898 6.15257 5.59401 4.70354 4.31059 4.14724 4.04043 3.94465 4.20354 4.63711 10.9801 7.54406 6.18464 9.31316 7.77568 5.97776 6.39435 5.84937 4.79813 5.20159 4.72171 4.82106 6.27192 3.80437 5.87394
threshold=354.61666870117193 30.632482528686527 374.90489196777349 221.21818542480472 307.50000000000006 143.50000000000003 552.10000610351574 -338.49999999999994 47.549999237060554 -625.62506103515614 39.549999237060554 1.3651232719421389 51.500000000000007 55.152170181274421 37.750000000000007 33.750000000000007 228.83332824707034 38.750000000000007 37.549999237060554 424.50000000000006 -490.23353576660151 -7.1896553039550772 1.5000000000000002 285.15000915527349 891.50000000000011 70.500000000000014 279.50000000000006 -58.499999999999993 1.0722270011901858 145.73332977294925
decision_type=2 2 2 2 2 2 2 2 2 2 2 2 2 2 2 2 2 2 2 2 2 2 2 2 2 2 2 2 2 2
left_child=1 11 8 5 7 6 -2 -5 -3 -4 28 12 -1 -14 15 16 -15 18 20 -19 21 -16 -17 -22 -25 26 27 -18 29 -11
right_child=3 2 9 4 -6 -7 -8 -9 -10 10 -12 -13 13 14 17 22 25 19 -20 -21 23 -23 -24 24 -26 -27 -28 -29 -30 -31
leaf_value=0.15339661911531549 -0.047458626578178065 -0.099726137582886384 0.065035641602586888 0.10332299077284068 0.10213839032905699 -0.09437339792516368 0.11167582289742872 -0.035813950570671771 0.1050714535369822 -0.10544670469274094 -0.10416798460241433 0.1046453439886381 -0.10977280454994186 -0.092769947565351882 -0.099543936987352352 0.11328789640743858 0.11962018428347959 -0.11256864729843175 0.11640325824149381 0.082288660369083791 -0.089915990359918388 0.053784527988331589 -0.034421771406976449 0.1040295954151691 -0.093203525040359947 -0.13480635357647128 0.11195862499703012 -0.11987181638156952 0.01165759679578633 -0.0035069351350821443
leaf_weight=1.574989441782235 3.5906422026455385 114.14164722897112 5.1856716889888039 4.5785017758607864 117.31628880091012 3.7272410169243804 7.5134494472295046 7.8335514124482852 1.1325639653950919 9.933088134974243 6.6690858509391537 3.5720257312059394 3.7627465296536675 8.9890501219779271 3.398708242923024 13.74860977381468 1.8133868612349031 11.501797700300811 5.8106946796178809 2.4914878979325286 13.693639362230906 13.617829829454413 3.3303904589265576 3.1684313230216494 2.3134614303708076 1.5463304817676533 5.9169649071991444 2.7545073293149454 20.657300202175975 13.116725990548728
leaf_count=12 38 6443 164 136 4984 47 218 73 22 385 255 84 80 241 25 156 24 253 56 30 386 194 27 30 22 12 89 26 489 208
internal_value=8.01297e-05 -0.045495 -0.0730171 0.0864136 0.09385 0.0213677 0.0602178 0.0155103 -0.097714 -0.0217784 -0.0307149 0.000151038 -0.00360281 -0.00612966 -0.0019851 0.0249278 -0.0234623 -0.0202964 -0.00111416 -0.0778745 -0.0199818 0.0231603 0.0844846 -0.0582664 0.0207935 0.0283206 0.0523789 -0.024797 -0.019507 -0.0474369
internal_weight=418.401 273.841 170.836 144.56 129.728 14.8313 11.1041 12.4121 115.274 55.5619 50.3762 103.005 99.433 97.858 94.0953 38.0992 21.0202 55.9961 42.0028 13.9933 36.1921 17.0165 17.079 19.1755 5.48189 12.0312 10.4849 4.56789 43.7071 23.0498
internal_count=15209 9713 7966 5496 5193 303 256 209 6465 1501 1337 1747 1663 1651 1571 575 392 996 713 283 657 219 183 438 52 151 139 50 1082 593
is_linear=0
shrinkage=0.1


Tree=33
num_leaves=31
num_cat=0
split_feature=15 20 17 17 1 0 13 12 21 20 17 22 21 1 21 3 22 22 21 9 15 22 22 20 0 15 22 22 15 15
split_gain=146.202 30.5677 21.1305 6.58604 8.25982 5.72761 5.55408 4.95912 4.25235 4.05102 6.72775 4.98712 4.88329 4.25545 5.10177 5.43277 4.1233 3.92232 3.87641 3.70752 3.98265 6.36931 5.96751 6.87824 4.82535 7.62037 5.81227 4.4994 5.10762 4.20682
threshold=354.61666870117193 30.632482528686527 368.92715454101568 221.21818542480472 307.50000000000006 143.50000000000003 552.10000610351574 -338.49999999999994 47.549999237060554 40.602725982666023 549.20916748046886 42.45000076293946 39.549999237060554 31.500000000000004 37.549999237060554 2402.0000000000005 39.850000381469734 38.45000076293946 37.750000000000007 51.500000000000007 272.46667480468756 34.95000076293946 38.750000000000007 23.805509567260746 87.500000000000014 27.183333396911625 44.45000076293946 47.049999237060554 208.90000152587893 128.50000000000003
decision_type=2 2 2 2 2 2 2 2 2 2 2 2 2 2 2 2 2 2 2 2 2 2 2 2 2 2 2 2 2 2
left_child=1 19 8 5 7 6 -2 -5 -3 18 11 13 -12 -11 -15 16 17 -16 -4 20 21 -1 23 -23 25 -24 -26 -28 -29 -25
right_child=3 2 9 4 -6 -7 -8 -9 -10 10 12 -13 -14 14 15 -17 -18 -19 -20 -21 -22 22 24 29 26 -27 27 28 -30 -31
leaf_value=-0.085829576628209503 -0.042736605768187858 -0.099687187467068936 0.10820484088636413 0.10299823302552763 0.10193134224669703 -0.088458621950389282 0.11084890417380636 -0.031971043006230958 0.10456709974403622 -0.10631560731776074 0.080752204777265774 -0.1067676619678859 -0.058003356805561505 0.10139283456419888 -0.10282305164260271 -0.11276169273775048 -0.063379864328575855 0.1102058170217331 -0.09427091115282514 0.11442284229471239 0.027056192867046521 0.10316461793860064 0.14554786469147316 0.12560174929692386 -0.10210082153978389 -0.084784468064884613 0.13715777465481266 -0.12101484673628699 0.033259618980509081 -0.10947185011384829
leaf_weight=11.169202176854013 3.5887591484934074 102.74945280421525 1.0443709045648564 4.1551965437829494 106.35681312903762 3.5864029303193083 6.8465992417186499 7.8942346908152086 1.0294768251478661 3.8860924644395771 11.042016737163065 7.2331263022497287 3.2927003782242528 4.5007544644176987 1.0499138794839362 4.4143543131649485 3.5752963107079268 4.8889786899089813 9.9925923068076354 2.7585775256156913 29.767699349671602 9.2168300841003639 1.5865144282579446 1.006789743900298 4.0035243388265398 15.177401866763828 3.272420663386586 2.5588336177170268 13.301553469151257 3.1219132877886295
leaf_count=304 38 6415 13 136 4984 47 218 73 22 169 249 278 119 44 47 126 97 65 322 43 444 145 15 6 96 427 28 30 123 86
internal_value=8.7062e-05 -0.0440901 -0.0711162 0.0853672 0.0930414 0.0205622 0.0580303 0.0145726 -0.097661 -0.0209564 -0.00733596 -0.0346077 0.0488799 -0.0112183 0.00883435 -0.0210742 0.0214665 0.0725453 -0.0751117 0.000153382 -0.00319353 -0.0171726 -0.0027707 0.0551153 -0.022132 -0.0629861 0.00746975 0.0303973 0.00836977 -0.0521488
internal_weight=388.068 255.64 158.699 132.428 118.406 14.0218 10.4354 12.0494 103.779 54.9202 43.8832 29.5485 14.3347 22.3154 18.4293 13.9285 9.51419 5.93889 11.037 96.9413 94.1827 64.415 53.2458 13.3455 39.9002 16.7639 23.1363 19.1328 15.8604 4.1287
internal_count=15209 9713 7966 5496 5193 303 256 209 6437 1529 1194 826 368 548 379 335 209 112 335 1747 1704 1260 956 237 719 442 277 181 153 92
is_linear=0
shrinkage=0.1


Tree=34
num_leaves=31
num_cat=0
split_feature=15 20 17 17 1 0 12 21 11 18 21 21 21 17 22 21 19 19 18 22 17 17 18 12 13 6 17 21 18 5
split_gain=129.768 28.0645 19.6692 6.21191 8.10626 5.26902 4.4065 3.83081 3.71173 3.62712 4.67805 4.28408 7.23036 6.49355 5.21557 3.63634 3.60336 3.36325 3.99486 4.06081 3.31331 3.24674 4.51942 7.79018 3.41302 3.6536 3.28447 3.71592 4.54501 5.25827
threshold=354.61666870117193 30.632482528686527 368.92715454101568 221.21818542480472 307.50000000000006 96.500000000000014 -338.49999999999994 47.549999237060554 186.50000000000003 -648.31991577148426 39.549999237060554 39.049999237060554 38.250000000000007 463.84844970703131 40.850000381469734 37.250000000000007 1.3651232719421389 1.0722270011901858 -389.12985229492182 42.149999618530281 204.2571716308594 836.92660522460949 -587.82397460937489 -187.49999999999997 51.500000000000007 334.50000000000006 55.152170181274421 37.750000000000007 -503.63768005371088 7375.5000000000009
decision_type=2 2 2 2 2 2 2 2 2 2 2 2 2 2 2 2 2 2 2 2 2 2 2 2 2 2 2 2 2 2
left_child=1 16 7 5 6 -2 -5 -3 20 -4 11 12 13 -11 -13 -15 21 18 -17 -20 -7 22 -1 -24 -25 -26 -27 -28 -29 -30
right_child=3 2 9 4 -6 8 -8 -9 -10 10 -12 14 -14 15 -16 17 -18 -19 19 -21 -22 -23 23 24 25 26 27 28 29 -31
leaf_value=-0.13335931904665549 0.10329413177531233 -0.099272275592322545 0.10203902298559067 0.10270596966083045 0.10174466291420388 -0.12115984249530504 -0.028564743828111819 0.10411485148153642 0.10559337204323155 -0.10293144448950631 -0.10379727678003542 0.079732073390685623 -0.10695756757395465 -0.10578696700632673 -0.10687171705418988 -0.066437419699104952 0.10410335784765279 0.10517356407309869 0.10777131091373147 -0.059120425086139697 0.019869896610533001 0.10584251657282627 0.099253253304408387 0.14501603635320237 -0.051641437418153469 -0.10896315715649318 0.028340131535982329 0.055987486480734011 -0.063765118980640981 0.10889744369596817
leaf_weight=2.7369177043437949 4.8136805947870007 93.340681451372802 2.3137625921517602 3.7699312157928944 96.403204137459397 3.8777720555663091 7.948989646509288 0.9353490024805059 1.6755824312567709 5.0037806835025576 6.6890604421496382 7.9002342540770751 9.0855538705363852 1.8932836297899509 1.8482377454638479 4.3002760671079168 3.2179679404944173 5.4140251874923697 4.748099848628045 2.1040049474686384 2.9204999655485153 2.6319093331694594 6.8730994723737231 1.3633504882454861 19.75633667036891 2.7178977746516457 28.677670683711767 5.5184237249195531 17.802308170124899 1.9577561710029829
leaf_count=19 195 6415 119 136 4984 48 73 22 44 238 285 126 369 52 56 70 84 101 69 44 16 51 67 12 628 64 382 89 322 29
internal_value=8.91757e-05 -0.0427035 -0.0701396 0.0842684 0.092198 0.0197445 0.0136645 -0.0972544 -0.027717 -0.0203099 -0.0260887 -0.0137996 -0.0312165 -0.00188799 0.0443534 0.0255014 0.00012637 0.0405056 0.00911196 0.0565256 -0.0605742 -0.00358987 -0.00688511 -0.00279674 -0.0118129 -0.0146104 -0.0017015 0.00370152 -0.0242502 -0.0466583
internal_weight=360.24 238.83 145.576 121.41 108.122 13.2875 11.7189 94.276 8.47385 51.3003 48.9866 42.2975 32.549 23.4635 9.74847 18.4597 93.2536 16.5664 11.1524 6.8521 6.79827 90.0357 87.4038 84.6668 77.7937 76.4304 56.6741 53.9562 25.2785 19.7601
internal_count=15209 9713 7966 5496 5193 303 209 6437 108 1529 1410 1125 943 574 182 336 1747 284 183 113 64 1663 1612 1593 1526 1514 886 822 440 351
is_linear=0
shrinkage=0.1


Tree=35
num_leaves=31
num_cat=0
split_feature=15 20 17 17 1 0 12 21 9 18 11 20 18 21 1 21 21 22 16 1 12 17 18 12 9 15 9 6 19 18
split_gain=115.162 26.0319 18.1127 5.71697 7.96069 4.74128 3.92361 3.47645 9.83739 4.67875 3.25987 3.25049 3.2499 4.26016 3.76324 5.63385 6.54828 5.18711 4.30346 3.14992 2.99088 2.90178 3.88945 6.72361 3.07802 3.17022 2.9481 3.37733 3.79509 4.43264
threshold=354.61666870117193 30.632482528686527 368.92715454101568 221.21818542480472 307.50000000000006 96.500000000000014 -338.49999999999994 38.649999618530281 1.0000000180025095e-35 51.51048660278321 186.50000000000003 3.7438055276870732 -648.31991577148426 39.549999237060554 31.500000000000004 39.049999237060554 38.149999618530281 42.149999618530281 -3.7068965435028072 598.50000000000011 -297.49999999999994 836.92660522460949 -587.82397460937489 -187.49999999999997 51.500000000000007 27.183333396911625 37.500000000000007 334.50000000000006 1.2629984021186831 -244.37347412109372
decision_type=2 2 2 2 2 2 2 2 2 2 2 2 2 2 2 2 2 2 2 2 2 2 2 2 2 2 2 2 2 2
left_child=1 11 7 5 6 -2 -5 -3 -9 -10 19 -1 -4 14 -14 16 17 -16 -19 -7 -8 22 -13 -24 25 -25 27 -27 29 -29
right_child=3 2 12 4 -6 10 20 8 9 -11 -12 21 13 -15 15 -17 -18 18 -20 -21 -22 -23 23 24 -26 26 -28 28 -30 -31
leaf_value=0.10398380177623423 0.10298377839647371 -0.10155448111077343 0.10184419229767601 0.10244280585524744 0.10157627965184624 0.0062550296217385578 -0.12627450673870266 -0.095708543696668286 0.45277058538097459 0.038796233888966761 0.10505120412908034 -0.12688499611696022 -0.10558097545773931 -0.10343284309168982 0.052232093068606156 0.072187610579452652 -0.1022185834838064 0.075239626046085722 -0.089057138772622016 -0.13378857577856426 0.011580284368888673 0.1052687735133707 0.095376703172606575 0.13962860005590838 0.11683069570488198 -0.047644025786186629 -0.10259429615870626 -0.018698915860542512 -0.098906469772775354 0.043484664240562389
leaf_weight=2.9173265714198342 4.3680564798414689 81.207913240417838 2.0973801743239155 3.4194914009422064 87.366468081250787 3.5266820341348648 2.1537772919982672 3.3480619443580499 0.55704017821699359 0.53543791454285383 1.5235554240643976 2.5962791293859473 3.9840212026610962 6.0727512789890161 10.959889579564338 7.7645445577800265 7.7454701084643593 2.0819256529211989 6.8061787169426671 2.9492162279784679 5.8446665145456773 2.3937673550099126 6.4589281901717177 1.3183151371777047 1.8411319442093361 19.297676863148808 3.799991635605692 25.546477753669016 3.4916567448526612 20.794246960431344
leaf_count=80 195 6192 119 136 4984 27 15 202 21 22 44 19 215 285 202 119 305 32 252 37 58 51 67 14 24 628 32 493 39 300
internal_value=9.8263e-05 -0.0412531 -0.0693741 0.0832892 0.0913138 0.0191937 0.0127885 -0.0968433 -0.0106865 0.249876 -0.0265594 0.000144123 -0.0198563 -0.0254768 -0.0134437 -0.00306195 -0.0242365 0.00619521 -0.0505727 -0.0575228 -0.0255405 -0.00331646 -0.00636924 -0.00257883 -0.0108939 -0.0140611 -0.0168392 -0.0121254 0.0016293 0.00920442
internal_weight=334.768 223.616 133.161 111.152 98.7844 12.3675 11.4179 85.6485 4.44054 1.09248 7.99945 90.4558 47.5122 45.4148 39.342 35.358 27.5935 19.848 8.8881 6.4759 7.99844 87.5385 85.1447 82.5484 76.0895 74.2484 72.93 69.1301 49.8324 46.3407
internal_count=15209 9713 7966 5496 5193 303 209 6437 245 43 108 1747 1529 1410 1125 910 791 486 284 64 73 1667 1616 1597 1530 1506 1492 1460 832 793
is_linear=0
shrinkage=0.1


Tree=36
num_leaves=31
num_cat=0
split_feature=15 20 17 15 0 0 17 18 17 17 0 21 9 18 20 17 22 21 22 22 21 19 21 0 17 22 3 21 4 15
split_gain=101.937 24.0512 17.0487 5.70048 4.82222 3.71275 3.68106 3.92365 4.94456 3.39243 5.24648 3.24963 8.37496 4.01416 2.97724 5.25198 3.75177 3.77595 4.90649 5.19184 3.46018 2.94928 2.90757 2.70351 2.59472 3.65254 6.53185 6.49852 3.35674 4.36302
threshold=354.61666870117193 30.632482528686527 368.92715454101568 479.98333740234381 134.50000000000003 100.50000000000001 842.80474853515636 -439.09391784667963 249.09925842285159 221.21818542480472 143.50000000000003 38.649999618530281 1.0000000180025095e-35 51.51048660278321 40.602725982666023 549.20916748046886 42.45000076293946 37.649999618530281 39.850000381469734 38.649999618530281 39.549999237060554 1.3651232719421389 37.750000000000007 22.500000000000004 836.92660522460949 34.350000381469734 9872.5000000000018 46.149999618530281 10887.500000000002 255.05000305175784
decision_type=2 2 2 2 2 2 2 2 2 2 2 2 2 2 2 2 2 2 2 2 2 2 2 2 2 2 2 2 2 2
left_child=1 21 11 4 5 -2 7 -7 -9 10 -5 -3 -13 -14 22 16 17 23 19 -19 -17 24 -4 -16 25 26 -1 -28 29 -27
right_child=3 2 14 9 -6 6 -8 8 -10 -11 -12 12 13 -15 15 20 -18 18 -20 -21 -22 -23 -24 -25 -26 28 27 -29 -30 -31
leaf_value=-0.1135744469943431 0.10362291524600986 -0.1014043853980772 0.10635214003243088 0.09514890567853572 0.098456935372959797 -0.11358014901978053 0.10492090499550547 -0.10949838673758397 0.10307465538224668 0.1013934510539178 -0.078431293356483966 -0.094051211344777744 0.42337797285784379 0.035385823083953015 -0.10370513000509583 0.076203452195741775 -0.10569334622648485 -0.091847478392092119 -0.10320798853172129 0.08898366869581259 -0.053354322579751146 0.10337376778015668 -0.089972045814774707 0.089381954001189978 0.10475303241969883 -0.0023388288051715569 -0.074579679248156769 0.099290299809972948 -0.043951613932856196 0.06074127457188943
leaf_weight=7.9105052007362273 2.8448832537978914 73.583183069713414 0.8334987908601742 4.6768884891644111 8.1592852100729925 4.7444916646927577 1.8371383808553208 1.8458426017314193 2.6872987858951092 72.220623468980193 2.7741233818233013 3.0801938017830244 0.53798527270555474 0.52871290035545826 0.8629080317914547 9.3532512951642257 5.5229392098262897 2.5872341236099583 6.4230792233720422 4.1098263040184975 2.6442313864827147 2.6854494325816622 7.9456671243533492 4.5418979711830616 2.1760902851819983 40.307797367684543 4.3001885060220939 4.2983568478375673 11.786495570093392 15.062190731987355
leaf_count=242 110 6192 13 178 382 30 45 20 129 4565 37 202 21 22 46 249 278 133 236 65 119 84 322 68 51 816 69 51 166 268
internal_value=9.98799e-05 -0.039538 -0.0682271 0.0822965 0.0373835 0.00168664 -0.0244045 -0.0500132 0.0165174 0.0947655 0.0305224 -0.0965504 -0.0104213 0.231068 -0.0191117 -0.00639278 -0.0333542 -0.0117874 -0.0407646 0.0191243 0.0476491 0.000178391 -0.0713329 0.0585545 -0.00304995 -0.00585384 -0.0479951 0.0123368 0.00450572 0.0148207
internal_weight=312.872 211.082 122.555 101.791 22.1189 13.9597 11.1148 9.27763 4.53314 79.6716 7.45101 77.7301 4.14689 1.0667 44.8245 36.0454 24.0479 18.5249 13.1201 6.69706 11.9975 88.5271 8.77917 5.40481 85.8416 83.6655 16.5091 8.59855 67.1565 55.37
internal_count=15209 9713 7966 5496 716 334 224 179 149 4780 215 6437 245 43 1529 1194 826 548 434 198 368 1747 335 114 1663 1612 362 120 1250 1084
is_linear=0
shrinkage=0.1


Tree=37
num_leaves=31
num_cat=0
split_feature=15 20 17 15 0 0 17 21 21 17 18 17 17 0 9 18 22 22 21 22 21 15 22 3 21 9 22 13 21 20
split_gain=90.4058 22.189 15.911 5.36578 4.42723 3.26515 3.23714 3.09489 6.72725 13.8525 3.0404 4.82743 2.9826 4.86968 2.93541 2.83088 2.80959 3.26532 6.18311 4.79921 3.57188 5.74983 3.74884 3.46401 2.72325 2.6985 2.76142 7.032 5.05864 3.78275
threshold=354.61666870117193 30.632482528686527 368.92715454101568 493.41665649414068 134.50000000000003 99.500000000000014 842.80474853515636 38.649999618530281 38.750000000000007 315.01817321777349 -439.09391784667963 198.98685455322268 221.21818542480472 143.50000000000003 51.500000000000007 -625.62506103515614 38.45000076293946 38.95000076293946 38.149999618530281 41.649999618530281 37.649999618530281 145.73332977294925 41.95000076293946 2719.5000000000005 40.250000000000007 43.500000000000007 34.350000381469734 285.15000915527349 101.95000076293947 21.119676589965824
decision_type=2 2 2 2 2 2 2 2 2 2 2 2 2 2 2 2 2 2 2 2 2 2 2 2 2 2 2 2 2 2
left_child=1 14 7 4 5 -2 10 -3 9 -9 -7 -12 13 -5 25 24 -17 23 19 -19 21 22 -21 -18 -4 26 27 28 -1 -28
right_child=3 2 15 12 -6 6 -8 8 -10 -11 11 -13 -14 -15 -16 16 17 18 -20 20 -22 -23 -24 -25 -26 -27 29 -29 -30 -31
leaf_value=-0.10190251277996698 0.10302064935941585 -0.10126898154175873 0.1078519440444147 0.10049432052319801 0.097119125222375535 -0.10032424897608301 0.10432859667358992 0.89800034091537428 -0.063912486267837243 -0.10152213985615435 -0.10658342972489709 0.102761963795721 0.10125781870095724 -0.072629907867537105 0.11321625454135112 -0.10180036166519212 0.090700440745440189 0.10408581122655902 -0.095153139905437167 0.067711558450198536 -0.11234212218359584 0.09036385548931028 -0.10296418765608638 -0.10618982318458088 -0.087844543244131823 -0.12763493991481351 0.027855126429131679 0.079330556519776108 0.070902182623119758 -0.021228711560413782
leaf_weight=10.434604413807394 2.6406421847641495 66.665312436409295 3.0335189960896964 4.079396557994186 7.936448515392839 4.7362473644316179 1.739784026518463 0.23419425264000837 3.3945642607286572 0.33990016020834446 1.9066005852073429 2.6085818642750382 64.719705760478973 2.7001684829592705 2.2375109884887925 4.4192447494715443 4.5652761757373801 3.7588306050747695 9.7797452136874181 1.7751688584685306 3.4026316981762639 4.5925356559455395 4.6790222739800811 1.1110408902168272 0.92880532797425974 1.6976197808980931 40.528309429064393 3.9464299567043772 2.0223604403436175 25.630764101631939
leaf_count=306 120 6192 133 170 411 32 49 14 202 29 21 138 4518 37 43 315 71 100 423 30 83 60 259 24 31 13 735 59 34 557
internal_value=9.3049e-05 -0.0379262 -0.0671696 0.0814595 0.0377416 0.00317201 -0.0208167 -0.0961617 -0.0103702 0.30622 -0.0443509 0.0143629 0.0946474 0.0315423 0.000168906 -0.0184649 -0.0268346 -0.0169935 -0.0310192 0.00342752 -0.0227575 0.00483645 -0.0560213 0.0521626 0.0619789 -0.00283305 -0.000266914 -0.0369954 -0.0738481 0.0088395
internal_weight=292.245 199.177 112.68 93.0676 21.5683 13.6319 10.9912 70.634 3.96866 0.574094 9.25143 4.51518 71.4993 6.77957 86.4976 42.0458 38.0835 33.6643 27.9879 18.2082 14.4494 11.0467 6.45419 5.67632 3.96232 84.2601 82.5625 16.4034 12.457 66.1591
internal_count=15209 9713 7966 5496 771 360 240 6437 245 43 191 159 4725 207 1747 1529 1365 1050 955 532 432 349 289 95 164 1704 1691 399 340 1292
is_linear=0
shrinkage=0.1


Tree=38
num_leaves=31
num_cat=0
split_feature=15 19 17 15 21 16 21 22 6 1 22 18 12 21 10 18 17 17 0 21 5 17 2 19 20 12 19 6 22 18
split_gain=80.3383 18.6989 8.31433 7.08883 4.23815 7.83762 8.60856 3.92446 4.93127 3.67571 4.26336 4.93731 4.73449 5.79969 5.0688 3.35324 4.49003 3.21686 3.92814 2.95208 2.92117 5.53551 3.02729 3.00026 3.97289 3.18155 2.72455 2.70579 2.70432 2.30421
threshold=338.21667480468756 1.0626401305198672 514.16119384765636 479.98333740234381 38.649999618530281 0.05172413773834706 38.750000000000007 37.750000000000007 236.50000000000003 31.500000000000004 38.95000076293946 -510.34986877441401 -86.499999999999986 37.549999237060554 -3.4999999999999996 -389.12985229492182 761.87152099609386 221.21818542480472 143.50000000000003 33.049999237060554 3515.5000000000005 198.98685455322268 917.50000000000011 1.1318005323410036 21.757605552673343 -99.499999999999986 1.0467960238456728 575.50000000000011 39.95000076293946 -482.29756164550776
decision_type=2 2 2 2 2 2 2 2 2 2 2 2 2 2 2 2 2 2 2 2 2 2 2 2 2 2 2 2 2 2
left_child=1 2 4 20 -1 -6 -7 8 -3 -9 11 -11 13 -12 27 16 -4 18 -5 -16 23 22 -22 24 -2 -26 -17 -14 -18 -10
right_child=3 7 15 17 5 6 -8 9 29 10 12 -13 14 -15 19 26 28 -19 -20 -21 21 -23 -24 -25 25 -27 -28 -29 -30 -31
leaf_value=-0.099310085359557099 -0.086559884919096372 -0.10273825064369971 -0.09881499619495808 0.089882455496539115 -0.10085241161389738 0.42973704461321288 -0.0059276598423943011 -0.10746576122185302 0.018596141229801518 -0.088024319994337019 0.10930320605597899 0.088161346667689378 -0.10364759357365233 -0.082179663376502579 -0.097069020051944677 0.10343856816866258 0.082160579683708712 0.10113830529420093 -0.067064466685677102 0.0077298105937699804 -0.089660211347299221 0.099408666815564317 0.10380396693384486 0.10570126479882225 0.11052347322880821 -0.087443793602999795 -0.10330018841794704 0.019882360235152666 -0.10380955356037219 -0.045941917715559694
leaf_weight=57.600822128355503 5.3410324938595313 9.0755523024126905 5.5083622997626644 4.0384642072021952 3.2161486735567442 0.71383345127105702 1.2438754541799424 2.9614487839862695 10.553349597379567 1.8867682218551625 6.5846454706042987 10.131324259564279 8.4591997461393458 2.0818931851536036 2.9040275318548074 3.5669035762548438 3.2640903266146779 59.277737403288484 2.6353624425828457 36.119349967688322 2.9974316423758856 10.548455025069414 1.1077308198437092 1.9439306259155262 2.5597990397363892 1.1888259630650293 0.77617156319320191 2.2434193324297658 1.0282640904188154 11.627000057138501
leaf_count=5615 48 728 221 178 240 4 66 197 171 47 101 190 240 65 186 68 116 4565 37 869 64 607 43 45 46 28 31 37 37 319
internal_value=4.15636e-05 -0.0384866 -0.0759168 0.0763701 -0.0915228 -0.00482598 0.152927 -0.0109693 -0.0406426 0.00167124 0.00626151 0.0605013 -0.00490188 0.0633048 -0.0167893 -0.00665282 -0.0390658 0.0937278 0.0279072 -6.90707e-05 0.0318043 0.0610664 -0.0374561 -0.00705852 -0.0311735 0.0477408 0.0664913 -0.077754 0.0376101 -0.0152349
internal_weight=273.185 181.546 76.9185 91.6388 62.7747 5.17386 1.95771 104.628 31.2559 73.3721 70.4106 12.0181 58.3925 8.66654 49.726 14.1438 9.80072 65.9516 6.67383 39.0234 25.6872 14.6536 4.10516 11.0336 9.08966 3.74863 4.34308 10.7026 4.29235 22.1803
internal_count=15209 9548 6398 5661 5925 310 70 3150 1218 1932 1735 237 1498 166 1332 473 374 4780 215 1055 881 714 107 167 122 74 99 277 153 490
is_linear=0
shrinkage=0.1


Tree=39
num_leaves=31
num_cat=0
split_feature=15 20 17 21 21 0 17 18 16 1 9 22 21 3 22 22 0 17 12 22 13 18 1 7 20 20 0 4 18 20
split_gain=71.1178 20.4243 14.4599 6.63658 4.54757 4.0979 3.56946 4.24387 4.01878 3.0707 2.98475 3.62261 4.54667 7.84438 3.62312 5.12511 7.25431 6.56182 6.31477 6.65561 6.66127 7.03778 4.03787 3.69281 3.6577 2.94119 2.80265 2.16257 3.79151 2.99588
threshold=392.25000000000006 30.632482528686527 463.84844970703131 38.649999618530281 33.350000381469734 1.0000000180025095e-35 842.80474853515636 -587.82397460937489 -5.8793103694915763 31.500000000000004 51.500000000000007 35.149999618530281 45.850000381469734 9872.5000000000018 38.750000000000007 43.95000076293946 109.50000000000001 77.162860870361342 -67.499999999999986 47.049999237060554 245.05000305175784 307.70677185058599 402.50000000000006 105.50000000000001 23.805509567260746 36.669723510742195 49.500000000000007 5697.5000000000009 -416.97987365722651 46.189826965332038
decision_type=2 2 2 2 2 2 2 2 2 2 2 2 2 2 2 2 2 2 2 2 2 2 2 2 2 2 2 2 2 2
left_child=1 6 3 -3 -2 -5 7 -1 -9 -7 11 12 -10 -14 22 17 18 -16 -17 -20 -21 -22 24 -19 -13 -4 -26 28 -27 -29
right_child=4 2 25 5 -6 9 -8 8 10 -11 -12 14 13 -15 15 16 -18 23 19 20 21 -23 -24 -25 26 27 -28 29 -30 -31
leaf_value=-0.12123019058675764 -0.1071754785364309 -0.10111245357495929 -0.071215964661527645 0.2221917368593449 0.090130038049091088 -0.10614508434542591 0.1032706003107325 0.070064827311103459 -0.1015562079937241 0.021340142394873567 0.11219480663942041 0.11222875049936197 -0.10812524502164562 0.095466618623983174 0.11716101210607491 0.095713001398312847 0.089443291042583292 -0.11774910628753076 0.13019465156487911 -0.10660439154315196 0.078850480841459389 -0.098184082935964076 -0.1300368724995413 0.1067744019827877 0.12348040703539352 0.01400868603085079 -0.083670713226196902 -0.086879748278546956 -0.11468825186095394 0.097811818312745866
leaf_weight=2.8785412423312655 1.1886123660951842 59.226787297055125 5.2920772153884199 0.71312054805457403 67.873626157641411 3.0834975196048617 3.3557626754045478 7.916802247054874 8.3092282805591804 4.8787751318886876 2.1203791853040448 7.2225941959768516 3.3994071930646887 4.269302980042994 1.6421257127076376 4.2721816003322521 8.6529207117855531 8.8272243449464405 2.1584639791399374 11.152639015577735 5.5986916907131654 3.7493191817775369 1.0766935236752022 0.79883576557040292 0.95198498666286502 14.374039676971739 2.080429945141077 1.0757591240108002 2.7227778313681474 4.7842357624322176
leaf_count=22 15 6517 243 37 5206 219 142 101 193 186 47 120 173 69 38 95 201 240 15 311 76 42 9 19 6 525 80 46 99 117
internal_value=4.07801e-05 -0.0320479 -0.0641345 -0.0891474 0.0867343 -0.00746189 0.00206737 -0.00183275 0.00224912 -0.0280302 -0.00478898 -0.00813368 -0.0503093 0.00521785 0.00344818 -0.00882397 0.00978763 -0.0675982 -0.0158054 -0.0368313 -0.054417 0.0078451 0.054189 -0.0991166 0.0735312 -0.00401065 -0.0186385 0.0114817 -0.00648713 0.0639067
internal_weight=255.647 186.585 96.1511 67.9022 69.0622 8.67539 90.4335 87.0778 84.1992 7.96227 76.2824 74.162 15.9779 7.66871 58.1841 46.8524 35.5842 11.2682 26.9313 22.6591 20.5006 9.34801 11.3317 9.62606 10.255 28.2489 3.03241 22.9568 17.0968 5.85999
internal_count=15209 9988 7989 6959 5221 442 1999 1857 1835 405 1734 1687 435 242 1252 1037 740 297 539 444 429 118 215 259 206 1030 86 787 624 163
is_linear=0
shrinkage=0.1


Tree=40
num_leaves=31
num_cat=0
split_feature=15 19 17 17 18 6 18 22 6 18 1 21 16 21 2 10 21 22 0 21 19 17 21 0 15 21 18 7 18 22
split_gain=62.8004 18.6595 7.7522 4.64911 4.59963 4.31013 6.92024 3.94446 3.59058 3.37028 3.28531 3.2596 5.42546 6.57435 2.7167 2.69634 2.51747 7.55584 4.5982 3.3501 2.60169 4.88996 5.03701 3.42577 3.2822 3.30697 4.38896 3.00698 2.50614 2.9517
threshold=392.25000000000006 1.0526977181434634 509.18785095214849 221.21818542480472 -389.12985229492182 334.50000000000006 -412.77273559570307 36.45000076293946 3519.5000000000005 -599.36233520507801 598.50000000000011 38.649999618530281 0.05172413773834706 38.750000000000007 346.50000000000006 -20.499999999999996 42.95000076293946 33.45000076293946 107.50000000000001 42.049999237060554 1.1134177446365359 166.53562164306643 36.049999237060554 104.50000000000001 255.05000305175784 33.750000000000007 -250.27091217041013 2.5000000000000004 -353.20252990722651 36.049999237060554
decision_type=2 2 2 2 2 2 2 2 2 2 2 2 2 2 2 2 2 2 2 2 2 2 2 2 2 2 2 2 2 2
left_child=1 2 11 8 9 6 7 -3 10 -4 -2 -1 -13 -14 15 -5 17 -7 -18 20 27 22 23 -22 25 26 -23 28 29 -19
right_child=3 5 4 14 -6 16 -8 -9 -10 -11 -12 12 13 -15 -16 -17 18 19 -20 -21 21 24 -24 -25 -26 -27 -28 -29 -30 -31
leaf_value=-0.1006779367437337 0.052184533255912269 -0.10508983584678609 0.10146055567001074 0.10672463436033885 0.086082562042429464 -0.11788178001943216 -0.073694764987599512 0.014591349592534176 0.10167052552265812 -0.088607565385797712 -0.11259989843450685 -0.1018889232255723 0.3513469893633972 -0.054092165940264308 0.10094157551267924 -0.059889458215943485 -0.087800737009689309 -0.11097202160546599 0.10939792165411802 -0.098082784382201513 -0.118932019234299 -0.11255854316797963 0.062065519557511828 0.059626058288217258 0.10079252476482625 0.076508358288446057 0.11001102890138595 0.066458201002876957 -0.073728834556552894 0.03670155832519327
leaf_weight=45.21679062442854 2.1722830384969702 3.0813353294506696 1.1551740374416111 1.7586218379437926 4.0287081189453584 4.7785257687792173 20.825572913046926 25.90838547796011 2.8422556752339005 4.8490551766008139 2.7308943029493093 2.3943805601447812 0.75183700025081612 0.85451054945588112 52.128210294060409 2.1695414995774618 1.5126617867499579 1.6934016421437261 5.4165101433172822 2.5663382261991492 4.6641848115250486 2.9118631156161427 4.4772541495040059 1.3961017876863477 11.521661186590789 4.8464882923290133 1.2734736204147354 4.1164590306580058 7.0457567051053056 6.7438568761572242
leaf_count=5511 16 166 88 67 91 75 1674 668 209 181 39 205 4 50 4850 40 56 49 122 51 94 56 101 8 332 78 12 28 134 154
internal_value=-3.28856e-06 -0.0311169 -0.0766917 0.0848643 0.00342304 -0.00759069 -0.0297201 0.00187036 0.012244 -0.0520397 -0.0395945 -0.093023 -0.0065057 0.13567 0.0948984 0.014703 0.00937828 0.00257625 0.0663488 0.0133845 0.0190278 0.0370152 -0.0183718 -0.0777978 0.0654115 0.020277 -0.0448372 -0.00950603 -0.0297026 0.0070627
internal_weight=237.832 174.03 59.2505 63.8018 10.0329 114.78 49.8153 28.9897 7.74543 6.00423 4.90318 49.2175 4.00073 1.60635 56.0564 3.92816 64.9645 58.0354 6.92917 53.2568 50.6905 31.091 10.5375 6.06029 20.5535 9.03183 4.18534 19.5995 15.483 8.43726
internal_count=15209 9988 6130 5221 360 3858 2508 834 264 269 55 5770 259 54 4957 107 1350 1172 178 1097 1046 681 203 102 478 146 68 365 337 203
is_linear=0
shrinkage=0.1


Tree=41
num_leaves=31
num_cat=0
split_feature=15 19 17 17 18 21 16 21 17 22 6 19 0 21 20 6 1 22 15 19 17 21 22 17 21 3 16 21 17 19
split_gain=55.8204 17.2269 7.38897 4.36828 3.73783 3.48418 4.96482 4.87653 3.45089 3.70851 4.13085 3.57887 3.4908 5.86239 5.03954 3.20395 3.00962 3.19101 3.03106 4.16486 5.06662 2.93769 2.92818 2.90853 2.86196 4.08818 4.34407 3.96623 4.09658 3.66872
threshold=392.25000000000006 1.0583146214485171 509.18785095214849 221.21818542480472 -393.11169433593744 38.649999618530281 0.05172413773834706 38.750000000000007 842.80474853515636 37.750000000000007 236.50000000000003 1.0758714079856875 97.500000000000014 44.850000381469734 19.382786750793461 3519.5000000000005 31.500000000000004 38.850000381469734 259.53334045410162 1.0985382199287417 172.76485443115237 42.649999618530281 39.850000381469734 768.73489379882824 33.750000000000007 10673.500000000002 -2.8448275327682491 39.350000381469734 549.20916748046886 1.0741549134254458
decision_type=2 2 2 2 2 2 2 2 2 2 2 2 2 2 2 2 2 2 2 2 2 2 2 2 2 2 2 2 2 2
left_child=1 2 5 15 22 -1 -7 -8 9 10 -3 -12 14 -14 21 -2 -11 -18 24 -20 -21 -13 23 -4 25 26 -19 28 29 -26
right_child=3 8 4 -5 -6 6 7 -9 -10 16 11 12 13 -15 -16 -17 17 18 19 20 -22 -23 -24 -25 27 -27 -28 -29 -30 -31
leaf_value=-0.10053033369557494 -0.037075921685857237 -0.1022335597167353 -0.067858216758114667 0.094409273316598818 0.0728824031235034 -0.10167767240894748 0.31252252776354611 -0.019386279553309411 0.1029128549301708 -0.10600598957270951 0.079576676024267268 0.09457619861641206 -0.10276147535807985 0.056875136275424933 -0.10830786098045241 0.10151219531790111 0.060962822268076859 0.12273804027425146 -0.074595331561782094 -0.041660740760546912 0.10555900690357621 -0.10210078588578456 -0.10136147708889209 0.10248858600958966 -0.1141428036902481 0.11192964784196079 -0.10133036738053985 -0.09885292674085433 0.07182149881892369 0.0060432972562530851
leaf_weight=41.906352229882032 4.7346995770931235 7.4579064575955298 1.9961416255682687 50.988961231894791 4.122088690288364 2.3056463575921944 0.76022979617118824 1.0596989113837478 2.8429141230881205 2.4038074463605872 3.3039777940139201 5.1720256218686718 9.7750355899333936 3.0084307752549639 2.2944042757153511 2.5755864670500159 9.7028898270800692 0.95861034840345283 2.6287178806960574 3.234545335173606 8.4309279825538379 0.89015902578830708 4.264160449616611 2.0132048772647977 2.9463365483097794 1.2581618670374144 8.8829527036286873 3.5655025718733659 8.4207545947283489 18.409056508913636
leaf_count=5609 55 766 116 4957 106 219 4 60 136 205 59 112 179 48 82 209 221 11 84 53 294 65 132 110 115 9 347 135 183 528
internal_value=-2.45554e-06 -0.0298771 -0.0734442 0.0840447 -0.00491448 -0.0918981 -0.00421455 0.11926 -0.0057689 -0.00877611 -0.0370873 -0.0172112 -0.0323381 -0.065193 0.0179215 0.0117519 0.00397311 0.00783598 -0.000940374 0.039115 0.0647386 0.0656965 -0.043675 0.0176777 -0.0138238 -0.0578059 -0.0795051 0.00081817 0.0127531 -0.0105384
internal_weight=222.314 164.015 58.4275 58.2992 12.3956 46.0319 4.12558 1.81993 105.587 102.744 31.9019 24.444 21.1401 12.7835 8.35659 7.31029 70.8423 68.4385 58.7356 14.2942 11.6655 6.06218 8.27351 4.00935 44.4414 11.0997 9.84156 33.3417 29.7761 21.3554
internal_count=15209 9988 6356 5221 464 5892 283 64 3632 3496 1311 545 486 227 259 264 2185 1980 1759 431 347 177 358 226 1328 367 358 961 826 643
is_linear=0
shrinkage=0.1


Tree=42
num_leaves=31
num_cat=0
split_feature=13 19 17 17 6 4 3 21 18 17 22 0 20 19 0 12 0 21 22 17 19 5 16 12 13 9 22 21 9 18
split_gain=49.9264 14.1634 11.7855 7.2025 4.88093 4.23572 3.53052 4.89764 3.34009 3.31651 2.93006 5.4722 4.98475 3.89893 5.3652 3.29809 3.23525 3.26202 3.53455 4.11008 5.25642 4.76071 3.52181 4.07922 5.59245 3.03776 2.81964 2.72896 4.1652 2.68048
threshold=349.44999694824224 1.0583146214485171 221.21818542480472 514.16119384765636 3595.5000000000005 10593.500000000002 13250.500000000002 36.850000381469734 -389.12985229492182 842.80474853515636 37.750000000000007 134.50000000000003 16.290672302246097 1.0758714079856875 100.50000000000001 -187.49999999999997 148.50000000000003 39.95000076293946 38.95000076293946 585.34945678710949 1.0910385847091677 2856.5000000000005 -2.8448275327682491 -6.4999999999999991 123.14999771118165 32.500000000000007 46.750000000000007 38.649999618530281 1.0000000180025095e-35 -625.62506103515614
decision_type=2 2 2 2 2 2 2 2 2 2 2 2 2 2 2 2 2 2 2 2 2 2 2 2 2 2 2 2 2 2
left_child=1 3 4 27 5 -2 -7 -8 29 10 11 12 -3 14 -14 -12 17 18 -17 21 -21 22 26 -24 -25 -23 -20 -1 -29 -5
right_child=2 9 -4 8 -6 6 7 -9 -10 -11 15 -13 13 -15 -16 16 -18 -19 19 20 -22 25 23 24 -26 -27 -28 28 -30 -31
leaf_value=-0.099934128405053863 0.10847659817721692 0.039703691477595442 0.10054637738368938 0.10127627480787199 0.092374415738370963 -0.12818404602110453 0.11510033027491401 -0.090638618854079742 0.084449670183709469 0.10297266328443999 0.09830647481631126 0.10264627745045159 -0.10325899764606877 -0.091103699134211652 0.11896772247465255 0.061725229700660605 -0.12635743027083296 -0.11527150886997505 -0.054486084794366008 -0.084506433553139637 0.097997067615679417 0.065404354609234203 -0.10318871798985932 0.060285587320573535 -0.10709431640006445 -0.041601271469250793 0.12382939629775376 -0.10117618031719584 0.11110807992071939 -0.061539217479916392
leaf_weight=38.218948292545974 1.6953008687123645 5.0294280461967054 46.43339616060257 1.1946306014433501 4.0155741944909087 4.3963823635131103 2.0022677797824144 2.7410098067484796 3.2292188862338644 2.6031140862032762 3.3005823194980612 2.5607257755473247 2.0533823100850013 17.951949166599661 2.3070051167160273 9.162929412443189 2.0986866988241664 2.3456298084929577 1.620771683752529 2.0672203255817276 6.6705551613122225 7.9250930249690992 11.489094877149904 4.7027475647628467 3.4683674904517829 3.9880679054185748 1.9581449087709186 2.1729077370837326 1.608447265345603 6.5841303654015064
leaf_count=5577 23 109 5032 102 267 41 27 77 94 124 111 43 175 947 19 223 50 65 66 89 155 161 700 194 116 47 34 239 42 260
internal_value=-2.82054e-05 -0.0317669 0.0757461 -0.0730452 -0.00179717 -0.0366984 -0.0636266 -0.00379056 -0.00104361 -0.00831561 -0.0115096 -0.0371382 -0.0502299 -0.0705018 0.0143173 0.00109541 -0.0044849 0.00013204 0.00523437 -0.00655922 0.0548196 -0.0218161 -0.048165 -0.0647745 -0.0107616 0.029583 0.0430763 -0.0919163 -0.0108784 -0.0365347
internal_weight=207.596 146.312 61.2839 53.0083 14.8505 10.835 9.13966 4.74328 11.008 93.3035 90.7004 29.9025 27.3418 22.3123 4.36039 60.7979 57.4973 55.3986 53.053 43.8901 8.73778 35.1523 23.2391 19.6602 8.17112 11.9132 3.57892 42.0003 3.78136 7.77876
internal_count=15209 9742 5467 6314 435 168 145 104 456 3428 3304 1293 1250 1141 194 2011 1900 1850 1785 1562 244 1318 1110 1010 310 208 100 5858 281 362
is_linear=0
shrinkage=0.1


Tree=43
num_leaves=31
num_cat=0
split_feature=13 5 17 6 6 20 22 21 4 3 21 1 17 22 0 0 21 20 8 22 18 21 18 15 21 21 16 21 22 4
split_gain=44.496 12.9987 10.8136 4.47578 4.31588 3.95046 6.90712 4.10306 3.7294 3.11534 4.30124 2.72276 2.61021 2.77321 3.3018 3.01397 2.58774 3.58049 2.32515 2.66835 6.26619 5.41135 4.34269 4.40194 4.04226 6.34913 3.04139 2.26096 4.17047 2.2431
threshold=349.44999694824224 137.50000000000003 221.21818542480472 5.5000000000000009 3595.5000000000005 29.886748313903812 38.350000381469734 37.250000000000007 10593.500000000002 13250.500000000002 36.850000381469734 18.500000000000004 842.80474853515636 34.350000381469734 148.50000000000003 135.50000000000003 101.95000076293947 15.501419067382814 1.0000000180025095e-35 36.850000381469734 -510.34986877441401 40.149999618530281 -358.36102294921869 255.05000305175784 36.049999237060554 37.649999618530281 -2.8448275327682491 37.549999237060554 41.549999237060554 10038.500000000002
decision_type=2 2 2 2 2 2 2 2 2 2 2 2 2 2 2 2 2 2 2 2 2 2 2 2 2 2 2 2 2 2
left_child=1 3 4 -1 8 12 -7 -8 -2 -10 -11 -9 13 15 18 16 17 -3 19 21 -21 -15 -22 24 26 -26 -24 -13 -29 -28
right_child=2 5 -4 -5 -6 6 7 11 9 10 -12 27 -14 14 -16 -17 -18 -19 -20 20 22 -23 23 -25 25 -27 29 28 -30 -31
leaf_value=-0.10076071209318871 0.10640266506945227 0.027970030616013376 0.10038073661756786 0.31708027186944615 0.090713620190736644 -0.088347989257015036 -0.1015371330652626 0.25371954641530947 -0.12466912080854012 0.11368051442501992 -0.086408976602944942 0.057905022654890038 0.10259466626651825 -0.10221101088476153 -0.11558252531606115 0.10178538187633468 0.061423917485073115 -0.11295636103073928 0.09506517371469686 -0.11447749558313372 0.071932041211555706 0.10664825793983315 0.11412523045315244 0.080218042676905077 0.10728606482502674 -0.068937828059617179 -0.10289392830544378 0.011742570318808238 -0.089018151671960283 0.094235471535206103
leaf_weight=24.430358922109011 1.562362529337405 2.3593883281573635 42.080553198698908 0.2590766754001369 3.6966535425744942 17.328341062646359 4.2219992387108531 0.43104180693626659 4.0844105854630453 1.8331974521279333 2.5953656481578946 5.4508302477188435 2.3951808158308259 1.5821029087528575 2.0986175611615172 1.2557170502841462 1.4929815568029869 7.6428610463626683 3.1883481489494434 4.5389958750456492 8.5653022741898841 5.7453585164621472 0.78989582136273284 4.2436497434973708 4.116252087056635 4.0620662607252598 8.8868582658469855 15.948900731280448 5.5327275614254168 0.61732195131480772
leaf_count=3992 23 47 5032 5 267 2443 473 2 41 27 77 154 128 103 57 17 29 284 66 46 201 107 10 162 34 114 323 599 340 6
internal_value=-3.52891e-05 -0.0306697 0.0752086 -0.0963761 -0.00170546 -0.016249 -0.0376141 -0.00978068 -0.0356141 -0.0616781 -0.00358221 0.00437671 0.000187517 -0.00382132 0.00710211 -0.0453142 -0.0613831 -0.0797138 0.0126586 0.00656932 -0.00467814 0.0615526 0.011254 -0.0116252 -0.0327243 0.0197579 -0.0744198 0.00038609 -0.014209 -0.0900898
internal_weight=193.037 137.184 55.8525 24.6894 13.772 112.495 48.9138 31.5855 10.0753 8.51297 4.42856 27.3635 63.5809 61.1857 48.4348 12.7509 11.4952 10.0022 46.3362 43.1478 35.8203 7.32746 31.2813 22.716 18.4724 8.17832 10.2941 26.9325 21.4816 9.50418
internal_count=15209 9742 5467 3997 435 5745 4011 1568 168 145 104 1095 1734 1606 1229 377 360 331 1172 1106 896 210 850 649 487 148 339 1093 939 329
is_linear=0
shrinkage=0.1


Tree=44
num_leaves=31
num_cat=0
split_feature=15 5 6 18 15 22 6 17 21 0 22 3 0 10 21 21 22 2 12 22 22 18 1 3 11 16 21 17 21 9
split_gain=39.768 13.5864 4.67601 7.52763 5.29043 3.74743 3.53631 3.11693 2.8936 3.67569 3.17882 2.56929 2.48418 2.44093 2.20218 2.98736 4.43695 1.99368 2.80289 2.91394 3.88145 4.53129 4.17193 3.19718 2.81278 2.77152 2.15007 4.48872 1.88068 2.15482
threshold=467.80000305175787 137.50000000000003 334.50000000000006 -331.35502624511713 8.916666507720949 36.45000076293946 5.5000000000000009 221.21818542480472 42.95000076293946 107.50000000000001 33.45000076293946 15508.500000000002 143.50000000000003 51.500000000000007 37.250000000000007 37.649999618530281 41.250000000000007 900.50000000000011 8.5000000000000018 46.649999618530281 36.850000381469734 -497.18360900878901 318.50000000000006 7937.0000000000009 75.500000000000014 -2.8448275327682491 36.049999237060554 161.60405731201175 39.350000381469734 37.500000000000007
decision_type=2 2 2 2 2 2 2 2 2 2 2 2 2 2 2 2 2 2 2 2 2 2 2 2 2 2 2 2 2 2
left_child=1 6 3 5 -5 -3 -1 11 10 -10 -4 -2 -13 -6 -7 -16 -17 18 19 20 21 -12 -22 25 -20 -21 27 -26 29 -28
right_child=7 2 8 4 13 14 -8 -9 9 -11 17 12 -14 -15 15 16 -18 -19 24 23 22 -23 -24 -25 26 -27 28 -29 -30 -31
leaf_value=-0.10068812524134574 0.08387446441677826 -0.092686922624268739 -0.080651177161740667 0.16531975229942497 -0.098641002677847867 -0.10211857600063923 0.24633299594099001 0.10063757781530314 -0.082394449569608591 0.10689657979707903 0.10456515012689514 0.10077087261594508 -0.12503851683742284 0.19260134277211394 0.073739811635499072 0.014893350368450037 -0.089848030540289434 0.1028839111217867 -0.070847223157407463 0.11369267705809015 -0.10636016471389975 -0.10168162076591927 0.1018207765051026 0.092459913462660137 -0.11602185344209393 -0.093482042667144022 0.084472679869560807 0.088716838951677299 -0.089939388413735125 -0.013839638823271466
leaf_weight=22.120627714321021 2.642704179044812 4.4787782724015406 4.3977039991877964 0.82228366192430513 17.971102872397754 1.8411621297709633 0.29760673269629379 33.725542489439249 1.2677564499899734 5.3758530463092029 4.1759387268684804 0.68608286185190115 1.6805719938129184 0.29245412349700828 6.0664817858487359 22.716820237692449 4.9203177727758876 2.1236742050386956 7.5925928223878172 0.94915918912738595 4.7352405171841383 1.4300256618298606 1.2082429286092518 8.9764106795191747 3.3620409993454805 2.0198107538744798 5.480340783018617 1.5713083297014234 1.1730430698953558 3.7583690416067839
leaf_count=3992 107 405 106 11 2778 149 5 4614 61 202 96 84 30 1 130 786 264 119 267 20 73 84 109 379 63 64 108 15 41 46
internal_value=-4.8313e-05 -0.0246831 -0.0111993 -0.0311282 -0.0828059 -0.00648496 -0.0960813 0.089705 0.00856652 0.0707754 0.000761777 0.0161011 -0.0595774 -0.0939773 0.00437682 0.0101945 -0.00375405 0.0081353 0.0038018 0.028078 -0.00773772 0.0519537 -0.0640393 0.0627066 -0.0210641 -0.0272497 0.00356812 -0.0508111 0.0293343 0.0444786
internal_weight=179.86 141.125 118.707 59.1094 19.0858 40.0236 22.4182 38.7349 59.5975 6.64361 52.9539 5.00936 2.36665 18.2636 35.5448 33.7036 27.6371 48.5562 46.4325 23.4948 11.5494 5.60596 5.94348 11.9454 22.9377 2.96897 15.3451 4.93335 10.4118 9.23871
internal_count=15209 10374 6377 4524 2790 1734 3997 4835 1853 263 1590 221 114 2779 1329 1180 1050 1484 1365 825 362 180 182 463 540 84 273 78 195 154
is_linear=0
shrinkage=0.1


Tree=45
num_leaves=31
num_cat=0
split_feature=15 2 6 5 12 22 18 6 22 19 22 15 17 11 16 22 19 13 3 0 22 0 17 20 18 22 16 0 23 4
split_gain=35.5349 12.5042 7.138 3.764 4.92512 4.05104 4.86661 3.77856 4.43249 3.06255 3.0896 4.89617 2.94387 2.88627 2.84292 2.45478 2.26721 2.24758 2.22234 2.21866 2.19026 4.29433 2.17775 2.57209 2.35752 2.04801 2.04311 1.94906 1.8059 2.46115
threshold=467.80000305175787 35.500000000000007 5.5000000000000009 3515.5000000000005 55.500000000000007 37.750000000000007 -474.74365234374994 488.50000000000006 37.250000000000007 1.0722270011901858 50.649999618530281 255.05000305175784 221.21818542480472 159.50000000000003 -2.8448275327682491 47.049999237060554 1.1600293517112734 289.75000000000006 15508.500000000002 143.50000000000003 44.45000076293946 54.500000000000007 509.18785095214849 40.602725982666023 -393.11169433593744 42.149999618530281 -3.7068965435028072 96.500000000000014 1.0000000180025095e-35 8698.5000000000018
decision_type=2 2 2 2 2 2 2 2 2 2 2 2 2 2 2 2 2 2 2 2 2 2 2 2 2 2 2 2 2 2
left_child=1 2 -1 5 -5 6 7 8 -3 22 16 14 18 -6 -12 -15 20 -17 -2 -20 21 25 -7 -24 26 -11 -25 -19 29 -8
right_child=12 3 -4 4 13 9 28 -9 -10 10 11 -13 -14 15 -16 17 -18 27 19 -21 -22 -23 23 24 -26 -27 -28 -29 -30 -31
leaf_value=-0.10114713304227513 0.079220065642527773 0.063696317930824822 0.19245457694387061 0.089013961742411482 -0.045816855091453508 -0.10338397706163319 -0.10249244311842964 -0.075857587353545169 -0.098574912777209686 0.071685865927201609 0.11509071818979544 0.10331285509587107 0.10057655633672363 0.084793611379549633 -0.098528816033982114 -0.10971532128376926 -0.0060058207972908794 -0.046231180473535957 0.10069719602613265 -0.12311323857992024 0.099805250504673038 -0.106823295210765 -0.07683557191083995 0.11179087410034219 0.086142125218002477 -0.10103808439514095 -0.07569623803932822 0.10689304491486554 -0.098771278287179395 0.10932959514502577
leaf_weight=22.412403263151649 2.5244956673122934 7.8249634420499223 0.85982282646000285 7.9541020928882089 8.9766288772225398 4.05624812003225 1.1496169315651088 5.276796391233801 2.1446750750765204 7.6300061894580775 0.69177274033427227 1.9140470167621968 30.533705243840814 4.6967948903329653 6.2659442811273021 1.6899498468264935 10.83981021819636 1.6290263286791744 0.62122455146163735 1.5432144273072479 6.2053213175386182 2.0032252776436499 4.3612099383026344 0.74364814814180169 3.0654943138360977 0.7543481746688484 2.6612466024234891 1.6974284620955584 14.299977131187914 1.049076799303293
leaf_count=4290 107 282 11 573 281 531 111 74 48 202 10 71 4614 154 336 18 413 38 84 30 135 94 179 28 81 92 120 29 2153 20
internal_value=-5.22642e-05 -0.0237277 -0.0902996 -0.00958961 0.0231093 -0.0200942 -0.0481597 -0.0074296 0.0287884 -0.00269044 0.0129726 -0.0383254 0.0892475 -0.00493876 -0.0772896 0.0328395 0.0295624 -0.0158045 0.0154739 -0.0588765 0.0527984 0.0247175 -0.0408852 -0.0174804 0.0225265 0.0561457 -0.034748 0.0319053 -0.0857984 -0.00142444
internal_weight=168.076 132.854 23.2722 109.581 26.6439 82.9374 31.7451 15.2464 9.96964 51.1923 36.3045 8.87176 35.2226 18.6898 6.95772 9.7132 27.4327 5.0164 4.68893 2.16444 16.5929 10.3876 14.8878 10.8316 6.47039 8.38435 3.40489 3.32645 16.4987 2.19869
internal_count=15209 10374 4301 6073 1093 4980 2688 404 330 2292 1353 417 4835 520 346 239 936 85 221 114 523 388 939 408 229 294 148 67 2284 131
is_linear=0
shrinkage=0.1


Tree=46
num_leaves=31
num_cat=0
split_feature=15 2 6 6 18 22 17 7 21 0 22 21 21 22 3 13 0 15 2 12 9 22 22 18 1 3 18 9 11 21
split_gain=31.7425 11.4717 6.20823 3.30738 7.63581 3.41098 2.78602 2.70208 2.46111 3.00213 2.49059 1.96312 2.23953 3.75254 1.91908 2.0333 1.98287 1.7885 1.7276 2.28616 2.2426 1.8674 2.98547 3.76399 3.15225 2.6826 3.78596 1.73975 1.94256 2.0784
threshold=467.80000305175787 35.500000000000007 5.5000000000000009 334.50000000000006 -331.35502624511713 36.45000076293946 221.21818542480472 3.5000000000000004 42.95000076293946 107.50000000000001 33.45000076293946 37.250000000000007 37.649999618530281 41.549999237060554 15508.500000000002 561.85000610351574 143.50000000000003 392.25000000000006 900.50000000000011 2.5000000000000004 51.500000000000007 46.649999618530281 36.850000381469734 -497.18360900878901 318.50000000000006 8134.5000000000009 -244.37347412109372 43.500000000000007 75.500000000000014 36.049999237060554
decision_type=2 2 2 2 2 2 2 2 2 2 2 2 2 2 2 2 2 2 2 2 2 2 2 2 2 2 2 2 2 2
left_child=1 2 -1 4 5 -3 14 -6 10 -10 17 -7 -13 -14 15 -2 -16 -5 19 21 27 22 23 -12 -24 26 -23 28 -21 -30
right_child=6 3 -4 8 7 11 -8 -9 9 -11 18 12 13 -15 16 -17 -18 -19 -20 20 -22 25 24 -25 -26 -27 -28 -29 29 -31
leaf_value=-0.10105388298963749 -0.1264895509552719 -0.090812344401457398 0.17350041181412848 -0.10791407092743238 -0.10033208764886022 -0.10193714393567949 0.10052139474986575 0.0786429791720889 -0.075458658980038673 0.10592910317327356 0.10343331811950272 0.072139864051672969 0.014796145441920261 -0.10507258419893556 0.10063058989769508 0.11636804169557924 -0.12130574132024063 0.057431072658591625 0.10247580196015367 -0.058701488343760849 0.11101201221925737 -0.10510889945195712 -0.095963311265467671 -0.10102502173682813 0.10176724251009002 0.098956494596520672 0.099211053317811784 -0.13807144073140837 -0.04895064462841759 0.037873679779794445
leaf_weight=20.297346147708598 0.41641643643379156 3.9436123231425873 0.85842131543904443 3.2205714592710128 13.473541797604408 1.5548037830740202 27.642428202554584 0.89989401679486114 1.1375609156675626 4.6111676879227161 3.6789497979916632 5.3353523006662753 22.504760601092133 2.9545051506720474 0.56246035220101465 2.0029925494454801 1.4161055907607076 0.82095314515754569 1.8432234437204886 7.5352473082020976 1.2580527253448952 1.9305274132639172 4.0298137338832021 1.1921913200058059 1.0079116267152128 6.2183517338708043 1.7103490219451467 1.3091712482273568 4.3412950690835697 7.5551958112046123
leaf_count=4290 3 405 11 75 2568 137 4614 12 61 202 96 127 827 144 84 104 30 31 119 280 26 60 70 78 107 357 42 10 76 163
internal_value=-5.83383e-05 -0.0227839 -0.0899135 -0.00913711 -0.0274391 -0.00300838 0.0887594 -0.0891268 0.00822781 0.070036 0.000771254 0.00769552 0.0132308 0.00088558 0.014832 0.0745686 -0.0582144 -0.0743276 0.00773094 0.00354975 -0.018628 0.0282303 -0.00242783 0.053393 -0.0564028 0.0590428 -0.00912695 -0.0264914 -0.0189739 0.00618955
internal_weight=157.263 125.223 21.1558 104.067 50.6665 36.293 32.0404 14.3734 53.4005 5.74873 47.6518 32.3494 30.7946 25.4593 4.39797 2.41941 1.97857 4.04152 43.6103 41.7671 21.999 19.7681 9.90887 4.87114 5.03773 9.85923 3.64088 20.7409 19.4317 11.8965
internal_count=15209 10374 4301 6073 4220 1640 4835 2580 1853 263 1590 1235 1098 971 221 107 114 106 1484 1365 555 810 351 174 177 459 102 529 519 239
is_linear=0
shrinkage=0.1


Tree=47
num_leaves=31
num_cat=0
split_feature=15 2 6 17 22 6 19 22 17 0 0 15 21 20 21 6 16 17 19 3 13 0 22 21 18 19 2 21 3 2
split_gain=28.4374 10.5187 5.43148 3.16736 3.65028 4.88326 2.64052 2.58638 2.55186 2.47792 2.26583 2.17416 2.35719 3.16532 2.64179 2.43979 2.39781 1.78541 1.75624 1.71414 1.81259 1.77333 1.70307 4.4537 2.96175 2.93582 1.67845 1.60993 4.00632 2.37712
threshold=467.80000305175787 35.500000000000007 5.5000000000000009 888.57522583007824 37.750000000000007 236.50000000000003 1.0741549134254458 53.250000000000007 221.21818542480472 170.50000000000003 159.50000000000003 255.05000305175784 33.750000000000007 8.7017855644226092 39.750000000000007 201.50000000000003 -2.8448275327682491 166.53562164306643 1.0938701629638674 15508.500000000002 561.85000610351574 143.50000000000003 40.95000076293946 37.95000076293946 188.55808258056643 1.1500371098518374 917.50000000000011 44.850000381469734 9872.5000000000018 241.50000000000003
decision_type=2 2 2 2 2 2 2 2 2 2 2 2 2 2 2 2 2 2 2 2 2 2 2 2 2 2 2 2 2 2
left_child=1 2 -1 4 5 -3 9 10 19 -6 11 12 13 -8 22 -16 -15 26 -19 20 -2 -21 -14 25 -25 -24 -13 29 -29 -7
right_child=8 3 -4 -5 6 27 7 -9 -10 -11 -12 17 14 16 15 -17 -18 18 -20 21 -22 -23 23 24 -26 -27 -28 28 -30 -31
leaf_value=-0.10096738134355082 -0.1234038452463683 -0.10110495058743428 0.15706905088037787 0.1016665535387439 -0.045866319848946124 0.02227753698371681 0.12607438891785067 -0.065202798662459732 0.10047154831256128 0.10229330028064527 -0.098927145487202314 -0.091719290310712617 0.067085051165586648 0.112949945675483 -0.11145390383765237 0.092943551312567069 -0.10849233163659794 -0.10286206381715544 0.10365271162769492 0.10057037152081179 0.1151142310616442 -0.11961203449016443 0.087405547728807514 -0.099193774938888299 0.10589555523765092 -0.026902393985850027 0.10264392198314623 -0.10884539571631591 0.089769300782722952 -0.053785525634426824
leaf_weight=18.380735914921392 0.38572236150503458 9.0772718484513444 0.85363271180540223 2.5338591570034614 14.031637697480617 6.1559334127232495 0.88030065596103568 3.8220895659178487 25.023681746795774 1.2275860118679691 1.5339178536087263 1.1749394936487059 10.143412406556314 0.557768179103732 2.3929287567734714 0.77251144871115673 3.9650693433359265 0.43859385326504696 6.7396724647842348 0.50922440970316518 1.8311212509870527 1.2985658459365366 7.1307325307279807 4.0912052388302973 0.85053136479109515 3.2805570014752448 0.71448759082704771 1.4020115812309075 3.6848893351852894 12.354573281016199
leaf_count=4290 3 1791 11 204 936 225 5 253 4614 87 45 20 294 9 77 24 139 20 423 84 104 30 163 156 30 204 42 103 159 664
internal_value=-6.20653e-05 -0.0218493 -0.0895156 -0.00869684 -0.011597 -0.038774 0.00233279 0.0137499 0.088585 -0.0339471 0.0205059 0.0247532 0.0131698 -0.0474162 0.0245911 -0.0615716 -0.0811835 0.0682692 0.0910346 0.0146789 0.073613 -0.0575903 0.0352884 0.014281 -0.0638955 0.0513876 -0.0182208 -0.014797 0.0350287 -0.0284897
internal_weight=147.239 118.191 19.2344 98.9565 96.4226 32.6747 63.7479 48.4887 29.0483 15.2592 44.6666 43.1327 34.065 5.40314 28.6619 3.16544 4.52284 9.06769 7.17827 4.02463 2.21684 1.80779 25.4964 15.353 4.94174 10.4113 1.88943 23.5974 5.0869 18.5105
internal_count=15209 10374 4301 6073 5869 2942 2927 1904 4835 1023 1651 1606 1101 153 948 101 148 505 443 221 107 114 847 553 186 367 62 1151 262 889
is_linear=0
shrinkage=0.1


Tree=48
num_leaves=31
num_cat=0
split_feature=15 2 6 17 22 6 17 19 22 0 0 15 21 17 21 13 6 16 6 17 17 21 18 5 22 22 21 0 1 21
split_gain=25.4641 9.6488 4.77663 2.83423 3.12277 4.61781 2.33568 2.21785 2.19232 2.1393 1.93514 1.99925 2.12593 2.5509 2.52914 2.18668 2.17992 1.95375 1.68063 1.63883 1.61362 1.92805 1.80481 1.58688 2.52066 2.07428 1.89578 4.15847 1.96212 1.60998
threshold=467.80000305175787 35.500000000000007 5.5000000000000009 888.57522583007824 37.750000000000007 236.50000000000003 221.21818542480472 1.0741549134254458 53.250000000000007 170.50000000000003 159.50000000000003 255.05000305175784 36.149999618530281 591.64208984375011 39.750000000000007 314.44999694824224 201.50000000000003 -2.8448275327682491 2332.5000000000005 166.53562164306643 509.18785095214849 37.649999618530281 -648.31991577148426 662.50000000000011 41.95000076293946 38.649999618530281 37.95000076293946 55.500000000000007 430.50000000000006 39.45000076293946
decision_type=2 2 2 2 2 2 2 2 2 2 2 2 2 2 2 2 2 2 2 2 2 2 2 2 2 2 2 2 2 2
left_child=1 2 -1 4 5 -3 -2 9 10 20 11 12 13 15 23 17 -16 -9 -10 -13 -6 -22 -23 24 25 -14 -25 -28 -29 -27
right_child=6 3 -4 -5 7 -7 -8 8 18 -11 -12 19 14 -15 16 -17 -18 -19 -20 -21 21 22 -24 26 -26 29 27 28 -30 -31
leaf_value=-0.10088719692172206 0.01453552758583884 -0.10100709543224898 0.14265556924550618 0.10150774487608033 -0.092984924151523193 -0.013678532284670128 0.10042647416829648 0.10349194810163849 -0.097537787906680579 0.10207570714278767 -0.093097990349076842 -0.017113248119783445 -0.086622786376878716 0.11030255696361058 -0.11046123729054731 0.081621825464221656 0.090544697396702636 -0.097935431905750839 0.06216453429852048 0.090748420104032668 0.04849827329897901 0.10117160049173611 -0.067360846883056366 0.1142752304140891 -0.090241060820671959 0.066485704453276437 0.10880855823857921 -0.099536131080299864 0.10682813030151712 -0.10266612740546491
leaf_weight=16.644127233652402 3.6804664861410883 8.2210087543353456 0.84627223946154018 2.2961350758559993 4.2862703362479797 22.983349294867367 22.652008899953216 0.53043492138385762 2.8497144347056742 1.113013062160461 1.4703822634182859 1.797253277618436 1.2247517034411481 1.0720470137894151 2.1836789157241578 0.9886655882000922 0.71659349929541338 5.2238403819501391 0.85714654298499215 6.5145876058377326 2.923440436832605 0.71262347418814886 5.865557849407196 4.6319372830912453 1.9762454805895675 7.227284774184227 3.1277920785360038 2.2872567344456916 0.57696378417313088 0.61019574757665385
leaf_count=4290 221 1791 11 204 547 1151 4614 10 223 87 45 62 62 18 77 7 24 200 30 443 65 64 260 78 216 220 57 84 15 33
internal_value=-4.42939e-05 -0.0208886 -0.0891034 -0.00823206 -0.0109718 -0.0366859 0.0884216 0.00223246 0.0131214 -0.0312851 0.0196041 0.0236768 0.0124458 -0.0329824 0.0268995 -0.055763 -0.0607971 -0.0793677 -0.0606094 0.0674257 -0.0420505 -0.0190736 -0.0491035 0.0386407 0.0120882 0.0344036 0.0662294 0.029089 -0.0579665 0.0533162
internal_weight=138.091 111.759 17.4904 94.2682 91.972 31.2044 26.3325 60.7677 45.8668 14.9009 42.1599 40.6895 32.3777 7.81499 24.5627 6.74294 2.90027 5.75428 3.70686 8.31184 13.7879 9.50162 6.57818 21.6624 11.0385 9.06223 10.6239 5.99201 2.86422 7.83748
internal_count=15209 10374 4301 6073 5869 2942 4835 2927 1904 1023 1651 1606 1101 235 866 217 101 210 253 505 936 389 324 765 531 315 234 156 99 253
is_linear=0
shrinkage=0.1


Tree=49
num_leaves=31
num_cat=0
split_feature=15 5 17 22 6 12 17 21 22 21 20 5 18 21 18 0 22 12 16 17 15 18 21 3 17 3 6 0 17 0
split_gain=22.6007 8.88553 2.63316 2.57233 4.62146 2.10058 2.07248 1.89648 2.4542 2.47084 2.38058 1.92415 2.54806 2.69768 3.15597 2.33821 2.4685 2.23086 2.11673 1.92331 2.0443 1.79102 1.94819 2.11445 3.71961 1.71448 1.67046 1.60254 1.58038 1.55437
threshold=479.98333740234381 137.50000000000003 888.57522583007824 37.750000000000007 236.50000000000003 -187.49999999999997 221.21818542480472 39.850000381469734 39.350000381469734 38.45000076293946 35.506023406982429 2761.5000000000005 -599.36233520507801 38.049999237060554 -445.49896240234369 82.500000000000014 50.649999618530281 3.5000000000000004 -2.8448275327682491 549.20916748046886 39.483333587646491 51.51048660278321 36.049999237060554 11058.000000000002 161.60405731201175 15508.500000000002 5.5000000000000009 38.500000000000007 849.67807006835949 143.50000000000003
decision_type=2 2 2 2 2 2 2 2 2 2 2 2 2 2 2 2 2 2 2 2 2 2 2 2 2 2 2 2 2 2
left_child=1 26 3 4 -3 -5 25 8 9 10 -7 12 27 14 -14 19 -17 28 -18 20 -16 -19 23 24 -23 -2 -1 -10 -13 -27
right_child=6 2 -4 5 -6 7 -8 -9 11 -11 -12 17 13 -15 15 16 18 21 -20 -21 -22 22 -24 -25 -26 29 -28 -29 -30 -31
leaf_value=-0.10041617986800751 0.08181980793061161 -0.1008954398698089 0.10134741115261453 0.093208199314044476 -0.012023562099730094 0.12614439591749999 0.10038408114005698 -0.093354793125331306 0.14582077002229679 0.079561594146100326 -0.1024037078541527 0.079020809736786934 0.10332785066288103 -0.095024895514828733 0.042358322881557359 0.063281021441755597 0.10880898629614984 -0.092332580595496691 -0.1079044483003636 0.11346531954214714 -0.10036124857581313 -0.10592302067483661 0.043530381513032186 -0.10737345013830993 0.1117440580184673 0.10050638380118793 0.11618525334295259 -0.050030842961130917 -0.091111533952058343 -0.11855889989651239
leaf_weight=13.425908188335594 1.8958492227830022 7.8447486709337708 2.1276109986938527 2.3716743616387239 23.026101362658665 0.62502530962228631 20.254041489213705 2.2245104121975592 1.3078784239478363 6.6600489020347595 1.6828005136922 5.7985523384995785 1.9478195048868663 5.8794608728494486 1.1785535232629714 3.9202459447551528 0.57400055974721942 2.1417655730620018 2.0983003920409828 0.55442571267485607 6.7623980939388275 1.392953179776667 6.6191432459745556 2.4072597585618496 1.7990060020238159 0.44705400988459576 0.36575163155794221 0.61388692678883661 0.60275100357830513 1.1757424548268316
leaf_count=3992 103 1903 212 119 1164 4 4565 94 30 202 217 415 76 435 92 187 21 80 59 7 746 49 200 35 37 83 5 36 12 29
internal_value=-4.06132e-05 -0.0198118 -0.00860911 -0.0112075 -0.0346072 0.00100239 0.0880775 -0.00284827 0.000841417 0.0486629 -0.0405063 -0.00856367 -0.0273449 -0.0366205 -0.0164637 -0.0319285 0.0127595 0.0139044 -0.0613552 -0.0666072 -0.0791796 -0.00798142 0.00680455 -0.0366111 0.0167554 0.0172382 -0.094672 0.0832581 0.063001 -0.05821
internal_weight=129.725 105.953 92.1609 90.0333 30.8709 59.1625 23.7727 56.7908 54.5663 8.96787 2.30783 45.5984 24.837 22.9152 17.0357 15.0879 6.59255 20.7614 2.6723 8.49538 7.94095 14.3601 12.2184 5.59922 3.19196 3.51865 13.7917 1.92177 6.4013 1.6228
internal_count=15209 10429 6432 6220 3067 3153 4780 3034 2940 423 221 2517 1689 1623 1188 1112 267 828 80 845 838 401 321 121 86 215 3997 66 427 112
is_linear=0
shrinkage=0.1


Tree=50
num_leaves=31
num_cat=0
split_feature=15 2 6 17 19 17 15 18 9 17 3 21 15 2 9 22 22 6 19 0 21 17 20 0 12 21 22 21 21 18
split_gain=20.2314 8.23492 3.89715 2.33891 2.20218 3.25961 2.6619 2.10454 1.73217 1.70458 1.79134 1.63398 1.52612 1.44066 1.7253 1.52219 2.0731 2.09059 2.31365 1.86569 3.6213 3.12629 2.83778 1.70295 1.33616 2.11894 2.26639 1.9258 1.92122 3.7119
threshold=493.41665649414068 35.500000000000007 5.5000000000000009 888.57522583007824 1.0591424107551577 272.48068237304693 158.81666564941409 -389.12985229492182 51.500000000000007 221.21818542480472 15508.500000000002 39.049999237060554 246.44999694824222 900.50000000000011 43.500000000000007 53.250000000000007 37.750000000000007 236.50000000000003 1.0797796845436098 89.500000000000014 41.549999237060554 297.85835266113287 19.382786750793461 102.50000000000001 -211.49999999999997 39.95000076293946 39.149999618530281 39.049999237060554 37.750000000000007 -571.41989135742176
decision_type=2 2 2 2 2 2 2 2 2 2 2 2 2 2 2 2 2 2 2 2 2 2 2 2 2 2 2 2 2 2
left_child=1 2 -1 4 5 -3 -7 11 13 10 -2 -8 -13 14 15 16 17 -6 23 22 -21 -22 -20 -19 -18 26 27 -26 -28 -30
right_child=9 3 -4 -5 8 6 7 -9 -10 -11 -12 12 -14 -15 -16 -17 24 18 19 20 21 -23 -24 -25 25 -27 28 -29 29 -31
leaf_value=-0.10087351600952826 0.090831970963603459 -0.099560572949658227 0.12275774024961822 0.10120981873805945 -0.10132118467361458 -0.085494910748872333 -0.09572938780128909 0.083252155492241034 0.10956324874405537 0.10034662744881846 -0.060906749654741688 -0.085906886945639027 0.10845548552676826 0.10226054717727627 -0.12911874472984802 -0.073885242781302207 0.10436503619851566 -0.059056136712492324 0.081796972931290055 -0.099830252922705892 -0.11168027458819152 0.058505947606214838 -0.10549152871063239 0.11394823973339924 -0.02330331691769141 -0.091672782256572174 0.021740439763327783 0.10277407678314061 0.097139815690337569 -0.060864189933375626
leaf_weight=13.77654822147451 1.6764480741694598 6.2072444746736464 0.825979567132891 1.9521565979812283 3.0923166067805168 3.0215585567057115 1.7482043467462065 3.3913449966348708 1.3730198144912709 18.127928212750703 1.4517318848520515 0.62137953331693996 1.1547072739340363 1.2539375061169256 1.117817724123596 2.9563801549375048 1.5475333724170841 0.77018666081130804 2.9559913971461347 6.2689364734105748 1.4878401942551134 3.931917670648545 1.1138662700541315 2.1777736810036004 1.6417632298544109 1.9603331168182183 19.572916598524902 4.6232995353639126 1.8171325181610871 8.1795101335737836
leaf_count=4290 99 1698 11 217 690 337 81 196 50 4518 108 46 42 95 10 237 81 45 135 175 32 180 63 42 79 83 931 101 67 470
internal_value=-5.5765e-05 -0.0187954 -0.088224 -0.00699833 -0.00951347 -0.0427075 -0.00719439 0.0270164 -0.0016143 0.0885831 0.0204128 -0.0270979 0.0404561 -0.00391083 -0.00595225 -0.00380432 -0.000415679 -0.0251533 -0.0125622 -0.0277731 -0.0480765 0.0117862 0.0305386 0.068749 0.0132909 0.00956181 0.0150998 0.0697354 0.00352391 -0.0321431
internal_weight=121.798 100.542 14.6025 85.9391 83.9869 16.1444 9.93719 6.91564 67.8425 21.2561 3.12818 3.52429 1.77609 66.4695 65.2155 64.0977 61.1413 21.7988 18.7065 15.7586 11.6887 5.41976 4.06986 2.94796 39.3425 37.795 35.8346 6.26506 29.5696 9.99664
internal_count=15209 10484 4301 6183 5966 2400 702 365 3566 4725 207 169 88 3516 3421 3411 3174 1362 672 585 387 212 198 87 1812 1731 1648 180 1468 537
is_linear=0
shrinkage=0.1


Tree=51
num_leaves=31
num_cat=0
split_feature=15 2 6 5 12 11 22 18 19 22 17 18 0 21 3 17 5 15 18 7 15 12 21 3 21 21 12 16 0 19
split_gain=18.0973 7.56524 3.46599 2.26542 3.65184 2.15183 2.08848 1.88132 2.01829 3.02013 2.47839 2.20567 1.97905 1.80072 1.5807 3.10609 1.65173 1.58933 1.43689 2.307 2.57069 1.92731 2.07187 1.82737 1.79241 2.77485 2.3508 2.6683 1.87658 1.73929
threshold=507.43333435058599 35.500000000000007 5.5000000000000009 3515.5000000000005 55.500000000000007 175.50000000000003 47.049999237060554 -648.31991577148426 1.0591424107551577 34.149999618530281 509.18785095214849 -393.11169433593744 135.50000000000003 101.95000076293947 11350.500000000002 204.2571716308594 4272.5000000000009 208.90000152587893 -358.36102294921869 1.0000000180025095e-35 255.05000305175784 -250.49999999999997 40.750000000000007 7937.0000000000009 38.049999237060554 39.149999618530281 -90.499999999999986 -0.3275862038135528 80.500000000000014 1.1147906184196474
decision_type=2 2 2 2 2 2 2 2 2 2 2 2 2 2 2 2 2 2 2 2 2 2 2 2 2 2 2 2 2 2
left_child=1 2 -1 7 -5 14 -7 -3 10 12 -9 13 -10 -12 17 -16 -17 -6 21 20 -20 -11 24 -21 -23 -26 -27 28 -28 -22
right_child=-2 3 -4 4 5 6 -8 8 9 18 11 -13 -14 -15 15 16 -18 -19 19 23 29 22 -24 -25 25 26 27 -29 -30 -31
leaf_value=-0.10080213548074135 0.089420729110608346 0.1010261112924048 0.11204046863045512 0.086165617875790759 -0.039745508649593399 0.095717575449531606 -0.016362107343887822 -0.10064342709396897 -0.095477546930642171 -0.060623934311977691 -0.095872408368470219 0.055644547081828859 0.10417028675826318 0.051798930455614102 -0.1202973412283635 -0.10160909483016888 0.10467714711387972 0.10468344484012292 -0.074471107289659291 -0.023459838165764874 -0.10318320686209055 0.059564878404291456 0.098301970243225581 0.12237277021384313 -0.08119727994036198 -0.083208743521271972 0.077948307859420654 -0.092329014370168494 -0.10103907271591728 0.10385467633275235
leaf_weight=12.473917181370776 18.873762996168807 1.3355729868635524 0.81507894117385227 6.2021593316458192 1.8620444685220703 3.2366901207715264 3.4185140943154693 6.0396197251975519 5.2486183044966301 3.0431710793636766 3.237035867292434 2.7971756746992469 0.54838590323925007 1.1085484866052864 3.8067872538231313 0.56813626177608956 1.2252118249889461 1.2895889573264865 8.2202689899131709 1.8245687880553298 0.54998879786580745 5.7018810706213108 3.232323858421295 1.6240680129267273 3.7113245145883402 1.8597980109043479 6.9831362972036048 1.2949057212099297 0.63939846213906992 1.5473319403827188
leaf_count=4290 4670 143 11 685 43 152 80 1796 312 63 229 106 16 34 101 46 80 58 1061 64 25 229 69 20 333 74 213 44 75 87
internal_value=-5.28972e-05 -0.0177458 -0.0877475 -0.00642285 0.0213731 -0.00470941 0.0381467 -0.0163432 -0.0189906 -0.00911028 -0.0534897 -0.0136184 -0.0765912 -0.0582018 -0.037299 -0.0691809 0.0393253 0.0193521 0.000612966 -0.0255907 -0.0492581 0.0142428 0.0239697 0.0452172 0.0120697 -0.0066217 0.0190597 0.0403885 0.0629344 0.0495623
internal_weight=114.319 95.4453 13.289 82.1563 21.6091 15.407 6.6552 60.5471 59.2115 46.0292 13.1824 7.14276 5.797 4.34558 8.75177 5.60014 1.79335 3.15163 40.2322 13.7662 10.3176 26.4659 23.4228 3.44864 20.1904 14.4886 10.7772 8.91744 7.62253 2.09732
internal_count=15209 10539 4301 6238 1245 560 232 4993 4850 2685 2165 369 328 263 328 227 126 101 2357 1257 1173 1100 1037 84 968 739 406 332 288 112
is_linear=0
shrinkage=0.1


Tree=52
num_leaves=31
num_cat=0
split_feature=15 2 6 5 17 15 11 4 22 18 22 22 21 1 12 21 22 21 17 19 21 22 5 16 7 17 3 19 21 0
split_gain=15.9634 6.87979 3.09392 1.96374 3.19086 2.98267 2.48574 2.58293 1.73941 3.23038 2.48684 4.87987 2.16517 2.20187 1.83601 1.77412 2.09965 4.22479 1.76211 3.30312 1.66122 2.2341 2.135 2.51127 2.35459 1.6374 1.93109 1.63137 1.69777 1.60603
threshold=507.43333435058599 35.500000000000007 5.5000000000000009 3515.5000000000005 191.181022644043 151.58333587646487 167.50000000000003 10501.000000000002 37.750000000000007 -474.74365234374994 36.850000381469734 34.149999618530281 41.649999618530281 218.50000000000003 -187.49999999999997 39.750000000000007 39.149999618530281 38.549999237060554 585.34945678710949 1.1066840291023257 37.750000000000007 42.350000381469734 2965.5000000000005 -2.8448275327682491 3.5000000000000004 221.21818542480472 15508.500000000002 1.0435644984245303 37.750000000000007 96.500000000000014
decision_type=2 2 2 2 2 2 2 2 2 2 2 2 2 2 2 2 2 2 2 2 2 2 2 2 2 2 2 2 2 2
left_child=1 2 -1 8 6 -6 7 -5 9 10 11 12 -3 -14 -10 16 17 -16 20 27 21 -18 23 -23 -25 26 -2 -20 -29 -8
right_child=25 3 -4 4 5 -7 29 -9 14 -11 -12 -13 13 -15 15 -17 18 -19 19 -21 -22 22 -24 24 -26 -27 -28 28 -30 -31
leaf_value=-0.10073582250198335 0.110708458451918 -0.10984675558867658 0.10223070960489644 0.025171315585052131 -0.072709059285760991 0.080870226641105644 -0.029616028222626257 -0.11705690850345828 0.091351103272641648 -0.081001046376717956 -0.080408321939863692 0.10362126613143013 -0.1102882545473467 0.10698604735444002 -0.10207515505584155 -0.094413107932019291 0.065055012387174094 0.10481196714144565 0.096917361732276733 0.11912284276500106 -0.082352481388003551 0.052906990722698222 0.076655516609095101 -0.099937611764993994 0.041601864393025587 0.10028652503734979 -0.062725563838850376 0.070775626737091688 -0.08697024706109166 0.091142782315468907
leaf_weight=11.293920555384826 1.1545319112483441 2.4785444969311339 0.80453678686171848 2.0151017026510107 1.4726573154330242 8.9490179608110321 2.0370932705700397 3.4852628635708243 1.9819076778367151 9.6696114770602453 3.0508756409399203 4.0999370561912656 0.72542718681506846 1.3063316377811132 1.2991825698409254 2.2045427407138041 2.9302228402812096 4.1083556115627289 0.93825119268149038 2.5891786501742899 4.5213874748442313 1.9175109979696596 1.5417360048741091 6.5498915491625622 1.4323564996011553 14.840815390925853 1.4461675351485608 0.88930439949035678 2.9308564211241901 2.3974983375519514
leaf_count=4290 95 64 11 73 11 901 80 126 109 2284 77 128 86 53 200 110 144 131 47 103 322 87 66 779 24 4468 107 10 169 54
internal_value=-6.96036e-05 -0.0171042 -0.0872387 -0.00615872 0.0205125 0.0591684 -0.0200371 -0.0649505 -0.0156564 -0.0382655 -0.00282838 0.0246606 -0.0471159 0.0294096 -0.00219821 -0.00767504 -0.00163307 0.0551065 -0.0133257 0.0282279 -0.029486 -0.012854 -0.0328069 -0.0498539 -0.0745394 0.0874602 0.0142672 -0.0212305 -0.0502482 0.0356705
internal_weight=107.062 89.6205 12.0985 77.522 20.3566 10.4217 9.93496 5.50036 57.1654 21.3307 11.6611 8.61024 4.5103 2.03176 35.8347 33.8528 31.6482 5.40754 26.2407 7.34759 18.8931 14.3717 11.4415 9.89976 7.98225 17.4415 2.6007 4.75841 3.82016 4.43459
internal_count=15209 10539 4301 6238 1245 912 333 199 4993 2692 408 331 203 139 2301 2192 2082 331 1751 329 1422 1100 956 890 803 4670 202 226 179 134
is_linear=0
shrinkage=0.1


Tree=53
num_leaves=31
num_cat=0
split_feature=15 5 20 17 0 17 17 3 3 18 18 21 0 19 22 21 15 18 18 9 9 3 22 0 21 22 17 0 20 6
split_gain=14.2798 6.25231 1.87398 3.46963 1.96513 1.85475 1.56434 1.69395 1.40421 1.37116 1.354 1.49578 1.33055 1.3006 2.15309 1.6337 2.17899 1.30256 1.2379 1.23029 1.25489 1.42422 1.25757 2.38774 1.58402 1.74504 2.51696 2.45324 1.73397 1.93362
threshold=507.43333435058599 137.50000000000003 29.886748313903812 297.85835266113287 7.5000000000000009 842.80474853515636 221.21818542480472 15508.500000000002 13115.000000000002 -587.82397460937489 -648.31991577148426 39.549999237060554 143.50000000000003 1.109707295894623 41.95000076293946 37.649999618530281 145.73332977294925 -510.34986877441401 -358.36102294921869 51.500000000000007 32.500000000000007 13312.500000000002 34.350000381469734 135.50000000000003 33.750000000000007 43.95000076293946 55.152170181274421 117.50000000000001 19.382786750793461 201.50000000000003
decision_type=2 2 2 2 2 2 2 2 2 2 2 2 2 2 2 2 2 2 2 2 2 2 2 2 2 2 2 2 2 2
left_child=1 -1 5 4 -4 9 7 -2 10 -3 -5 13 -9 15 17 16 -12 -15 -17 20 22 -22 23 -11 -24 27 -27 28 29 -26
right_child=6 2 3 8 -6 -7 -8 12 -10 19 11 -13 -14 14 -16 18 -18 -19 -20 -21 21 -23 24 -25 25 26 -28 -29 -30 -31
leaf_value=-0.093509765176332513 0.10986377456916954 -0.098125149078505697 0.14807581520713251 0.10081652293811663 -0.10039010354469352 0.10159335082379171 0.10025919509158346 0.10043396001685211 0.1016562053174685 -0.057626308469899738 -0.091738774652034949 -0.086724515928662926 -0.1168489616667938 0.12698036094501683 -0.10108433042495052 -0.10047687907499059 0.074891708377149965 0.020611465418854544 0.011162453872484084 0.10709504666355366 -0.090000311563147528 0.037019384127169451 -0.021745637384344887 0.10016683005183076 -0.086372474377141004 -0.063408916940530413 0.092729529790408605 -0.056726463777423047 -0.0089751495203311861 0.091740251785105156
leaf_weight=9.3761943469289672 1.052288358099758 1.344564371742307 0.33436883985996502 0.99028933420777931 6.6298823992256075 1.9245162145234633 13.432000251486896 0.38762223068624724 1.1250645781401534 5.7415695562958708 1.1878862308804001 2.7914408158976576 1.0325644910335539 1.5047624893486498 1.1859420540276913 3.7010761185083623 2.3126016687601805 4.9003037801012388 1.3575514003168705 1.136298504192381 2.8524679094552985 1.2783497397322205 8.191240966087209 1.151272998191416 0.69001377001404929 1.2262963103130449 6.5302559465635568 4.0631115990690878 5.0146955524105579 5.2242466125171632
leaf_count=3997 95 21 2 129 2424 242 4468 79 121 365 145 304 28 60 176 346 63 244 113 51 37 49 437 79 9 70 413 173 259 210
internal_value=-6.28716e-05 -0.016556 -0.00685665 -0.0272738 -0.0884607 0.00548162 0.0868036 0.0137048 -0.00703716 0.00131982 -0.0131724 -0.0191319 -0.0575443 -0.00744898 0.0226844 -0.034174 0.0183459 0.045601 -0.0705169 0.00442216 0.00164196 -0.050692 0.00735611 -0.031271 0.0159615 0.029539 0.0680443 0.00961721 0.0342821 0.0709599
internal_weight=99.6707 83.7663 74.3901 28.0212 6.96425 46.3689 15.9045 2.47248 21.0569 44.4444 19.9319 18.9416 1.42019 16.1501 7.59101 8.55912 3.50049 6.40507 5.05863 43.0998 41.9635 4.13082 37.8327 6.89284 30.9399 22.7486 7.75655 14.9921 10.929 5.91426
internal_count=15209 10539 6542 4127 2426 2415 4670 202 1701 2173 1580 1451 107 1147 480 667 208 304 459 2152 2101 86 2015 444 1571 1134 483 651 478 219
is_linear=0
shrinkage=0.1


Tree=54
num_leaves=31
num_cat=0
split_feature=15 5 20 22 21 17 17 3 0 1 12 17 22 18 1 1 0 6 16 21 15 18 21 17 21 11 6 9 12 18
split_gain=12.803 5.76233 1.79913 2.96056 2.32698 1.6806 1.42722 1.51991 1.27907 1.56182 1.33274 1.45616 1.20867 1.52359 1.19847 1.26021 1.1919 1.14792 1.52017 1.33159 1.41876 1.31168 1.1689 1.1435 1.12563 0.988941 0.96238 0.950664 1.23652 2.11366
threshold=507.43333435058599 73.500000000000014 29.886748313903812 38.350000381469734 37.250000000000007 842.80474853515636 221.21818542480472 15508.500000000002 59.500000000000007 164.50000000000003 -268.49999999999994 55.152170181274421 36.750000000000007 -510.34986877441401 12.500000000000002 31.500000000000004 143.50000000000003 1.0000000180025095e-35 -0.3275862038135528 39.049999237060554 145.73332977294925 -455.23587036132807 39.45000076293946 870.45080566406261 39.95000076293946 -1.4999999999999998 371.50000000000006 50.500000000000007 10.500000000000002 -39.399261474609368
decision_type=2 2 2 2 2 2 2 2 2 2 2 2 2 2 2 2 2 2 2 2 2 2 2 2 2 2 2 2 2 2
left_child=1 -1 5 23 -5 8 7 -2 12 -10 -11 -12 -3 -14 -6 -16 -9 22 19 20 -19 -22 -17 26 25 -21 -4 28 -13 -30
right_child=6 2 3 4 14 -7 -8 16 9 10 11 27 13 -15 15 17 -18 18 -20 24 21 -23 -24 -25 -26 -27 -28 -29 29 -31
leaf_value=-0.10027581545721681 0.10907119956845115 -0.10071383874669476 -0.10072581820683522 -0.1007437404714366 0.14700939137598953 0.10144509484227544 0.10023447018918906 0.10039251098756302 -0.079694427515646024 -0.072453684769025764 -0.10628065303136268 0.025321374745063407 -0.063873480948119551 0.083217287478538848 -0.10411863807746698 0.08290283462836609 -0.11543033077929338 -0.093600106034443575 -0.099034169566603159 0.099166498512735499 -0.10474797145144719 0.030100506782147443 -0.10132529462781759 0.10079677586815444 -0.086522278686248344 -0.044762333574689034 0.017085092075232577 0.10697070652043794 -0.10545502737702356 0.0014293210110766143
leaf_weight=7.3247192774433634 0.95871782046742682 0.51660821633413334 6.5647601010277894 2.3299852446652976 0.57984830811620014 1.743789839092641 12.156621668953447 0.35087254224345066 2.6355458726175121 2.3543224367313078 1.1247953865677107 16.068081478821121 0.83874459005892266 4.3900717603974044 1.0722101348219464 2.868312163976952 0.94520084373652935 1.8597792976070229 1.5355687653645809 2.8190403277985761 0.86269258335233079 4.4021475582849199 0.39139557303860772 0.3344256468117236 0.49574729381129135 0.57471732469275583 0.77527329581789661 0.97022505663335223 2.1946056887973109 11.787721361033615
leaf_count=3563 95 118 2455 673 3 242 4468 79 273 61 61 943 17 242 224 190 28 169 125 122 57 282 37 50 34 22 118 36 128 294
internal_value=-3.3147e-05 -0.0157692 -0.00718291 -0.0273194 -0.00687492 0.00521085 0.0866814 0.0136104 0.00129739 -0.00549595 0.000172305 0.00549141 0.0452058 0.0596227 0.00565055 0.000795162 -0.0570028 0.00791053 -0.00582263 0.00717275 -0.018518 0.00800434 0.0607824 -0.0800429 0.054232 0.0747928 -0.0882823 0.00954422 0.00639865 -0.0153468
internal_weight=93.8265 79.4151 72.0904 27.4659 19.7914 44.6245 14.4114 2.25479 42.8807 37.1353 34.4998 32.1454 5.74542 5.22882 17.4615 16.8816 1.29607 15.8094 12.5497 11.0141 7.12462 5.26484 3.25971 7.67446 3.8895 3.39376 7.34003 31.0206 30.0504 13.9823
internal_count=15209 10539 6976 4561 1938 2415 4670 202 2173 1796 1523 1462 377 259 1265 1262 107 1038 811 686 508 339 227 2623 178 144 2573 1401 1365 422
is_linear=0
shrinkage=0.1


Tree=55
num_leaves=31
num_cat=0
split_feature=15 5 20 22 21 17 17 3 18 2 22 0 1 1 11 16 21 22 17 3 21 17 5 16 21 4 17 0 22 18
split_gain=11.488 5.2805 1.58298 2.68104 2.10217 1.52664 1.30147 1.36443 1.16027 1.08663 1.19577 1.06841 1.03786 1.13099 1.03592 1.15409 1.48919 1.10271 1.02428 0.955774 0.949436 2.0596 2.56507 2.6029 2.5217 2.06683 1.84512 1.50138 1.95896 2.84287
threshold=507.43333435058599 73.500000000000014 29.886748313903812 38.350000381469734 37.250000000000007 842.80474853515636 221.21818542480472 15508.500000000002 -587.82397460937489 917.50000000000011 53.250000000000007 143.50000000000003 12.500000000000002 31.500000000000004 2.5000000000000004 -2.1896551847457881 39.549999237060554 46.750000000000007 870.45080566406261 13115.000000000002 37.750000000000007 161.60405731201175 2965.5000000000005 -2.8448275327682491 36.149999618530281 8273.5000000000018 68.300258636474624 59.500000000000007 36.850000381469734 -510.34986877441401
decision_type=2 2 2 2 2 2 2 2 2 2 2 2 2 2 2 2 2 2 2 2 2 2 2 2 2 2 2 2 2 2
left_child=1 -1 5 18 -5 8 7 -2 -3 10 20 -9 -6 -14 15 17 -17 19 -4 -15 21 24 23 -23 -10 -25 -26 -22 29 -29
right_child=6 2 3 4 12 -7 -8 11 9 -11 -12 -13 13 14 -16 16 -18 -19 -20 -21 27 22 -24 25 26 -27 -28 28 -30 -31
leaf_value=-0.10024966445653612 0.10832995058452931 -0.094091552509943333 -0.087294818745799085 -0.10067344885374341 0.14085386663440494 0.10131036878020656 0.10021210732030583 0.10035503397662154 -0.10841505889394426 0.10167382628894864 -0.064024508117839204 -0.11411561472319171 -0.1037663107403005 -0.045779240641824218 -0.10821957295281984 0.050639589735797574 -0.10155158679738324 0.12158132590993175 0.10072110319873868 0.10187356812900317 0.045977457874023318 0.10495918554070832 0.097647286101241501 -0.094131320889659253 0.11678386556572849 0.082826823307046757 -0.056957786131528847 0.069526013760073044 -0.065490105536132881 -0.034200023676806426
leaf_weight=6.6293209642171851 0.8731183770578349 1.2406630348414172 6.7171612723032039 2.1096550342626896 0.54639269411564129 1.5798379227053363 11.002096014330162 0.3175951342564074 2.1855823798105112 1.1097045666538168 2.6136898214463136 0.864604651927948 0.97330287389922787 5.021570965182037 0.7359935598215096 7.5578825647244177 0.70272091450169671 0.50451510399579991 0.30281662265770126 0.48033634712919582 4.2392675932496813 1.5868338497821239 5.4130584234371781 2.6145955340471105 1.3657287806272509 0.8829132206737994 1.1064554806798694 4.2106092525646064 6.2059639978688201 7.0940419903490737
leaf_count=3563 95 21 2573 673 3 242 4468 79 108 120 164 28 224 342 90 498 65 8 50 35 242 93 375 124 21 13 23 122 310 437
internal_value=-6.03829e-05 -0.0149965 -0.00681767 -0.0265156 -0.00667197 0.00481205 0.0865666 0.0135221 0.0011709 0.00407991 0.00133942 -0.0564986 0.00533034 0.000695415 0.00747224 0.0134404 0.0376928 -0.0199138 -0.0791845 -0.0328886 0.00596863 0.0251835 0.0497396 -0.00126538 -0.0301596 -0.0494599 0.0390237 -0.00742018 -0.0203476 0.0044345
internal_weight=88.788 75.7306 69.1013 25.6523 18.6324 43.4489 13.0574 2.05532 41.8691 40.6284 39.5187 1.1822 16.5227 15.9763 15.003 14.267 8.2606 6.00642 7.01998 5.50191 36.9051 15.1552 10.4974 5.08434 4.65777 3.49751 2.47218 21.7499 17.5106 11.3047
internal_count=15209 10539 6976 4561 1938 2415 4670 202 2173 2152 2032 107 1265 1262 1038 948 563 385 2623 377 1868 757 605 230 152 137 44 1111 869 559
is_linear=0
shrinkage=0.1


Tree=56
num_leaves=31
num_cat=0
split_feature=15 5 5 12 11 22 18 15 19 17 22 0 18 5 3 17 5 13 17 3 9 18 3 12 21 22 12 19 20 21
split_gain=10.3082 4.83567 1.48394 2.65605 1.74861 1.42306 1.24948 1.258 1.57328 2.17673 2.00157 1.82237 1.71665 1.47746 1.23525 2.162 1.24553 1.23006 1.18623 1.22545 1.04716 1.02745 2.00396 1.70385 1.69362 2.39759 2.20869 1.67589 1.28098 1.59383
threshold=507.43333435058599 73.500000000000014 3515.5000000000005 55.500000000000007 175.50000000000003 47.049999237060554 -648.31991577148426 4.0166666507720956 1.0591424107551577 514.16119384765636 34.149999618530281 135.50000000000003 -393.11169433593744 2663.5000000000005 11350.500000000002 204.2571716308594 4272.5000000000009 314.44999694824224 221.21818542480472 15508.500000000002 32.500000000000007 -434.46205139160151 7937.0000000000009 -250.49999999999997 37.750000000000007 50.649999618530281 -28.499999999999996 1.2031992673873904 8.3395843505859393 39.049999237060554
decision_type=2 2 2 2 2 2 2 2 2 2 2 2 2 2 2 2 2 2 2 2 2 2 2 2 2 2 2 2 2 2
left_child=1 -1 6 -4 14 -6 -3 -8 9 -9 11 -10 13 -11 17 -16 -17 -5 19 -2 -7 23 28 -12 25 -24 -27 -25 -23 -30
right_child=18 2 3 4 5 20 7 8 10 12 21 -13 -14 -15 15 16 -18 -19 -20 -21 -22 22 24 27 -26 26 -28 -29 29 -31
leaf_value=-0.1002259853683793 0.1076388111488549 0.10067771718824232 0.081674529775932966 -0.041118303899226043 0.092176932288052474 0.06328013400839759 0.13291654883156515 -0.096954683302018507 -0.094116024467531853 -0.1003911439039382 -0.060928968300580227 0.10393936035140761 0.068176546251137296 0.042086100892743714 -0.11706963074721675 -0.10125597444138407 0.10334665540109995 0.098382513339539013 0.10019187710007529 -0.056030109556142488 -0.057864019425783987 0.090224898261918887 0.1128482235291741 0.042488246914574056 -0.10194944588547697 0.10161700596894536 -0.099653652728274866 -0.080458053154365591 -0.079735953795152859 0.012577320203486356
leaf_weight=5.9998028544941908 0.79484545346349378 0.9095138490665694 4.826438146177682 1.5496330801397546 2.5075700273737311 1.1794742029160263 0.54855492571368714 5.499918809742665 4.0475839623250058 2.1064068691339348 2.3549756417050949 0.52482094336301077 1.927128506824374 1.112071680370718 3.0773467193357646 0.44626934733241774 0.89270942774601281 1.0675086167175321 9.9570158421993238 1.0777870041783897 1.8061727932654319 0.65107144135982764 2.7524621640332034 12.183900988660747 0.86219297582283605 0.86731911031529341 1.468143187696114 1.2196890558116127 6.918007242609745 2.563319896813482
leaf_count=3563 95 143 685 38 152 44 5 2401 312 219 50 16 102 46 101 46 80 63 4468 107 36 28 87 556 63 67 43 84 1369 140
internal_value=-4.12661e-05 -0.014279 -0.00645053 0.0186465 -0.00563771 0.0366388 -0.015427 -0.0176451 -0.0194002 -0.0532167 -0.00951386 -0.0713832 -0.00646704 -0.0511614 -0.0386562 -0.070917 0.0351545 0.0157828 0.086459 0.0134397 -0.0100063 -0.000629372 -0.0184108 0.0175176 0.0276531 0.0496153 -0.0249079 0.0313005 -0.0454612 -0.0547786
internal_weight=83.6997 71.87 65.8702 17.3531 12.5267 5.49322 48.5171 47.6076 47.059 10.6455 36.4135 4.5724 5.14561 3.21848 7.03347 4.41633 1.33898 2.61714 11.8296 1.87263 2.98565 31.8411 16.0825 15.7586 5.95012 5.08792 2.33546 13.4036 10.1324 9.48133
internal_count=15209 10539 6976 1245 560 232 5731 5588 5583 2768 2815 328 367 265 328 227 126 101 4670 202 80 2487 1797 690 260 197 110 640 1537 1509
is_linear=0
shrinkage=0.1


Tree=57
num_leaves=31
num_cat=0
split_feature=15 5 6 22 21 7 21 0 17 0 2 22 4 4 17 14 13 8 22 21 15 19 21 17 3 16 20 18 15 18
split_gain=9.21075 4.4173 1.28388 2.92437 1.58413 1.32172 1.27123 2.06513 1.13387 1.08173 1.03615 0.913265 2.2195 1.33746 2.23023 1.4859 1.32296 1.2366 1.37717 2.63671 2.07171 1.72117 1.55905 1.25006 1.45531 1.50723 0.980316 0.883319 0.859196 1.69844
threshold=507.43333435058599 73.500000000000014 334.50000000000006 36.45000076293946 37.250000000000007 3.5000000000000004 42.95000076293946 107.50000000000001 221.21818542480472 143.50000000000003 900.50000000000011 34.149999618530281 10799.000000000002 10887.500000000002 198.98685455322268 19.055555343627933 353.60000610351568 1.0000000180025095e-35 36.850000381469734 37.649999618530281 255.05000305175784 1.162270784378052 36.149999618530281 591.64208984375011 10673.500000000002 -2.8448275327682491 12.3087215423584 -503.63768005371088 4.0166666507720956 -331.35502624511713
decision_type=2 2 2 2 2 2 2 2 2 2 2 2 2 2 2 2 2 2 2 2 2 2 2 2 2 2 2 2 2 2
left_child=1 -1 3 -3 5 -5 10 -8 9 -2 11 12 -4 17 15 -15 26 18 27 20 22 -21 23 24 25 -20 -16 -13 -6 -30
right_child=8 2 6 4 28 -7 7 -9 -10 -11 -12 13 -14 14 16 -17 -18 -19 19 21 -22 -23 -24 -25 -26 -27 -28 -29 29 -31
leaf_value=-0.10020454655336752 0.10156902905870693 -0.096505141992441465 -0.085452498888523451 -0.10055258867144568 0.12965960746853175 0.088580437250096761 -0.08414981236098959 0.10417679200245998 0.10017358862463221 -0.055524009191872108 0.099044933142562061 0.10363639774751716 0.1081998557554727 -0.11436322019081116 0.1088186933866018 0.0055553338325043432 0.10194634562839784 0.10457601483441813 0.10945430856619193 -0.11351947568177577 0.1021185937052374 0.066832699881880703 0.090448075682910412 0.10558128532620602 0.088248768609262798 -0.093383880730212587 -0.065212739627582547 -0.055171204887273763 0.0079340920020236922 -0.08325242538185558
leaf_weight=5.4299484227085477 0.77653305046260257 4.3992826709290993 3.0922238125931538 2.703387032961476 0.50945956446230667 0.42798621766269196 0.73802175349555854 2.7590159170795232 9.011042084079234 1.0064494814723728 1.0325699422974128 2.1636924075428401 0.731940138619393 3.0906439640093586 0.42196468822658095 1.5522179338149724 1.5153908738866446 1.5779155662748952 0.41031388752162445 2.6937663108110423 2.5498065203428268 0.65850863279774774 1.3687131348997352 0.60194371454417694 0.6686725541949271 3.4179448229260729 1.3895818991586564 0.4178938614204587 19.271994663984522 2.2847905514063269
leaf_count=3563 166 1783 127 1014 4 5 65 219 4468 36 144 80 41 151 10 37 312 59 9 74 285 29 21 18 10 165 115 43 1259 897
internal_value=-4.81513e-05 -0.0136926 -0.00617042 -0.0212768 -0.00814258 -0.0747025 0.00743884 0.064432 0.0857565 0.0128939 0.000649456 -0.00293773 -0.0483877 0.00415678 -0.029492 -0.0742716 0.0329996 0.0203811 0.0114953 -0.00236964 0.0257805 -0.0780918 -0.00431526 -0.029753 -0.0478684 -0.0716436 -0.0246755 0.0779294 0.00130279 -0.00173071
internal_weight=78.6736 67.8796 62.4496 29.5969 25.1976 3.13137 32.8527 3.49704 10.794 1.78298 29.3557 28.3231 3.82416 24.499 7.9698 4.64286 3.32694 16.5292 14.9513 12.3697 9.01739 3.35227 6.46759 5.09887 4.49693 3.82826 1.81155 2.58159 22.0662 21.5568
internal_count=15209 10539 6976 4962 3179 1019 2014 284 4670 202 1730 1586 168 1418 625 188 437 793 734 611 508 103 223 202 184 174 125 123 2160 2156
is_linear=0
shrinkage=0.1


Tree=58
num_leaves=31
num_cat=0
split_feature=15 2 6 17 4 17 3 19 17 18 20 22 15 0 9 9 22 0 17 22 21 20 22 21 18 6 17 21 0 21
split_gain=8.23263 4.09461 1.81567 1.14121 1.17069 1.07561 1.05668 1.05428 1.99561 1.18996 1.05453 0.935952 1.02402 0.895512 0.815525 1.0976 0.810095 2.32871 1.3752 0.861522 0.856786 0.84831 1.19356 1.96249 1.47577 0.938147 1.21756 1.65992 1.99854 1.56424
threshold=507.43333435058599 35.500000000000007 5.5000000000000009 888.57522583007824 14660.500000000002 221.21818542480472 15508.500000000002 1.0591424107551577 514.16119384765636 -393.11169433593744 44.987701416015632 39.850000381469734 246.44999694824222 143.50000000000003 51.500000000000007 43.500000000000007 34.149999618530281 134.50000000000003 842.80474853515636 53.250000000000007 33.350000381469734 21.119676589965824 50.649999618530281 36.250000000000007 -340.59799194335932 195.50000000000003 161.60405731201175 41.049999237060554 107.50000000000001 36.149999618530281
decision_type=2 2 2 2 2 2 2 2 2 2 2 2 2 2 2 2 2 2 2 2 2 2 2 2 2 2 2 2 2 2
left_child=1 2 -1 4 7 6 -2 8 -3 11 -11 12 -10 -8 15 16 17 18 -9 21 -21 25 23 -23 -25 -18 29 -28 -29 -27
right_child=5 3 -4 -5 -6 -7 13 14 9 10 -12 -13 -14 -15 -16 -17 19 -19 -20 20 -22 22 -24 24 -26 26 27 28 -30 -31
leaf_value=-0.100622513384692 0.10758951309448905 -0.090918594770334565 0.08417778731501134 0.10065503649305879 0.083409114840856641 0.1001570390184225 0.10030685524890925 -0.085043746566980633 -0.052206596132808085 -0.083531686121694759 0.1021818270794007 -0.090616466241935645 0.10612577257907425 -0.11179039854977622 0.10603379141786762 -0.11722429912992544 -0.093761622820023538 0.10422205555570051 0.10325480822787543 -0.079983412121440417 0.11459753602537755 0.11123602641544982 -0.10461576537570948 0.00065686115437752586 -0.089913585034063506 -0.091932379251828844 0.061641819302411339 0.10284495811263004 -0.081278537440052812 0.047793917423797044
leaf_weight=6.4171162850689134 0.6900044186040748 4.1360657969489676 0.579683725722134 1.0182260104920704 1.4220157199306402 8.154806307749821 0.27474517212249339 4.1287613493623203 0.92778949253261112 0.38230297295376647 1.5269656619057057 1.5487975613214073 0.72977318847551942 0.72271406091749668 0.6852477677166452 0.83851835248060425 0.65257392264902847 0.95720144710503507 0.4280686075799166 1.9442722224630409 0.25610080163460214 1.442888431251055 1.1765645053237666 14.960362025769422 2.0449747930979418 1.7080713273026042 9.9240853368537483 0.84501844388432745 1.9496754345018414 1.5090738467406479
leaf_count=4290 95 1900 11 225 200 4468 79 349 152 32 84 119 41 28 28 11 9 76 29 238 14 34 72 984 682 89 687 40 78 65
internal_value=-3.83169e-05 -0.0131057 -0.0853118 -0.00426453 -0.00616799 0.0851191 0.0124468 -0.00849656 -0.0392671 0.00249396 0.0649954 -0.0347233 0.0175022 -0.0533693 -0.00223318 -0.00389045 -0.00172706 -0.0375703 -0.067355 0.003418 -0.0573362 0.00710951 -0.00696212 -0.000734106 -0.0102347 0.0237568 0.0285691 0.0424709 -0.025606 -0.0263906
internal_weight=73.9825 64.1402 6.9968 57.1434 56.1252 9.84227 1.68746 54.7032 9.25169 5.11563 1.90927 3.20636 1.65756 0.997459 45.4515 44.7662 43.9277 5.51403 4.55683 38.4137 2.20037 36.2133 19.6248 18.4482 17.0053 16.5885 15.9359 12.7188 2.79469 3.21715
internal_count=15209 10539 4301 6238 6013 4670 202 5813 2328 428 116 312 193 107 3485 3457 3446 454 378 2992 252 2740 1772 1700 1666 968 959 805 118 154
is_linear=0
shrinkage=0.1


Tree=59
num_leaves=31
num_cat=0
split_feature=2 2 17 6 22 6 16 12 21 22 21 20 17 19 19 21 21 16 17 2 12 16 0 2 15 17 21 21 17 0
split_gain=7.46532 3.83045 1.85115 1.63899 1.11202 2.04319 1.47887 1.36102 1.16094 2.01159 1.57987 1.3927 1.31495 2.49504 1.43797 1.36165 1.74103 1.71554 1.51271 1.41358 2.98874 1.58416 1.40962 1.76561 1.87727 2.03187 1.24216 1.23778 1.06297 1.5442
threshold=900.50000000000011 35.500000000000007 842.80474853515636 5.5000000000000009 37.750000000000007 236.50000000000003 -6.1293103694915763 -268.49999999999994 39.750000000000007 39.149999618530281 38.549999237060554 35.506023406982429 585.34945678710949 1.1066840291023257 1.0435644984245303 37.750000000000007 36.049999237060554 1.086206912994385 161.60405731201175 279.50000000000006 358.50000000000006 -2.8448275327682491 155.50000000000003 131.50000000000003 43.083332061767585 549.20916748046886 38.149999618530281 37.750000000000007 297.85835266113287 134.50000000000003
decision_type=2 2 2 2 2 2 2 2 2 2 2 2 2 2 2 2 2 2 2 2 2 2 2 2 2 2 2 2 2 2
left_child=1 3 4 -1 5 -3 -6 -7 9 10 11 -8 15 14 -14 16 18 -17 -11 21 -21 -20 23 24 -18 -26 -19 -16 -9 -30
right_child=-2 2 -4 -5 6 7 8 28 -10 12 -12 -13 13 -15 27 17 22 26 19 20 -22 -23 -24 -25 25 -27 -28 -29 29 -31
leaf_value=-0.10057041536547269 0.094767681851698177 -0.10055960018774127 0.076003400177696134 0.077820075216614354 0.090684160854898346 -0.10128763424769585 0.11447912493452764 -0.058880927496824526 -0.081140085031305015 -0.10616697942033537 0.10356318400870353 -0.10191160750109166 0.096659414575958225 0.11242923758866452 0.065640917954093603 -0.099915946583784568 0.089752081387129645 -0.074577370886255392 0.10650715040211867 0.10444282598835519 -0.11618829206339086 -0.10096017951242081 -0.11334638191883453 0.083387794987764149 -0.10776401003202687 0.11666075795908373 0.073441997155268973 -0.09236739518575518 -0.0035032244121363295 0.10313342193358557
leaf_weight=5.8093024148838586 7.4244248485192648 3.1791859973454875 2.8201807318255296 0.56513369921594847 1.8156656482024107 1.506181877106427 0.45465575531124958 2.4876291117398059 1.7552963168127451 2.2848996146349334 3.1280013241339475 0.86006570875179023 0.82116765575483386 2.4241860155016184 0.652756663039327 3.8164948188932604 1.2284147280734017 1.0006290308665486 0.44756702519953284 2.0429376912070443 0.87779152020812024 2.07142626226414 0.65564365591853846 4.224822100950405 1.9589748213766145 0.50803909357637156 1.3081048685126004 2.0614841775968671 8.1048720580292848 1.6312943537486706
leaf_count=4290 3853 1791 875 11 220 69 4 458 130 161 128 200 102 406 10 307 75 28 25 180 15 292 9 246 374 12 86 201 492 159
internal_value=-3.47201e-05 -0.0112959 -0.0029532 -0.084755 -0.00713027 -0.0283208 0.00271381 -0.0115939 -0.00190474 0.00233193 0.0649025 -0.0270796 -0.00746128 0.0342904 -0.0192885 -0.0185567 -0.0034517 -0.0587542 -0.0378869 -0.00920661 0.0381347 -0.064098 0.0275654 0.0392301 -0.0112534 -0.0615476 0.00928888 -0.0543675 -0.000542068 0.0143637
internal_weight=69.9272 62.5028 56.1284 6.37444 53.3082 16.9092 36.399 13.73 34.5834 32.8281 4.44272 1.31472 28.3853 5.95959 3.53541 22.4257 16.3005 6.12523 7.72462 5.43972 2.92073 2.51899 8.57589 7.92025 3.69543 2.46701 2.30873 2.71424 12.2238 9.73617
internal_count=15209 11356 7055 4301 6180 2969 3211 1178 2991 2861 332 204 2529 719 313 1810 1389 421 673 512 195 317 716 707 461 386 114 211 1109 651
is_linear=0
shrinkage=0.1


Tree=60
num_leaves=31
num_cat=0
split_feature=2 2 17 6 22 6 16 12 21 22 21 0 17 19 19 21 12 21 17 17 2 12 16 0 6 22 18 22 22 21
split_gain=6.66204 3.4676 1.64796 1.48346 0.935817 1.91167 1.30037 1.19697 1.13334 1.81657 1.42234 1.25144 1.08843 2.32136 1.32809 1.17627 1.57807 1.56142 1.3807 1.36873 1.27559 2.68671 1.42147 1.24153 1.54701 2.11754 1.00402 1.50292 1.04571 1.63537
threshold=917.50000000000011 35.500000000000007 842.80474853515636 5.5000000000000009 37.750000000000007 236.50000000000003 -5.8793103694915763 -268.49999999999994 39.750000000000007 39.149999618530281 38.549999237060554 106.50000000000001 585.34945678710949 1.1066840291023257 1.0435644984245303 37.750000000000007 325.50000000000006 36.049999237060554 198.98685455322268 161.60405731201175 279.50000000000006 358.50000000000006 -2.8448275327682491 155.50000000000003 113.50000000000001 42.45000076293946 -497.18360900878901 34.149999618530281 36.649999618530281 45.250000000000007
decision_type=2 2 2 2 2 2 2 2 2 2 2 2 2 2 2 2 2 2 2 2 2 2 2 2 2 2 2 2 2 2
left_child=1 3 4 -1 5 -3 -6 -7 9 10 11 -8 15 14 -14 17 18 19 -17 -11 22 -22 -21 24 25 -19 27 -9 29 -28
right_child=-2 2 -4 -5 6 7 8 26 -10 12 -12 -13 13 -15 -16 16 -18 23 -20 20 21 -23 -24 -25 -26 -27 28 -29 -30 -31
leaf_value=-0.10052213964299368 0.094653672045787188 -0.10050878552383087 0.073122573318590164 0.071716826748404891 0.082542268937991756 -0.097928959941964336 -0.10173063256297131 -0.039732352311773515 -0.08450217571439432 -0.10561934427701634 0.10301149835757295 0.11295024258699593 0.095553202924379035 0.11204973372591256 -0.056702289199961335 0.089623908744411424 0.071810348902046503 0.063033787122578122 -0.094506137865451659 0.10589384527927714 0.10402773758776603 -0.11466026818694813 -0.10009206300168849 -0.10963174963635997 0.080301236371092433 -0.096875257699069614 -0.075480581361460894 0.079703113062582862 0.061826840620325424 0.033837269728130281
leaf_weight=5.2588707600953049 6.6691066905623293 2.8780270179267999 2.7151124295778564 0.55259385332465161 1.9204880512552289 1.4072326585883264 0.7795336475828758 1.6510795885696996 1.5892515215091396 2.0776372977998161 2.8447281183907762 0.41667209938168526 0.7452830658294255 2.184257137356326 2.4769411084707826 0.44795719673856993 0.82310892734676588 1.7675210031447934 4.4802921317750588 0.40720138372853432 1.863155539846048 0.80430195294320572 1.8897542310878632 0.61232930701225985 4.0217862600693479 1.5580840447219086 4.1802916824817649 2.9114211304113269 1.2125727098900823 2.0344715379178524
leaf_count=4290 3807 1791 908 11 236 69 200 80 127 161 128 4 101 403 209 24 61 92 344 25 181 15 292 9 251 360 649 99 76 206
internal_value=-4.2238e-05 -0.0108355 -0.00275151 -0.0841445 -0.00687285 -0.026565 0.0026344 -0.01068 -0.00219301 0.00213837 0.0645397 -0.0269512 -0.00750089 0.0324631 -0.0214864 -0.0179121 -0.0563623 -0.0031711 -0.0777695 -0.0374706 -0.00894988 0.0380881 -0.0635751 0.027174 0.0385753 -0.0118854 -0.00043973 0.0364818 -0.02312 -0.0396942
internal_weight=65.1811 58.512 52.7005 5.81146 49.9854 16.2751 33.7103 13.3971 31.7898 30.2005 4.04093 1.19621 26.1596 5.40648 3.22222 20.7531 5.75136 15.0018 4.92825 7.04205 4.96441 2.66746 2.29696 7.95972 7.34739 3.32561 11.9898 4.5625 7.42734 6.21476
internal_count=15209 11402 7101 4301 6193 2970 3223 1179 2987 2860 332 204 2528 713 310 1815 429 1386 368 674 513 196 317 712 703 452 1110 179 931 855
is_linear=0
shrinkage=0.1


Tree=61
num_leaves=31
num_cat=0
split_feature=15 5 17 18 20 22 21 3 17 9 0 18 22 21 21 0 17 22 1 18 22 0 17 0 15 12 18 2 9 21
split_gain=5.97066 3.06091 0.990546 0.956554 1.09375 1.90241 1.19558 0.874124 0.818449 0.833779 0.860601 0.917727 0.985522 0.869701 1.37433 1.80266 1.51894 1.34053 1.76618 1.56432 2.10396 1.13416 1.04891 0.995393 0.930012 1.41683 1.59283 0.908943 0.845744 0.803271
threshold=507.43333435058599 73.500000000000014 221.21818542480472 -648.31991577148426 29.886748313903812 38.350000381469734 37.250000000000007 15508.500000000002 842.80474853515636 51.500000000000007 59.500000000000007 -510.34986877441401 36.750000000000007 37.750000000000007 36.149999618530281 147.50000000000003 591.64208984375011 36.850000381469734 442.50000000000006 -497.18360900878901 34.149999618530281 135.50000000000003 297.85835266113287 110.50000000000001 208.90000152587893 334.50000000000006 -244.37347412109372 279.50000000000006 26.500000000000004 39.549999237060554
decision_type=2 2 2 2 2 2 2 2 2 2 2 2 2 2 2 2 2 2 2 2 2 2 2 2 2 2 2 2 2 2
left_child=1 -1 7 -3 8 -6 -7 -2 9 10 11 -5 -13 14 16 -16 24 19 -19 20 23 -21 -23 -15 -12 26 27 -26 -28 -8
right_child=2 3 -4 4 5 6 29 -9 -10 -11 13 12 -14 17 15 -17 -18 18 -20 21 -22 22 -24 -25 25 -27 28 -29 -30 -31
leaf_value=-0.10016021752675626 0.10604265743603543 0.10050577592560456 0.10011959968478271 -0.062540842529413526 -0.085312268171687189 -0.10046407443716553 0.0085231266126255169 -0.057277852089542496 0.10128800495801714 0.1054130951522254 -0.10205603218252837 -0.10044604954117697 0.082146162824235078 -0.10857797665091196 0.094478940651279722 -0.094361533489024138 0.1021793646428165 -0.093003468916365239 0.06858674675894455 -0.068226574433866705 0.10404710426669211 -0.10463542564559394 0.10346847654852015 0.043736052456217062 -0.079057393376430682 -0.094221652947448595 0.1063204041842125 0.10112268555588555 -0.09122750627336057 -0.084001442419352521
leaf_weight=3.6565967097412786 0.53698129393160232 0.83912187640089442 6.1910995473153889 0.69408792909234795 4.2451496529392925 1.2852418131660659 11.346576331532559 0.84089956781826913 0.84496324975043435 0.75272710574790735 1.3729011141695098 0.32827677309979764 2.9694667181465775 0.95954928733409139 3.0419338736683135 0.60624795220792282 1.0226339044747872 4.1353469064924857 0.80867555120494206 3.6270280753960744 2.4008251251652837 0.33847238309681393 0.85155935550574213 0.77607355639338493 1.5067413379438215 1.4483208574820308 1.796881402260625 0.34387527219951142 0.2464400092139839 1.0229037541430432
leaf_count=3563 95 191 4468 17 2573 673 1078 107 180 51 209 118 225 35 112 11 211 256 72 315 95 11 92 35 66 37 165 35 5 108
internal_value=-5.4647e-05 -0.0118635 0.0830532 -0.00535571 -0.00717702 -0.0268438 -0.00866643 0.00637065 0.0042256 0.00149435 -0.00117761 0.0419726 0.0639699 -0.00799028 0.0125001 0.0630978 -0.0113555 -0.0247777 -0.0665728 -0.00169888 0.0434081 -0.0404326 0.0442789 -0.0404717 -0.0286454 -0.00977968 0.0216279 -0.0455769 0.0824946 0.000871736
internal_weight=60.8376 53.2686 7.56898 49.612 48.7729 17.8999 13.6547 1.37788 30.873 30.0281 29.2753 3.99183 3.29774 25.2835 11.386 3.64818 7.73779 13.8975 4.94402 8.95351 4.13645 4.81706 1.19003 1.73562 6.71516 5.34226 3.89394 1.85062 2.04332 12.3695
internal_count=15209 10539 4670 6976 6785 4432 1859 202 2353 2173 2122 360 343 1762 851 123 728 911 328 583 165 418 103 70 517 308 271 101 170 1186
is_linear=0
shrinkage=0.1


Tree=62
num_leaves=31
num_cat=0
split_feature=2 5 17 12 9 17 22 21 0 5 15 17 21 1 0 12 1 22 0 21 19 12 21 19 22 6 6 19 18 19
split_gain=5.41558 2.86228 1.36211 0.861023 0.780081 0.750822 1.22505 1.47525 1.48158 1.21853 1.14205 1.34014 0.981584 1.37161 0.768526 0.691342 0.677069 0.692508 1.10481 2.01444 0.711478 0.871831 1.15377 0.792992 0.709606 0.679834 0.630877 0.705174 0.623202 0.766736
threshold=917.50000000000011 73.500000000000014 888.57522583007824 -338.49999999999994 51.500000000000007 172.76485443115237 39.049999237060554 36.049999237060554 143.50000000000003 3515.5000000000005 131.31666564941409 221.21818542480472 38.049999237060554 598.50000000000011 101.50000000000001 21.500000000000004 31.500000000000004 34.149999618530281 109.50000000000001 41.649999618530281 1.0650647282600405 -250.49999999999997 40.750000000000007 1.0315997004508974 35.850000381469734 467.50000000000006 600.50000000000011 1.0741549134254458 -353.20252990722651 1.2075539231300356
decision_type=2 2 2 2 2 2 2 2 2 2 2 2 2 2 2 2 2 2 2 2 2 2 2 2 2 2 2 2 2 2
left_child=1 -1 3 -3 5 6 -5 14 -9 15 -11 12 13 -12 -8 16 -7 18 -18 -20 23 -22 24 -19 -23 -25 27 -13 29 -26
right_child=-2 2 -4 4 -6 9 7 8 -10 10 11 26 -14 -15 -16 -17 17 20 19 -21 21 22 -24 25 28 -27 -28 -29 -30 -31
leaf_value=-0.10014512755822665 0.093316929182871461 0.10083001696659458 0.1003002169702954 -0.10067814770421735 0.10557453246712489 -0.10235034063140802 -0.10457350073556859 0.075071195534240229 -0.086209359753514889 -0.11350233235489511 0.073689342395396776 0.10074220035571389 -0.10393305094983696 -0.1107241304448376 0.011582873554635921 -0.091656767713822598 -0.097729048115231559 0.049588784106360306 -0.10507850258837884 0.10466708401981706 -0.06218579353342462 -0.10075613258314048 0.09327413448484545 -0.057184421640324438 0.031926586256726917 0.12912984640313843 0.099917840265136407 -0.070118019820975111 -0.026169513583886053 -0.044977506613769022
leaf_weight=3.3090989110642104 5.6058776384452349 0.73290160507894953 1.2202927479520429 2.2324650874361387 0.59270086418837209 0.77477049559821054 1.8033255853224548 2.2624188596382742 0.76124138850718726 0.50491245836019416 1.5586234861984856 0.44491558766458172 0.80413938499987114 0.54411018919199694 0.83258660056162614 1.0782304638996709 2.0325887990184159 0.98139992309734481 0.84091418818570662 1.0053224200382826 1.6171986781992078 0.59773969720117648 1.6821966008283187 4.5439033533330075 9.8550564381294006 0.20466522872447956 3.1998706399463117 0.52847282076254487 3.5553735897410581 1.4928003138629709
leaf_count=3563 3807 218 636 1541 27 356 169 285 26 6 77 103 24 14 29 258 329 203 37 53 38 155 68 841 655 1 892 52 611 135
internal_value=-3.06221e-05 -0.0101731 -0.00400713 -0.0067116 -0.00841275 -0.00988982 -0.0379472 -0.0132024 0.034467 -0.0040392 0.0318011 0.0421633 -0.00996564 0.0259699 -0.067884 -0.0130224 -0.0101172 -0.00760178 -0.0468649 0.00913326 -0.00139336 0.00800868 0.0146151 -0.032242 0.00607882 -0.0491542 0.0784736 0.00797863 0.0103638 0.0218099
internal_weight=57.2001 51.5942 48.2851 47.0648 46.3319 45.7392 7.89204 5.65957 3.02366 37.8472 7.58504 7.08013 2.90687 2.10273 2.63591 30.2622 29.1839 28.4092 3.87883 1.84624 24.5303 18.8004 17.1832 5.72997 15.501 4.74857 4.17326 0.973388 14.9032 11.3479
internal_count=15209 11402 7839 7203 6985 6958 2050 509 311 4908 1168 1162 115 91 198 3740 3482 3126 419 90 2707 1662 1624 1045 1556 842 1047 155 1401 790
is_linear=0
shrinkage=0.1


Tree=63
num_leaves=31
num_cat=0
split_feature=2 5 17 12 9 9 5 17 4 15 15 15 2 17 15 17 6 22 12 16 21 21 3 4 17 21 16 17 22 18
split_gain=4.80937 2.60886 1.22577 0.772869 0.696716 0.686482 0.679227 1.84424 1.09398 0.781634 0.742891 0.69637 0.828293 0.696143 0.656226 0.669937 1.30909 1.02113 1.02596 1.03011 1.03997 0.98967 0.97971 0.947104 0.757472 0.709426 1.83904 1.17223 1.41066 1.09476
threshold=917.50000000000011 73.500000000000014 888.57522583007824 -338.49999999999994 51.500000000000007 43.500000000000007 3515.5000000000005 221.21818542480472 10593.500000000002 233.66667175292972 131.31666564941409 4.0166666507720956 35.500000000000007 198.98685455322268 38.250000000000007 437.10064697265631 334.50000000000006 34.149999618530281 10.500000000000002 -8.4310345649719221 40.750000000000007 101.95000076293947 7937.0000000000009 1151.5000000000002 842.80474853515636 37.649999618530281 -2.5344828367233272 549.20916748046886 42.350000381469734 -244.37347412109372
decision_type=2 2 2 2 2 2 2 2 2 2 2 2 2 2 2 2 2 2 2 2 2 2 2 2 2 2 2 2 2 2
left_child=1 -1 3 -3 5 6 11 8 -8 -10 -9 -5 -13 -11 -14 16 23 21 19 -19 25 24 -18 -16 -17 27 -27 28 -21 -30
right_child=-2 2 -4 4 -6 -7 7 10 9 13 -12 12 14 -15 15 17 22 18 -20 20 -22 -23 -24 -25 -26 26 -28 -29 29 -31
leaf_value=-0.10013143978999704 0.091948109247702373 0.10075117801126306 0.10027177191428925 0.11878869356269106 0.10503987660448465 -0.11328340706440986 0.033899342452962201 -0.11119375344015195 0.046619214235967266 -0.10249445282751982 0.077261950996387288 -0.10150912426398645 0.051890754963564302 0.00783731026804259 0.075199546724640146 -0.10415577711690978 -0.068765457891199172 -0.082880483065718338 -0.10307078352682647 0.095066483529409954 0.082467229446487961 0.045510769826238424 0.065037095439770737 -0.092289572116338883 0.10341523371842024 -0.070163340865586135 0.016839945956862275 0.090709533387510893 -0.085493484150618193 0.10464194246399038
leaf_weight=2.994585007952991 5.1442139259306705 0.66364933829754491 1.1044638347811986 0.38579378230497141 0.53888856200501223 0.6265598083846261 2.2946092840284091 0.22124022617936123 0.63860834611114148 2.2963952732970943 3.8350877853808925 1.1036496445303772 1.4688375365221897 0.7615075735375284 0.36972228717059152 2.3938301424495911 0.87081559328362379 1.2557589306961805 0.92593287362251331 0.94501925306395351 1.819936417043208 0.69505528407171357 1.4726628495845941 3.888011732022278 0.18974048458039749 3.6054491363465893 7.4489859110908458 2.1079571964219213 1.7258081904146825 0.36727183521725204
leaf_count=3563 3807 218 636 5 27 10 102 3 27 139 1047 733 168 22 47 355 80 32 101 50 72 35 84 2520 6 280 721 129 157 33
internal_value=-3.61445e-05 -0.0096899 -0.0038049 -0.00636405 -0.00797042 -0.00936356 -0.00785241 0.0149156 -0.0203372 -0.0540045 0.0669832 -0.0147761 -0.0163541 -0.0750186 -0.0133754 -0.0165622 -0.0447076 -0.00864955 -0.000248543 0.00469053 0.0107929 -0.0604145 0.0153173 -0.0777456 -0.0889115 0.00274117 -0.0115365 0.0334116 -0.00634399 -0.0521305
internal_weight=54.16 49.0158 46.0212 44.9168 44.2531 43.7142 43.0877 10.0474 5.99112 3.69651 4.05633 33.0402 32.6544 3.0579 31.5508 30.082 6.60121 23.4807 20.2021 19.2762 18.0204 3.27863 2.34348 4.25773 2.58357 16.2005 11.0544 5.14606 3.0381 2.09308
internal_count=15209 11402 7839 7203 6985 6958 6948 1340 290 188 1050 5608 5603 161 4870 4702 2731 1971 1575 1474 1442 396 164 2567 361 1370 1001 369 240 190
is_linear=0
shrinkage=0.1


Tree=64
num_leaves=31
num_cat=0
split_feature=2 5 17 12 9 17 15 22 15 21 22 20 2 16 16 21 12 10 5 16 21 19 22 22 22 3 2 14 21 17
split_gain=4.27283 2.37879 1.13164 0.697952 0.623174 0.626267 0.999979 0.872579 1.62933 1.54941 1.31986 0.938779 0.892995 1.9447 1.05267 0.881546 0.814981 1.26546 1.22691 1.0295 1.56858 1.1915 0.964606 0.919225 2.02807 0.862695 0.773105 0.77097 1.35189 1.00303
threshold=937.50000000000011 73.500000000000014 888.57522583007824 -338.49999999999994 51.500000000000007 161.60405731201175 17.516667366027836 46.350000381469734 128.50000000000003 33.750000000000007 42.149999618530281 971.50000000000011 279.50000000000006 11.534482955932619 -2.8448275327682491 39.250000000000007 -13.499999999999998 49.500000000000007 3586.5000000000005 -2.5344828367233272 39.149999618530281 1.0379987359046938 35.45000076293946 36.850000381469734 34.149999618530281 9872.5000000000018 113.50000000000001 8.3888888359069842 36.049999237060554 82.502143859863295
decision_type=2 2 2 2 2 2 2 2 2 2 2 2 2 2 2 2 2 2 2 2 2 2 2 2 2 2 2 2 2 2
left_child=1 -1 3 -3 5 6 -5 10 -9 12 11 16 14 -14 -10 -13 18 -18 19 23 21 -21 25 24 -7 -22 -11 -8 -29 -30
right_child=-2 2 -4 4 -6 7 27 8 9 26 -12 15 13 -15 -16 -17 17 -19 -20 20 22 -23 -24 -25 -26 -27 -28 28 29 -31
leaf_value=-0.10011902558434821 0.091352468435443118 0.10067680739548504 0.10024205048498427 0.063392795432682308 0.10455674709027854 -0.05705497885509974 -0.099151601164942413 -0.10558750092699642 0.10443674050104984 -0.10498369092805965 -0.06772057645694736 0.082271522486392468 0.10330665365482093 -0.10993826195885958 -0.098091114593756606 -0.10083687570940388 -0.077053152615957965 0.061148845983215828 0.10132240248250578 0.060521768521485976 -0.10238614831768421 -0.090829855035458151 0.073443299571835194 -0.061866118123595916 0.093540478167632529 0.047438533802616908 0.10021042667366385 -0.1051168751455079 0.083860951098933156 -0.080172507784592062
leaf_weight=2.709931361488997 4.6484482304658732 0.60396364121697743 1.0253957392415021 0.82539363234536622 0.48974482924677332 2.1689521698281209 2.2485750454943627 0.85173624602611919 0.31787425768561695 0.19452158547937903 3.7195191457285537 1.9554767008521587 1.4361920279916378 0.60899990051984776 1.3322128873551262 0.30376544990576793 3.35463130363497 0.82561678823549289 1.1060911216773082 0.73019556090002913 0.69303405267419271 1.8080982219544237 4.0166421157773584 4.6309095614124089 1.521595040336251 0.86275232350453734 3.2748907281784341 1.1590696724597367 1.2252131154527885 0.53579814545810212
leaf_count=3563 3765 221 661 139 27 124 1684 249 25 5 749 246 122 15 176 56 763 24 331 177 254 491 219 293 84 57 545 64 60 20
internal_value=-6.51466e-05 -0.00919663 -0.00357466 -0.0060618 -0.00758952 -0.00890638 -0.0388172 -0.00388626 0.0251682 0.0407124 -0.0122955 -0.00369776 -0.00434736 0.0398084 -0.059076 0.0576518 -0.0100796 -0.0497577 -0.00062229 -0.00748444 0.0178689 -0.0472903 0.0475495 -0.0321957 0.00503481 -0.0193017 0.0887057 -0.0551394 -0.0212482 0.0339528
internal_weight=51.1852 46.5368 43.8269 42.8015 42.1975 41.7078 5.99405 35.7137 8.01643 7.16469 27.6973 23.9778 3.69528 2.04519 1.65009 2.25924 21.7185 4.18025 17.5383 16.4322 8.11072 2.53829 5.57243 8.32146 3.69055 1.55579 3.46941 5.16866 2.92008 1.76101
internal_count=15209 11444 7881 7220 6999 6972 1967 5005 1137 888 3868 3119 338 137 201 302 2817 787 2030 1699 1198 668 530 501 208 311 550 1828 144 80
is_linear=0
shrinkage=0.1


Tree=65
num_leaves=31
num_cat=0
split_feature=2 5 17 12 9 15 2 17 22 6 17 21 15 21 11 0 6 22 21 8 12 21 16 15 22 19 20 22 11 17
split_gain=3.88314 2.19567 1.21933 0.648579 0.582758 0.525437 0.829201 0.679841 0.915058 0.888024 0.985531 1.0056 0.749736 0.915535 0.631297 0.679107 0.517305 1.26365 0.801082 0.507907 0.759813 0.593405 1.58283 1.45276 1.35546 1.25972 0.913917 0.853491 0.828331 0.761042
threshold=1049.5000000000002 73.500000000000014 888.57522583007824 -338.49999999999994 51.500000000000007 4.0166666507720956 35.500000000000007 179.54704284667972 39.250000000000007 642.50000000000011 249.09925842285159 37.750000000000007 141.94999694824222 36.149999618530281 167.50000000000003 99.500000000000014 1.0000000180025095e-35 41.95000076293946 39.549999237060554 1.0000000180025095e-35 -10.499999999999998 39.149999618530281 -2.2931034564971919 145.73332977294925 40.750000000000007 1.0797796845436098 16.290672302246097 35.750000000000007 -1.4999999999999998 775.85751342773449
decision_type=2 2 2 2 2 2 2 2 2 2 2 2 2 2 2 2 2 2 2 2 2 2 2 2 2 2 2 2 2 2
left_child=1 -1 3 -3 5 -5 -7 8 -8 16 11 -11 13 -10 -14 -16 17 18 -9 20 21 23 25 -18 -25 29 -27 -24 -29 -23
right_child=-2 2 -4 4 -6 6 7 9 12 10 -12 -13 14 -15 15 -17 19 -19 -20 -21 -22 22 27 24 -26 26 -28 28 -30 -31
leaf_value=-0.10010777840977586 0.10011519252230634 0.1005932356078537 0.10021145409524312 0.1154411788896586 0.10393968504419958 -0.10129877027529206 -0.10064119122235236 0.098914529560900147 -0.10093032738190882 0.074578156297700079 0.089445460219363074 -0.044142325775658103 -0.075984835473228429 0.094802440881364441 -0.05226830989320197 0.079146404762310663 -0.095000253032449467 -0.10054850888832667 -0.10084736151869672 0.11854448025155249 -0.058135560214691934 -0.058079549715689585 -0.016691416702753446 -0.080334945474906383 0.022598813606046275 0.030854413467517411 -0.071926021017804265 0.095305987209939255 -0.0337412308579155 0.10390316086743728
leaf_weight=2.4523087887209831 3.5811170220258637 0.56733713200082903 1.1193419212358993 0.33976953732781012 0.46733442810363968 0.95899994223145668 1.6596137930173416 1.6409164060023678 0.31165698042605061 1.143105553928762 2.1082736914395355 1.8982580085285006 1.9981525262119251 1.0246664212318135 0.84929213067516662 0.73229578137397766 2.2979220260749624 0.52928515546955157 0.22873085807077576 0.29084788262843986 3.4092420115484883 0.40563297364860762 1.413758659560697 1.7046194146387277 5.1272152855526656 1.1145779741927979 3.865728136850521 3.1078791280742739 0.59217592375352968 1.0179061127710154
leaf_count=3563 3503 243 836 5 33 733 1372 168 68 74 862 67 165 80 29 25 597 202 34 2 633 81 287 503 513 47 220 176 37 51
internal_value=-5.31181e-05 -0.00813649 -0.00275677 -0.00558133 -0.00707835 -0.0083829 -0.00944987 -0.00716032 -0.0364376 -0.00112453 0.0369022 0.000479121 -0.0147631 0.0491537 -0.0386234 0.00857841 -0.00844601 0.0358596 0.0744759 -0.0128114 -0.0143995 -0.00717793 0.00791558 -0.0262192 -0.00308431 -0.0252117 -0.0489241 0.0493997 0.0746526 0.0577467
internal_weight=47.958 44.3768 41.9245 40.8052 40.2379 39.7705 39.4308 38.4718 6.57568 31.8961 5.14964 3.04136 4.91606 1.33632 3.57974 1.58159 26.7464 2.39893 1.86965 24.3475 24.0567 20.6474 11.5177 9.12976 6.83183 6.40385 4.98031 5.11381 3.70006 1.42354
internal_count=15209 11706 8143 7307 7064 7031 7026 6293 1739 4554 1003 141 367 148 219 54 3551 404 202 3147 3145 2512 899 1613 1016 399 267 500 213 132
is_linear=0
shrinkage=0.1


Tree=66
num_leaves=31
num_cat=0
split_feature=20 5 17 12 9 17 5 22 15 11 17 21 21 0 22 20 6 19 12 1 22 0 21 15 20 13 22 18 16 21
split_gain=3.50637 1.99772 1.11622 0.571256 0.51031 0.558694 0.918898 0.915978 0.878011 0.882495 0.875729 0.86891 0.786588 0.632898 0.626538 0.550765 0.538835 0.705562 0.493307 0.488113 0.422201 0.90857 1.56835 0.41976 0.64305 1.52441 1.01486 0.869793 0.631261 0.615458
threshold=3.3249291181564335 73.500000000000014 888.57522583007824 -338.49999999999994 51.500000000000007 172.76485443115237 3515.5000000000005 39.049999237060554 141.94999694824222 167.50000000000003 249.09925842285159 37.750000000000007 36.149999618530281 99.500000000000014 54.649999618530281 71.043079376220717 600.50000000000011 1.0741549134254458 21.500000000000004 31.500000000000004 34.149999618530281 109.50000000000001 41.649999618530281 403.33332824707037 21.119676589965824 115.04999923706056 51.649999618530281 -331.35502624511713 -2.8448275327682491 37.649999618530281
decision_type=2 2 2 2 2 2 2 2 2 2 2 2 2 2 2 2 2 2 2 2 2 2 2 2 2 2 2 2 2 2
left_child=-1 -2 3 -3 5 7 18 -5 12 -10 11 14 -9 -11 -8 -14 17 -12 19 -7 21 -21 -23 24 25 -22 -27 29 -28 -26
right_child=1 2 -4 4 -6 6 10 8 9 13 16 -13 15 -15 -16 -17 -18 -19 -20 20 23 22 -24 -25 27 26 28 -29 -30 -31
leaf_value=0.10014176740940567 -0.10009759926267132 0.10054611574648781 0.1001738579676492 -0.10055783192710832 0.10365732626714773 -0.10165917464908725 0.090413881933754311 -0.10080601022184764 -0.097116954215068219 -0.051309949110461134 0.10072712653769821 -0.046555377112473054 0.10257709730909266 0.076733133197777706 -0.076738818691872282 -0.10011790199776445 0.096871273208830891 -0.084974177532095824 -0.088192277571100472 -0.093936247954253274 -0.094834943296095264 -0.10368955592878687 0.1040208712948235 -0.10955478405976322 0.032751528588118341 0.089085364714710347 0.10398334670689582 -0.087665040484743662 -0.071217063346665735 -0.014340258669282062
leaf_weight=3.244291409791912 2.2191550911520599 0.50292958650970732 1.0292732310481358 1.5961740248021659 0.41427016881061618 0.55003120627953705 1.1131488818791688 0.29589788144221518 1.5617953069158832 0.8138759264256803 0.38414786348585073 1.9584406941430641 1.1768126245588062 0.73433263855986297 0.28081405675038684 0.15128773765172798 2.17405652301386 0.43774672434665263 0.80281871923943882 1.5758462267112947 0.77921088598669186 0.63572482136078157 0.84897802514024079 0.35189981013536353 3.7526093820342874 2.8773960280232136 0.27877596137113869 1.2939759949804184 0.78406082349829354 10.656264060176907
leaf_count=3241 3563 234 898 1541 29 356 90 90 137 27 103 72 47 38 14 181 1113 51 258 329 14 37 53 6 316 212 23 943 132 1061
internal_value=-2.49762e-05 -0.00775651 -0.00260942 -0.00533719 -0.00672829 -0.00793595 -0.00249385 -0.0350476 -0.0129594 -0.04408 0.0315073 -0.00360373 0.0466374 0.00942232 0.0567409 0.0794875 0.0707957 0.00182133 -0.0110636 -0.0085243 -0.00637504 -0.04105 0.0150828 -0.00126655 0.000599377 0.0329672 0.0582411 -0.00912868 -0.025263 -0.0020758
internal_weight=45.276 42.0318 39.8126 38.7833 38.2804 37.8661 31.5359 6.33018 4.734 3.11 6.34835 3.3524 1.624 1.54821 1.39396 1.3281 2.99595 0.821895 25.1876 24.3848 23.8347 3.06055 1.4847 20.7742 20.4223 4.71944 3.94023 15.7028 1.06284 14.4089
internal_count=15209 11968 8405 7507 7273 7244 5183 2061 520 202 1443 176 318 65 104 228 1267 154 3740 3482 3126 419 90 2707 2701 381 367 2320 155 1377
is_linear=0
shrinkage=0.1


Tree=67
num_leaves=31
num_cat=0
split_feature=20 5 17 12 9 17 15 21 21 5 17 21 4 17 23 6 19 1 12 2 6 22 21 22 21 22 15 16 16 16
split_gain=3.16001 1.81804 1.00545 0.513361 0.456897 0.507389 0.70664 0.668276 1.65825 0.665305 0.930559 0.923102 1.22391 0.60415 0.501433 0.485642 0.623691 0.461326 0.448677 0.461502 0.427018 1.11438 0.707048 0.544148 1.02172 1.00372 0.971855 0.739032 0.64931 0.8572
threshold=3.3249291181564335 73.500000000000014 888.57522583007824 -338.49999999999994 51.500000000000007 161.60405731201175 18.516666412353519 36.45000076293946 36.049999237060554 3515.5000000000005 249.09925842285159 37.850000381469734 10988.500000000002 204.2571716308594 1.0000000180025095e-35 600.50000000000011 1.0741549134254458 591.50000000000011 21.500000000000004 35.500000000000007 1.0000000180025095e-35 41.95000076293946 39.549999237060554 46.350000381469734 33.750000000000007 42.45000076293946 255.05000305175784 -2.8448275327682491 -2.5344828367233272 -1.4310344457626341
decision_type=2 2 2 2 2 2 2 2 2 2 2 2 2 2 2 2 2 2 2 2 2 2 2 2 2 2 2 2 2 2
left_child=-1 -2 3 -3 5 6 14 8 -8 18 11 12 -11 -14 -5 16 -12 -15 19 -7 21 22 -21 25 26 28 27 -25 -22 -30
right_child=1 2 -4 4 -6 9 7 -9 -10 10 15 -13 13 17 -16 -17 -18 -19 -20 20 23 -23 -24 24 -26 -27 -28 -29 29 -31
leaf_value=0.10012831537184808 -0.1000883640456266 0.10049422457983813 0.10015736499780524 0.10227134187514902 0.10330772250741183 -0.10143603485115471 -0.092579823548832818 -0.098166737147508093 0.074378327009171755 0.097526921099541475 0.10065796649866857 -0.074519271191288927 -0.1011747446034742 0.10771668293299533 -0.1006286384798209 0.095723385699483826 -0.080878727116138568 -0.046371824764869611 -0.086144581960267058 0.097596447543729287 -0.03349044348561938 -0.10049467030210353 -0.10075527771733883 0.10439331520907653 0.076268597712156189 -0.10998512263005991 0.10111739410183143 -0.10251972638098208 0.038515967280615515 -0.023761910962337783
leaf_weight=2.9359306560945688 2.0081504194531581 0.4552925429888991 0.93147050641709839 0.53664179547922686 0.37605107622221012 0.51813289429993403 1.3316129476879726 1.8302096364786846 1.0752474558539686 1.3114674215321422 0.34781803656369481 1.3149115215055642 0.71560866700019665 0.36663452791981399 0.15756202093325455 1.9895980420405974 0.41512803733348846 0.41335425619035959 0.76032852684147556 1.4976248653256363 7.3356324302731197 0.46766438684426237 0.20421770401298989 0.20324835972860444 1.8719458190607836 1.105405285139567 0.43126922263763834 1.1454339575720944 4.3330278671346711 4.5110062701278224
leaf_count=3241 3563 234 898 24 29 400 170 1573 75 46 103 63 72 24 127 1113 51 18 260 174 529 202 34 9 108 243 67 270 557 932
internal_value=-4.47504e-06 -0.00736109 -0.00245482 -0.00503653 -0.00635049 -0.00748993 -0.0373014 -0.0526239 -0.0179925 -0.00278709 0.0246893 -0.005376 0.0270127 -0.0348201 0.0562195 0.0697125 0.00188169 0.0260576 -0.0105331 -0.00809968 -0.00600673 0.0362244 0.0737946 -0.0103828 0.0246906 -0.0177929 -0.029553 -0.0713376 -0.0114942 0.00675038
internal_weight=42.8976 39.9617 37.9535 37.0221 36.5668 36.1907 4.93127 4.23707 2.40686 31.2595 6.87452 4.12198 2.80706 1.4956 0.694204 2.75254 0.762946 0.779989 24.3849 23.6246 23.1065 2.16951 1.70184 20.937 3.6519 17.2851 1.77995 1.34868 16.1797 8.84403
internal_count=15209 11968 8405 7507 7273 7244 1969 1818 245 5275 1490 223 160 114 151 1267 154 42 3785 3525 3125 410 208 2715 454 2261 346 279 2018 1489
is_linear=0
shrinkage=0.1


Tree=68
num_leaves=31
num_cat=0
split_feature=2 5 17 12 9 9 22 21 18 17 0 18 0 22 1 22 8 19 19 2 21 16 21 0 0 22 21 21 22 16
split_gain=2.85863 1.65306 0.892048 0.471291 0.418942 0.465672 0.471677 1.57353 0.786588 0.783266 0.830512 0.810449 0.848497 1.08434 0.676174 0.660537 0.578295 0.56019 0.988228 1.16958 1.04475 0.535519 0.820372 0.851743 0.913558 1.21485 0.866283 1.03947 0.698547 0.642338
threshold=1049.5000000000002 73.500000000000014 888.57522583007824 -338.49999999999994 51.500000000000007 43.500000000000007 37.750000000000007 39.850000381469734 -587.82397460937489 198.98685455322268 134.50000000000003 -550.10855102539051 116.50000000000001 33.750000000000007 274.50000000000006 36.649999618530281 1.0000000180025095e-35 1.0741549134254458 1.040667772293091 131.50000000000003 38.549999237060554 -5.7068965435028067 39.95000076293946 143.50000000000003 109.50000000000001 40.95000076293946 38.049999237060554 37.250000000000007 44.649999618530281 -2.3275862932205196
decision_type=2 2 2 2 2 2 2 2 2 2 2 2 2 2 2 2 2 2 2 2 2 2 2 2 2 2 2 2 2 2
left_child=1 -1 3 -3 5 6 7 16 -9 -10 11 15 13 14 -13 -11 -5 18 19 20 -8 -19 23 24 25 -23 27 29 -25 -27
right_child=-2 2 -4 4 -6 -7 17 8 9 10 -12 12 -14 -15 -16 -17 -18 21 -20 -21 -22 22 -24 28 -26 26 -28 -29 -30 -31
leaf_value=-0.10007999413203661 0.10008877503276743 0.10043968914829547 0.10015680597342774 -0.099401135538717586 0.10291540716169073 -0.10303898457848273 -0.10769031659602749 -0.09186040423576558 -0.10106900553980219 0.090915782393421449 0.10177000699629297 -0.072110922829158083 -0.097229395118764203 0.10109324969797021 0.1058771520451703 -0.040420466589690465 0.083280917216288053 0.083932119112080872 -0.057590925188046017 0.087181730726769338 0.070220869476458975 0.052319785824352039 -0.093890540028922165 -0.10276933029019451 0.078726998305190685 0.083376386036824499 -0.08333737809670716 0.099585257625916052 0.067072311454713165 -0.02831408505012474
leaf_weight=1.8171938011364535 2.6670964627410276 0.42091982014244322 0.82969342957949166 2.6255067159072483 0.34955992409959336 0.49875400774180789 0.89587631978793358 0.8357308383565395 0.57487788895377878 1.4421000443398946 1.0575719256885348 1.235740268661176 1.0932625441928392 0.83179433830082405 0.25800327374599863 0.52138735400512803 0.18552850931882847 0.96854181314119614 3.6049134925124235 1.3793184297392143 0.52261993853608146 4.125993297202518 0.7621785018709496 1.0404759764205671 2.2116246217046855 0.57994922017678163 1.4941411154577506 0.91979580232873548 0.31562078197021026 4.5914239434059754
leaf_count=3563 3503 243 836 2312 33 13 550 42 52 94 229 330 90 84 12 17 2 108 643 156 127 338 72 85 478 94 208 57 150 688
internal_value=1.36581e-05 -0.00701212 -0.00233673 -0.0047428 -0.00601057 -0.0071119 -0.00570778 -0.0231429 -0.000154265 0.0107715 0.0207554 0.00483674 -0.0245707 0.00958706 -0.0413684 0.0560406 -0.0873441 0.00223178 -0.0229804 0.0216144 -0.0421421 0.011722 0.00736211 0.012413 0.0197816 0.00865006 -0.0151039 0.00163355 -0.06324 -0.0157884
internal_weight=40.6572 37.9901 36.1729 35.3432 34.9223 34.5727 34.074 10.6615 7.85047 7.01474 6.43986 5.38229 3.4188 2.32554 1.49374 1.96349 2.81104 23.4125 6.40273 2.79781 1.4185 17.0097 16.0412 15.279 13.9229 11.7113 7.58531 6.09117 1.3561 5.17137
internal_count=15209 11706 8143 7307 7064 7031 7018 3264 950 908 856 627 516 426 342 111 2314 3754 1476 833 677 2278 2170 2098 1863 1385 1047 839 235 782
is_linear=0
shrinkage=0.1


Tree=69
num_leaves=31
num_cat=0
split_feature=20 5 17 20 17 21 10 12 22 21 16 22 0 21 5 22 21 21 18 21 18 0 17 5 21 12 18 21 7 19
split_gain=2.60678 1.49993 0.818539 0.429951 1.08746 0.508333 0.499857 0.549717 0.593894 1.10901 0.985219 1.15723 0.925644 0.822912 0.516862 0.633769 1.15484 1.25537 0.946227 1.50825 0.874968 0.989427 0.791593 0.783072 0.59712 0.584321 0.531705 0.481534 0.604463 0.456915
threshold=3.3249291181564335 73.500000000000014 888.57522583007824 16.290672302246097 607.88626098632824 42.049999237060554 49.500000000000007 8.5000000000000018 37.549999237060554 39.850000381469734 -7.1896553039550772 35.45000076293946 135.50000000000003 101.95000076293947 2717.0000000000005 39.250000000000007 40.049999237060554 38.45000076293946 -599.36233520507801 38.049999237060554 -445.49896240234369 82.500000000000014 549.20916748046886 812.50000000000011 37.750000000000007 -58.499999999999993 -562.19580078124989 41.850000381469734 2.5000000000000004 1.0899078249931338
decision_type=2 2 2 2 2 2 2 2 2 2 2 2 2 2 2 2 2 2 2 2 2 2 2 2 2 2 2 2 2 2
left_child=-1 -2 3 4 5 -3 7 8 9 -5 -11 12 13 -12 15 16 17 -10 23 20 -20 22 -22 -17 25 -23 -16 28 -9 -6
right_child=1 2 -4 6 29 -7 -8 27 14 10 11 -13 -14 -15 26 18 -18 -19 19 -21 21 24 -24 -25 -26 -27 -28 -29 -30 -31
leaf_value=0.10011558573020876 -0.10007242695639916 0.0030538829777625592 0.10012891111605156 -0.099636412277986433 -0.058805634329748169 -0.097187964688000686 0.10734544925744359 -0.096167715203355736 -0.10144285976931955 -0.082762128546626859 -0.1016327547645709 0.085380324017904949 0.10239936958693928 0.042802396732735483 -0.058174667072148446 0.11918339695745778 -0.10200104355097306 0.077192566033381094 0.10126886151232006 -0.10125592336092271 -0.077715748101136253 0.090142125362613956 0.098100097294821942 -0.070043473607804344 -0.077821143078755317 -0.094884968361056671 0.087723814106180617 0.08744949345152174 0.047491509309538132 0.095218113431003601
leaf_weight=2.4362714056042014 1.6443830019852601 7.3376602606731449 0.76282657869160075 1.8133722605707685 0.21584235085174475 0.54334268090315152 0.34591497969813545 1.8245979404891839 0.45622358101536509 1.332308107812423 1.3073889042134403 1.5048762477235866 0.44499218952842046 0.56490760296583165 0.31363923929166038 0.80211297178175189 0.56570865958929051 2.8569358412642032 0.70537578407674928 2.1907209889614023 2.3170001918042549 1.2849349093157796 0.28790694195777167 0.30067038559354842 0.36124033480882634 0.19682367611676443 1.2269388377899293 0.20436066755792115 0.34889432950876642 1.7887354065314864
leaf_count=3241 3563 759 898 1536 9 75 7 1158 203 60 353 115 36 33 14 56 61 226 76 450 897 148 7 30 40 16 207 47 13 875
internal_value=2.04761e-05 -0.0067816 -0.00229687 -0.00463315 0.0128702 -0.00385713 -0.0119781 -0.0137563 -0.0085573 -0.0323749 -0.00871186 0.0171002 -0.0272418 -0.0580539 0.00341114 -0.00341453 0.0300476 0.0525944 -0.0187808 -0.0317505 -0.00220288 -0.0186121 -0.0582837 0.0675913 0.0374602 0.0655648 0.058021 -0.0593084 -0.0731072 0.0786336
internal_weight=38.2869 35.8506 34.2063 33.4434 9.88558 7.881 23.5578 23.2119 20.8341 6.96785 5.15447 3.82216 2.31729 1.8723 13.8662 12.3257 3.87887 3.31316 8.44679 7.344 5.15328 4.44791 2.60491 1.10278 1.843 1.48176 1.54058 2.37785 2.17349 2.00458
internal_count=15209 11968 8405 7507 1718 834 5789 5782 4564 2133 597 537 422 386 2431 2210 490 429 1720 1634 1184 1108 904 86 204 164 221 1218 1171 884
is_linear=0
shrinkage=0.1


Tree=70
num_leaves=31
num_cat=0
split_feature=20 2 6 17 17 7 21 0 6 17 21 13 11 18 12 11 10 9 12 17 20 0 5 6 5 22 19 20 22 0
split_gain=2.35315 1.3625 0.732299 0.721498 0.390818 0.609252 0.88964 0.858507 0.575164 0.851095 0.662314 1.27951 0.566831 0.386203 0.35226 0.569887 0.539544 0.473643 0.400319 0.335117 0.329981 0.32718 0.312122 0.354773 0.562195 0.586062 0.470753 0.431492 0.970636 0.800365
threshold=3.3249291181564335 35.500000000000007 5.5000000000000009 888.57522583007824 161.60405731201175 3.5000000000000004 36.049999237060554 143.50000000000003 642.50000000000011 249.09925842285159 37.850000381469734 498.50000000000006 249.50000000000003 -648.31991577148426 41.500000000000007 45.500000000000007 6.5000000000000009 3.5000000000000004 8.5000000000000018 191.181022644043 14.115677356719972 207.50000000000003 3586.5000000000005 488.50000000000006 2663.5000000000005 34.549999237060554 1.1250931620597842 21.550044059753422 38.750000000000007 87.500000000000014
decision_type=2 2 2 2 2 2 2 2 2 2 2 2 2 2 2 2 2 2 2 2 2 2 2 2 2 2 2 2 2 2
left_child=-1 2 -2 4 5 -3 -7 -8 13 10 11 -10 -12 -6 15 16 17 18 20 -13 -15 -16 23 24 25 -22 -25 28 -27 -30
right_child=1 3 -4 -5 8 6 7 -9 9 -11 12 19 -14 14 21 -17 -18 -19 -20 -21 22 -23 -24 26 -26 27 -28 -29 29 -31
leaf_value=0.10010461887676605 -0.10040355287987138 -0.10016403858671255 0.066274278884444177 0.10011667319577629 0.10042594610890875 -0.087372242483157087 0.070328239753418786 -0.073824614617426315 0.10372608297544268 0.088245408140653306 -0.10407481551996373 -0.10187873552506804 0.039625559204681887 0.07872586807157117 -0.1012348437175805 0.096626395868881665 -0.088034837225726498 0.12249722985478416 -0.10288005445429904 0.0080415092355597979 -0.10335147730574563 0.1006864563982918 0.089448169600545246 -0.086372166554458812 0.043882111330473449 0.093139045301300016 0.018897659432125968 -0.015063080620378512 -0.10384962522769797 0.074697289785960228
leaf_weight=2.2046587451477526 2.0862237652181643 0.99676542278030611 0.30171344662085164 0.69031412113690649 0.33427636069246247 0.99173794779926572 1.4214293099939825 0.58242208953015495 1.2417124133207833 1.7259474692400543 0.82743085618130841 0.52613803662825354 0.41076819039881229 0.46410288568588143 0.64184226476936501 0.5325724808499207 0.81180500160553393 0.28792423021513869 0.42334650165866961 0.5865786366048269 0.65607748547336697 0.091711998917162418 0.331423987634479 1.2182574146427203 2.1516741057857862 1.2349758506752544 0.65222964738495637 10.476950823853256 0.66988431214122079 0.40156401589047164
leaf_count=3241 4290 1471 11 898 83 72 74 31 67 1261 54 27 24 42 225 25 104 13 119 39 315 13 124 69 246 109 58 1919 140 45
internal_value=7.59681e-06 -0.00652723 -0.079344 -0.000986391 -0.0032604 -0.0324422 -0.00990818 0.02843 0.00110318 0.0305311 0.00280432 0.0339414 -0.0564027 -0.0062172 -0.007911 -0.00545248 -0.0082009 -0.00478419 -0.00674599 -0.0439333 -0.00451684 -0.0759898 -0.00668809 -0.00851277 -0.00357567 -0.0111737 -0.0496651 -0.00644291 0.0327143 -0.0369327
internal_weight=35.9745 33.7698 2.38794 31.3819 30.6915 3.99235 2.99559 2.00385 26.6992 5.31858 3.59263 2.35443 1.2382 21.3806 21.0463 20.3128 19.7802 18.9684 18.6805 1.11272 18.2571 0.733554 17.793 17.4616 15.5911 13.4395 1.87049 12.7834 2.30642 1.07145
internal_count=15209 11968 4301 7667 6769 1648 177 105 5121 1472 211 133 78 3649 3566 3328 3303 3199 3186 66 3067 238 3025 2901 2774 2528 127 2213 294 185
is_linear=0
shrinkage=0.1


Tree=71
num_leaves=31
num_cat=0
split_feature=20 5 17 13 22 18 17 3 14 20 21 21 22 16 22 0 20 18 22 15 11 19 21 10 3 18 0 5 21 22
split_gain=2.12233 1.24091 0.665877 0.362793 0.57619 0.857408 0.570998 0.805939 0.975889 0.742701 0.517848 0.492252 0.458294 0.783151 0.452421 0.697115 0.451317 0.718837 1.12138 0.459577 0.827421 0.52172 0.456642 0.4363 0.657776 0.379644 0.465686 0.789282 0.681537 1.30318
threshold=3.3249291181564335 73.500000000000014 888.57522583007824 285.15000915527349 36.350000381469734 -510.34986877441401 217.60556793212893 11058.000000000002 22.500000000000004 15.501419067382814 36.049999237060554 41.649999618530281 51.649999618530281 -2.8448275327682491 34.350000381469734 110.50000000000001 23.805509567260746 -519.00564575195301 38.750000000000007 238.3666687011719 4.5000000000000009 1.0741549134254458 38.049999237060554 -20.499999999999996 13115.000000000002 -648.31991577148426 36.500000000000007 662.50000000000011 37.649999618530281 36.750000000000007
decision_type=2 2 2 2 2 2 2 2 2 2 2 2 2 2 2 2 2 2 2 2 2 2 2 2 2 2 2 2 2 2
left_child=-1 -2 3 4 5 14 7 -5 -9 -8 -10 23 16 -14 15 -3 17 -6 -19 20 -20 -22 -23 -11 -25 -18 27 -27 -28 -30
right_child=1 2 -4 6 12 -7 9 8 10 11 -12 -13 13 -15 -16 -17 25 18 19 -21 21 22 -24 24 -26 26 28 -29 29 -31
leaf_value=0.10009467724703772 -0.10006462126814926 -0.10521848403808397 0.10010559679459269 0.08053310037588951 -0.10596004979977905 -0.085920779872800529 0.08916337970902552 -0.086537701055070054 -0.052746814378665421 0.06582730927849248 0.1047681972246008 0.076377060272364808 0.10212211490712375 -0.091400719233102723 0.10091654685692963 0.063882899477013408 0.1003853053729146 0.10352597063378786 -0.10399446316009378 0.097291206285330514 -0.10271367123359798 0.073977533225809217 -0.02415375908044743 -0.084057264467451376 0.048925832825663602 -0.0046951446871347172 0.0082580776630489846 0.1199017892591302 0.084679810643247866 -0.083670420323906425
leaf_weight=1.9950457264203567 1.3491888649004966 0.50274686393095203 0.62468764890218054 0.66352717485278789 0.39221645891666401 2.2177377205807813 1.7077573780552482 1.7268599822418766 0.34318342665210355 0.48760346678318511 0.53268744423985481 0.74700800870778028 0.25331883854232717 1.1983124730468251 0.41990029672160745 0.473288789158687 0.30258198350203258 1.6121639213524819 0.73025252518709827 0.44818449718877662 0.30999612598679993 1.2467191711766648 0.76527824788354326 1.1601958157261831 0.54746335675008606 4.677746596280473 2.5402144298132043 0.57041081227362145 0.53851041570305858 3.1462200889945962
leaf_count=3241 3563 68 898 34 13 1717 1192 220 11 75 58 111 30 381 50 38 83 99 57 91 9 74 38 82 235 1266 886 9 20 560
internal_value=4.68931e-06 -0.00618976 -0.00208914 -0.00419871 -0.0107156 -0.0472755 0.014197 -0.0178479 -0.0429286 0.0367059 0.0430507 0.00625847 -0.00366276 -0.0576298 0.0141208 -0.0232196 0.000870683 0.0245072 0.0345161 0.00273287 -0.0111519 0.0180466 0.0366526 -0.0176016 -0.0414238 -0.0101788 -0.0130947 0.00884703 -0.0315934 -0.0590666
internal_weight=34.231 32.236 30.8868 30.2621 22.3458 3.61367 7.91629 3.26626 2.60273 4.65003 0.875871 2.94227 18.7321 1.45163 1.39594 0.976036 17.2805 5.50481 5.11259 3.50043 3.05225 2.32199 2.012 2.19526 1.70766 11.7757 11.4731 5.24816 6.22494 3.68473
internal_count=15209 11968 8405 7507 5489 1873 2018 323 289 1695 69 503 3616 411 156 106 3205 381 368 269 178 121 112 392 317 2824 2741 1275 1466 580
is_linear=0
shrinkage=0.1


Tree=72
num_leaves=31
num_cat=0
split_feature=2 5 17 12 9 9 22 21 22 22 0 6 20 10 20 0 19 19 19 2 21 13 21 22 22 20 17 20 21 18
split_gain=1.91634 1.12736 0.591169 0.34273 0.345955 0.401796 0.370479 1.17466 0.637886 0.734027 0.512314 0.468776 0.688177 0.4544 0.604899 0.785953 0.437845 0.383866 0.730715 0.931774 0.80647 0.446855 0.489835 0.602967 0.789212 0.591949 0.586398 0.520697 0.754053 0.759611
threshold=1049.5000000000002 73.500000000000014 888.57522583007824 -338.49999999999994 51.500000000000007 43.500000000000007 37.750000000000007 39.850000381469734 36.850000381469734 36.049999237060554 75.500000000000014 334.50000000000006 24.630224227905277 2.5000000000000004 16.803649902343754 135.50000000000003 1.092575788497925 1.0758714079856875 1.040667772293091 131.50000000000003 38.549999237060554 678.54998779296886 33.750000000000007 44.149999618530281 42.049999237060554 71.043079376220717 55.152170181274421 14.678769111633303 39.850000381469734 -340.59799194335932
decision_type=2 2 2 2 2 2 2 2 2 2 2 2 2 2 2 2 2 2 2 2 2 2 2 2 2 2 2 2 2 2
left_child=1 -1 3 -3 5 6 7 -5 9 11 -10 -9 13 14 16 -16 -13 18 19 20 -8 22 -19 24 27 26 -25 -24 29 -29
right_child=-2 2 -4 4 -6 -7 17 8 10 -11 -12 12 -14 -15 15 -17 -18 21 -20 -21 -22 -23 23 25 -26 -27 -28 28 -30 -31
leaf_value=-0.1000585162067566 0.10006263464418788 0.10035858684462023 0.10010521264092698 -0.087156321207391002 0.10269420499692444 -0.10137685889647347 -0.10695648299148497 -0.1035020808314801 0.053426965321414145 0.095771302106164358 -0.10280847026506437 -0.030396906893333915 0.10316491023638019 -0.087045895446873633 -0.096183510639140324 0.10185636983080566 0.10145211958876893 -0.02168450064931737 -0.05049291266614693 0.08509984545076088 0.0667428575348301 -0.080338818827241337 0.10262664225548482 -0.049499185108445282 -0.085114955060826225 -0.10050366444411155 0.08316598260399867 0.036157609148233703 -0.085999929158788055 -0.10211457712421626
leaf_weight=1.2208673541317718 1.8075969738420088 0.31153512099991232 0.55645486662979138 2.0969770980300471 0.29464397567789902 0.43693607271416013 0.70968611698481543 0.41588148695882443 0.27381020132452227 0.92892148639657524 0.89895868045277894 0.37082402268424741 0.63263199850916851 0.63049406051868562 0.78457121050450929 0.26914204296190292 0.78511868690839037 2.8815403420012418 3.2153635910653975 1.1866829965729264 0.4287975593470037 0.51106571208220053 0.67751953209517335 0.37471850425936359 0.80895743519067753 0.22089725662954141 3.0056128276046365 4.4602253495832089 0.71644319669576351 0.43615424534071934
leaf_count=3563 3503 243 836 2314 33 13 550 276 27 83 50 14 67 76 118 46 193 509 666 156 127 102 62 64 253 79 618 364 92 112
internal_value=1.67056e-05 -0.00590452 -0.00198408 -0.00395904 -0.00510125 -0.00622922 -0.00472951 -0.0227421 -0.000193265 0.0159071 -0.0663317 -0.00317076 0.00884437 -0.0121651 0.00920101 -0.0455997 0.0591552 0.00269007 -0.0196106 0.0230952 -0.0415345 0.0114573 0.0149114 0.0247663 0.00785944 0.0580956 0.0684597 0.0198162 0.00982025 0.0238408
internal_weight=32.349 30.5414 29.3206 28.7641 28.4526 28.1579 27.721 8.08733 5.99035 4.81758 1.17277 3.88866 3.47278 2.84015 2.20966 1.05371 1.15594 19.6337 5.54053 2.32517 1.13848 14.0931 13.5821 10.7005 7.0993 3.60123 3.38033 6.29034 5.61282 4.89638
internal_count=15209 11706 8143 7307 7064 7031 7018 3264 950 873 77 790 514 447 371 164 207 3754 1499 833 677 2255 2153 1644 883 761 682 630 568 476
is_linear=0
shrinkage=0.1


Tree=73
num_leaves=31
num_cat=0
split_feature=20 5 17 4 17 21 12 13 22 8 18 15 21 22 4 18 22 22 17 15 12 16 21 6 0 12 21 18 22 21
split_gain=1.74074 1.02328 0.542232 0.309293 0.638043 0.874203 0.620015 0.456843 0.745607 0.492955 0.544646 0.670687 0.657936 1.0353 0.929147 0.709857 0.933697 0.748812 0.609473 0.530702 0.675756 0.881798 0.521486 0.971021 0.51114 0.459298 0.505171 0.420718 0.868932 1.30876
threshold=3.3249291181564335 73.500000000000014 888.57522583007824 12946.500000000002 221.21818542480472 36.549999237060554 334.50000000000006 285.15000915527349 42.850000381469734 1.0000000180025095e-35 -353.20252990722651 255.05000305175784 37.649999618530281 40.95000076293946 5197.5000000000009 -497.18360900878901 36.850000381469734 34.350000381469734 2.4927666187286381 158.81666564941409 -6.4999999999999991 -3.7068965435028072 40.049999237060554 201.50000000000003 110.50000000000001 -39.499999999999993 41.649999618530281 -599.36233520507801 39.250000000000007 39.049999237060554
decision_type=2 2 2 2 2 2 2 2 2 2 2 2 2 2 2 2 2 2 2 2 2 2 2 2 2 2 2 2 2 2
left_child=-1 -2 3 6 5 -5 7 9 25 10 12 18 19 14 22 16 17 24 -12 20 21 -3 27 -24 -16 26 -9 -14 29 -29
right_child=1 2 -4 4 -6 -7 -8 8 -10 -11 11 -13 13 -15 15 -17 -18 -19 -20 -21 -22 -23 23 -25 -26 -27 -28 28 -30 -31
leaf_value=0.10008142801221172 -0.10005296516688289 0.11407068494273898 0.10008648395223047 0.10228285172298397 0.094750999459153468 -0.068195405388715435 -0.096967523257505017 -0.016075871093259732 0.093949539439920376 0.063333077434791982 0.07608414516055137 0.058084889528750377 0.1109981004069707 -0.082935125713612445 -0.10401966579620235 -0.10115325113954472 -0.089778214052138927 0.10232976687033452 -0.058514884903050707 0.084033878871596177 0.10128891925239968 -0.10620404918586453 -0.10244897825372 0.091378799507060265 0.046628444101493069 -0.076796985835426781 0.079782161832219547 -0.10102610896756391 -0.064624277691729237 0.10187263238949527
leaf_weight=1.6451756900351053 1.1047445691365307 0.24405786022543907 0.51154223547200572 0.44724776188377224 0.93772985288524058 0.9186131437018048 0.74417099397396569 1.4730364506249323 1.1606915128359103 0.86501611268613388 0.3599629495292892 0.64487276226282109 0.83334475907031258 1.7976332748075936 0.4489802727475769 1.1647586585604583 0.90925985248759378 0.85174804972484708 5.1416840587044135 1.4060560542857272 0.42757880329738573 0.71168657395173796 0.69024245493346803 0.41317598189925775 0.45192067115567625 0.62426126911304791 0.87713853962486599 0.39306663628667715 0.71928787673823524 1.6626089257188139
leaf_count=3241 3563 3 898 50 845 162 45 165 472 39 37 222 106 328 74 263 104 77 3195 121 36 167 207 64 41 143 146 157 132 106
internal_value=2.32263e-05 -0.00566563 -0.001919 -0.00382897 0.0312345 -0.0123727 -0.00705774 -0.00430115 0.0259737 -0.0105181 -0.0138329 -0.038399 -0.00232879 -0.0139597 0.000562094 -0.0360424 -0.00755209 0.0351062 -0.0497083 0.0407694 -0.00320616 -0.0499549 0.0302907 -0.02987 -0.0284498 -0.000551943 0.0197005 0.0486878 0.0299755 0.0630763
internal_weight=30.5813 28.9361 27.8314 27.3198 2.30359 1.36586 25.0162 24.2721 4.13513 20.1369 19.2719 6.14652 13.1254 10.336 8.53839 3.82667 2.66191 1.75265 5.50165 2.78938 1.38332 0.955744 4.71173 1.10342 0.900901 2.97444 2.35017 3.60831 2.77496 2.05568
internal_count=15209 11968 8405 7507 1057 212 6450 6405 926 5479 5440 3454 1986 1659 1331 559 296 192 3232 327 206 170 772 271 115 454 311 501 395 263
is_linear=0
shrinkage=0.1


Tree=74
num_leaves=31
num_cat=0
split_feature=20 5 17 9 9 22 21 0 16 6 12 21 17 20 18 17 21 22 0 2 21 11 19 0 22 13 21 20 0 17
split_gain=1.57092 0.9292 0.489219 0.300788 0.316555 0.326016 0.991742 0.530441 0.529571 0.439462 0.713461 0.58857 0.579847 0.531969 0.487602 0.434885 0.426745 0.942939 0.680392 0.554825 0.756977 0.687508 0.676221 0.656668 0.655463 0.564095 0.682849 0.592096 0.627141 0.588548
threshold=3.3249291181564335 73.500000000000014 888.57522583007824 51.500000000000007 44.500000000000007 37.750000000000007 39.850000381469734 134.50000000000003 -5.7068965435028067 475.50000000000006 -232.49999999999997 41.549999237060554 712.81710815429699 29.886748313903812 -460.27856445312494 297.85835266113287 39.750000000000007 39.549999237060554 23.500000000000004 70.500000000000014 37.649999618530281 219.50000000000003 1.0412496328353884 126.50000000000001 41.95000076293946 110.09999847412111 34.049999237060554 107.79038619995119 155.50000000000003 161.60405731201175
decision_type=2 2 2 2 2 2 2 2 2 2 2 2 2 2 2 2 2 2 2 2 2 2 2 2 2 2 2 2 2 2
left_child=-1 -2 3 4 5 6 -3 9 -7 10 -8 -11 -13 14 -12 -9 17 -10 -19 24 25 22 23 -22 -20 -21 29 28 -28 -27
right_child=1 2 -4 -5 -6 8 7 15 16 11 13 12 -14 -15 -16 -17 -18 18 19 20 21 -23 -24 -25 -26 26 27 -29 -30 -31
leaf_value=0.10007369732876344 -0.10004795567773268 -0.084895329642539222 0.10007826741172786 0.10242779765901976 -0.094004267396529478 0.073568161803540269 -0.10266575116803188 -0.10153426356708253 0.056555702211774507 -0.10130061647103027 0.079463610077126157 -0.096469528900198567 0.059473466385206841 -0.10213624061357332 -0.10019930626848879 0.10109070988651106 -0.069927892979776085 -0.086029890093576034 0.087929375404611709 -0.095020235064767394 -0.095321775034685488 0.10329823308303265 -0.083924803494995148 0.10088767910425588 -0.059194501138611237 -0.084971969660165236 0.077563134196558553 -0.11544099965957007 -0.091371514303204393 0.010107299009647845
leaf_weight=1.4887256669753721 0.99966175571899185 1.8311019801185597 0.46289862346020427 0.26456920488271762 0.39125950503512186 1.0261093687440901 0.41386117669753741 0.1235784776508807 2.7476313664810652 1.0168373068154326 1.51298318488989 0.36508395947748773 0.68737771717133 0.22521734776091773 0.16781485575484101 0.74137778615113348 0.83940946630900626 1.0256654795957718 1.2593760774470855 0.48302765164407713 0.27670648676576171 0.27995335398009036 2.57291370438179 0.44469817169010639 0.39868153596762557 0.8579896037699658 2.6069254550384366 0.19817978731589381 0.23997831484302867 2.6992007937515154
leaf_count=3241 3563 2314 898 29 18 282 17 12 459 107 165 62 94 175 143 362 229 547 121 231 44 37 456 90 207 107 682 24 42 451
internal_value=5.48004e-05 -0.00542754 -0.00181183 -0.00364721 -0.00475067 -0.00335614 -0.0215205 0.000566016 0.00381114 -0.013539 0.0163457 -0.0470425 0.00537906 0.0421871 0.0615256 0.0721412 -0.00041667 0.0032095 -0.00777547 -0.00125938 -0.00962974 -0.0471492 -0.0599344 0.0256284 0.0525533 0.00929745 0.0169294 0.0516886 0.0633229 -0.0128257
internal_weight=28.6488 27.1601 26.1604 25.6975 25.4329 25.0417 7.08523 5.25413 17.9564 4.38918 2.31988 2.0693 1.05246 1.90602 1.6808 0.864956 16.9303 16.0909 13.3433 12.3176 10.6596 3.57427 3.29432 0.721405 1.65806 7.0853 6.60227 3.04508 2.8469 3.55719
internal_count=15209 11968 8405 7507 7478 7460 3451 1137 4009 763 500 263 156 483 308 374 3727 3498 3039 2492 2164 627 590 134 328 1537 1306 748 724 558
is_linear=0
shrinkage=0.1


Tree=75
num_leaves=31
num_cat=0
split_feature=2 2 6 18 15 17 5 15 17 3 21 14 17 20 12 11 16 10 0 6 19 14 6 21 22 16 18 0 12 21
split_gain=1.43431 0.829667 0.548016 0.387136 0.304369 0.383436 0.553951 0.483437 0.574055 0.632589 0.470595 0.848753 0.369881 0.332662 0.324986 0.340372 0.313659 0.300913 0.299887 0.271614 0.29661 0.26315 0.259673 0.349684 0.713696 0.572112 0.606119 0.777686 0.568808 0.568442
threshold=937.50000000000011 35.500000000000007 5.5000000000000009 -648.31991577148426 38.250000000000007 161.60405731201175 3515.5000000000005 131.31666564941409 221.21818542480472 11475.500000000002 36.049999237060554 8.3888888359069842 198.98685455322268 14.115677356719972 21.500000000000004 57.500000000000007 -0.25862068682909006 8.5000000000000018 143.50000000000003 600.50000000000011 1.0741549134254458 -0.50000001490116108 488.50000000000006 39.149999618530281 38.850000381469734 -0.3275862038135528 -445.49896240234369 33.500000000000007 -226.49999999999997 38.250000000000007
decision_type=2 2 2 2 2 2 2 2 2 2 2 2 2 2 2 2 2 2 2 2 2 2 2 2 2 2 2 2 2 2
left_child=1 2 -1 -3 16 10 13 -8 9 -9 -6 -12 -11 21 15 17 -5 22 -13 20 -10 -7 23 24 -15 26 27 -25 -29 -26
right_child=-2 3 -4 4 5 6 7 8 19 12 11 18 -14 14 -16 -17 -18 -19 -20 -21 -22 -23 -24 25 29 -27 -28 28 -30 -31
leaf_value=-0.10039350533803429 0.08796966470145437 0.10022646504305018 0.061031123298809047 -0.093273895033263929 -0.10253488235286445 0.10105883622622316 -0.10561388489925297 0.062579726221629453 0.10027839599353233 -0.096032741169338243 -0.10080365954189262 0.068731087294171822 0.016608160241893273 -0.10086710417226652 -0.1006851760793418 0.10624733096187643 0.077834496625701133 -0.087138070559025088 -0.052579400643777266 0.097022280156027985 -0.056990132451979959 -0.04992336459141089 -0.049129900012347044 -0.10217568064831528 0.0088005592500535103 -0.096388891977775171 0.078286433828889779 -0.0761348032326844 0.039817863607890108 -0.075123548213359259
leaf_weight=1.3617450577294281 1.7354198906687077 0.36983185764984838 0.24871883681043971 0.12433074539876543 0.84371303892112637 0.45645996159873903 0.24575536092743178 0.96784284408204291 0.2124620548274837 0.66204039531294234 0.67777906041010272 0.87518366787116952 0.52088623470626771 0.93949094731941851 0.40573957475135181 0.24782500881701786 0.77440446161199261 0.51316948956810016 0.2656297164503485 1.5571581761178093 0.27533291233703494 0.15451611555181699 1.4479137862217619 0.60289523540996048 4.4378815373056568 0.43545593574526709 1.4347420957055872 0.50173231191001866 2.6981573739321902 0.98647214449010778
leaf_count=4290 3765 300 11 28 154 76 7 53 147 84 1288 67 26 730 254 6 142 61 25 1446 52 7 138 83 1026 54 215 33 450 191
internal_value=3.03682e-05 -0.00601479 -0.0754632 -0.00128261 -0.00289625 -0.00518906 -0.000376206 0.0307057 0.0386903 0.00262267 -0.0408093 -0.0121726 -0.0464328 -0.00942125 -0.0124361 -0.00992261 0.0541634 -0.0119793 0.0404849 0.0766243 0.0115091 0.0628754 -0.00911912 -0.00430621 -0.0203989 0.0137462 0.022903 0.00200757 0.0216369 -0.00646187
internal_weight=26.9807 25.2453 1.61046 23.6348 23.265 22.3662 19.7039 4.44148 4.19572 2.15077 2.66231 1.81859 1.18293 15.2625 14.6515 14.2457 0.898735 13.9979 1.14081 2.04495 0.487795 0.610976 13.4847 12.0368 6.36384 5.67298 5.23753 3.80278 3.19989 5.42435
internal_count=15209 11444 4301 7143 6843 6673 5139 1815 1808 163 1534 1380 110 3324 3241 2987 170 2981 92 1645 199 83 2920 2782 1947 835 781 566 483 1217
is_linear=0
shrinkage=0.1


Tree=76
num_leaves=31
num_cat=0
split_feature=2 5 17 12 9 9 22 21 22 22 6 20 0 8 15 4 21 13 14 17 1 22 18 21 20 18 21 13 22 22
split_gain=1.30618 0.765399 0.396671 0.264839 0.263445 0.302824 0.280082 0.786434 0.438297 0.566361 0.382081 0.51578 0.373521 0.371414 0.359352 0.485539 0.465523 0.29067 0.452415 0.269102 0.373508 0.384211 0.585647 0.728747 0.528782 0.46798 0.782994 0.721647 0.515386 0.598066
threshold=1049.5000000000002 73.500000000000014 888.57522583007824 -338.49999999999994 51.500000000000007 43.500000000000007 37.750000000000007 39.850000381469734 36.850000381469734 36.049999237060554 334.50000000000006 24.630224227905277 75.500000000000014 1.0000000180025095e-35 332.66665649414068 7356.0000000000009 41.649999618530281 678.54998779296886 -7.7222220897674552 3.9238716363906865 31.500000000000004 38.95000076293946 -460.27856445312494 39.049999237060554 35.506023406982429 -625.62506103515614 38.45000076293946 325.30000305175787 42.049999237060554 44.149999618530281
decision_type=2 2 2 2 2 2 2 2 2 2 2 2 2 2 2 2 2 2 2 2 2 2 2 2 2 2 2 2 2 2
left_child=1 -1 3 -3 5 6 7 13 9 10 -9 14 -10 -5 15 -12 -16 18 -8 -20 -21 22 -22 24 -24 -23 28 -28 -27 -30
right_child=-2 2 -4 4 -6 -7 17 8 12 -11 11 -13 -14 -15 16 -17 -18 -19 19 20 21 25 23 -25 -26 26 27 -29 29 -31
leaf_value=-0.10004362976937937 0.10004502643143301 0.1003372622829236 0.10007475531321053 -0.098287200550665546 0.10201958643626237 -0.097572299117788475 0.10258365703825208 -0.10352884372106544 0.050990283686522787 0.094305818103859212 0.063804984837699294 0.10252515789624493 -0.10093031392513548 0.068124447356920817 -0.053538565672421268 -0.090060329477363019 0.080559170443146949 -0.078607635116717312 0.096100370614655983 -0.10118464561024597 -0.045626682694948434 0.10191316813689788 0.10496814287323403 0.10181627443028987 -0.1011217261892482 0.053507827746040876 -0.077904508752604185 0.082575177416369938 -0.064831527521616486 0.0074762606701598002
leaf_weight=0.82045569249021966 1.241720939578953 0.24332036398119328 0.37617241116822597 1.4441469373414353 0.22967890230938692 0.35258570360019703 0.46090185819777651 0.34908875616383817 0.21291720937006164 0.70661996834678564 0.27112811768893219 0.47236806014552701 0.67460666241822764 0.1478502582758664 0.42453923163702689 0.84200590528780594 0.66343752489774488 0.42742247489513907 0.29813976664443487 0.3550845812424076 0.64547359757125411 0.39599490037655094 0.18646607547998328 1.4321543042897245 0.37462606476037763 1.7714737934293028 2.2221826110035194 0.32064255961449806 1.4212081968435084 5.8618569340324029
leaf_count=3563 3503 243 836 2312 33 13 81 276 27 83 74 67 50 2 34 128 211 102 47 469 89 66 4 113 201 279 400 101 446 1356
internal_value=-4.02363e-06 -0.00509459 -0.00179145 -0.00344258 -0.00454218 -0.00561871 -0.00417018 -0.022225 -0.00132553 0.0137059 -0.00513682 0.00771069 -0.0644845 -0.0828324 -0.0126369 -0.0525831 0.0282329 0.00276067 0.00496937 0.00202598 0.000154559 0.00261381 0.0371604 0.0639694 -0.0326325 -0.00498696 -0.0086371 -0.0576685 0.00513261 -0.00663379
internal_weight=25.6463 24.4045 23.5841 23.2079 22.9646 22.7349 22.3823 6.20871 4.61671 3.72919 3.02257 2.67348 0.887524 1.592 2.20111 1.11313 1.08798 16.1736 15.7462 15.2853 14.9872 14.6321 2.63872 1.99325 0.561092 11.9934 11.5974 2.54283 9.05454 7.28307
internal_count=15209 11706 8143 7307 7064 7031 7018 3264 950 873 790 514 77 2314 447 202 245 3754 3652 3571 3524 3055 407 318 205 2648 2582 501 2081 1802
is_linear=0
shrinkage=0.1


Tree=77
num_leaves=31
num_cat=0
split_feature=20 5 17 12 9 9 22 21 0 9 17 14 22 22 0 21 12 1 16 21 22 0 21 20 2 21 22 11 15 19
split_gain=1.184 0.694687 0.364148 0.235408 0.235199 0.240873 0.233753 0.717904 0.424291 0.349182 0.333814 0.332905 0.407563 0.827843 0.383106 0.410177 0.353853 0.350702 0.258146 0.329121 0.680003 0.504996 0.464972 0.534729 0.460114 0.626965 0.565435 0.552792 0.547007 0.505969
threshold=3.3249291181564335 73.500000000000014 888.57522583007824 -338.49999999999994 51.500000000000007 44.500000000000007 37.750000000000007 39.850000381469734 134.50000000000003 17.500000000000004 297.85835266113287 -0.50000001490116108 36.850000381469734 33.95000076293946 106.50000000000001 41.649999618530281 -187.49999999999997 218.50000000000003 -5.7068965435028067 39.750000000000007 39.549999237060554 23.500000000000004 38.45000076293946 35.506023406982429 70.500000000000014 37.649999618530281 41.750000000000007 219.50000000000003 39.483333587646491 1.0412496328353884
decision_type=2 2 2 2 2 2 2 2 2 2 2 2 2 2 2 2 2 2 2 2 2 2 2 2 2 2 2 2 2 2
left_child=-1 -2 3 -3 5 6 7 9 11 -5 -10 12 13 14 -9 -16 -14 -17 -8 20 22 -22 23 -20 26 -26 -23 29 -28 -27
right_child=1 2 -4 4 -6 -7 18 8 10 -11 -12 -13 16 -15 15 17 -18 -19 19 -21 21 24 -24 -25 25 27 28 -29 -30 -31
leaf_value=0.10005915309447973 -0.10003949813595979 0.10030920869140031 0.10006165035328518 -0.097898462278635495 0.10184841006455923 -0.089807086501018485 0.060345014512410672 -0.10141698815419974 -0.10117924111922155 0.068203455140871075 0.10097447268688919 -0.093320718527975688 -0.10266162515533127 0.095836214548808113 -0.10436908682932158 -0.10772848376138196 0.047492715976930652 0.072768327476705044 0.10420595674013398 -0.067094405612622254 -0.082842913971722845 0.10223190794411681 0.078739983636315791 -0.10098032982588193 0.0084880045773784874 0.020453581394860788 0.098564805486081361 0.10271745191346218 -0.10048250815786391 -0.080921309847854173
leaf_weight=1.1277419361867966 0.742408100442847 0.21707755283569952 0.34609675579122168 1.3164124950417377 0.20659959074691769 0.33255440334323694 0.73134833158111945 0.47095175544382151 0.095179080264642724 0.14002401754260052 0.57614998813369311 0.46403494128026102 0.60386157705215737 0.87131157334079024 0.2488875077688133 0.12888537347316742 0.21205924070090976 0.6532355351082515 0.1987738274037637 0.70703151807538311 0.81294382421765377 0.87163156480528303 1.7127933022857176 0.35179381325724535 6.4857290828076639 0.63314936411916356 0.22275756276212633 0.2302409715775865 0.36312934395391494 2.2137638007116038
leaf_count=3241 3563 234 898 2310 29 18 137 261 12 4 292 153 32 124 33 4 45 92 5 229 547 103 216 238 1537 134 12 37 213 456
internal_value=2.17417e-06 -0.00486978 -0.00171814 -0.00331406 -0.0043433 -0.00535672 -0.0040392 -0.0212057 -0.000755027 -0.0819292 0.0723137 -0.0141824 -0.00266756 0.0182932 -0.0266907 0.00744327 -0.0636363 0.0430243 0.00234887 -0.000516314 0.00282296 -0.00678253 0.0530426 -0.026901 -0.00117177 -0.0091489 0.0511667 -0.0463223 -0.0248036 -0.0583757
internal_weight=24.2886 23.1608 22.4184 22.0723 21.8552 21.6486 21.3161 5.78099 4.32456 1.45644 0.671329 3.65323 3.18919 2.37327 1.50196 1.03101 0.815921 0.782121 15.5351 14.8037 14.0967 11.8333 2.26336 0.550568 11.0204 9.56288 1.45752 3.07715 0.585887 2.84691
internal_count=15209 11968 8405 7507 7273 7244 7226 3362 1048 2314 304 744 591 514 390 129 77 96 3864 3727 3498 3039 459 243 2492 2164 328 627 225 590
is_linear=0
shrinkage=0.1


Tree=78
num_leaves=31
num_cat=0
split_feature=2 2 6 17 15 17 11 17 17 22 21 15 16 22 12 1 15 21 22 12 21 18 19 20 15 22 20 19 17 12
split_gain=1.07791 0.640589 0.426713 0.316252 0.238164 0.321591 0.297568 0.385429 0.619335 0.335192 0.851054 0.739421 0.503823 0.499059 0.676723 0.467771 0.330771 0.281079 0.595563 0.543454 0.479109 0.615758 0.468151 0.454915 0.44388 0.634813 0.35 0.386656 0.648773 0.617751
threshold=1049.5000000000002 35.500000000000007 5.5000000000000009 888.57522583007824 38.250000000000007 55.152170181274421 175.50000000000003 172.76485443115237 65.494338989257827 46.750000000000007 33.750000000000007 255.05000305175784 -2.8448275327682491 42.149999618530281 -137.49999999999997 494.50000000000006 128.50000000000003 37.95000076293946 37.45000076293946 -9.4999999999999982 39.049999237060554 -441.80877685546869 1.0435644984245303 2346.0000000000005 74.583332061767592 39.549999237060554 14.678769111633303 1.0797796845436098 775.85751342773449 -57.499999999999993
decision_type=2 2 2 2 2 2 2 2 2 2 2 2 2 2 2 2 2 2 2 2 2 2 2 2 2 2 2 2 2 2
left_child=1 2 -1 4 -3 -6 7 8 -7 13 11 12 -11 17 -15 -13 -12 18 -9 20 22 24 -19 -24 -22 26 -26 28 -28 -29
right_child=-2 3 -4 -5 5 6 -8 9 -10 10 16 15 -14 14 -16 -17 -18 19 -20 -21 21 -23 23 -25 25 -27 27 29 -30 -31
leaf_value=-0.10039195552479563 0.10003879075889129 0.053045438917414194 0.057164742373044197 0.10006122305770748 -0.078572842796841513 0.069696149309870836 0.041088098331517824 -0.10007269008343984 -0.084189564936763092 0.10294412541133913 -0.1020177980219848 0.10084074158961598 -0.10194781106790321 0.080405294403581962 -0.073797134577150245 -0.10287666631518287 0.094792450127836464 0.093623682056681756 0.063648183797788249 -0.079275177968453125 -0.10383713686047258 0.069227406585482723 -0.098372542794705323 0.10028242634739495 0.10134090908410667 0.10967090022010442 -0.048342351306984166 -0.060088606647745485 0.10162190017362127 0.05719386739989181
leaf_weight=1.0397136544779702 1.0286994418129314 0.75623116033967264 0.20594265172258008 0.30802541374578041 0.56385835471155843 0.32957022248593304 1.4822064732143179 0.26296383686713198 1.2668917492846956 0.13883780781179655 0.090890656400006153 0.5544177276897243 0.88512165722204317 0.33422174441511776 1.9166929306229565 0.1414759885519743 1.4123184701602438 0.18920727650403701 1.4328773724555501 0.9123504385351956 0.40480510354974963 1.5158719193423005 1.0262566108431199 0.12986042979173351 0.27519573253812257 0.51840139355044801 0.53194350743433483 2.173086180962871 0.63030514528509229 0.5660979079548113
leaf_count=4290 3503 170 11 836 533 136 143 627 884 9 24 121 291 88 671 8 546 96 164 278 69 534 370 46 69 30 181 264 93 124
internal_value=-1.24632e-05 -0.00469169 -0.0743433 -0.00051039 -0.00202583 -0.00414141 -0.0019466 -0.00556267 -0.0524217 -0.00089972 0.0279282 -0.0201124 -0.0741667 -0.00814724 -0.0509008 0.0594248 0.0828924 0.000957928 0.038261 -0.00617126 0.00220659 0.0132692 -0.0521945 -0.0760587 -0.00336377 0.00529904 -0.00765555 -0.0153438 0.0329855 -0.0358502
internal_weight=23.0243 21.9956 1.24566 20.75 20.442 19.6857 19.1219 17.6397 1.59646 16.0432 3.22306 1.71985 1.02396 12.8201 2.25091 0.695894 1.50321 10.5692 1.69584 8.87338 7.96103 6.61571 1.34532 1.15612 5.09983 4.69503 4.17663 3.90143 1.16225 2.73918
internal_count=15209 11706 4301 7405 6569 6399 5866 5723 1020 4703 999 429 300 3704 759 129 570 2945 791 2154 1876 1364 512 416 830 761 731 662 274 388
is_linear=0
shrinkage=0.1


Tree=79
num_leaves=31
num_cat=0
split_feature=20 2 6 4 12 17 21 13 22 22 8 22 18 22 11 22 0 10 19 0 13 17 21 22 0 22 14 18 15 15
split_gain=0.98202 0.573135 0.388428 0.331389 0.512392 0.479611 0.595669 0.415281 0.410329 0.372018 0.326514 0.308858 0.543832 0.359169 0.306898 0.296072 0.405714 0.25131 0.239321 0.221835 0.19495 0.357171 0.289068 0.951723 0.625737 0.687437 0.469297 0.613136 0.785422 0.481701
threshold=3.3249291181564335 35.500000000000007 5.5000000000000009 12946.500000000002 334.50000000000006 235.75002288818362 36.549999237060554 289.75000000000006 42.850000381469734 32.850000381469734 2.5000000000000004 36.350000381469734 -510.34986877441401 52.45000076293946 -170.49999999999997 32.049999237060554 110.50000000000001 -20.499999999999996 1.0398011207580569 110.50000000000001 32.850000381469734 57.195636749267585 37.750000000000007 40.95000076293946 72.500000000000014 36.750000000000007 6.6111109256744394 -353.20252990722651 255.05000305175784 158.81666564941409
decision_type=2 2 2 2 2 2 2 2 2 2 2 2 2 2 2 2 2 2 2 2 2 2 2 2 2 2 2 2 2 2
left_child=-1 2 -2 4 7 6 -5 10 9 -9 11 12 15 20 -8 16 -3 -11 -19 -20 -13 -22 26 24 -24 -26 27 29 -29 -23
right_child=1 3 -4 5 -6 -7 14 8 -10 17 -12 13 -14 -15 -16 -17 -18 18 19 -21 21 22 23 -25 25 -27 -28 28 -30 -31
leaf_value=0.10005430349434455 -0.10035664771377945 -0.1033297014913752 0.052787642065940533 0.10181509548602195 -0.096502453592306511 0.0968964826336986 0.1088036074079361 0.10135820579027591 0.091862248144396863 0.084129718822963162 0.094355493686857389 0.079158106170329173 -0.084856514773414479 -0.087963942653306676 -0.087576129952812956 0.10052389127998296 0.059839230302057511 0.08924298420563323 0.10094144177518859 -0.058570689565185054 -0.09723712609871725 -0.0075066366471051946 0.035042129213400761 -0.079717119717551521 0.079320384561045065 -0.087496316812126274 0.093012047244286022 -0.077397257457252469 0.09969560370276663 0.082152763028596254
leaf_weight=0.93819823687954595 0.94108597545710171 0.31080143272993188 0.20098994951695204 0.33996003854554036 0.58792134668328699 0.81854756310349319 0.092240031866822392 0.34852471269550678 0.85016264786827367 0.22634649825340591 0.30321578873554322 0.29902552525163351 1.3423117367201562 0.48988767538685429 0.57977868625312112 0.28240858356002718 0.29897221890860237 0.14898783928947512 0.09501040435861785 1.058583365214872 0.38549166133452573 1.1891583900433036 3.0752242504386231 1.6054827217012642 0.32665219844784577 1.0134873198403509 0.72970069813891303 1.2714879247359916 0.31186462676851068 1.2078661266714332
leaf_count=3241 4290 69 11 50 45 1530 7 115 457 145 25 36 1629 270 182 74 44 45 26 214 466 176 529 330 30 253 25 680 87 128
internal_value=-1.51614e-05 -0.00454385 -0.0734053 -0.000529114 -0.00470497 0.0399823 -0.00605315 -0.00156183 0.0342243 0.00812428 -0.00832017 -0.010522 -0.0446364 -0.00411906 -0.0606214 0.0158757 -0.0233279 -0.0131287 -0.0300291 -0.0454332 -0.000520901 -0.00266422 0.00073316 -0.0137835 0.0101908 -0.0468356 0.0192897 0.00577453 -0.0425162 0.0376729
internal_weight=21.6694 20.7312 1.14208 19.5891 17.7586 1.83053 1.01198 17.1707 2.72762 1.87745 14.443 14.1398 2.23449 11.9053 0.672019 0.892182 0.609774 1.52893 1.30258 1.15359 11.4154 11.1164 10.7309 6.02085 4.41536 1.34014 4.71008 3.98038 1.58335 2.39702
internal_count=15209 11968 4301 7667 5898 1769 239 5853 1002 545 4851 4826 1816 3010 189 187 113 430 285 240 2740 2704 2238 1142 812 283 1096 1071 767 304
is_linear=0
shrinkage=0.1


Tree=80
num_leaves=31
num_cat=0
split_feature=20 5 4 12 17 0 13 22 22 8 22 22 18 22 0 11 10 10 0 18 18 15 1 19 15 20 22 9 9 22
split_gain=0.886813 0.521392 0.309725 0.44391 0.433089 0.518599 0.384114 0.365461 0.334752 0.294909 0.268279 0.309481 0.479258 0.267618 0.359833 0.259296 0.233601 0.216591 0.213163 0.192123 0.188923 0.172313 0.308805 0.199366 0.753177 0.514294 0.471795 0.225987 0.200578 0.191104
threshold=3.3249291181564335 73.500000000000014 12946.500000000002 334.50000000000006 240.89508819580081 143.50000000000003 289.75000000000006 42.850000381469734 32.850000381469734 2.5000000000000004 52.45000076293946 36.350000381469734 -510.34986877441401 32.049999237060554 110.50000000000001 -170.49999999999997 94.500000000000014 -20.499999999999996 170.50000000000003 -648.31991577148426 -331.35502624511713 4.0166666507720956 31.500000000000004 1.0650647282600405 158.81666564941409 50.222839355468757 39.95000076293946 -7.4999999999999991 37.500000000000007 50.649999618530281
decision_type=2 2 2 2 2 2 2 2 2 2 2 2 2 2 2 2 2 2 2 2 2 2 2 2 2 2 2 2 2 2
left_child=-1 -2 3 6 5 -4 9 8 -8 10 11 12 13 14 -3 -7 -17 -10 -19 -13 -20 -21 -23 24 -24 26 -26 -25 29 -29
right_child=1 2 4 -5 -6 15 7 -9 17 -11 -12 19 -14 -15 -16 16 -18 18 20 21 -22 22 23 27 25 -27 -28 28 -30 -31
leaf_value=0.100049145673185 -0.10003837452141356 -0.10301544892520738 0.10157437968401538 -0.094598701254088022 0.097668555205202817 0.10790012261688652 0.10123042791298426 0.089702036423746356 0.081202160473180407 0.092739668441910922 -0.085617625924749502 0.10020415973372128 -0.082347925390768628 0.1004739666278671 0.055638909246324947 -0.10332433244142605 0.10070391721111659 -0.049191210295601973 0.10067245822495444 0.10556903667449974 -0.10024720381245954 -0.10095908744773532 -0.095814562646321766 -0.09052540203883308 0.061564898152249851 0.078488585078272 -0.095826967779377589 0.018347475780363866 -0.064611489394631016 -0.025560218934566017
leaf_weight=0.84895841652178461 0.55332175834337505 0.28203899439540725 0.309696098207495 0.54214750169194204 0.72552354871004354 0.084125330642564222 0.31573602781281751 0.7868646885617635 0.21182098911958736 0.27890529704745937 0.46711396664613936 0.18088273753529271 1.2721015566930933 0.25565436779288575 0.28988474098150618 0.49842192410142161 0.063236880698241293 0.99272630538325735 0.19656681857304648 0.14252880867569651 0.061423334409482777 0.32609444466652249 0.97091244425973799 0.23885299378890223 0.3024631234584374 0.71768600569339469 0.51428797864355147 6.4749132927827215 0.36141985724680115 1.1704496917664071
leaf_count=3241 3563 69 64 45 1511 7 115 457 145 25 329 115 1729 74 44 177 10 180 49 4 56 552 741 34 58 111 187 1323 15 179
internal_value=-1.06586e-05 -0.00434737 -0.00156568 -0.00553585 0.0394195 -0.00481076 -0.00266367 0.0329587 0.00785051 -0.00907776 -0.0111109 -0.00853292 -0.0438133 0.0154198 -0.0226 -0.0558295 -0.0803529 -0.0123086 -0.0281455 -0.00203518 0.0528367 -0.00368349 -0.00508924 -0.00218135 -0.026886 0.0167284 -0.0375409 0.0053249 0.00818425 0.0116255
internal_weight=20.4368 19.5878 19.0345 17.3535 1.681 0.95548 16.8113 2.56514 1.77827 14.2462 13.9673 13.5002 2.09968 0.827578 0.571924 0.645784 0.561659 1.46254 1.25072 11.4005 0.25799 11.2196 11.0771 10.751 2.50535 1.53444 0.816751 8.24564 8.00678 7.64536
internal_count=15209 11968 8405 6636 1769 258 6591 1002 545 5589 5564 5235 1916 187 113 194 187 430 285 3319 105 3204 3200 2648 1097 356 245 1551 1517 1502
is_linear=0
shrinkage=0.1


Tree=81
num_leaves=31
num_cat=0
split_feature=20 5 15 17 5 3 22 18 12 5 20 19 18 21 19 15 21 22 18 21 18 20 18 17 22 11 17 21 22 21
split_gain=0.800713 0.473239 0.290457 0.303489 0.516764 0.477447 0.291029 0.464653 0.325923 0.290011 0.283686 0.359896 0.526142 0.355078 0.377823 0.28448 0.266613 0.598551 0.397134 0.606684 0.483191 0.460771 0.368653 0.507196 0.763498 0.414428 0.347002 0.498855 0.468392 0.329613
threshold=3.3249291181564335 73.500000000000014 272.46667480468756 217.60556793212893 3586.5000000000005 10517.500000000002 37.45000076293946 -474.74365234374994 -52.499999999999993 6381.5000000000009 15.501419067382814 1.0858655571937563 -434.46205139160151 39.750000000000007 1.0370943546295168 354.61666870117193 39.95000076293946 39.45000076293946 -599.36233520507801 37.750000000000007 38.577541351318366 1961.5000000000002 -358.36102294921869 549.20916748046886 42.45000076293946 4.5000000000000009 161.60405731201175 36.049999237060554 44.149999618530281 38.45000076293946
decision_type=2 2 2 2 2 2 2 2 2 2 2 2 2 2 2 2 2 2 2 2 2 2 2 2 2 2 2 2 2 2
left_child=-1 -2 6 5 10 -4 7 8 -3 -9 -5 13 -13 14 -12 -16 17 29 -19 22 21 -21 23 24 -20 -24 27 -27 -29 -8
right_child=1 2 3 4 -6 -7 16 9 -10 -11 11 12 -14 -15 15 -17 -18 18 19 20 -22 -23 25 -25 -26 26 -28 28 -30 -31
leaf_value=0.10004447531022226 -0.10003475135913167 -0.047602698931311395 0.099990198714228706 0.10205641594589546 0.084387427925424807 -0.055285306213206875 -0.017028808010838538 -0.10035171790705513 0.076979961535342395 0.10171492976534649 0.081593807151437797 -0.071625223726447029 0.088306681956277444 0.094356943990228648 -0.098671387937639826 0.1057931572261718 -0.064082249656480836 0.07035229194951069 0.053856504698353305 -0.10110382192478889 0.033907380783750787 0.10041026828114973 -0.063137870136792659 0.10368599509582899 -0.10462427343898967 -0.10148117242198368 0.067850084187560902 -0.098350918989517255 0.072024991076542672 0.071525884731545794
leaf_weight=0.76820338332618376 0.5006834703526718 0.44449315869132988 0.24587684389552933 0.28740527473564759 1.2598297228541921 1.0175035861029753 0.57455124138504876 1.058030979795151 0.39803076852695074 0.07613846706226457 0.28239055312587902 1.0415197082911616 0.25632280641002569 0.56221595680108294 0.40130618316470645 0.081942834542132914 0.67584501410601738 0.5482881229836537 0.86008164376835716 1.5816206326126123 0.4130732548655941 0.12223782017827023 1.3453934573626534 0.68633689265698183 0.47015942035068292 0.48470790317514889 0.66209295211592678 0.22037147026276216 0.60256624993053265 1.5658081074652725
leaf_count=3241 3563 140 37 75 2227 252 382 2134 102 5 98 107 82 101 132 5 104 66 133 564 35 28 895 74 105 102 63 57 45 255
internal_value=-1.7847e-05 -0.00412256 -0.00148779 0.0178752 0.0308759 -0.0250659 -0.00971804 -0.0449991 0.0112535 -0.0867867 0.00773379 -0.00259063 -0.0400388 0.0340111 -0.0103014 -0.0640011 -0.00326849 0.000785917 -0.0117851 -0.0178312 -0.0631233 -0.0866468 0.000151842 0.0338665 -0.00215682 -0.0203566 0.00886434 -0.0210016 0.0264007 0.0477545
internal_weight=19.495 18.7268 18.2261 5.43631 4.17293 1.26338 12.7898 1.97669 0.842524 1.13417 2.9131 2.6257 1.29784 1.32786 0.76564 0.483249 10.8131 10.1373 7.99693 7.44864 2.11693 1.70386 5.33171 2.01658 1.33024 3.31513 1.96974 1.30765 0.822938 2.14036
internal_count=15209 11968 8405 3116 2827 289 5289 2381 242 2139 600 525 189 336 235 137 2908 2804 2167 2101 627 592 1474 312 238 1162 267 204 102 637
is_linear=0
shrinkage=0.1


Tree=82
num_leaves=31
num_cat=0
split_feature=2 2 6 18 22 15 19 13 0 14 12 19 7 3 21 21 15 0 16 17 20 16 18 16 21 19 11 8 9 15
split_gain=0.731686 0.428387 0.303226 0.222582 0.188984 0.244929 0.22472 0.311703 0.313194 0.334858 0.443865 0.328786 0.318889 0.374251 0.312004 0.469693 0.394554 0.335929 0.321707 0.210055 0.415007 0.271113 0.208704 0.274406 0.330523 0.240971 0.255236 0.229031 0.179813 0.182685
threshold=917.50000000000011 35.500000000000007 5.5000000000000009 -648.31991577148426 53.250000000000007 354.61666870117193 1.0899078249931338 110.09999847412111 61.500000000000007 6.6111109256744394 -43.499999999999993 1.0315997004508974 3.5000000000000004 13373.500000000002 40.750000000000007 37.549999237060554 158.81666564941409 109.50000000000001 -4.3275861740112296 748.22326660156261 16.290672302246097 -5.7068965435028067 406.34040832519537 -5.0172414779663077 41.649999618530281 1.0899078249931338 -170.49999999999997 23.500000000000004 -3.4999999999999996 286.83332824707037
decision_type=2 2 2 2 2 2 2 2 2 2 2 2 2 2 2 2 2 2 2 2 2 2 2 2 2 2 2 2 2 2
left_child=1 2 -1 -3 5 6 7 -5 -9 10 11 -10 13 -11 15 16 -13 18 -16 21 -21 -8 23 24 25 -7 -27 -25 29 -23
right_child=-2 3 -4 4 -6 22 19 8 9 12 -12 14 -14 -15 17 -17 -18 -19 -20 20 -22 28 -24 27 -26 26 -28 -29 -30 -31
leaf_value=-0.10035443740377191 0.084102280773049931 0.10013609124989094 0.049488226599622029 -0.08261402944250093 -0.056290253011715065 0.10081310694463202 0.10141443939626626 0.065903326673315554 0.083073345564409429 -0.10054441196807316 -0.091912765935531923 -0.10949238444900443 0.10612343959385657 0.093597893623870027 0.083643164827442315 -0.088291484619124366 0.080329269577787549 0.102172331843741 -0.10566981577820916 0.10053941006106155 -0.09936957978871136 -0.082695784267489775 -0.082529369850773651 0.1000850593266101 0.10111264760154125 0.10550862358242115 -0.082392502012258062 -0.10465589948078627 0.011332206702788736 0.01958218003629875
leaf_weight=0.72330724689528025 0.97850119478243769 0.21425442692998942 0.166054910980165 0.70590503542916394 0.62698723119683641 0.11855818342883129 0.31114454963244487 0.47198810896952625 0.32069677567051913 0.24379973753821094 0.93809194795903161 0.15293080850096918 0.37390970997512341 0.16752178902970627 0.14376112609170377 1.0585467195924136 0.38558035023743287 0.33865319297183305 0.23898238452966314 0.13564574567135412 0.44297407468548045 0.43030812934739504 0.14462099541560736 0.7543834677635467 0.26824480542563833 0.084389885814744048 0.50421925127739087 0.058902778895571828 6.5280161109112651 0.29392662650207058
leaf_count=4290 3807 300 11 858 247 48 52 101 64 58 1281 35 7 42 9 379 106 46 78 31 57 81 31 947 322 66 144 4 1657 50
internal_value=-3.0535e-05 -0.00477645 -0.072377 -0.0011232 -0.00245889 -0.000297504 -0.00500522 -0.0205411 -0.0114775 -0.0198496 -0.03283 -0.0118289 0.0392847 -0.0214747 -0.0249561 -0.0496112 0.0264222 0.0296264 -0.0345625 0.00556644 -0.0525049 0.0100091 0.0330197 0.0423622 0.00659735 -0.0292545 -0.0554528 0.0852566 0.00608747 -0.0411868
internal_weight=18.3248 17.3463 0.889362 16.4569 16.2427 15.6157 13.6824 5.54037 4.83446 4.36247 3.57724 2.63915 0.785231 0.411322 2.31845 1.59706 0.538511 0.721397 0.382744 8.14202 0.57862 7.5634 1.93332 1.7887 0.975412 0.707167 0.588609 0.813286 7.25225 0.724235
internal_count=15209 11402 4301 7101 6801 6554 4992 3064 2206 2105 1998 717 107 100 653 520 141 133 87 1928 88 1840 1562 1531 580 258 210 951 1788 131
is_linear=0
shrinkage=0.1


Tree=83
num_leaves=31
num_cat=0
split_feature=20 5 17 20 9 17 21 21 17 21 22 5 18 16 12 16 0 17 22 12 0 20 19 15 12 21 16 6 21 16
split_gain=0.671666 0.386424 0.232018 0.277546 0.175623 0.189403 0.405526 0.56529 0.478063 0.237909 0.483511 0.455039 0.669754 0.555632 0.535109 0.447725 0.368712 0.344368 0.647614 0.322214 0.303295 0.403346 0.423044 0.52828 0.286446 0.280349 0.271263 0.264463 0.727188 0.401477
threshold=3.5711315870285039 73.500000000000014 842.80474853515636 31.781346321105961 51.500000000000007 161.60405731201175 36.049999237060554 36.45000076293946 4.5476040840148935 37.750000000000007 41.149999618530281 2965.5000000000005 -353.20252990722651 -2.8448275327682491 358.50000000000006 11.810344696044924 135.50000000000003 549.20916748046886 42.45000076293946 132.50000000000003 72.500000000000014 16.290672302246097 1.0770979523658755 246.44999694824222 -129.49999999999997 40.750000000000007 -2.2586206197738643 195.50000000000003 39.750000000000007 -1.4310344457626341
decision_type=2 2 2 2 2 2 2 2 2 2 2 2 2 2 2 2 2 2 2 2 2 2 2 2 2 2 2 2 2 2
left_child=-1 -2 4 -4 5 6 -3 -8 -9 11 16 12 17 -14 -13 24 20 18 26 -18 27 -22 23 -23 -12 -25 -7 28 29 -11
right_child=1 2 3 -5 -6 9 7 8 -10 10 15 14 13 -15 -16 -17 19 -19 -20 -21 21 22 -24 25 -26 -27 -28 -29 -30 -31
leaf_value=0.089608875318663864 -0.1000335428985356 -0.10189661707643838 0.10122097070737912 -0.053410001260812558 0.10144696552869437 -0.057000251259610592 0.068272699791177546 0.061581115484976891 -0.1001579017524368 0.088249455368924479 0.10480444092369319 0.092386666769024406 0.060072230897013516 -0.09302136135079267 -0.058300270268893409 0.085283494248745081 0.10061779432822099 0.082598017366720899 -0.10369381869776702 -0.069517975343928798 0.037293447474888851 -0.10148008598392942 -0.090921783797506178 -0.048153793920214724 -0.090647166048440975 0.10213955630258537 0.082802211601727266 0.07915659876773358 -0.10019274913138571 -0.001907245563728665
leaf_weight=0.79759605617437301 0.41145782987587409 0.60934966454806216 0.43161530143697824 0.15877652974450029 0.15572092661750581 0.17921482212841522 0.61961322289425858 0.25254379273974337 0.66125507907418068 0.71440715079370787 0.079446412826655322 1.198685116600245 0.30694086628500361 1.0414071501581923 0.29333245908492234 0.18621991001418781 0.58385865263699077 0.82363548665307451 0.40827195676683914 0.13753652482409962 0.65012904927425585 0.33441165891417801 1.2309539568377657 0.17888128571212292 1.3347548631281823 0.40537623432464898 0.61531362145615287 0.50950037289294403 0.56979892321396608 1.600463988128463
leaf_count=3361 3563 168 1070 72 26 19 89 79 1629 132 37 714 83 1118 33 61 388 114 114 84 181 162 308 44 471 43 118 176 266 486
internal_value=-3.98468e-05 -0.00432589 -0.00190571 0.0596354 -0.00422274 -0.00528262 -0.0328856 -0.00546189 -0.0554586 -0.00086294 -0.0109426 0.0167741 -0.00355729 -0.0581708 0.0627614 -0.060474 0.000520512 0.0327814 -0.00133126 0.0681808 -0.00735976 -0.0317242 -0.0525978 -0.00124635 -0.0796672 0.0561245 0.0512682 0.0127378 0.00100665 0.0259166
internal_weight=17.4805 16.6829 16.2714 0.590392 15.681 15.5253 2.14276 1.53341 0.913799 13.3825 8.51574 4.8668 3.37478 1.34835 1.49202 1.60042 6.91532 2.02644 1.2028 0.721395 6.19392 2.79975 2.14962 0.918669 1.4142 0.584258 0.794528 3.39417 2.88467 2.31487
internal_count=15209 11848 8285 1142 7143 7117 1965 1797 1708 5152 2839 2313 1566 1201 747 569 2270 365 251 472 1798 738 557 249 508 87 137 1060 884 618
is_linear=0
shrinkage=0.1


Tree=84
num_leaves=31
num_cat=0
split_feature=2 1 23 12 15 17 11 17 17 22 22 20 22 12 15 1 18 0 20 3 12 12 5 21 21 3 12 12 11 18
split_gain=0.615701 0.367609 0.263816 0.209842 0.166872 0.225046 0.199972 0.242013 0.407741 0.240109 0.529509 0.515424 0.369719 0.404264 0.230763 0.218468 0.331711 0.440432 0.214067 0.191683 0.265562 0.188235 0.410231 0.245482 0.256635 0.433839 0.370521 0.41059 0.337458 0.308656
threshold=1049.5000000000002 31.500000000000004 1.0000000180025095e-35 -338.49999999999994 38.250000000000007 55.152170181274421 175.50000000000003 166.53562164306643 65.494338989257827 46.750000000000007 50.649999618530281 18.799496650695804 42.350000381469734 -137.49999999999997 128.50000000000003 485.50000000000006 -244.37347412109372 92.500000000000014 1961.5000000000002 13312.500000000002 316.50000000000006 162.50000000000003 3515.5000000000005 37.549999237060554 39.049999237060554 9424.5000000000018 -9.4999999999999982 -90.499999999999986 2.5000000000000004 -382.82031249999994
decision_type=2 2 2 2 2 2 2 2 2 2 2 2 2 2 2 2 2 2 2 2 2 2 2 2 2 2 2 2 2 2
left_child=1 2 -1 -3 -5 -6 7 8 -7 12 14 15 18 -14 -11 16 17 -12 21 20 -8 22 23 -9 25 -25 27 -26 -29 -27
right_child=-2 3 -4 4 5 6 19 9 -10 10 11 -13 13 -15 -16 -17 -18 -19 -20 -21 -22 -23 -24 24 26 29 -28 28 -30 -31
leaf_value=0.046211857042515986 0.10002574556264801 0.10017272996664828 -0.10041294675519639 0.049306117570993666 -0.078156182258814252 0.062399758873663891 0.048931323649645447 0.067485760430299122 -0.088603547201077271 -0.10108851966225618 -0.10167869626282587 -0.10187604492283511 0.068702856706707449 -0.081011555274011438 0.10327860827156642 -0.10158514635708547 0.1013827098797504 0.10059196501067409 0.087247551666489842 0.10134295898731452 -0.082524927982617902 -0.094227733502672384 0.069566924738569277 -0.086921033300979 -0.028190680715587942 -0.093603996491144037 -0.096004686272187223 0.043436218677251642 -0.10449156352837746 0.065490221007945326
leaf_weight=0.15321180984028615 0.59238345488847777 0.20477905907318827 0.61642545626818979 0.61353514090296712 0.39736630351398972 0.23430603959422924 0.5317248249775719 0.40025696912198139 0.75508402528066654 0.059306989802279886 0.26027534983586509 0.42629876450519066 0.21469267406791903 1.127810110876452 0.80799004752770998 0.11486456636339426 0.48899680050089944 0.18357689419644885 0.26946907679666754 0.34169124401523732 0.21614259837951977 0.2217313092551193 0.74750892212614406 1.0285703677218405 1.9054343105526559 0.17053566663525999 0.38185050849279711 2.3103240440395898 0.16524263386963856 0.42798890953417856
leaf_count=370 3503 554 3893 199 533 136 42 301 860 26 51 245 49 629 500 12 91 92 115 75 29 65 836 604 328 44 139 611 27 250
internal_value=-6.16684e-05 -0.00381968 -0.0712243 -0.0003629 -0.00175371 -0.00396154 -0.00182384 -0.0053505 -0.0528431 -0.00133873 0.0273063 -0.00917254 -0.00849526 -0.0570693 0.0893037 0.0285471 0.0445707 -0.0180197 -0.000373271 0.0392901 0.0109389 -0.00341616 -0.00074482 -0.00848519 -0.0132439 -0.0475314 -0.00153052 0.0067039 0.0335621 0.02016
internal_weight=16.3694 15.777 0.769637 15.0074 14.8026 14.189 13.7917 12.7021 0.98939 11.7127 2.34131 1.47401 9.37142 1.3425 0.867297 1.04771 0.932849 0.443852 8.02891 1.08956 0.747867 7.75944 7.53771 6.7902 6.38995 1.62709 4.76285 4.381 2.47557 0.598525
internal_count=15209 11706 4263 7443 6889 6690 6157 6011 996 5015 1017 491 3998 678 526 246 234 143 3320 146 71 3205 3140 2304 2003 898 1105 966 638 294
is_linear=0
shrinkage=0.1


Tree=85
num_leaves=31
num_cat=0
split_feature=20 2 20 17 20 9 9 22 21 6 0 20 17 6 16 17 12 21 22 21 0 20 0 15 17 12 13 9 18 4
split_gain=0.565663 0.328114 0.245923 0.206155 0.226668 0.150878 0.1776 0.186356 0.532735 0.25887 0.283733 0.285101 0.30665 0.250089 0.190656 0.179819 0.169311 0.232116 0.411559 0.435345 0.46676 0.387906 0.268742 0.258784 0.265184 0.536791 0.396405 0.297334 0.2589 0.33187
threshold=3.3249291181564335 35.500000000000007 71.043079376220717 842.80474853515636 31.781346321105961 51.500000000000007 44.500000000000007 37.45000076293946 39.95000076293946 475.50000000000006 135.50000000000003 15.501419067382814 585.34945678710949 254.50000000000003 -7.1896553039550772 297.85835266113287 -279.49999999999994 39.95000076293946 38.95000076293946 38.649999618530281 102.50000000000001 14.678769111633303 23.500000000000004 42.016666412353523 585.34945678710949 10.500000000000002 110.09999847412111 4.5000000000000009 -423.01170349121088 5697.5000000000009
decision_type=2 2 2 2 2 2 2 2 2 2 2 2 2 2 2 2 2 2 2 2 2 2 2 2 2 2 2 2 2 2
left_child=-1 2 -2 5 -5 6 7 8 -3 13 11 12 -11 -10 -15 -12 -9 18 19 20 -18 -19 -20 -24 26 27 -25 -26 -28 -30
right_child=1 3 -4 4 -6 -7 -8 16 9 10 15 -13 -14 14 -16 -17 17 21 22 -21 -22 -23 23 24 25 -27 28 -29 29 -31
leaf_value=0.10003756589358898 0.044486061254504813 -0.09895411726659932 -0.10031825404065459 0.10109683799948457 -0.045656836314032508 0.10122294303630144 -0.089327706466226578 0.1005977425018543 -0.067555138544555068 -0.10210853402788025 -0.10073775215071075 -0.093769645559788478 0.10206058899846011 -0.10242105984943711 0.065437223709810463 0.10066514126218018 -0.1007492137782291 0.10120820347278402 -0.072179380889869277 0.09151152286981698 0.10438654292877143 -0.093741914680261967 0.082327269696657823 -0.083827700288831408 0.070498634390810458 -0.10045646794637438 0.10508540745358474 -0.094935377262517898 -0.084452884660765032 0.0021858962034701792
leaf_weight=0.54454148512741163 0.14824193987442313 0.72204222298022935 0.56159322861640248 0.38378982151334717 0.14501586108235642 0.13808964821510095 0.23871645516192153 0.17935575042792429 0.20820943701255623 0.12093786522746064 0.056089346064254642 0.68087931364425458 0.18779508797160815 0.073065104428678751 0.91554697198444046 0.21145840277313255 0.2980978859850455 0.12705332443874873 0.51815205563616462 1.0195447268779387 0.1766511294990778 0.51896892077638768 0.38332786934915919 0.68865703896153707 1.2998521044064544 0.25677918829023827 0.21343078673816318 0.11854986926482514 0.49913597604609972 3.8707420545833884
leaf_count=3241 105 1957 4196 1126 72 29 18 162 250 25 11 106 91 5 231 226 339 111 129 150 5 110 70 482 628 110 16 16 292 900
internal_value=-7.75027e-05 -0.00372173 -0.0700773 -0.000416344 0.0608522 -0.0027776 -0.00383491 -0.00230553 -0.0234504 -0.00123478 -0.032925 -0.0576267 0.0220828 0.0320531 0.0530314 0.0584426 0.004299 0.00256991 0.00657835 0.0546793 -0.0244195 -0.055401 -0.00257956 0.00234008 -0.00207343 0.0325864 -0.0130867 0.0566717 -0.00245761 -0.00771015
internal_weight=15.5043 14.9598 0.709835 14.2499 0.528806 13.7211 13.583 13.3443 3.17602 2.45398 1.25716 0.989612 0.308733 1.19682 0.988612 0.267548 10.1683 9.98894 9.34292 1.49429 0.474749 0.646022 7.84863 7.33047 6.94715 1.67518 5.27197 1.4184 4.58331 4.36988
internal_count=15209 11968 4301 7667 1198 6469 6440 6422 2902 945 459 222 116 486 236 237 3520 3358 3137 494 344 221 2643 2514 2444 754 1690 644 1208 1192
is_linear=0
shrinkage=0.1


Tree=86
num_leaves=31
num_cat=0
split_feature=20 5 17 20 22 21 6 0 20 17 2 6 17 12 21 22 20 0 21 0 4 15 17 12 13 10 18 1 20 18
split_gain=0.511071 0.296028 0.188205 0.206237 0.139829 0.408804 0.224663 0.255817 0.251188 0.276915 0.2178 0.2126 0.162837 0.160358 0.189462 0.357968 0.347437 0.332502 0.258065 0.452252 0.246727 0.238433 0.277902 0.426104 0.384557 0.243749 0.24234 0.277587 0.322788 0.401895
threshold=3.3249291181564335 73.500000000000014 842.80474853515636 31.781346321105961 37.45000076293946 39.95000076293946 475.50000000000006 135.50000000000003 15.501419067382814 585.34945678710949 431.50000000000006 254.50000000000003 297.85835266113287 -279.49999999999994 39.95000076293946 39.45000076293946 14.678769111633303 22.500000000000004 38.45000076293946 102.50000000000001 4206.5000000000009 42.016666412353523 585.34945678710949 10.500000000000002 110.09999847412111 9.5000000000000018 -423.01170349121088 125.50000000000001 54.583841323852546 -316.16177368164057
decision_type=2 2 2 2 2 2 2 2 2 2 2 2 2 2 2 2 2 2 2 2 2 2 2 2 2 2 2 2 2 2
left_child=-1 -2 4 -4 5 10 11 8 9 -8 -3 -7 -9 -6 15 18 -16 -17 19 -15 -20 -19 24 25 -23 -24 -26 -28 29 -29
right_child=1 2 3 -5 13 6 7 12 -10 -11 -12 -13 -14 14 16 17 -18 21 20 -21 -22 22 23 -25 26 -27 27 28 -30 -31
leaf_value=0.10003399479089459 -0.10002495195178673 -0.10024938204666554 0.10099633340034442 -0.041887565810178308 0.10054153637427206 -0.063592128149230431 -0.10191243326561111 -0.10066724042820339 -0.091861731087385753 0.1018683644671759 0.10109560698967149 0.050002180102368704 0.10059857422326252 -0.10067635891207499 0.10108936236681665 -0.092040687168095589 -0.092153889996856309 0.072074664834411939 0.084550598955744738 0.10370539468071932 -0.068355912200773236 -0.083166875869093493 0.066629037071056538 -0.10001857729412933 0.10460885980109463 -0.092179343938747632 -0.10344572547856071 -0.10098389785975648 0.088220255703573447 4.8186519486034534e-05
leaf_weight=0.49273822172836013 0.31116212488995998 0.71688114933931268 0.34759541387757131 0.14240353155764751 0.16237390680179942 0.19953488084138393 0.10962896561250068 0.05078547983430326 0.62824728712439537 0.17022836636169814 0.058077476045582443 0.94536750644329004 0.19283602912037168 0.2700251050555379 0.11556809653120659 0.41681842356047116 0.47727576602483168 0.42940450014430087 1.0985940157261209 0.18073178071063012 0.11674120771931473 0.72205107216723252 1.2156244657817294 0.20789553539361794 0.19395513436756395 0.10499656107276667 0.29440844370402075 0.44348959979833358 0.35528563908883359 3.5088718081242476
leaf_count=3241 3563 2155 1126 72 162 250 25 11 106 91 15 236 229 375 112 496 110 98 180 7 73 515 601 104 16 13 128 105 55 939
internal_value=-8.54354e-05 -0.00356279 -0.00139962 0.0594714 -0.00362788 -0.0223568 -0.00116491 -0.0323488 -0.0567595 0.022041 -0.08516 0.0302048 0.0586426 0.00194968 0.000372733 0.00377491 -0.0544833 -0.00511612 0.0458945 -0.0187291 0.0698629 -0.000269703 -0.00467823 0.0330542 -0.0151302 0.0540029 -0.00488713 -0.00950187 -0.00308123 -0.0112885
internal_weight=14.6796 14.1869 13.8757 0.489999 13.3857 3.07159 2.29663 1.15173 0.908105 0.279857 0.774959 1.1449 0.243622 10.3141 10.1517 9.55889 0.592844 7.8928 1.66609 0.450757 1.21534 7.47598 7.04658 1.52852 5.51806 1.32062 4.79601 4.60206 4.30765 3.95236
internal_count=15209 11968 8405 1198 7207 3118 948 462 222 116 2170 486 240 4089 3927 3705 222 3070 635 382 253 2574 2476 718 1758 614 1243 1227 1099 1044
is_linear=0
shrinkage=0.1


Tree=87
num_leaves=31
num_cat=0
split_feature=20 2 23 17 21 21 19 5 17 4 21 17 0 6 22 21 20 12 11 6 11 21 15 18 21 19 12 4 20 15
split_gain=0.462451 0.273753 0.21633 0.165667 0.381049 0.442738 0.27397 0.211782 0.24762 0.216828 0.417671 0.279735 0.264083 0.172301 0.346211 0.335899 0.174211 0.173307 0.303124 0.26907 0.15653 0.139746 0.450464 0.37946 0.316004 0.363264 0.358782 0.304376 0.303537 0.210056
threshold=3.5711315870285039 35.500000000000007 1.0000000180025095e-35 161.60405731201175 36.049999237060554 36.45000076293946 1.2360440492630007 3515.5000000000005 249.09925842285159 10988.500000000002 37.850000381469734 194.22949981689456 178.50000000000003 1.0000000180025095e-35 41.95000076293946 39.549999237060554 14.115677356719972 -9.4999999999999982 4.5000000000000009 378.50000000000006 -5.4999999999999991 39.149999618530281 145.73332977294925 -441.80877685546869 37.549999237060554 1.033924460411072 -61.499999999999993 12032.500000000002 107.79038619995119 74.583332061767592
decision_type=2 2 2 2 2 2 2 2 2 2 2 2 2 2 2 2 2 2 2 2 2 2 2 2 2 2 2 2 2 2
left_child=-1 2 -2 4 -3 -6 -7 13 9 10 -9 -11 -13 14 15 -5 20 21 -19 -20 -15 22 -18 29 26 -26 28 -27 -24 -23
right_child=1 3 -4 7 5 6 -8 8 -10 11 -12 12 -14 16 -16 -17 17 18 19 -21 -22 23 24 -25 25 27 -28 -29 -30 -31
leaf_value=0.087999034670514537 0.044388933654835511 -0.1016163114613433 -0.10040297786846422 0.097832976075715228 0.066776374995568238 -0.085425177620364223 0.10107482877711434 0.096403106725630724 0.07226149536710362 -0.099408369416423212 -0.071159948397779144 0.067366037188129627 -0.10422396622294838 0.10075557261189677 -0.10013292582955907 -0.10037112946942364 -0.088317794737394831 -0.10121116622340701 -0.10023584368318128 0.081732907821903109 -0.055026853330778926 -0.10361397576243099 0.085186355096616179 0.074196033058045674 0.064774713555749847 -0.10082823696653097 -0.044286369311170901 0.09841229835758683 -0.10667031923126358 -0.00059456499867240639
leaf_weight=0.57126894391694882 0.13146790453174617 0.51512975177320086 0.47969278918753744 0.59107519409735498 0.55014900644891873 0.51632965671160491 0.092946264194324613 0.49189251064672068 0.87954635769710865 0.33786407073785085 0.21324690734036267 0.33042662714433391 0.12311030854471028 0.25644923909567297 0.14638616453157738 0.099964072287548333 0.75705731462221182 0.5261779295979111 0.12492359423049493 0.23248046051594429 0.086173870717175194 0.21419179346412498 0.84115774242673069 0.69248336346936401 0.23714351384842292 0.65329754540289287 0.42715450507239461 0.086870818602619693 0.09142565936781466 2.6058664877709816
leaf_count=3361 370 161 3931 174 85 1382 13 46 2140 88 22 65 11 76 202 34 608 280 222 26 7 36 214 200 108 384 222 20 6 715
internal_value=-0.000106188 -0.00388143 -0.0692565 -0.000740561 -0.0300508 0.00174563 -0.0569742 0.00370267 0.0301524 0.005404 0.045729 -0.0305256 0.0207888 -0.00354586 0.0395678 0.0691612 -0.00815522 -0.0113448 -0.0529386 0.0181293 0.0615744 -0.00578204 -0.0212781 0.00786806 0.000438526 -0.0429349 0.0316132 -0.0774441 0.0663777 -0.00841919
internal_weight=13.9034 13.3321 0.611161 12.7209 1.67455 1.15942 0.609276 11.0464 2.37609 1.49654 0.705139 0.791401 0.453537 8.67028 0.837425 0.691039 7.83285 7.49023 0.883582 0.357404 0.342623 6.60665 3.09411 3.51254 2.33705 0.977312 1.35974 0.740168 0.932583 2.82006
internal_count=15209 11848 4301 7547 1641 1480 1395 5906 2372 232 68 164 76 3534 410 208 3124 3041 528 248 83 2513 1562 951 954 512 442 404 220 751
is_linear=0
shrinkage=0.1


Tree=88
num_leaves=31
num_cat=0
split_feature=2 5 18 20 22 22 10 17 0 20 12 16 0 21 21 15 21 19 15 3 11 21 17 22 5 17 1 16 18 17
split_gain=0.425359 0.247585 0.16975 0.140783 0.310176 0.37643 0.233734 0.237906 0.289914 0.192264 0.276239 0.26573 0.239488 0.18402 0.411994 0.617291 0.398332 0.442971 0.432414 0.314795 0.301875 0.178968 0.153737 0.185966 0.341927 0.268959 0.330178 0.205579 0.195991 0.280143
threshold=1049.5000000000002 73.500000000000014 -648.31991577148426 19.382786750793461 50.649999618530281 46.750000000000007 39.500000000000007 297.85835266113287 4.5000000000000009 971.50000000000011 -9.4999999999999982 -0.25862068682909006 134.50000000000003 39.149999618530281 37.649999618530281 158.81666564941409 39.750000000000007 1.0758714079856875 246.44999694824222 4614.0000000000009 -1.4999999999999998 41.750000000000007 842.80474853515636 33.45000076293946 3515.5000000000005 539.40240478515636 92.500000000000014 -10.258620738983153 -244.37347412109372 249.09925842285159
decision_type=2 2 2 2 2 2 2 2 2 2 2 2 2 2 2 2 2 2 2 2 2 2 2 2 2 2 2 2 2 2
left_child=1 -1 -3 22 5 6 7 8 -5 10 12 -11 13 14 15 -9 19 18 -18 20 -15 -12 23 24 -4 28 -27 -28 -25 -30
right_child=-2 2 3 4 -6 -7 -8 9 -10 11 21 -13 -14 16 -16 -17 17 -19 -20 -21 -22 -23 -24 25 -26 26 27 -29 29 -31
leaf_value=-0.10002059734217415 0.10002119018058842 0.10010779116048395 -0.10204079643264896 0.10350147272485098 -0.10115978306386542 0.090116543634885096 0.088757376868992377 -0.10242584907310096 -0.092278469294404294 -0.036275497291611628 -0.098677752830723608 0.088027305588156024 0.053482669415518651 0.094457284767430844 -0.091906944301792234 0.098051686384179645 -0.10226278818935051 -0.10130391581197667 0.077485952772987809 -0.10040063763863492 -0.043359912041792334 0.094601948216577747 0.10063546130332045 -0.085822474419809308 0.094559314141264825 -0.10239060710546427 -0.029756669653761433 0.10045586060906704 -0.003024912538281539 0.1011131986447623
leaf_weight=0.25964422344986715 0.41075026534235881 0.16272770301293249 0.3534735268331114 0.085613894276320823 0.36700402390124498 0.37866678130376374 0.22055529459612433 0.26047500067215901 0.6490457505788072 0.28305534899118356 0.52444371797901101 0.4382610975881106 0.56259436627442472 0.74841843597823754 0.80672211707860697 0.37428355473093688 0.19612967217108213 0.58005831255286466 0.42136475455481559 0.13058013480622321 0.20178728201426588 0.052723755972692743 0.18122855333058385 0.24819138785824213 0.11799438226444181 0.11281747743487336 0.14487185327743601 0.74352376826573208 2.8152918722335021 0.28441867647779862
leaf_count=3563 3503 300 152 3 352 110 13 118 2595 225 366 131 247 87 507 60 183 181 74 70 24 45 771 55 101 7 156 556 465 189
internal_value=-0.000135535 -0.00337334 -0.00135717 -0.00270133 -0.0115741 -0.00681928 -0.0124352 -0.0159691 -0.0694632 -0.00892725 -0.0160781 0.039249 -0.00732528 -0.016522 -0.0444845 0.0157852 0.00116957 -0.0385529 0.0203938 0.0451836 0.0651902 -0.0810218 0.0102159 0.00681656 -0.0528376 0.0132834 0.0587577 0.0792219 -0.000315997 0.00653044
internal_weight=13.1167 12.706 12.4463 12.2836 7.28178 6.91478 6.53611 6.31556 0.73466 5.5809 4.85958 0.721316 4.28241 3.71982 1.44148 0.634759 2.27834 1.19755 0.617494 1.08079 0.950206 0.577167 5.00181 4.82058 0.471468 4.34912 1.00121 0.888396 3.3479 3.09971
internal_count=15209 11706 8143 7843 5391 5039 4929 4916 2598 2318 1962 356 1551 1304 685 178 619 438 257 181 111 411 2452 1681 253 1428 719 712 709 654
is_linear=0
shrinkage=0.1


Tree=89
num_leaves=31
num_cat=0
split_feature=20 2 6 18 4 12 0 17 13 0 8 6 20 10 12 17 2 12 11 10 10 21 21 22 21 20 21 0 22 18
split_gain=0.389417 0.225355 0.186644 0.144609 0.141593 0.286135 0.241855 0.37075 0.180085 0.227121 0.174544 0.185468 0.17932 0.168025 0.209344 0.168115 0.252334 0.206896 0.154498 0.155833 0.149222 0.168288 0.211552 0.147951 0.177075 0.154049 0.1366 0.139567 0.129125 0.458642
threshold=3.3249291181564335 35.500000000000007 5.5000000000000009 -648.31991577148426 12946.500000000002 358.50000000000006 143.50000000000003 251.54463195800784 289.75000000000006 110.50000000000001 2.5000000000000004 706.50000000000011 14.115677356719972 42.500000000000007 8.5000000000000018 368.92715454101568 219.50000000000003 -6.4999999999999991 -170.49999999999997 94.500000000000014 -20.499999999999996 42.549999237060554 38.850000381469734 34.350000381469734 101.95000076293947 15.501419067382814 38.049999237060554 19.500000000000004 36.850000381469734 -474.74365234374994
decision_type=2 2 2 2 2 2 2 2 2 2 2 2 2 2 2 2 2 2 2 2 2 2 2 2 2 2 2 2 2 2
left_child=-1 2 -2 -3 5 8 -6 18 10 -10 11 12 -5 14 15 16 -14 23 -8 -20 -11 22 -22 24 25 -17 -19 -28 29 -25
right_child=1 3 -4 4 6 -7 7 -9 9 20 -12 -13 13 -15 -16 17 -18 26 19 -21 21 -23 -24 28 -26 -27 27 -29 -30 -31
leaf_value=0.10002875466767938 -0.10027948883977099 0.10010116466832104 0.044539521134848971 0.061485007707251106 0.10109637327772932 -0.096314158667166638 0.10463750451251444 0.10012722203878639 0.082140641608219211 0.085475919183840204 0.091819005243850838 -0.064093665647299333 -0.10126109651445217 0.065575772166539065 -0.071316374918589678 0.10366330478259977 0.046075466600569714 0.091203671671095166 -0.10219547600430268 0.10047165450080203 0.037170971003600735 0.10022064461817229 -0.073555113937245162 0.10074269560305393 0.026748258016790497 -0.10140876267601982 0.10207788812671477 -0.10042936919380868 -0.007815603106839545 -0.10019890860719248
leaf_weight=0.37627401263307625 0.39983648726410947 0.14145682461094011 0.11447331006638706 0.37640093293156685 0.35128649905527598 0.33313961670501235 0.052085125593293924 0.2322790453908965 0.53205815720139149 0.17591700470802596 0.17193930142093528 0.58812541933730234 0.40678039098565921 0.28776789060793806 0.55502930016518792 0.039937626570455076 0.1627454992631101 0.36512230036897442 0.33333662375662243 0.042812316445633769 0.27319417735270679 0.10916644163808087 0.46838833894435083 0.39865350222680718 0.20379475399386138 0.44238293889793567 0.054819665849208832 0.089754532542428933 4.0868709919595858 0.15884966822341073
leaf_count=3241 4290 242 11 89 662 41 7 863 121 181 25 68 1390 22 914 1 239 72 199 10 464 75 94 91 36 357 3 46 1179 176
internal_value=-0.000137742 -0.00329214 -0.0680462 -0.000379483 -0.00163815 -0.00515097 0.0340554 -0.0015996 -0.00209799 0.0291158 -0.00789772 -0.00998426 -0.00581288 -0.0093056 -0.0123995 -0.00729781 -0.0591588 -0.00224041 -0.0567774 -0.0791284 0.0016363 -0.0157 -0.0327643 -0.00806057 -0.0514058 -0.0844282 0.0586278 -0.0236426 -0.00165717 0.0434883
internal_weight=12.3247 11.9484 0.51431 11.4341 11.2926 10.2808 1.0118 0.660513 9.9477 1.55872 8.38897 8.21704 7.62891 7.25251 6.96474 6.40971 0.569526 5.84019 0.428234 0.376149 1.02667 0.850749 0.741583 5.33049 0.686115 0.482321 0.509696 0.144574 4.64437 0.557503
internal_count=15209 11968 4301 7667 7425 5684 1741 1079 5643 935 4708 4683 4615 4526 4504 3590 1629 1961 216 209 814 633 558 1840 394 358 121 49 1446 267
is_linear=0
shrinkage=0.1


Tree=90
num_leaves=31
num_cat=0
split_feature=20 5 18 4 12 0 17 13 22 8 22 22 0 21 20 22 22 21 22 0 19 20 2 17 22 12 19 18 22 19
split_gain=0.351674 0.204287 0.133018 0.132752 0.250308 0.21862 0.335168 0.165015 0.217919 0.148382 0.163943 0.165269 0.21786 0.234779 0.154523 0.414284 0.250745 0.245683 0.279001 0.233144 0.228058 0.243078 0.306833 0.299156 0.221047 0.408031 0.213367 0.189232 0.188081 0.308885
threshold=3.3249291181564335 73.500000000000014 -648.31991577148426 12946.500000000002 358.50000000000006 143.50000000000003 251.54463195800784 285.15000915527349 49.95000076293946 2.5000000000000004 52.45000076293946 34.350000381469734 110.50000000000001 47.549999237060554 21.119676589965824 38.750000000000007 37.95000076293946 39.649999618530281 50.649999618530281 92.500000000000014 1.0758714079856875 47.121086120605476 70.500000000000014 566.96679687500011 38.95000076293946 -6.4999999999999991 1.0955234766006472 -244.37347412109372 46.750000000000007 1.0398011207580569
decision_type=2 2 2 2 2 2 2 2 2 2 2 2 2 2 2 2 2 2 2 2 2 2 2 2 2 2 2 2 2 2
left_child=-1 -2 -3 4 7 -5 -7 9 -9 10 11 12 -4 -14 15 -13 -16 18 20 27 28 -22 23 24 -23 -26 -21 -17 29 -18
right_child=1 2 3 5 -6 6 -8 8 -10 -11 -12 14 13 -15 16 19 17 -19 -20 26 21 22 -24 -25 25 -27 -28 -29 -30 -31
leaf_value=0.10002601796349112 -0.10002000954447857 0.10009153530305025 -0.10125084029488247 0.10099369107145031 -0.094781895668755028 -0.056657629722517845 0.10011514450420755 0.0048660039612324867 0.08818579651359755 0.089457156012014816 -0.086479914867923391 0.091948452638339673 -0.1005657329694494 0.10170961230458704 -0.063612874134366268 -0.10161432492356054 0.012699265570989394 -0.08469122799558329 -0.10130008819240036 -0.062151516563003821 0.077481813854179127 0.0548223794601371 -0.10284027185386674 0.10479724620110908 -0.1005310912500967 0.061147972446753199 0.092040549562039276 -0.0056441426204646705 0.095494199809579572 -0.085706016221147388
leaf_weight=0.34047563959757177 0.21345191176078415 0.12800711569434398 0.40414264000718692 0.31816391460597593 0.30606954701943401 0.38826726115075871 0.21019883725239197 1.2618746958323743 0.41784991015447293 0.15080212298198681 0.2754347369482274 0.57204080049996253 0.096761121676536277 0.14099501818418503 0.81220264885632776 0.31237026199232776 0.68797496437764516 0.34029191511217494 0.23767670681263542 0.12392786622513086 0.72646887638256918 0.42653094115667023 0.21669684682274226 0.35277176112867881 0.40124916530476173 0.25548114918638032 0.3253467955510132 0.60029280142043706 0.12517532518540964 0.59471364979253849
leaf_count=3241 3563 242 413 662 41 216 863 795 190 24 328 141 80 38 2148 58 567 116 67 8 145 99 40 55 227 110 95 95 40 502
internal_value=-0.000123623 -0.00310864 -0.00126329 -0.00243406 -0.00572073 0.0340141 -0.00159444 -0.00295587 0.0255927 -0.00881866 -0.0106646 -0.0079712 -0.0565667 0.0193883 -0.00358469 0.0205336 -0.0125942 -0.00310115 0.0037973 -0.00946199 0.0103932 0.0292704 0.00807871 0.0248163 -0.00123001 -0.0376347 0.0495082 -0.0384911 -0.0215079 -0.032926
internal_weight=11.7637 11.4232 11.2098 11.0818 10.1651 0.91663 0.598466 9.85907 1.67972 8.17935 8.02855 7.75311 0.641899 0.237756 7.11121 1.93398 5.17723 4.36503 4.02474 1.36194 3.78706 2.3792 1.65273 1.43603 1.08326 0.65673 0.449275 0.912663 1.40786 1.28269
internal_count=15209 11968 8405 8163 6422 1741 1079 6381 985 5396 5372 5044 531 118 4513 397 4116 1968 1852 256 1785 676 531 491 436 337 103 153 1109 1069
is_linear=0
shrinkage=0.1


Tree=91
num_leaves=31
num_cat=0
split_feature=20 5 12 9 9 20 22 22 7 17 0 20 12 22 21 13 16 22 5 11 18 20 12 0 20 21 20 3 20 22
split_gain=0.317787 0.185192 0.127361 0.121454 0.153907 0.119261 0.254067 0.284597 0.174991 0.221109 0.263674 0.149772 0.257014 0.214787 0.280943 0.182805 0.164043 0.168422 0.249745 0.211746 0.195653 0.213641 0.167133 0.152864 0.247034 0.217211 0.426118 0.143777 0.128176 0.1189
threshold=3.3249291181564335 73.500000000000014 -338.49999999999994 51.500000000000007 37.500000000000007 19.382786750793461 50.649999618530281 46.750000000000007 3.5000000000000004 297.85835266113287 4.5000000000000009 971.50000000000011 -9.4999999999999982 41.95000076293946 39.250000000000007 325.30000305175787 -2.1896551847457881 37.750000000000007 2663.5000000000005 -1.0000000180025095e-35 -372.43106079101557 118.89692687988283 -47.499999999999993 100.50000000000001 22.77099704742432 40.750000000000007 47.121086120605476 13984.500000000002 154.56134033203128 38.95000076293946
decision_type=2 2 2 2 2 2 2 2 2 2 2 2 2 2 2 2 2 2 2 2 2 2 2 2 2 2 2 2 2 2
left_child=-1 -2 -3 4 5 -4 7 8 9 10 -7 12 15 14 -13 16 23 18 -18 20 21 -19 -22 28 -25 26 -26 -14 -11 -23
right_child=1 2 3 -5 -6 6 -8 -9 -10 11 -12 13 27 -15 -16 -17 17 19 -20 -21 22 29 -24 24 25 -27 -28 -29 -30 -31
leaf_value=0.10002354266216194 -0.10001811505655323 0.1001443746501125 0.013443703829857951 0.10116977101279366 -0.060820546721462199 0.10298302509337527 -0.10089554055046186 0.087034889455615341 0.075941970191413355 -0.074365583338025162 -0.10013632043814889 0.094840237050936776 -0.0973162908926202 -0.10011545382540595 -0.1002747052982904 0.10128199914732382 -0.1012532003589378 0.082165312221324671 0.060441080457975617 -0.092928300968402197 0.082077735704723612 0.1005752794211443 -0.089235922687430191 -0.098702121701001594 -0.10078958401806651 0.10095454736403005 0.10033947666420154 0.10012281371036634 0.031045064169952032 -0.10034670301032632
leaf_weight=0.30808233645802907 0.19314275450596952 0.1225459992638197 3.6518301489122624 0.11202726700867138 0.44838534117298046 0.073638366535305866 0.28880090129678126 0.31901486346032459 0.22722351383708872 0.78855776165437441 0.48372340752030141 0.45117156443302509 0.45493981998151856 0.095036342085222714 0.08822779991896823 0.15611668497876952 0.26752392723574336 0.83039711604942557 0.14857283362653106 0.12884703610325221 0.083416283203405328 0.040077524492517114 0.17947502547031025 0.19961996638448909 0.24849837744841352 0.25454014234128408 0.18284296794445254 0.040136633331712801 0.13512221892597154 0.11109868567291414
leaf_count=3241 3563 522 2279 29 52 3 352 110 14 299 2588 174 367 161 56 171 382 141 46 46 25 15 124 37 94 52 62 70 44 90
internal_value=-0.000121555 -0.0029771 -0.00121082 -0.002395 -0.00351307 -0.000924971 -0.00928488 -0.00486637 -0.0100382 -0.0136284 -0.0733003 -0.00681898 -0.0135849 0.0385029 0.0629259 -0.00465509 -0.00925093 0.0122174 -0.0435181 0.0291046 0.0417394 0.0622595 -0.0348775 -0.0304847 -0.000796848 0.0276976 -0.0155322 -0.0813096 -0.0589454 -0.0470813
internal_weight=11.1126 10.8046 10.6114 10.4889 10.3768 9.92845 6.27662 5.98782 5.6688 5.44158 0.557362 4.88422 4.24978 0.634436 0.539399 3.75471 3.59859 1.78941 0.416097 1.37331 1.24446 0.981573 0.262891 1.80918 0.885501 0.685881 0.431341 0.495076 0.92368 0.151176
internal_count=15209 11968 8405 7883 7854 7802 5523 5171 5061 5047 2591 2456 2065 391 230 1628 1457 869 428 441 395 246 149 588 245 208 156 437 343 105
is_linear=0
shrinkage=0.1


Tree=92
num_leaves=31
num_cat=0
split_feature=2 2 23 12 9 9 13 17 21 21 22 21 15 20 16 18 0 22 12 21 22 0 22 12 0 0 22 18 21 6
split_gain=0.29227 0.169332 0.160468 0.117076 0.106849 0.150053 0.094157 0.114697 0.210555 0.485764 0.171672 0.236998 0.252067 0.245595 0.284251 0.27808 0.29918 0.208431 0.253176 0.181969 0.25923 0.19262 0.22509 0.185722 0.210043 0.181011 0.380257 0.302643 0.209705 0.256908
threshold=1049.5000000000002 35.500000000000007 1.0000000180025095e-35 -338.49999999999994 51.500000000000007 43.500000000000007 32.850000381469734 161.60405731201175 36.049999237060554 36.45000076293946 46.750000000000007 33.750000000000007 128.50000000000003 18.326184272766117 11.534482955932619 -244.37347412109372 92.500000000000014 42.149999618530281 -137.49999999999997 37.95000076293946 37.45000076293946 170.50000000000003 40.95000076293946 -80.499999999999986 104.50000000000001 72.500000000000014 36.750000000000007 -503.63768005371088 40.149999618530281 201.50000000000003
decision_type=2 2 2 2 2 2 2 2 2 2 2 2 2 2 2 2 2 2 2 2 2 2 2 2 2 2 2 2 2 2
left_child=1 2 -1 -3 5 6 -5 8 -8 -10 17 13 -13 14 15 16 -12 19 -19 20 -9 22 25 24 -22 28 27 -27 -21 -30
right_child=-2 3 -4 4 -6 -7 7 10 9 -11 11 12 -14 -15 -16 -17 -18 18 -20 21 23 -23 -24 -25 -26 26 -28 -29 29 -31
leaf_value=0.046476046773275576 0.10001898907292886 0.10012685098547783 -0.10031625491600681 0.072610334358787998 0.10106067336537541 -0.091384858148148174 -0.084668092805072107 -0.10003693263984717 0.090767790561122386 -0.07725972216219601 -0.1012616809211145 -0.10173479088742683 0.092850571199069074 -0.10078026541307777 -0.10208734797729319 0.10151623351744499 0.10047036624015844 0.075030846551889296 -0.064421884533024817 0.040052562316501138 -0.10116741454216367 0.10079786286121926 -0.092069837186447012 0.094081734882345155 0.10031627024298369 0.050069773919100849 -0.083822471171365986 -0.041295546351896438 -0.10093024417201356 0.065562269429408168
leaf_weight=0.097494909554370679 0.28351752556045617 0.11478462131344613 0.3153328615189811 0.17164870348642125 0.10061000128917008 0.18638039811048734 0.45404471768415422 0.1097107022360414 0.32949744767392986 0.36007437895386829 0.19075426110066473 0.07407655456336204 0.65717901141033508 0.19947377508651698 0.15233094659924973 0.41671557951485716 0.11961543161305599 0.15087834953737911 0.94931482936226508 1.3175338748187644 0.12197030556853861 0.16301153614767816 0.30947387083142519 0.56554913126456086 0.089858557330444455 0.75569989615905042 0.69226937698113022 0.69687960183365116 0.26256682669918507 0.14324165582365822
leaf_count=370 3503 554 3931 41 33 13 162 639 69 1383 49 25 565 242 16 81 70 53 738 511 25 329 223 119 29 257 281 579 225 94
internal_value=-0.00013939 -0.00290495 -0.0656493 -0.000276614 -0.00145981 -0.00252982 -0.000777973 -0.00213516 -0.0317891 0.0030287 0.002032 0.0291879 0.073139 -0.000601523 0.0221215 0.0481444 -0.0235148 -0.00573608 -0.0452976 0.00258972 0.0438598 -0.0058445 -0.0100057 0.0641679 -0.0156973 -0.00344014 -0.0228305 0.00623697 0.0206929 -0.042162
internal_weight=10.5515 10.268 0.412828 9.85514 9.74036 9.63975 9.45337 9.28172 1.14362 0.689572 8.1381 1.81015 0.731256 1.07889 0.879416 0.727085 0.31037 6.32796 1.10019 5.22777 0.887089 4.34068 4.17767 0.777378 0.211829 3.86819 2.14485 1.45258 1.72334 0.405808
internal_count=15209 11706 4301 7405 6851 6818 6805 6764 1614 1452 5150 1048 590 458 216 200 119 4102 791 3311 812 2499 2170 173 54 1947 1117 836 830 319
is_linear=0
shrinkage=0.1


Tree=93
num_leaves=31
num_cat=0
split_feature=20 5 17 20 9 9 22 21 0 6 12 22 0 20 17 17 12 21 22 21 0 0 20 0 13 21 3 21 17 13
split_gain=0.266706 0.155289 0.11088 0.138582 0.100713 0.116216 0.117379 0.209891 0.159494 0.170949 0.173868 0.183681 0.21697 0.160617 0.204372 0.132874 0.125303 0.122668 0.212539 0.252544 0.223199 0.179947 0.150379 0.145784 0.22077 0.194478 0.280686 0.25534 0.277632 0.242947
threshold=3.3249291181564335 73.500000000000014 842.80474853515636 31.781346321105961 51.500000000000007 44.500000000000007 37.549999237060554 39.850000381469734 134.50000000000003 475.50000000000006 -219.49999999999997 34.750000000000007 110.50000000000001 15.501419067382814 585.34945678710949 297.85835266113287 -211.49999999999997 39.95000076293946 39.350000381469734 38.45000076293946 23.500000000000004 106.50000000000001 14.678769111633303 36.500000000000007 110.09999847412111 37.649999618530281 11201.500000000002 36.049999237060554 161.60405731201175 669.75000000000011
decision_type=2 2 2 2 2 2 2 2 2 2 2 2 2 2 2 2 2 2 2 2 2 2 2 2 2 2 2 2 2 2
left_child=-1 -2 4 -4 5 6 7 -3 9 10 -9 12 -12 14 -11 -10 -8 18 19 21 -20 -18 -19 -22 -25 27 -27 28 -26 -28
right_child=1 2 3 -5 -6 -7 16 8 15 13 11 -13 -14 -15 -16 -17 17 22 20 -21 23 -23 -24 24 25 26 29 -29 -30 -31
leaf_value=0.10002326499547401 -0.10001495102122515 -0.082312812487334713 0.10075263699318848 -0.039156098086345195 0.10095851251473231 -0.084797562526817902 0.091669795534394694 -0.10122266333881957 -0.10048268657513598 -0.10188245411890773 -0.1016091132059084 0.072518023118072872 0.078693418039772825 -0.090476875888274744 0.10134925265385929 0.10041416692935463 -0.10047055197371287 0.10091422096178609 -0.077923222399463435 0.073376023623866221 0.045033337882097922 0.10148030079784361 -0.090405797597877188 -0.082284503125937672 -0.081669620733306247 -0.090595192272972247 0.049327015985496776 0.051304392317375158 0.014451217442848661 -0.093036161046007343
leaf_weight=0.25892731630665444 0.16162513658491562 0.46638383126991589 0.22206143722360216 0.10393310058861971 0.091905780151137928 0.17567166006483681 0.15867622141376614 0.11726530781015743 0.039217522484250256 0.084901447524316609 0.1729303512329351 0.41685314604546875 0.10868990828748792 0.45055922186293174 0.11860422237077728 0.20510400402417872 0.16543992205697999 0.048855744520551414 0.37260865522330266 0.78844183507317211 0.6881497384092653 0.060168451629579067 0.2582402014231775 0.33668304511229497 0.40329738847503982 0.48230294439417754 0.44965226372005418 1.1873135623463893 1.1788166925543917 0.16344329881394515
leaf_count=3241 3563 2200 1126 72 29 18 197 15 12 24 315 117 32 108 91 263 342 103 557 233 365 4 87 291 138 295 212 364 742 53
internal_value=-0.00013675 -0.00281651 -0.00116567 0.0561471 -0.00319867 -0.00425081 -0.00266497 -0.0228332 -0.00664987 -0.0190865 0.0114514 0.030368 -0.0320223 -0.0571728 0.0165621 0.068167 0.00385779 0.00174131 0.00476074 0.0466809 -0.00331736 -0.0466114 -0.0599688 0.00236786 -0.00462016 0.00214554 -0.0335225 0.0162534 -0.010051 0.0113748
internal_weight=9.93672 9.6778 9.51617 0.325995 9.19018 9.09827 8.9226 2.18051 1.71413 1.4698 0.815739 0.698473 0.28162 0.654065 0.203506 0.244322 6.74209 6.58341 6.27632 1.01405 5.26227 0.225608 0.307096 4.88966 4.20151 3.86483 1.0954 2.76943 1.58211 0.613096
internal_count=15209 11968 8405 1198 7207 7178 7160 3177 977 702 479 464 347 223 115 275 3983 3786 3596 579 3017 346 190 2460 2095 1804 560 1244 880 265
is_linear=0
shrinkage=0.1


Tree=94
num_leaves=31
num_cat=0
split_feature=6 1 6 18 13 17 20 11 17 17 15 22 21 15 16 1 22 12 21 22 21 3 12 21 18 15 22 22 18 22
split_gain=0.243837 0.144127 0.141234 0.110996 0.0860554 0.136989 0.14687 0.121076 0.14139 0.229746 0.134086 0.129959 0.24765 0.263204 0.300896 0.232186 0.208839 0.266928 0.157276 0.208968 0.179148 0.172382 0.217493 0.224071 0.240592 0.231498 0.24334 0.168149 0.159874 0.148252
threshold=3978.5000000000005 31.500000000000004 5.5000000000000009 -648.31991577148426 32.850000381469734 55.152170181274421 4.7839837074279794 175.50000000000003 166.53562164306643 65.494338989257827 128.50000000000003 46.750000000000007 33.750000000000007 255.05000305175784 -2.8448275327682491 485.50000000000006 42.45000076293946 -129.49999999999997 37.549999237060554 41.549999237060554 37.95000076293946 13411.500000000002 -9.4999999999999982 39.049999237060554 -441.80877685546869 74.583332061767592 39.750000000000007 40.350000381469734 -587.82397460937489 41.549999237060554
decision_type=2 2 2 2 2 2 2 2 2 2 2 2 2 2 2 2 2 2 2 2 2 2 2 2 2 2 2 2 2 2
left_child=1 2 -1 -3 -5 6 -6 8 9 -7 -9 16 13 14 -13 -15 18 -18 29 20 -20 22 23 -22 25 -25 28 -26 -27 -10
right_child=-2 3 -4 4 5 7 -8 10 11 -11 -12 12 -14 15 -16 -17 17 -19 19 -21 21 -23 -24 24 27 26 -28 -29 -30 -31
leaf_value=-0.10029085988001352 0.10006001944569741 0.10007734554647535 0.046056672724356054 0.07284227436779088 0.10019334422783488 0.058971018716126623 -0.10151462306661424 -0.081728962652937873 -0.10004184920829667 -0.085050810450405911 0.054751395450777063 0.1019822371256516 0.076290121061578772 0.10048469932199673 -0.10093441982919496 -0.10099798651019996 0.06865195468097729 -0.083738798241655699 0.071049592924935276 -0.075951237789515 -0.074589924274001962 0.10007347937568514 -0.078716469337374639 -0.10145166506404474 0.083925340252366143 -0.074780715646351123 0.10464710852025083 -0.077093638875773793 0.0060517859767982097 0.088723904234374873
leaf_weight=0.27221306351202557 0.23663778395348423 0.10897165975984435 0.087024747394025326 0.15307487965037481 0.042475459922569736 0.14577896188711559 0.24043316290772054 0.081325371749699005 0.047899830366077256 0.46111489573377185 0.62679507010761881 0.091833653626963496 0.59111205108274589 0.26623112610832322 0.35778770549222805 0.072844734415411949 0.14102723644828075 0.62141184223219159 0.34549181773763837 0.37391019395727187 0.35761816752346431 0.15208882809747581 0.3940930811004425 0.22767114205634742 0.54276495901649946 0.29283672093878976 0.21819729031994928 0.073655743519339012 1.488022200202981 0.31664197791542392
leaf_count=4252 3203 300 11 58 30 150 565 5 297 860 182 9 691 124 294 12 92 619 422 269 342 882 319 73 307 86 11 34 654 56
internal_value=-0.000167776 -0.00274793 -0.0648384 -0.000222744 -0.00147557 -0.00280285 -0.0712305 -0.000467139 -0.00416132 -0.050456 0.0390771 -0.000132153 0.027354 -0.0093226 -0.0594894 0.0571995 -0.00691266 -0.0555513 0.000763764 -0.00439107 0.0021471 -0.00420614 -0.00861793 1.29294e-05 0.00939666 -0.00590878 0.00497253 0.0646853 -0.00723996 0.0639206
internal_weight=9.42899 9.19235 0.359238 8.83311 8.72414 8.57106 0.282909 8.28815 7.58003 0.606894 0.70812 6.97314 1.37981 0.788697 0.449621 0.339076 5.59333 0.762439 4.83089 4.46635 4.09244 3.74695 3.59486 3.20077 2.84315 2.22673 1.99906 0.616421 1.78086 0.364542
internal_count=15209 12006 4263 7743 7443 7385 595 6790 6603 1010 187 5593 1130 439 303 136 4463 711 3752 3399 3130 2708 1826 1507 1165 824 751 341 740 353
is_linear=0
shrinkage=0.1


Tree=95
num_leaves=31
num_cat=0
split_feature=2 2 23 18 9 9 11 22 15 22 15 16 11 17 17 21 0 18 15 19 18 12 15 22 3 2 6 0 22 18
split_gain=0.220575 0.128118 0.133523 0.10038 0.082292 0.112419 0.151994 0.104584 0.0823547 0.10591 0.231191 0.216299 0.32288 0.221759 0.171232 0.144114 0.203039 0.301974 0.18952 0.29023 0.147302 0.257337 0.218948 0.202694 0.14519 0.144801 0.139134 0.186446 0.176817 0.289206
threshold=1049.5000000000002 35.500000000000007 1.0000000180025095e-35 -648.31991577148426 51.500000000000007 35.500000000000007 175.50000000000003 53.250000000000007 40.716667175292976 46.350000381469734 255.05000305175784 -2.8448275327682491 4.5000000000000009 161.60405731201175 166.53562164306643 39.149999618530281 81.500000000000014 -519.00564575195301 179.88333129882815 1.0370943546295168 -441.80877685546869 -9.4999999999999982 74.583332061767592 40.350000381469734 14324.500000000002 131.50000000000003 220.50000000000003 77.500000000000014 36.850000381469734 -510.34986877441401
decision_type=2 2 2 2 2 2 2 2 2 2 2 2 2 2 2 2 2 2 2 2 2 2 2 2 2 2 2 2 2 2
left_child=1 2 -1 -3 5 6 7 8 -5 15 11 -11 -13 -14 -12 16 17 -10 25 -20 22 -22 -17 26 -23 -18 -24 -28 29 -29
right_child=-2 3 -4 4 -6 -7 -8 -9 9 10 14 12 13 -15 -16 20 18 -19 19 -21 21 24 23 -25 -26 -27 27 28 -30 -31
leaf_value=0.045937048461025816 0.10001660593288331 0.10006998487624859 -0.10030712350841252 0.039500662939134623 0.10082522061869754 -0.052907905006809364 0.058268457556683931 -0.080381784861180028 0.098508821101058741 0.06712074153452903 -0.10364370215726984 -0.10095075224903115 -0.10047933580195437 0.08165854077208444 0.10040559495740492 -0.10124591852173848 -0.10563477729452914 -0.091358046177374641 0.069845054469841003 -0.059197321720449919 0.079749731178176561 -0.084393490454756095 -0.067585327895006819 0.1064138179271915 0.10014056350535896 0.072522139806135338 0.088090106251821371 0.048890163459158101 -0.08596239063847283 -0.060276798079706984
leaf_weight=0.083371266478934558 0.2144448202125212 0.098608519114349202 0.24856192037986957 0.46463649475480995 0.077968806028366866 0.41813878854736675 0.42771914770491992 0.17083737431676116 0.094695954427152174 0.28297736350214109 0.045803678222000599 0.37053325986198593 0.090820895493379794 0.25323611038038507 0.4026988390396582 0.23279608762823123 0.05221297071329889 0.72579247437897754 0.22437734250343033 0.78081575238320511 0.53741531611376592 0.19249946501804471 0.32657899254263645 0.16780931098037388 0.054767230081779417 0.36136434183572419 0.22629883061745193 0.64571517387594224 0.24925052722392127 0.38879213178734029
leaf_count=370 3503 300 3931 264 34 50 124 214 53 49 2 193 57 39 710 75 62 1609 305 957 782 152 184 11 100 356 142 247 73 261
internal_value=-0.000175017 -0.00264545 -0.0635751 -0.000227732 -0.00142414 -0.00239773 0.000320298 -0.00305522 -0.00121327 -0.00403368 0.0199349 -0.00687542 -0.0361779 0.0335795 0.0795669 -0.0106216 -0.0298482 -0.0694447 -0.00694908 -0.0303927 0.00362536 0.040905 -0.00944998 0.00121119 -0.0435209 0.0500303 -0.00840093 0.00439884 -0.0103541 0.00786266
internal_weight=8.91154 8.69709 0.331933 8.36516 8.26655 8.18858 7.77045 7.34273 7.17189 6.70725 1.44607 0.997568 0.71459 0.344057 0.448503 5.26118 2.23926 0.820488 1.41877 1.00519 3.02192 0.784682 2.23724 2.00444 0.247267 0.413577 1.83664 1.51006 1.28376 1.03451
internal_count=15209 11706 4301 7405 7105 7071 7021 6897 6683 6419 1050 338 289 96 712 5369 3342 1662 1680 1262 2027 1034 993 918 252 418 907 723 581 508
is_linear=0
shrinkage=0.1


Tree=96
num_leaves=31
num_cat=0
split_feature=20 5 4 12 0 17 11 13 0 22 3 19 5 10 21 22 10 19 18 19 22 15 22 0 22 16 21 1 22 0
split_gain=0.203154 0.1188 0.100954 0.188887 0.158243 0.220072 0.121282 0.114432 0.138259 0.112276 0.166292 0.160512 0.109294 0.107167 0.120653 0.137781 0.106667 0.106067 0.102116 0.169561 0.157562 0.157539 0.195952 0.262993 0.18542 0.226068 0.202344 0.162037 0.156559 0.181156
threshold=3.3249291181564335 73.500000000000014 12946.500000000002 358.50000000000006 143.50000000000003 251.54463195800784 -170.49999999999997 289.75000000000006 110.50000000000001 34.350000381469734 9872.5000000000018 1.0858655571937563 3515.5000000000005 -20.499999999999996 42.549999237060554 42.850000381469734 94.500000000000014 1.0398011207580569 -434.46205139160151 1.2075539231300356 37.45000076293946 255.05000305175784 39.95000076293946 75.500000000000014 50.649999618530281 -2.8448275327682491 37.750000000000007 125.50000000000001 38.649999618530281 102.50000000000001
decision_type=2 2 2 2 2 2 2 2 2 2 2 2 2 2 2 2 2 2 2 2 2 2 2 2 2 2 2 2 2 2
left_child=-1 -2 3 7 -4 6 -6 9 -9 10 -3 -12 -13 -10 15 17 -8 -15 19 -11 -20 22 28 -24 26 -26 27 -25 29 -22
right_child=1 2 4 -5 5 -7 16 8 13 18 11 12 -14 14 -16 -17 -18 -19 20 -21 21 -23 23 24 25 -27 -28 -29 -30 -31
leaf_value=0.10002003710575846 -0.10001344646837916 -0.10105484246615526 0.10089670473774284 -0.093539731039872065 0.10382129560346627 0.10010047953251873 -0.10147824935716926 0.07661341650076442 0.085106158440183446 0.023536853738948517 0.10116273924186377 -0.1004520914121956 0.047439015880353708 0.081739504366076798 0.10015446582412837 0.10005953269816013 0.10034352691863629 -0.068078161774239074 -0.10008515845216076 -0.070461751707249137 -0.10036331669359969 0.055843648768886034 -0.083475493501703135 -0.10382981007496275 0.10163316180312487 -0.08015325629023666 -0.071392974592358924 0.061827607007388354 0.066613456854458006 0.10239500860531801
leaf_weight=0.19759912486915787 0.12328392850758874 0.29911857551632959 0.24094277294716437 0.23074831397389051 0.0434736440947745 0.14620673996614642 0.2181977514483151 0.3812031374836804 0.13017747163394233 1.9601246733291167 0.10905551844916772 0.13956973055610433 0.077839221572503448 0.053301232837839052 0.079666720514069311 0.069191000868158881 0.029759033117443323 0.41664723308349494 0.19811341918466796 0.21273079718230281 0.14536385343308289 0.34253624768462021 0.65489516570960438 0.065169476351002009 0.080404637148603797 0.45855230357847176 0.18520448276831303 0.62842086389719043 0.43156389124123962 0.063233425840735435
leaf_count=3241 3563 438 664 41 7 889 199 121 223 808 49 61 10 45 78 352 10 187 1792 99 391 182 1124 16 10 137 111 183 175 3
internal_value=-0.00017796 -0.00258816 -0.00110375 -0.00448329 0.0358145 -1.67825e-05 -0.0502443 -0.00162205 0.0275871 -0.00707685 -0.0471919 0.00215919 -0.0475024 0.00263469 -0.0147147 -0.0316885 -0.0772562 -0.0510859 -0.0024521 0.014334 -0.0136629 -0.00805913 -0.0161279 -0.0310644 -0.00685434 -0.0530333 0.0214668 0.0462625 0.0322318 -0.0388999
internal_weight=8.41229 8.2147 8.09141 7.41283 0.67858 0.437637 0.29143 7.18208 1.13019 6.0519 0.625583 0.326464 0.217409 0.748984 0.618806 0.539139 0.247957 0.469948 5.42631 2.17286 3.25346 3.05534 2.71281 2.07265 1.41775 0.538957 0.878795 0.69359 0.640161 0.208597
internal_count=15209 11968 8405 6636 1769 1105 216 6595 1006 5589 558 120 71 885 662 584 209 232 5031 907 4124 2332 2150 1581 457 147 310 199 569 394
is_linear=0
shrinkage=0.1


Tree=97
num_leaves=31
num_cat=0
split_feature=20 1 6 4 12 0 17 11 14 10 19 17 21 22 21 1 0 21 7 15 21 18 16 0 22 22 21 12 5 10
split_gain=0.183697 0.10924 0.118551 0.0865091 0.171436 0.143068 0.199009 0.109507 0.100334 0.0963937 0.093434 0.245584 0.1887 0.129433 0.112904 0.205793 0.202243 0.210578 0.207826 0.199528 0.180616 0.148964 0.145595 0.219529 0.105523 0.11594 0.272752 0.11372 0.105188 0.13306
threshold=3.3249291181564335 31.500000000000004 5.5000000000000009 12946.500000000002 358.50000000000006 143.50000000000003 251.54463195800784 -170.49999999999997 -10.055555343627928 94.500000000000014 1.0899078249931338 775.85751342773449 39.049999237060554 37.45000076293946 39.549999237060554 92.500000000000014 93.500000000000014 41.649999618530281 9.5000000000000018 255.05000305175784 36.049999237060554 -599.36233520507801 -2.8448275327682491 103.50000000000001 37.850000381469734 40.95000076293946 38.049999237060554 68.500000000000014 3586.5000000000005 49.500000000000007
decision_type=2 2 2 2 2 2 2 2 2 2 2 2 2 2 2 2 2 2 2 2 2 2 2 2 2 2 2 2 2 2
left_child=-1 2 -2 4 8 -5 7 -7 -3 -9 11 13 -13 -10 19 -16 21 -18 -19 20 22 -17 -12 -24 -22 -26 -27 -28 29 -15
right_child=1 3 -4 5 -6 6 -8 9 10 -11 14 12 -14 28 15 16 17 18 -20 -21 24 -23 23 -25 25 26 27 -29 -30 -31
leaf_value=0.10001813155218134 -0.10027891247652682 0.10038481854057571 0.045872457036046949 0.10081240039670006 -0.091777712746295967 0.10344506233507622 0.10009093824124271 -0.10133987024464886 -0.074327075174510912 0.10031075970267345 0.097903666406107523 -0.066717770142507973 0.10081989898828687 -0.017060954062689381 -0.10065011707884652 -0.10063784460821645 -0.083449451264527505 0.083538839651641605 -0.10110190794339627 0.096580503822574187 -0.065256790616861612 0.086811938560019133 -0.10060943892476078 0.014743287402141057 0.060095301761423553 0.049184964412356098 -0.10143445793803539 0.044450199770669017 -0.10009771389694436 0.098027397348415285
leaf_weight=0.17879831365644339 0.21570491170859885 0.097030262841143577 0.074728319887071848 0.21818708444334323 0.21260021215130098 0.039472356300393585 0.13230529886641307 0.1976893795763317 0.50481954085990022 0.026935435424093157 0.077099044399801642 0.089447718608425819 0.27062226105772424 1.3988633115150149 0.24128100463713043 0.048961301683448255 0.35390841159096453 0.2127117552299751 0.085448135156184435 0.29257496938953398 0.11700729453514203 0.31609377754648427 0.35685073247441401 0.30684452340938151 0.8113380103750385 0.55480950405762997 0.23649568410473876 0.069031193153932691 0.13771528680808831 0.10823064984288056
leaf_count=3241 4252 201 11 664 41 7 889 199 1679 10 15 63 165 1153 131 12 128 128 30 545 482 160 342 39 222 247 86 10 50 7
internal_value=-0.000201137 -0.00249703 -0.0626742 -0.000171164 -0.00337344 0.0357797 -1.54394e-05 -0.0501659 -0.000562879 -0.0771593 -0.00204918 -0.0172319 0.0592006 -0.0300345 0.00728897 -0.017621 0.00207508 -0.0312893 0.0306236 0.0183968 0.00935357 0.0616711 -0.0321687 -0.0472787 0.0265503 0.0329762 0.00740167 -0.0684731 -0.0164404 -0.00879598
internal_weight=7.98361 7.80481 0.290433 7.51437 6.89978 0.61459 0.396402 0.264097 6.68718 0.224625 6.59015 2.5097 0.36007 2.14963 4.08046 1.2584 1.01712 0.652068 0.29816 2.82205 2.52948 0.365055 0.740794 0.663695 1.78868 1.67167 0.860336 0.305527 1.64481 1.50709
internal_count=15209 11968 4263 7705 5936 1769 1105 216 5895 209 5694 3117 228 2889 2577 589 458 286 158 1988 1443 172 396 381 1047 565 343 96 1210 1160
is_linear=0
shrinkage=0.1


Tree=98
num_leaves=31
num_cat=0
split_feature=20 5 18 4 12 0 17 13 22 11 15 22 3 6 12 18 10 20 10 8 18 20 0 21 0 22 21 15 12 6
split_gain=0.166053 0.0980406 0.0851871 0.0857207 0.144315 0.130226 0.178443 0.10379 0.112413 0.0988963 0.0984949 0.0971564 0.129357 0.144415 0.0955547 0.105591 0.106285 0.16839 0.0871202 0.0820765 0.108186 0.142023 0.225862 0.191047 0.225609 0.165919 0.23917 0.164398 0.162916 0.204537
threshold=3.3249291181564335 73.500000000000014 -648.31991577148426 12946.500000000002 358.50000000000006 143.50000000000003 251.54463195800784 285.15000915527349 49.95000076293946 -170.49999999999997 208.90000152587893 34.350000381469734 9872.5000000000018 475.50000000000006 -39.499999999999993 -345.38331604003901 -20.499999999999996 15.501419067382814 94.500000000000014 2.5000000000000004 -358.36102294921869 19.867569923400882 33.500000000000007 37.649999618530281 52.500000000000007 40.95000076293946 39.750000000000007 158.81666564941409 -6.4999999999999991 113.50000000000001
decision_type=2 2 2 2 2 2 2 2 2 2 2 2 2 2 2 2 2 2 2 2 2 2 2 2 2 2 2 2 2 2
left_child=-1 -2 -3 4 7 -5 9 11 14 -7 -10 12 -4 -14 15 16 -9 -18 -11 20 21 22 -13 27 25 26 -25 28 29 -23
right_child=1 2 3 5 -6 6 -8 8 10 18 -12 19 13 -15 -16 -17 17 -19 -20 -21 -22 23 -24 24 -26 -27 -28 -29 -30 -31
leaf_value=0.10001640748015717 -0.10001342436473391 0.10006511052496365 -0.10088656864943042 0.1007362034264717 -0.089782449420145793 0.10310698510393557 0.10008328220562945 0.079416633135696774 -0.10129542373280054 -0.10121424624651701 0.10147726606189832 -0.10141542878331389 0.10128334351332687 -0.069854327375238126 -0.050898142665009118 0.09770748534048232 0.10128939231482315 -0.060763451949701633 0.10028112008196013 0.1005201838320359 -0.024429078679438009 -0.10136024686516856 0.10032453263066438 0.05196636664217355 -0.062662631913305442 -0.065717271232669058 -0.10024323854278024 0.092963588144284862 0.10014380629983986 0.10317461205970986
leaf_weight=0.16178605216555286 0.10147361291637924 0.082396706045983481 0.25080130945934787 0.19749319180118607 0.19643210784124665 0.035827206018439028 0.11820224898474407 0.13544640974214417 0.026600009296089411 0.17908747729597962 0.24090066844655667 0.067804615944623392 0.089543546811910346 0.10973591648507863 0.21366499237046788 0.15675976654529222 0.082787652274419088 0.28439031354355393 0.024379026843234897 0.073246675936388672 1.9311821754654381 0.18752009831223404 0.30570224509574473 0.72018230154208118 0.72568289871560399 0.22991405424181721 0.12050813279347494 0.33209267150959931 0.10488099564099718 0.066135400906205177
leaf_count=3241 3563 242 437 662 41 7 863 132 4 199 186 7 38 59 205 353 41 64 10 21 3385 156 141 292 468 179 70 106 34 3
internal_value=-0.000202826 -0.00239665 -0.00103774 -0.00219365 -0.00534384 0.0355635 -0.000440127 -0.00277449 0.0245974 -0.050095 0.0813137 -0.00864832 -0.0530988 0.00704408 0.00721967 0.026052 0.0037039 -0.0242254 -0.0770714 -0.0045359 -0.00614184 0.00620458 0.0637016 -0.00243083 -0.0196168 0.00956077 0.030148 0.0422689 -0.00468685 -0.048032
internal_weight=7.55256 7.39077 7.2893 7.2069 6.65191 0.554989 0.357496 6.45548 1.14055 0.239294 0.267501 5.31493 0.450081 0.199279 0.873049 0.659384 0.502624 0.367178 0.203467 4.86485 4.79161 2.86042 0.373507 2.48692 1.79629 1.0706 0.84069 0.690629 0.358536 0.253655
internal_count=15209 11968 8405 8163 6422 1741 1079 6381 985 216 190 5396 534 97 795 590 237 105 209 4862 4841 1456 148 1308 1009 541 362 299 193 159
is_linear=0
shrinkage=0.1


Tree=99
num_leaves=31
num_cat=0
split_feature=2 5 18 9 9 20 22 22 7 12 22 14 13 22 21 19 15 21 22 21 22 18 21 17 21 1 0 17 21 17
split_gain=0.151704 0.0889018 0.0791424 0.074166 0.0896209 0.0795889 0.15343 0.164395 0.110662 0.148134 0.129042 0.113541 0.106145 0.120679 0.181025 0.184904 0.259081 0.162001 0.207967 0.14379 0.144614 0.281113 0.162627 0.228166 0.116584 0.0872205 0.102276 0.0705492 0.206229 0.218735
threshold=1049.5000000000002 73.500000000000014 -648.31991577148426 51.500000000000007 43.500000000000007 19.382786750793461 50.649999618530281 46.750000000000007 3.5000000000000004 4.2500000000000009 42.45000076293946 -4.6111109256744376 325.30000305175787 37.750000000000007 40.750000000000007 1.0899078249931338 246.44999694824222 37.649999618530281 41.549999237060554 37.95000076293946 39.250000000000007 -599.36233520507801 38.649999618530281 579.16802978515636 38.149999618530281 31.500000000000004 1.5000000000000002 161.60405731201175 36.049999237060554 82.502143859863295
decision_type=2 2 2 2 2 2 2 2 2 2 2 2 2 2 2 2 2 2 2 2 2 2 2 2 2 2 2 2 2 2
left_child=1 -1 -3 4 5 27 7 8 9 10 12 -12 13 14 -7 16 -16 -15 19 -19 22 -22 -21 25 -23 26 -24 28 -4 -30
right_child=-2 2 3 -5 -6 6 -8 -9 -10 -11 11 -13 -14 17 15 -17 -18 18 -20 20 21 24 23 -25 -26 -27 -28 -29 29 -31
leaf_value=-0.1000121475349368 0.10001942737677079 0.10005736707324837 -0.080335735765784289 0.10084102343680151 -0.086412780304878839 -0.1003278584579117 -0.10068471011868813 0.081778949964177061 0.06992254985964548 -0.084534050729413723 0.050817950506636934 -0.099236892464478935 0.091422283189857401 0.073711171383861102 -0.101686876702376 -0.081008655785425959 0.10091334470697111 0.098462766742713662 -0.10037468825845533 -0.10047829850032763 0.057183752804489056 0.10014115986043946 0.10210394478213153 -0.064156286529336456 -0.10043195649056771 0.10051464422073275 -0.10085947278225418 0.021132917790804059 0.10115356415922235 -0.07121340441433742
leaf_weight=0.091818233056983334 0.14807988785832993 0.076692886243108549 0.28117590090550981 0.069289033133827505 0.12684188376806549 0.29921907192511099 0.17951231363622344 0.20171401028346725 0.16179835813818488 0.2793072004278655 0.062975015782285482 0.2530452135579252 0.11659872865493515 0.30926641778205555 0.087359509176167194 0.18624475863180123 0.22746376055874862 0.15681372290418938 0.20142056845725154 0.086601213843095826 0.20737455965718243 0.031339553534053377 0.047245144844055176 0.14525797835085541 0.38486758556609857 0.38252420979551971 0.052325618802569807 1.9980595453198473 0.1990647469938267 0.11683203186839819
leaf_count=3563 3503 300 105 34 15 1596 352 110 14 1258 34 431 196 230 189 81 70 87 171 36 42 20 2 77 256 91 48 2207 55 36
internal_value=-0.000145849 -0.00225872 -0.000963217 -0.00209399 -0.0031456 -0.00155866 -0.0103013 -0.0061204 -0.0109397 -0.0146595 -0.00863207 -0.0693347 -0.00206679 -0.00595251 -0.0387819 -0.00202891 0.0446943 0.00715095 -0.00498798 0.00786901 -0.00275227 -0.037936 0.0279779 0.0457102 -0.0853292 0.0788137 -0.00455574 0.0121198 -0.018042 0.0374049
internal_weight=7.16813 7.02005 6.92823 6.85154 6.78225 6.65541 4.06027 3.88076 3.67905 3.51725 3.23794 0.31602 2.92192 2.80532 0.800287 0.501068 0.314823 2.00504 1.69577 1.49435 1.33754 0.623582 0.713954 0.627353 0.416207 0.482095 0.0995708 2.59513 0.597073 0.315897
internal_count=15209 11706 8143 7843 7809 7794 5391 5039 4929 4915 3657 465 3192 2996 1936 340 259 1060 830 659 572 318 254 218 276 141 50 2403 196 91
is_linear=0
shrinkage=0.1


Tree=100
num_leaves=31
num_cat=0
split_feature=2 5 12 22 2 18 16 21 13 20 11 12 17 18 0 18 21 22 21 15 12 16 11 20 14 22 22 15 21 20
split_gain=0.140745 0.0792696 0.0753317 0.0685448 0.0784134 0.142509 0.0928364 0.0920934 0.103565 0.0796357 0.118656 0.155274 0.0940169 0.147587 0.134019 0.106953 0.105746 0.194529 0.152303 0.121393 0.143186 0.174237 0.0916122 0.0851655 0.0834351 0.240673 0.164796 0.10401 0.10926 0.101602
threshold=917.50000000000011 73.500000000000014 -338.49999999999994 53.250000000000007 399.50000000000006 353.76309204101568 3.6034482717514043 36.149999618530281 669.75000000000011 14.115677356719972 57.500000000000007 10.500000000000002 292.88769531250006 -244.37347412109372 4.5000000000000009 -331.35502624511713 37.649999618530281 41.549999237060554 37.95000076293946 158.81666564941409 -6.4999999999999991 -3.7068965435028072 2.5000000000000004 22.123173713684086 -2.6111111640930171 36.850000381469734 34.149999618530281 332.66665649414068 41.649999618530281 21.119676589965824
decision_type=2 2 2 2 2 2 2 2 2 2 2 2 2 2 2 2 2 2 2 2 2 2 2 2 2 2 2 2 2 2
left_child=1 -1 -3 4 6 -6 9 -7 -9 -4 11 12 14 15 -11 16 19 18 -18 20 21 -14 24 -21 25 26 27 -20 -29 -26
right_child=-2 2 3 -5 5 7 -8 8 -10 10 -12 -13 13 -15 -16 -17 17 -19 22 23 -22 -23 -24 -25 29 -27 -28 28 -30 -31
leaf_value=-0.10001099422644551 0.074522334580175362 0.10015562654708149 0.046598244975893724 -0.054148962434619155 0.060927215585453165 -0.10195174110141803 -0.060551422904586941 0.057844244165553255 -0.093945935617810339 0.10178704004905387 0.065829358096592724 -0.081356348351818097 0.10264459555620908 0.096487833014564164 -0.082618494981044469 -0.078408460990010975 0.10027337224877664 -0.10032644146004373 -0.1017267022387367 -0.018538084848761252 0.098050426660256262 -0.10102108508550685 -0.098230834611603882 0.10087042992800246 0.078147383060313561 -0.078475949005272397 0.090236384130233133 -0.051288840870105518 0.10121075939035945 0.0018658544373316172
leaf_weight=0.083081481836415949 0.24320576215359313 0.071796825352066551 0.31524752929180966 0.25025351673866669 0.50590781149367092 0.10350124724209309 0.28684277276988712 0.1515367384563433 0.063905648072250187 0.046020297100767382 0.22319933382095758 0.27726508075102163 0.055540687404572964 0.15298646409064653 0.2744218867883319 0.18238238313278987 0.14088401454500932 0.21256879106658733 0.11228891818609676 0.075755306381324772 0.089216917869634815 0.17236609606334241 0.10452447179704893 0.28235899144783616 0.20342676932341364 0.45227192200400168 0.20794629326701397 0.10076308849966154 0.088020950872305548 1.2325299533658833
leaf_count=3563 3807 461 127 306 1131 8 233 63 23 3 64 965 3 125 1763 312 58 217 78 60 38 231 75 76 147 187 72 24 39 950
internal_value=-0.000169832 -0.00295647 -0.00170355 -0.00285271 -0.000752982 0.0279241 -0.0052255 -0.0244253 0.0128194 -0.00205279 -0.00532524 -0.00888333 -0.0040833 0.000231322 -0.0561351 -0.00373489 0.000122715 -0.00829363 -0.000890733 0.035711 -0.0093462 -0.0513879 -0.00658766 0.0756108 -0.00259184 -0.0253932 0.0217716 -0.0255159 0.0198144 0.0126724
internal_weight=6.76202 6.51881 6.43573 6.36393 6.11368 0.824851 5.28883 0.318944 0.215442 5.00199 4.68674 4.46354 4.18627 3.86583 0.320442 3.71285 3.53046 2.85523 2.64266 0.675238 0.317124 0.227907 2.50177 0.358114 2.39725 0.961291 0.509019 0.301073 0.188784 1.43596
internal_count=15209 11402 7839 7378 7072 1225 5847 94 86 5614 5487 5423 4458 2692 1766 2567 2255 1847 1630 408 272 234 1572 136 1497 400 213 141 63 1097
is_linear=0
shrinkage=0.1


Tree=101
num_leaves=31
num_cat=0
split_feature=20 2 23 18 10 10 15 17 11 16 22 16 15 20 18 3 21 17 19 20 17 20 22 5 0 19 17 17 16 17
split_gain=0.127812 0.0740797 0.0987873 0.0684877 0.065479 0.0759172 0.0602845 0.100936 0.0946799 0.0986852 0.116455 0.125916 0.157655 0.140837 0.121879 0.106659 0.101227 0.16387 0.191441 0.17543 0.123689 0.0986825 0.116718 0.114713 0.0968053 0.0861769 0.0947105 0.134242 0.0854573 0.0841895
threshold=3.3249291181564335 35.500000000000007 1.0000000180025095e-35 -648.31991577148426 142.50000000000003 133.50000000000003 38.250000000000007 55.152170181274421 175.50000000000003 -1.4310344457626341 46.750000000000007 -2.1896551847457881 161.08333587646487 15.501419067382814 371.24829101562506 11705.000000000002 37.750000000000007 775.85751342773449 1.0972536206245425 16.803649902343754 519.55682373046886 118.89692687988283 36.649999618530281 2663.5000000000005 96.500000000000014 1.0591424107551577 65.494338989257827 161.60405731201175 -2.3275862932205196 689.62109375000011
decision_type=2 2 2 2 2 2 2 2 2 2 2 2 2 2 2 2 2 2 2 2 2 2 2 2 2 2 2 2 2 2
left_child=-1 2 -2 -3 5 6 -5 -8 9 10 11 12 29 14 -14 16 20 -18 -19 -20 -15 22 23 -13 -10 -11 -27 -28 -12 -9
right_child=1 3 -4 4 -6 -7 7 8 24 25 28 21 13 15 -16 -17 17 18 19 -21 -22 -23 -24 -25 -26 26 27 -29 -30 -31
leaf_value=0.10001350692171646 0.050904157193005423 0.10005447820003642 -0.1002756099848332 0.045855103717224843 0.10071110578996781 -0.0974700353211395 -0.10030087844227993 -0.10097319235675964 -0.012863892286386396 -0.084126208940429048 0.093272885273419745 -0.090245691732189215 0.10089628168147589 -0.10024255131027721 -0.093404783996661245 0.056537842077128746 -0.093396279718437489 0.078198510753468675 0.068124917436032384 -0.10090537411031518 0.10029329756732322 -0.10011809621254888 0.076104772788320202 0.072592404559348997 0.086709755926503651 0.084425230176882207 -0.10098350374256858 -0.01081907310050987 -0.025112604335073258 0.030147690956831459
leaf_weight=0.12488262181796006 0.059285447114234557 0.067527004068324348 0.15953180114047416 0.2629075482909683 0.062371050291403551 0.082629881777393055 0.10492006842105173 0.26405561432511659 0.16680093284958264 0.19164426940005919 0.2464359470322961 0.10065752446280307 0.20370506661492971 0.041954401352995552 0.038363016310540843 0.18220289617602248 0.34464921671315096 0.18087455411296105 0.086306140256056096 0.21277649974217638 0.11524269770598039 0.04829332085500937 0.43645458411629079 0.07586858733156987 0.23546348435411346 0.093230164948181815 0.18067708338639965 1.9185467579791291 0.081022130434575845 0.060116635635495186
leaf_count=3241 370 242 3931 167 29 8 500 147 30 1428 316 192 815 107 55 192 281 84 25 45 50 110 263 65 140 24 207 1915 213 17
internal_value=-0.000165156 -0.00214954 -0.0593156 -9.4078e-05 -0.0012178 -0.00228523 -0.00094607 -0.00313926 -0.00128757 -0.00496951 0.00805223 0.000394199 -0.0137911 0.000702722 0.0701034 -0.0137299 -0.0267702 -0.0407898 -0.00301396 -0.0521284 0.0467722 0.0375106 0.0483536 -0.02026 0.045421 -0.0198203 -0.0141993 -0.0185794 0.0639811 -0.0766573
internal_weight=6.4294 6.30451 0.218817 6.0857 6.01817 5.9558 5.87317 5.61026 5.50534 5.10308 2.71898 2.39152 1.73025 1.40607 0.242068 1.16401 0.981804 0.824606 0.479957 0.299083 0.157197 0.661274 0.612981 0.176526 0.402264 2.3841 2.19245 2.09922 0.327458 0.324172
internal_count=15209 11968 4301 7667 7425 7396 7388 7221 6721 6551 2977 2448 1818 1654 870 784 592 435 154 70 157 630 520 257 170 3574 2146 2122 529 164
is_linear=0
shrinkage=0.1


Tree=102
num_leaves=31
num_cat=0
split_feature=6 5 18 9 9 20 22 22 7 17 0 3 14 10 20 12 21 22 21 18 19 4 17 19 21 12 17 21 15 8
split_gain=0.116805 0.0679183 0.0645882 0.0578134 0.0711843 0.0748623 0.129602 0.127289 0.0909185 0.114336 0.139775 0.0754334 0.0937213 0.0935182 0.084528 0.124055 0.120084 0.151709 0.0885853 0.200689 0.174771 0.245857 0.146043 0.216733 0.102525 0.0923574 0.0699509 0.0658947 0.119491 0.0998458
threshold=3978.5000000000005 73.500000000000014 -648.31991577148426 51.500000000000007 37.500000000000007 19.382786750793461 50.649999618530281 46.750000000000007 3.5000000000000004 297.85835266113287 4.5000000000000009 13115.000000000002 0.16666666790843013 4.5000000000000009 971.50000000000011 -9.4999999999999982 39.250000000000007 41.95000076293946 39.149999618530281 -445.49896240234369 1.0467960238456728 5697.5000000000009 775.85751342773449 1.1000834703445437 39.350000381469734 -137.49999999999997 553.64636230468761 42.049999237060554 332.66665649414068 13.500000000000002
decision_type=2 2 2 2 2 2 2 2 2 2 2 2 2 2 2 2 2 2 2 2 2 2 2 2 2 2 2 2 2 2
left_child=1 -1 -3 4 5 27 7 8 9 10 -7 12 13 14 15 18 17 -16 20 22 21 -11 24 -24 -20 -22 -21 -4 -29 -30
right_child=-2 2 3 -5 -6 6 -8 -9 -10 11 -12 -13 -14 -15 16 -17 -18 -19 19 26 25 -23 23 -25 -26 -27 -28 28 29 -31
leaf_value=-0.10000905970341896 0.10004566177585235 0.10004811391941858 0.020117028992156723 0.1006499305498274 -0.055496520542932283 0.10153439920251139 -0.10056787318097966 0.078731895124011686 0.068199261738500078 -0.10110872263731402 -0.10012221241172632 0.06944817439028983 -0.094856981472177998 0.10447620446798322 0.094484572940813513 -0.10044035715912719 -0.10017618330313788 -0.10005874886137844 0.056346824265579847 0.086041938720123307 0.047763757980718323 0.084626908764115813 0.092421605031357282 -0.091463980628780694 -0.0816745592854108 -0.093344398779154958 -0.06059095380492701 -0.098951085903804206 0.1006555827733706 -0.10195103092591562
leaf_weight=0.069991562520954065 0.11412745380403055 0.062683710784767643 1.9261530726307685 0.054359906162062432 0.24694792264745036 0.039700589142741438 0.15066877037133952 0.16927011766165367 0.14067354751750816 0.1088584931130766 0.25609173246630235 0.12154880134403345 0.12718168956052966 0.073262636084109434 0.23777048055126204 0.16782598412100957 0.054581791671807878 0.048212825917289592 0.063577664608601481 0.30959322769922415 0.05256719625322237 0.20638307079207152 0.19504067235538969 0.09546989668160677 0.35064155806321651 0.39433480816478461 0.036353707022499293 0.1336036258144303 0.0810345222162141 0.034755497006699443
leaf_count=3563 3203 300 1863 31 46 3 352 110 14 125 2588 248 171 3 136 210 56 159 38 182 32 77 94 17 294 470 12 129 677 6
internal_value=-0.000173249 -0.00207664 -0.000922526 -0.00199957 -0.00295799 -0.00063083 -0.00990068 -0.00569601 -0.0103365 -0.0140956 -0.0730563 -0.00749745 -0.0112064 -0.00676331 -0.0102743 -0.0181872 0.0357457 0.0616873 -0.0105725 0.00825479 -0.0365274 0.0204891 -0.0223663 0.0319917 -0.0604899 -0.0767464 0.0706331 0.0138547 -0.0345117 0.0398412
internal_weight=6.12327 6.00914 5.93915 5.87646 5.8221 5.57516 3.39961 3.24894 3.07967 2.939 0.295792 2.6432 2.52166 2.39447 2.32121 1.98065 0.340565 0.285983 1.81282 1.05068 0.762144 0.315242 0.70473 0.290511 0.414219 0.446902 0.345947 2.17555 0.249394 0.11579
internal_count=15209 12006 8443 8143 8112 8066 5391 5039 4929 4915 2591 2324 2076 1905 1902 1551 351 295 1341 637 704 202 443 111 332 502 194 2675 812 683
is_linear=0
shrinkage=0.1


Tree=103
num_leaves=31
num_cat=0
split_feature=2 12 5 9 9 18 20 22 21 21 2 15 3 21 13 15 20 22 21 15 18 2 22 18 17 19 15 10 18 22
split_gain=0.106821 0.0616025 0.0601542 0.0522636 0.0654597 0.0499025 0.0519285 0.148739 0.155469 0.155941 0.101519 0.110068 0.0962804 0.106796 0.105896 0.0970307 0.0937536 0.0876951 0.265786 0.152405 0.170598 0.201991 0.124642 0.214647 0.0988528 0.0863683 0.115398 0.112456 0.0857591 0.0797563
threshold=1049.5000000000002 -338.49999999999994 73.500000000000014 51.500000000000007 43.500000000000007 -648.31991577148426 29.886748313903812 38.45000076293946 39.45000076293946 37.250000000000007 70.500000000000014 145.73332977294925 4998.0000000000009 40.149999618530281 115.04999923706056 158.81666564941409 40.602725982666023 44.45000076293946 35.95000076293946 208.90000152587893 307.70677185058599 279.50000000000006 50.649999618530281 -244.37347412109372 842.80474853515636 1.0741549134254458 246.44999694824222 49.500000000000007 -503.63768005371088 39.95000076293946
decision_type=2 2 2 2 2 2 2 2 2 2 2 2 2 2 2 2 2 2 2 2 2 2 2 2 2 2 2 2 2 2
left_child=1 -1 -3 4 5 -4 12 -8 9 -9 28 -12 13 -7 -14 -15 -13 24 19 -19 21 22 -21 -24 25 26 27 -16 -11 -30
right_child=-2 2 3 -5 -6 6 7 8 -10 10 11 16 14 15 17 -17 -18 18 -20 20 -22 -23 23 -25 -26 -27 -28 -29 29 -31
leaf_value=0.10011303859264431 0.1000144711995592 -0.10000819824037066 0.1000487410435484 0.10058283430368296 -0.082554016026113064 0.087744882752062214 -0.077963037427336457 -0.10012090596387009 -0.090471620092604343 0.10241662187223566 -0.07910202330350484 -0.04064802243339579 -0.10255280423582001 -0.091604250658540276 -0.10118540566666097 0.10064566310229162 0.04474009778829597 -0.10045529490973237 0.085331802099770565 0.10097598368857919 -0.07031722862037465 0.10058404170244517 -0.10080128220881993 0.10096832446496351 0.10030019570535116 -0.032482228638846686 0.084674115841715678 0.10186964948010509 0.058853155849565866 -0.024276768375533879
leaf_weight=0.058428565884241723 0.104443596315832 0.063331502226901537 0.048035466206782895 0.049229300260776543 0.10130780951294571 0.26453802424657746 0.31677846221282413 0.12394366353328212 0.18232213535520703 0.188250586099457 0.17066377642913722 0.20528786060458515 0.098898963125975903 0.07790989789282321 0.092598187089606987 0.039594992762431502 0.34415106706001097 0.15232196274155263 0.43714305713001522 0.072235123763675801 0.20505574178605457 0.26562783265217149 0.1975309825502336 0.071921833121450618 0.071831643692348623 1.1308455176258574 0.16259425533644389 0.038662014529109001 0.26404399586317573 0.205028392123495
leaf_count=554 3503 3563 153 33 13 135 2606 673 117 64 193 201 24 114 75 11 162 208 234 35 41 567 65 26 492 850 84 2 133 278
internal_value=-0.000203229 -0.00203953 -0.00309748 -0.00199724 -0.00291058 -0.00142407 -0.00233011 -0.0150995 -0.00327197 0.00731731 0.0169848 -0.00895295 0.00522904 0.0525073 -0.000797228 -0.0268228 0.0128364 0.00267491 0.0206473 -0.00866401 0.00854712 0.0351751 -0.0156738 -0.0469453 -0.0141602 -0.0199312 0.0283692 -0.0413766 0.0453999 0.0225176
internal_weight=5.80456 5.70011 5.64168 5.57835 5.52912 5.42782 5.37978 2.00047 1.68369 1.50137 1.37743 0.720103 3.37931 0.382043 2.99727 0.117505 0.549439 2.89837 1.40184 0.964693 0.812372 0.607316 0.341688 0.269453 1.49653 1.4247 0.293854 0.13126 0.657323 0.469072
internal_count=15209 11706 11152 7589 7556 7543 7390 4427 1821 1704 1031 556 2963 260 2703 125 363 2679 1176 942 734 693 126 91 1503 1011 161 77 475 411
is_linear=0
shrinkage=0.1


Tree=104
num_leaves=31
num_cat=0
split_feature=20 4 12 0 17 11 13 0 8 7 7 12 14 12 5 3 10 22 20 17 0 21 15 16 3 19 21 22 15 18
split_gain=0.0985913 0.0606786 0.114027 0.102867 0.141809 0.0788031 0.071546 0.0913317 0.0751516 0.0790992 0.0837556 0.197263 0.0839143 0.068388 0.0926932 0.0703306 0.0950228 0.0631536 0.107972 0.12086 0.0989833 0.136873 0.125717 0.148096 0.0923722 0.10588 0.0755857 0.127596 0.111742 0.116733
threshold=3.3249291181564335 12946.500000000002 358.50000000000006 143.50000000000003 251.54463195800784 -170.49999999999997 289.75000000000006 110.50000000000001 2.5000000000000004 20.500000000000004 3.5000000000000004 10.500000000000002 5.6111109256744394 4.2500000000000009 3586.5000000000005 13115.000000000002 -20.499999999999996 34.350000381469734 22.77099704742432 368.92715454101568 33.500000000000007 33.750000000000007 255.05000305175784 -2.8448275327682491 9872.5000000000018 1.0858655571937563 37.649999618530281 41.549999237060554 158.81666564941409 -434.46205139160151
decision_type=2 2 2 2 2 2 2 2 2 2 2 2 2 2 2 2 2 2 2 2 2 2 2 2 2 2 2 2 2 2
left_child=-1 2 6 -3 5 -5 8 -8 9 10 11 17 -12 14 15 16 -9 24 20 -20 -19 22 23 -22 -2 -26 28 -28 29 -21
right_child=1 3 -4 4 -6 -7 7 13 -10 -11 12 -13 -14 -15 -16 -17 -18 18 19 26 21 -23 -24 -25 25 -27 27 -29 -30 -31
leaf_value=0.10001286998527031 -0.10061104387851059 0.10068854251341625 -0.090155896972232169 0.10237503339132309 0.1000657752953501 -0.080818325142679143 0.075206140715103981 0.09866904633051439 0.089906109839760162 -0.068865122613170765 -0.019908851237227798 -0.091485645560089729 0.08179157828397586 -0.062462226149267379 0.1002034761949377 0.087959941678592168 -0.068836160505676355 -0.1009737166196278 -0.074122384462863913 0.043970131367632878 0.10101391767794432 0.076537177369899609 0.10025845909513116 -0.10054950829604217 0.10097228725983319 -0.058283261597832328 -0.002163215049457789 -0.10024565553890033 0.10051033201095901 -0.10100418924008665
leaf_weight=0.096509412898740154 0.15715889328203214 0.15068478522152862 0.15262579769478168 0.027681777813995723 0.090542517060384853 0.15474924375484989 0.25078104118074396 0.042264956511644414 0.077486830938141682 0.21266246335289896 0.13485861649678543 0.27881439248449158 0.20364674017764628 0.12592714548009099 0.10951403318722441 0.058861491903371643 0.17043362899130443 0.051553048135247415 0.2636023045961341 0.15979296166915447 0.047605825937353075 0.44818044228304643 0.072251711302669719 0.15557719127536984 0.069363760747364722 0.10485445348240319 1.2226448743394938 0.14877272106241424 0.16261004719126504 0.085130497307545627
leaf_count=3241 356 664 41 7 889 209 121 54 25 54 32 1007 34 110 609 55 57 10 5495 60 9 270 62 176 49 43 954 228 64 224
internal_value=-0.000167173 -0.00196071 -0.00505927 0.0343668 -0.0022436 -0.0530209 -0.00236151 0.0258438 -0.00763037 -0.00952976 -0.00617952 -0.0108656 0.0412747 0.00142741 0.0225399 -0.00878001 -0.0355515 -0.00372768 0.00112876 -0.0109304 0.0329044 0.0424424 -0.0130358 -0.0533232 -0.0450223 0.00512322 -0.00156671 -0.0128033 0.0362463 -0.00642004
internal_weight=5.48714 5.39063 4.96698 0.423658 0.272974 0.182431 4.81435 0.757782 4.05657 3.97908 3.76642 3.42791 0.338505 0.507001 0.381074 0.27156 0.212699 3.1491 2.81772 2.04255 0.775168 0.723615 0.275435 0.203183 0.331377 0.174218 1.77895 1.37142 0.407534 0.244923
internal_count=15209 11968 10199 1769 1105 216 10158 1006 9152 9127 9073 9007 66 885 775 166 111 8000 7552 7025 527 517 247 185 448 92 1530 1182 348 284
is_linear=0
shrinkage=0.1


Tree=105
num_leaves=31
num_cat=0
split_feature=20 4 12 0 17 11 14 19 17 21 22 5 10 17 6 18 16 6 18 21 0 21 15 1 0 21 7 21 13 16
split_gain=0.0891014 0.0539117 0.100892 0.093471 0.126617 0.0692139 0.0673638 0.0657458 0.139643 0.129164 0.07926 0.0706195 0.0878495 0.0783946 0.0978173 0.103341 0.098121 0.122653 0.0947894 0.0683267 0.0700348 0.0646972 0.136973 0.12558 0.13823 0.114805 0.145851 0.113163 0.0887687 0.115806
threshold=3.3249291181564335 12946.500000000002 358.50000000000006 143.50000000000003 251.54463195800784 -170.49999999999997 -10.055555343627928 1.0899078249931338 775.85751342773449 39.049999237060554 37.45000076293946 3586.5000000000005 49.500000000000007 509.18785095214849 287.50000000000006 -460.27856445312494 -2.1896551847457881 113.50000000000001 1.9014049768447878 37.750000000000007 164.50000000000003 39.549999237060554 255.05000305175784 92.500000000000014 93.500000000000014 41.649999618530281 9.5000000000000018 36.049999237060554 314.44999694824224 -2.8448275327682491
decision_type=2 2 2 2 2 2 2 2 2 2 2 2 2 2 2 2 2 2 2 2 2 2 2 2 2 2 2 2 2 2
left_child=-1 2 6 -3 5 -5 -2 8 10 -10 -8 12 13 18 15 -15 17 -17 -12 -19 -21 22 27 -23 -25 -26 -27 28 29 -9
right_child=1 3 -4 4 -6 -7 7 21 9 -11 11 -13 -14 14 -16 16 -18 19 -20 20 -22 23 -24 24 25 26 -28 -29 -30 -31
leaf_value=0.10001164250090665 0.10028222893998587 0.10062352792472887 -0.088045225777493158 0.10214412662350135 0.10005952244986233 -0.077671923119555897 -0.072182877873963922 0.094985613234532751 -0.06870927082588138 0.10059647530250199 -0.10084214829588006 -0.099649240906671266 0.096576376012308118 -0.067972613257560752 -0.098672091736051903 -0.087732555664114864 0.095590140972199741 0.10076889003923045 0.0091139523608148986 -0.10014676041229859 0.1001273258290627 -0.10038120034128502 0.096040024027290227 0.062778954175618004 -0.079251207427306861 0.082631797239332935 -0.10084496804670116 0.022342407609841325 0.068687937923403261 -0.071415727464364295
leaf_weight=0.087326342701999127 0.063208954554282992 0.13642884791624954 0.14124822396843217 0.025101247145357775 0.081931116701525752 0.14541013472626219 0.34397233635354574 0.047262563079129905 0.062071081076282897 0.16442629294033395 0.20001370932368423 0.096011317218653747 0.071974958409555256 0.11538862000452355 0.084240218217018992 0.10030269311391748 0.17967778694583103 0.10789105726871639 0.12894407133717323 0.045897391042672098 0.02818219899199903 0.1503318727845907 0.19130461760141759 0.23392489429897978 0.23841118518612348 0.13483471819199622 0.063839017529971898 1.2997071117588346 0.071196133969351649 0.36341296212049234
leaf_count=3241 201 664 41 7 889 209 3029 15 63 165 2765 50 7 161 64 35 57 47 683 54 23 131 545 172 128 128 30 1224 8 373
internal_value=-0.000148462 -0.00185794 -0.0048019 0.0339331 -0.0021088 -0.0512009 -0.00223826 -0.00367091 -0.0189975 0.0541986 -0.0300316 -0.0175166 -0.0100949 -0.0178459 0.00199157 0.0166795 0.0378244 0.00105424 -0.0577418 0.0499938 -0.0239562 0.00581276 0.0156308 -0.0177703 0.00073766 -0.0324664 0.023676 0.00699647 -0.0343947 -0.0522654
internal_weight=5.20387 5.11655 4.72768 0.388871 0.252442 0.170511 4.58643 4.52322 1.72899 0.226497 1.5025 1.15852 1.06251 0.990538 0.66158 0.57734 0.461951 0.282273 0.328958 0.181971 0.0740796 2.79423 1.97288 0.821342 0.67101 0.437085 0.198674 1.78158 0.481872 0.410676
internal_count=15209 11968 10199 1769 1105 216 10158 9957 7203 228 6975 3946 3896 3889 441 377 216 159 3448 124 77 2754 2165 589 458 286 158 1620 396 388
is_linear=0
shrinkage=0.1


Tree=106
num_leaves=31
num_cat=0
split_feature=2 18 9 9 20 22 21 21 20 16 22 21 17 6 21 16 13 22 22 5 6 22 22 22 18 22 17 19 22 15
split_gain=0.0814863 0.0535236 0.0472655 0.0529212 0.0610618 0.0892566 0.103684 0.0837569 0.0715332 0.0969678 0.12743 0.121609 0.125807 0.116981 0.0938356 0.0923271 0.103998 0.0746877 0.0738096 0.114089 0.0699176 0.062964 0.0646738 0.0555515 0.116043 0.0567013 0.112182 0.053749 0.0599617 0.168455
threshold=1049.5000000000002 -648.31991577148426 51.500000000000007 37.500000000000007 19.382786750793461 50.649999618530281 36.250000000000007 37.250000000000007 971.50000000000011 -1.4310344457626341 39.250000000000007 38.649999618530281 557.14151000976574 1.0000000180025095e-35 39.250000000000007 -2.1896551847457881 325.30000305175787 46.750000000000007 38.250000000000007 2663.5000000000005 467.50000000000006 41.95000076293946 38.649999618530281 36.850000381469734 -510.34986877441401 40.45000076293946 566.96679687500011 1.0626401305198672 34.149999618530281 332.66665649414068
decision_type=2 2 2 2 2 2 2 2 2 2 2 2 2 2 2 2 2 2 2 2 2 2 2 2 2 2 2 2 2 2
left_child=1 -1 3 4 27 6 -6 -8 9 15 11 20 13 -13 21 16 17 23 19 -17 -11 22 -10 24 -9 -25 -27 -3 29 -29
right_child=-2 2 -4 -5 5 -7 7 8 14 10 -12 12 -14 -15 -16 18 -18 -19 -20 -21 -22 -23 -24 25 -26 26 -28 28 -30 -31
leaf_value=0.10004288284476388 0.10001805803281039 -0.092413839059999225 0.10054462006064731 -0.053774225975180306 0.071512396303152759 -0.10038954708986647 -0.084230567341066306 0.095409362302807277 -0.10004536820241559 -0.10019064703160355 -0.097137157815293168 -0.10069348410185464 -0.087368908770195444 0.0829209072976127 -0.10013119042881445 -0.10071428382454915 0.10084926829046868 0.1013770665724537 0.070201150002012866 0.09212925824330559 0.10169214391734403 -0.10006863139788798 0.095840376788437848 -0.085227310578554927 -0.069006939412840543 -0.073023829569393822 0.040978212199515966 -0.098423691526194998 0.023521789211286392 0.069149770648823661
leaf_weight=0.051068540364212711 0.079910351923899614 0.047117603335209313 0.043787189195427234 0.20308398173438025 0.15735161037082512 0.10698028357728606 0.15154609980709244 0.090064651805732865 0.018394452281427109 0.16319841618224007 0.27027934375837503 0.040963529304463009 0.081038966935011558 0.2268390536410152 0.041013378038769588 0.074661242926595817 0.07079189389514795 0.043803615189972334 0.28601738364159246 0.052077319061936578 0.019169963896274567 0.021445814007165609 0.20136091831955127 0.23779220406140666 0.082019082270562649 0.19251414555037627 0.15647605745471083 0.14615901918295993 1.4694587512512951 0.10175204681581818
leaf_count=300 3503 11 34 44 108 352 2647 68 280 2726 935 91 135 271 56 224 87 15 163 32 1 67 122 150 129 179 116 163 1655 545
internal_value=-0.000141157 -0.00179202 -0.00287611 -0.00382881 -0.00159969 -0.010819 -0.00724198 -0.0121566 -0.00754781 -0.0139355 -0.041237 -0.0127951 0.0217997 0.0548349 0.0397054 0.00307713 -0.0153404 -0.0255879 0.0420518 -0.0214742 -0.0789694 0.063483 0.0794439 -0.0329166 0.0170448 -0.0475686 -0.021909 0.0129559 0.0158469 -0.0296452
internal_weight=4.92814 4.84823 4.79716 4.75337 4.55029 2.7858 2.67882 2.52147 2.36992 2.08771 0.801489 0.53121 0.348842 0.267803 0.282215 1.28622 0.873462 0.80267 0.412756 0.126739 0.182368 0.241201 0.219755 0.758866 0.172084 0.586782 0.34899 1.76449 1.71737 0.247911
internal_count=15209 11706 11406 11372 11328 8954 8602 8494 5847 5322 4159 3224 497 362 525 1163 744 657 419 256 2727 469 402 642 197 445 295 2374 2363 708
is_linear=0
shrinkage=0.1


Tree=107
num_leaves=31
num_cat=0
split_feature=20 18 14 22 19 15 20 19 21 22 17 12 0 13 22 22 18 4 3 7 17 17 20 16 0 0 21 21 4 17
split_gain=0.0745586 0.0473601 0.0482469 0.0485537 0.0530759 0.131677 0.0703311 0.0660511 0.0700183 0.114479 0.0987306 0.0921344 0.082455 0.119706 0.0651073 0.0563989 0.065497 0.052564 0.0486158 0.0510361 0.046883 0.0595034 0.164966 0.0937353 0.08701 0.111827 0.0630309 0.0862287 0.0816448 0.0600579
threshold=3.3249291181564335 -648.31991577148426 37.722221374511726 53.250000000000007 1.0899078249931338 354.61666870117193 107.79038619995119 1.0320684313774111 37.45000076293946 38.45000076293946 775.85751342773449 -52.499999999999993 105.50000000000001 110.09999847412111 39.049999237060554 37.45000076293946 -519.00564575195301 9697.5000000000018 13411.500000000002 6.5000000000000009 842.80474853515636 755.16693115234386 16.290672302246097 -5.7068965435028067 143.50000000000003 101.50000000000001 39.250000000000007 43.750000000000007 8273.5000000000018 607.88626098632824
decision_type=2 2 2 2 2 2 2 2 2 2 2 2 2 2 2 2 2 2 2 2 2 2 2 2 2 2 2 2 2 2
left_child=-1 -2 3 4 5 6 7 14 12 10 11 17 13 -9 -3 16 -13 -10 19 -11 21 23 -23 -6 25 29 28 -28 -27 -25
right_child=1 2 -4 -5 20 -7 -8 8 9 18 -12 15 -14 -15 -16 -17 -18 -19 -20 -21 -22 22 -24 24 -26 26 27 -29 -30 -31
leaf_value=0.10001066769162702 0.10003959202556562 -0.10006238996267963 0.10066529009745705 -0.053698933674198562 0.10062099951697404 0.098615003923900255 -0.10045741383524305 -0.10040517987057609 -0.1008651641869653 -0.091698900031951969 0.10037845067574949 0.10170525311868311 -0.10027494646502716 0.092253977526508962 0.070680340097703992 0.069666045355045197 -0.069992501661124223 0.065904114555259685 0.037593634978471686 0.074083304858173549 0.10021109454716026 0.10017610677639591 -0.076972989205305181 -0.010235553310447509 -0.063071365186844794 -0.051800095196102458 -0.095029541352167721 0.074442212377716838 0.087218709295478411 0.040796925332696611
leaf_weight=0.073129017442624789 0.045252551355588255 0.026780564927321282 0.044655905254330608 0.18686663319931529 0.10887378593361141 0.093157669936772325 0.1111979246534246 0.04102058958414978 0.14890031933100534 0.39726059225358767 0.075968784745782614 0.029127364046871551 0.044316524255918921 0.15084575639593822 0.13447217097927933 0.10860949794187036 0.093651635666901933 0.021647455410857219 0.035730640374822542 0.019480125280097127 0.052435938505368429 0.067811392777002655 0.23384325429287856 1.3713330562277417 0.1705657334805436 0.047996810084441566 0.061296685733395861 0.058846167305091512 0.35255975277505058 0.2772296520997769
leaf_count=3241 242 847 47 298 238 251 3954 71 228 508 62 3 322 99 107 110 744 34 40 2 881 327 96 1489 178 39 121 54 387 189
internal_value=-0.000170842 -0.00175944 -0.00276824 -0.00378971 -0.00163828 -0.016604 -0.024063 -0.0176653 -0.0259576 -0.0383013 -0.00416962 -0.0239299 0.0226672 0.0510639 0.0423237 0.0171741 -0.0292599 -0.0796973 -0.0743516 -0.0839496 0.00654286 0.00475706 -0.0371502 0.0099196 0.00569921 0.0111065 0.0515061 -0.012022 0.0705607 -0.0016537
internal_weight=4.68486 4.61173 4.56648 4.52183 4.33496 1.53217 1.43901 1.32781 1.16656 0.930376 0.477905 0.401936 0.236183 0.191866 0.161253 0.231388 0.122779 0.170548 0.452471 0.416741 2.80279 2.75036 0.301655 2.4487 2.33983 2.16926 0.520699 0.120143 0.400557 1.64856
internal_count=15209 11968 11726 11679 11381 7382 7131 3177 2223 1731 1181 1119 492 170 954 857 747 262 550 510 3999 3118 423 2695 2457 2279 601 175 426 1678
is_linear=0
shrinkage=0.1


Tree=108
num_leaves=31
num_cat=0
split_feature=19 17 21 21 21 5 15 17 3 7 17 6 1 20 21 22 11 12 7 10 21 15 16 22 22 18 20 22 3 12
split_gain=0.0685725 0.0473779 0.142071 0.135013 0.131497 0.0621337 0.0813931 0.101709 0.0887656 0.0604981 0.0582446 0.0561052 0.0541357 0.04997 0.122502 0.175149 0.0504779 0.0541856 0.0807658 0.0468409 0.0498122 0.144396 0.134323 0.0929164 0.0851569 0.14324 0.100239 0.0786558 0.0712259 0.101765
threshold=1.3440206050872805 161.60405731201175 36.049999237060554 36.45000076293946 38.549999237060554 3515.5000000000005 131.31666564941409 221.21818542480472 11475.500000000002 47.500000000000007 204.2571716308594 600.50000000000011 31.500000000000004 197.03125000000003 39.45000076293946 41.95000076293946 -104.49999999999999 -10.499999999999998 2.5000000000000004 9.5000000000000018 39.149999618530281 145.73332977294925 -2.2931034564971919 35.45000076293946 36.850000381469734 -510.34986877441401 14.678769111633303 40.750000000000007 8134.5000000000009 -58.499999999999993
decision_type=2 2 2 2 2 2 2 2 2 2 2 2 2 2 2 2 2 2 2 2 2 2 2 2 2 2 2 2 2 2
left_child=1 2 -1 -4 -5 12 -7 8 9 -8 -10 -9 -3 16 15 -15 -14 19 -19 20 21 -18 24 -24 25 -22 -26 -23 29 -29
right_child=-2 5 3 4 -6 6 7 11 10 -11 -12 -13 13 14 -16 -17 17 18 -20 -21 22 27 23 -25 26 -27 -28 28 -30 -31
leaf_value=-0.1006332552396237 0.063208194076665655 -0.1004104953593737 0.059913209443536813 -0.094371362819543989 0.05334537355232858 -0.10097601063492045 -0.015298353549717571 0.00064417612777031581 -0.098877250691110197 0.1008515158968494 0.012888220966134154 0.096041030709048389 0.10030947064679413 0.093986520004057258 -0.10013871432295807 -0.10004487311642769 -0.10021922863001886 -0.071268251846040243 0.0933874566145005 -0.063879044275462107 0.06692699481381198 -0.069488464790713536 -0.026452934080037724 0.070378746674493162 0.10039506873080153 -0.0821212249304515 -0.089958792556845565 0.020174022919540013 0.060381746833129663 -0.09978491462049266
leaf_weight=0.1883713938150321 0.16454802237149113 0.058023194691487201 0.21924117879461846 0.18223775490059779 0.090038071872186265 0.046489755390211829 0.081062238372396678 0.079923548044462223 0.10449723894089402 0.1003680816211272 0.084196186813642271 0.26964482436960679 0.042300509288907828 0.24661096032468766 0.058944351156242192 0.057339676683113794 0.17294329004835329 0.24544696594421012 0.033905393460372579 0.12470099848542293 0.18501973680395167 0.12891320193193678 0.12890440425780958 0.42853861398180015 0.031764494226081297 0.098967082055423816 0.21429641301801894 0.27705261330265929 0.22961716053214332 0.094957007302581053
leaf_count=168 2942 967 121 4547 108 7 27 229 90 20 23 2307 58 260 58 249 501 563 45 52 141 433 281 194 22 115 132 198 238 113
internal_value=-0.000147005 -0.00256899 -0.0267925 0.00150663 -0.0455234 0.00197498 0.0272638 0.0355476 -0.000986444 0.0489563 -0.0490068 0.07423 -0.00480394 -0.00282288 0.0317969 0.0573829 -0.00797744 -0.00988999 -0.0512838 -0.00442438 -0.000700546 -0.0180541 0.0137167 0.0479872 -0.022325 0.0149849 -0.0653856 0.00139718 0.0165862 -0.010446
internal_weight=4.46886 4.30432 0.679888 0.491517 0.272276 3.62443 0.766182 0.719692 0.370124 0.18143 0.188693 0.349568 2.85825 2.80022 0.362895 0.303951 2.43733 2.39503 0.279352 2.11568 1.99097 0.903483 1.08749 0.557443 0.530048 0.283987 0.246061 0.73054 0.601627 0.37201
internal_count=15209 12267 4944 4776 4655 7323 2703 2696 160 47 113 2536 4620 3653 567 509 3086 3028 608 2420 2368 1483 885 475 410 256 154 982 549 311
is_linear=0
shrinkage=0.1


Tree=109
num_leaves=31
num_cat=0
split_feature=6 18 10 10 11 21 18 20 17 4 15 2 10 17 5 12 11 17 18 22 21 15 18 22 10 21 21 11 14 22
split_gain=0.0634993 0.0422404 0.0416151 0.044695 0.0370375 0.0906274 0.0609573 0.0980018 0.0644397 0.0806107 0.0805092 0.0776671 0.0593858 0.0551488 0.0470609 0.0917854 0.0486591 0.0675078 0.0609226 0.0834269 0.099684 0.129106 0.129408 0.0909021 0.0686095 0.0654534 0.0604411 0.05827 0.0676391 0.0812107
threshold=3978.5000000000005 -648.31991577148426 149.00000000000003 135.00000000000003 175.50000000000003 36.049999237060554 146.84706115722659 14.115677356719972 204.2571716308594 10501.000000000002 767.11666870117199 447.50000000000006 96.500000000000014 65.494338989257827 3515.5000000000005 84.500000000000014 57.500000000000007 297.85835266113287 -244.37347412109372 50.649999618530281 37.750000000000007 158.81666564941409 -434.46205139160151 41.350000381469734 -2.4999999999999996 37.95000076293946 38.649999618530281 2.5000000000000004 -2.6111111640930171 36.850000381469734
decision_type=2 2 2 2 2 2 2 2 2 2 2 2 2 2 2 2 2 2 2 2 2 2 2 2 2 2 2 2 2 2
left_child=1 -1 3 4 6 13 7 12 9 11 -10 -8 -3 -6 16 -16 17 26 19 20 21 22 24 25 -19 -22 -9 28 29 -27
right_child=-2 2 -4 -5 5 -7 8 14 10 -11 -12 -13 -14 -15 15 -17 -18 18 -20 -21 23 -23 -24 -25 -26 27 -28 -29 -30 -31
leaf_value=0.10003437147462467 0.10004201187489799 0.066770937679495698 0.10049790630404676 -0.09390840256362562 -0.10091498951747047 0.081313157039735295 -0.058156651229508895 -0.073564425138355941 0.10069284223764019 -0.10080714985041209 -0.078649333763703366 0.10073422897370073 -0.10187210815590769 0.025924196831655141 0.078099534177879459 -0.080073169190830532 0.061466584180660679 -0.047319409156129803 0.077985558577523081 -0.081891918002147679 0.10004811296779413 0.098717960876079536 -0.10056955256905005 -0.10012281002577511 0.1005960761881881 0.0077058155284793692 0.056950045367665764 -0.10114800352663654 0.0072657796012869013 -0.072986030088546525
leaf_weight=0.040433857178868382 0.062291131668643973 0.27679506880031191 0.03872632106867957 0.054142087465152033 0.059666885324986541 0.16488437046518811 0.085286201843700726 0.26478232574390981 0.062344515250515542 0.20405462224516668 0.041822897605015896 0.048121835628990084 0.022584461607038975 0.080563402978441445 0.15453327874638478 0.048107863591212663 0.093694521026918554 0.047526454727631062 0.083047638057905604 0.14771524390380353 0.053413168305269099 0.19600797244493151 0.095914851781345845 0.11693854889199418 0.09218072280054912 0.22095835067375491 0.040973254440359597 0.070825598537339718 0.96414854724116528 0.28637743478975608
leaf_count=300 3203 1394 28 5 15 130 93 5914 75 184 255 20 2 39 433 83 56 31 145 108 40 133 413 394 43 155 114 77 1151 176
internal_value=-0.000175002 -0.00167687 -0.00267601 -0.00365593 -0.00244138 0.0310523 -0.0051899 -0.000489102 -0.0400659 -0.0612886 0.0286875 -0.000842857 0.0540489 -0.0280449 -0.0059734 0.0405487 -0.00937123 -0.011847 -0.00615332 -0.00920197 -0.00419453 0.0387542 -0.0111281 -0.0150186 0.0502773 -0.00878196 -0.0560746 -0.012551 -0.0082866 -0.0378426
internal_weight=4.21886 4.15657 4.11614 4.07741 4.02327 0.305115 3.71816 3.27653 0.44163 0.337463 0.104167 0.133408 0.29938 0.14023 2.97715 0.202641 2.7745 2.68081 2.37505 2.29201 2.14429 0.43163 0.235622 1.71266 0.139707 1.59572 0.305756 1.54231 1.47148 0.507336
internal_count=15209 12006 11706 11678 11673 184 11489 10862 627 297 330 113 1396 54 9466 516 8950 8894 2866 2721 2613 620 487 1993 74 1599 6028 1559 1482 331
is_linear=0
shrinkage=0.1


Tree=110
num_leaves=31
num_cat=0
split_feature=20 4 12 0 17 14 11 10 19 17 21 21 15 1 0 21 21 7 15 11 18 18 22 20 9 2 18 22 12 18
split_gain=0.0579942 0.0391285 0.0770478 0.0669047 0.0897735 0.0528763 0.0462393 0.0580471 0.0418464 0.0962947 0.090919 0.0475833 0.109443 0.100132 0.107453 0.0834893 0.0723313 0.10277 0.0714865 0.0999961 0.0885714 0.0656721 0.0572203 0.0579412 0.100871 0.0977113 0.11815 0.0909171 0.105536 0.0990919
threshold=3.3249291181564335 12946.500000000002 358.50000000000006 143.50000000000003 251.54463195800784 -10.055555343627928 -170.49999999999997 94.500000000000014 1.0899078249931338 775.85751342773449 39.049999237060554 39.549999237060554 255.05000305175784 92.500000000000014 93.500000000000014 36.049999237060554 41.649999618530281 9.5000000000000018 208.90000152587893 3.5000000000000004 -255.393684387207 -599.36233520507801 37.850000381469734 47.121086120605476 29.500000000000004 70.500000000000014 -503.63768005371088 38.95000076293946 -6.4999999999999991 -340.59799194335932
decision_type=2 2 2 2 2 2 2 2 2 2 2 2 2 2 2 2 2 2 2 2 2 2 2 2 2 2 2 2 2 2
left_child=-1 2 5 -3 6 -2 -5 -8 9 -7 -11 12 15 -13 21 18 -16 -18 -10 20 -20 -15 -17 24 -24 26 -25 29 -29 -28
right_child=1 3 -4 4 -6 8 7 -9 11 10 -12 13 -14 14 16 22 17 -19 19 -21 -22 -23 23 25 -26 -27 27 28 -30 -31
leaf_value=0.10000832989426156 0.10022528786621077 0.10050777678501424 -0.087756272536037516 0.10152924123997753 0.10004453120072157 -0.028518106570003449 -0.10067857733729557 0.10019758218940314 -0.1003485443265662 -0.068053130391863642 0.10045895045431573 -0.10029762240669166 0.095665699907317325 -0.10029499293862776 -0.075591486856648737 -0.069170143915439505 0.076720067520938295 -0.1007129764976573 -0.099065253031112258 0.069240117515557961 0.070446916118279412 0.082717987210323932 0.092340441945382656 0.10183642694747662 -0.012036784786941687 -0.098369454675779677 0.087769392368219762 -0.10026870639289993 0.042147963969085454 -0.10054835853645799
leaf_weight=0.056963151433592318 0.049991726402368708 0.098899231933501031 0.10767079722427286 0.018056646187687875 0.060541605939761212 1.0992648910710165 0.096575972798746079 0.016903278534300625 0.11513081884913878 0.04409876932913892 0.11687483397872711 0.12070697003946396 0.14885006883196172 0.022231596638448536 0.18277480255346745 0.067631127483764319 0.099404963801134727 0.048605072486680001 0.12031470987130888 0.10623939550714567 0.041441332257818431 0.1660990372129163 0.26019631808594545 0.13658878488058668 0.14373449466074817 0.077725532224576455 0.13543285080231726 0.14170848531557545 0.082224780311662693 0.035205265212425951
leaf_count=3241 201 664 41 7 889 6975 199 10 294 63 165 131 545 12 128 541 128 30 62 26 14 160 71 73 20 42 60 241 138 38
internal_value=-0.000174826 -0.00161551 -0.00441401 0.0336825 -0.000725383 -0.00189511 -0.0471064 -0.0707571 -0.00334855 -0.0179402 0.054295 0.00481616 0.0139722 -0.0182582 0.000817997 0.00566375 -0.0335113 0.0184528 -0.034445 -0.00613281 -0.0556368 0.0611141 0.0198863 0.0258331 0.0551989 0.00635194 0.021676 -0.00607315 -0.0479755 0.0489165
internal_weight=4.01809 3.96112 3.67015 0.290977 0.192078 3.56248 0.131536 0.113479 3.51248 1.26024 0.160974 2.25225 1.61242 0.639822 0.519115 1.46357 0.330785 0.14801 0.383126 0.267995 0.161756 0.188331 1.08045 1.01282 0.403931 0.608886 0.53116 0.394571 0.223933 0.170638
internal_count=15209 11968 10199 1769 1105 10158 216 209 9957 7203 228 2754 2165 589 458 1620 286 158 396 102 76 172 1224 683 91 592 550 477 379 98
is_linear=0
shrinkage=0.1


Tree=111
num_leaves=31
num_cat=0
split_feature=2 18 9 9 5 17 1 12 21 22 17 12 6 18 0 0 22 0 13 2 21 16 15 0 13 0 22 21 18 0
split_gain=0.053353 0.0379172 0.0372541 0.0432704 0.0330177 0.039868 0.0468154 0.0312814 0.0317191 0.0856819 0.0749222 0.0873422 0.0654108 0.0980837 0.0642188 0.0847656 0.0882242 0.0614126 0.0564957 0.116014 0.0976794 0.0898059 0.0886624 0.0989939 0.0881243 0.0486534 0.0760759 0.135309 0.103068 0.101156
threshold=1049.5000000000002 -648.31991577148426 51.500000000000007 43.500000000000007 73.500000000000014 3.9238716363906865 31.500000000000004 -338.49999999999994 37.750000000000007 41.149999618530281 549.20916748046886 10.500000000000002 976.50000000000011 371.24829101562506 148.50000000000003 101.50000000000001 53.250000000000007 170.50000000000003 40.850000381469734 131.50000000000003 36.049999237060554 -2.8448275327682491 255.05000305175784 94.500000000000014 115.04999923706056 59.500000000000007 36.850000381469734 38.250000000000007 -497.18360900878901 135.50000000000003
decision_type=2 2 2 2 2 2 2 2 2 2 2 2 2 2 2 2 2 2 2 2 2 2 2 2 2 2 2 2 2 2
left_child=1 -1 3 4 -3 -6 -7 -8 10 17 14 -12 -11 -14 15 18 -17 25 -9 -20 21 -21 -23 -24 -22 -10 28 -28 -27 -30
right_child=-2 2 -4 -5 5 6 7 8 9 12 11 -13 13 -15 -16 16 -18 -19 19 20 24 22 23 -25 -26 26 27 -29 29 -31
leaf_value=0.10003258049023721 0.10001442004239905 -0.10000446865554935 0.10042357689453395 -0.08228956937719295 0.074891008850969734 -0.10033470827653851 0.10010347402140483 0.054900231313966555 0.015181793114896312 -0.087052831181821513 0.084916995372767271 -0.093014081706300156 0.10061658458390316 -0.076205666111390707 -0.100674492267199 0.072846429537287122 -0.10060892178612234 0.10043052378661942 -0.10034875960275598 0.095385094443921778 -0.090913636711070764 -0.10035444863854925 0.080213124289320967 -0.086449726455929424 0.085671212121635518 0.043666667340135926 0.087921645460165038 -0.092140778283264058 -0.070388893629771271 0.064182506263984293
leaf_weight=0.036390138800016625 0.052450859340751665 0.034067414992933975 0.034807555092811415 0.068439297650911501 0.067749849233223691 0.048293883121005243 0.030220138986808531 0.11057144475125624 0.71581807809343467 0.22634411708349933 0.20411349958158087 0.031899580686513218 0.056604715087814839 0.070370069623095333 0.061156177835982706 0.24612379247992067 0.033289384795352817 0.058048038848937611 0.14909473260013328 0.048025627038441598 0.034132113300074707 0.17008134980642353 0.080256358225597069 0.064107803045772016 0.16430057385696273 0.28900917701957951 0.050324345744229504 0.24446106156028691 0.24051911810602178 0.072754805356453289
leaf_count=300 3503 3563 34 15 64 655 404 229 760 339 628 54 104 61 447 462 12 298 1183 37 10 260 43 10 105 283 62 284 720 280
internal_value=-0.000142249 -0.00154636 -0.00254406 -0.0035206 -0.00202385 -0.00108824 -0.00255901 -0.00119097 -0.00208567 -0.0100849 0.00950394 0.0608678 -0.0548262 0.0026208 -0.000936266 0.00460892 0.0521809 -0.000624356 -0.0115899 -0.0219447 -0.00110398 -0.0319804 -0.0514331 0.00620314 0.0552971 -0.00426134 -0.019776 -0.0614014 0.000597358 -0.039136
internal_weight=3.79383 3.74137 3.70498 3.67018 3.60174 3.56767 3.49992 3.45163 3.42141 2.02425 1.39715 0.236013 0.353319 0.126975 1.16114 1.09998 0.279413 1.67093 0.82057 0.709999 0.560904 0.362471 0.314446 0.144364 0.198433 1.61289 0.897069 0.294785 0.602283 0.313274
internal_count=15209 11706 11406 11372 11357 7794 7730 7075 6671 3191 3480 682 504 165 2798 2351 474 2687 1877 1648 465 350 313 53 115 2389 1629 346 1283 1000
is_linear=0
shrinkage=0.1


Tree=112
num_leaves=31
num_cat=0
split_feature=2 18 9 9 18 3 8 8 17 22 20 7 19 15 20 15 7 12 21 12 5 17 22 20 12 19 22 14 22 21
split_gain=0.0495822 0.0347329 0.033514 0.0549411 0.0298568 0.045989 0.0797259 0.071195 0.0766664 0.0523913 0.0483442 0.0608038 0.0390503 0.0702808 0.0673076 0.0763211 0.0608241 0.0849869 0.060371 0.0571405 0.056458 0.0541234 0.050722 0.0706077 0.0488321 0.0438738 0.0887766 0.0397362 0.116303 0.0629261
threshold=937.50000000000011 -648.31991577148426 51.500000000000007 43.500000000000007 406.34040832519537 11705.000000000002 1.0000000180025095e-35 1.0000000180025095e-35 198.98685455322268 53.250000000000007 8.0232443809509295 14.500000000000002 1.0650647282600405 158.81666564941409 54.583841323852546 246.44999694824222 3.5000000000000004 8.5000000000000018 39.850000381469734 -6.4999999999999991 261.50000000000006 1.5425015091896059 33.95000076293946 15.501419067382814 -288.49999999999994 1.2075539231300356 38.95000076293946 -2.4999999999999996 36.850000381469734 39.049999237060554
decision_type=2 2 2 2 2 2 2 2 2 2 2 2 2 2 2 2 2 2 2 2 2 2 2 2 2 2 2 2 2 2
left_child=1 -1 3 4 5 6 9 -7 -9 10 -3 12 13 21 15 -15 17 19 -17 20 -14 -12 23 -22 -25 27 -27 28 -24 -29
right_child=-2 2 -4 -5 -6 7 -8 8 -10 -11 11 -13 16 14 -16 18 -18 -19 -20 -21 22 -23 25 24 -26 26 -28 29 -30 -31
leaf_value=0.10002947991552752 0.068324752574034267 0.060918315771113563 0.10038969833166481 -0.10128417822152086 -0.058729741407610496 0.048700564515280764 0.081518016937355067 -0.095731192798771819 0.1001437320450487 -0.10038043345085323 0.025087722458593378 -0.099485704909912862 -0.1003117763579504 -0.097117619561008894 0.068419250090760372 -0.093520751132577087 0.070844018120527527 -0.088014659370472551 0.082386999205322747 0.059666623494974071 0.1008325286182459 -0.095404370024985585 0.084561700123302566 0.10039077929801728 -0.0884175571416565 0.070398710455466043 -0.095478940137330021 -0.0065017206141130797 -0.044696894357161177 0.050940261883414634
leaf_weight=0.032928127895503034 0.10265478071687528 0.1011750239858914 0.030973929908213793 0.057198438549676101 0.091690532746724673 0.36747644093338738 0.10095812437612028 0.077127477736212313 0.02696979859865678 0.061306101799345813 0.046430483424502067 0.073044446100538951 0.059604163900530582 0.093673550152743701 0.099709512184745108 0.027674775006744312 0.11292083533044195 0.11496331256694237 0.066130334118497558 0.15043148619497504 0.027445419907962676 0.18914466984551837 0.091575853341054669 0.015010686125606298 0.15666239707934437 0.046576253169405279 0.10500012956617866 0.3399015510167378 0.29020798590499908 0.4344897792179836
leaf_count=300 3765 70 27 11 61 1831 109 25 56 274 1243 47 261 261 261 64 79 301 44 294 36 4000 68 5 216 88 93 721 309 289
internal_value=-0.000172873 -0.00218858 -0.00316265 -0.00409926 -0.00244843 -0.000873012 -0.0057322 0.0280204 -0.0449834 -0.00899094 -0.00687011 -0.00956967 -0.00690798 -0.031172 0.00203634 -0.0332691 -0.000385766 -0.00477654 0.03049 0.000797049 -0.00485631 -0.0716561 -0.00108057 -0.0480989 -0.0719086 0.00607845 -0.0445082 0.0127104 -0.0136925 0.0257274
internal_weight=3.59106 3.4884 3.45547 3.4245 3.3673 3.27561 2.80404 0.471574 0.104097 2.70308 2.64177 2.5406 2.46755 0.522763 0.287188 0.187479 1.94479 1.83187 0.0938051 1.71691 1.56647 0.235575 1.50687 0.199119 0.171673 1.30775 0.151576 1.15618 0.381784 0.774391
internal_count=15209 11444 11144 11117 11106 11045 9133 1912 81 9024 8750 8680 8633 5873 630 369 2760 2681 108 2380 2086 5243 1825 257 221 1568 181 1387 377 1010
is_linear=0
shrinkage=0.1


Tree=113
num_leaves=31
num_cat=0
split_feature=20 10 16 20 3 20 22 21 17 17 22 16 3 20 13 18 22 21 18 21 17 21 17 17 15 18 11 19 10 23
split_gain=0.0453859 0.0328779 0.0358705 0.0519299 0.103315 0.086579 0.0755787 0.0804795 0.0534871 0.0504116 0.0484563 0.0654484 0.063934 0.0562167 0.0656643 0.0596627 0.0569665 0.0894739 0.0519793 0.0506891 0.0835913 0.0496918 0.0459306 0.0688462 0.0654224 0.0451488 0.0437631 0.0591527 0.0431482 0.0413186
threshold=3.3249291181564335 142.50000000000003 -1.4310344457626341 23.805509567260746 4768.5000000000009 971.50000000000011 41.95000076293946 39.250000000000007 55.152170181274421 368.92715454101568 46.750000000000007 -2.1896551847457881 11705.000000000002 15.501419067382814 110.09999847412111 -550.10855102539051 36.850000381469734 40.149999618530281 371.24829101562506 37.750000000000007 549.20916748046886 39.049999237060554 77.162860870361342 161.60405731201175 168.65000152587893 -587.82397460937489 171.50000000000003 1.2794077396392824 24.500000000000004 1.0000000180025095e-35
decision_type=2 2 2 2 2 2 2 2 2 2 2 2 2 2 2 2 2 2 2 2 2 2 2 2 2 2 2 2 2 2
left_child=-1 2 10 4 -4 29 7 9 -6 -7 11 12 13 14 -2 16 25 21 -14 20 -17 -18 -10 -24 -25 -15 27 28 -26 -5
right_child=1 -3 3 5 8 6 -8 -9 22 -11 -12 -13 18 15 -16 19 17 -19 -20 -21 -22 -23 23 24 26 -27 -28 -29 -30 -31
leaf_value=0.10000733654129319 -0.10075300282031266 0.10037149370499304 0.087828204222130779 0.0069573616665351973 -0.10095250618041873 -0.10002666071617985 -0.10009275013568862 -0.10010231421036231 0.057934513560622951 0.094944256382487741 0.059087359877313117 0.037785211192200414 0.068282658275504379 -0.056450212301172357 0.10046516396312431 -0.066929878242297777 -0.10005336984151481 -0.10031856102246482 -0.095228281662378969 -0.088135846741715401 0.1001253445542431 0.10027792795370016 -0.075357007551573846 -0.055020314526492899 0.006179312016296231 0.08669996984679966 0.10028554614275087 -0.086736739206185354 0.088346505439488465 -0.065349277059754185
leaf_weight=0.044598002154998873 0.021499742288142332 0.031364955935714423 0.12536571216332892 0.095607629021288498 0.058894946516375057 0.014630183605731872 0.04252113713118888 0.030818787829048233 0.11018808140943293 0.14174768822704209 0.17249818713480647 0.37457564374290164 0.13815820393119793 0.028988154647777264 0.066015145092023886 0.090300475434560212 0.01645205648674164 0.095619452826213092 0.022625763681389799 0.23920625130631379 0.044820011855335906 0.050049197310727322 0.13759558460515109 0.15459545841804356 0.33253829385557765 0.091820467336219735 0.058785729170267587 0.056985137236551964 0.07911438019345951 0.45577114184607059
leaf_count=3241 4 29 123 614 54 441 249 56 21 151 539 653 960 55 111 173 40 73 55 326 44 77 100 147 604 69 113 149 81 5857
internal_value=-0.000212948 -0.00153565 -0.00249041 -0.0115528 0.00230782 -0.031322 0.020258 0.0475953 -0.00853607 0.0767034 0.0093328 0.00262835 -0.011914 -0.0242598 0.051032 -0.034285 0.000370356 -0.0383644 0.0452732 -0.0604788 -0.011517 0.050717 -0.00268229 -0.0108315 0.0021863 0.0523509 0.0189544 0.00875224 0.0219708 -0.0528115
internal_weight=3.42375 3.37915 3.34779 1.89516 1.11406 0.781097 0.229718 0.187197 0.988698 0.156378 1.45263 1.28013 0.905555 0.744771 0.0875149 0.657256 0.282929 0.162121 0.160784 0.374327 0.13512 0.0665013 0.929803 0.819615 0.682019 0.120809 0.527424 0.468638 0.411653 0.551379
internal_count=15209 11968 11939 8760 1392 7368 897 648 1269 592 3179 2640 1987 972 115 857 314 190 1015 543 217 117 1215 1194 1094 124 947 834 685 6471
is_linear=0
shrinkage=0.1


Tree=114
num_leaves=31
num_cat=0
split_feature=2 18 9 9 5 17 1 12 21 22 17 12 6 18 0 0 20 12 21 22 22 21 6 22 21 5 21 22 20 0
split_gain=0.0415683 0.0289184 0.0285707 0.0315288 0.0273773 0.0312599 0.0363934 0.0246968 0.0260464 0.0714059 0.0612099 0.0705092 0.06075 0.0809763 0.0591267 0.0598434 0.078172 0.0591816 0.0549373 0.0537928 0.0929311 0.0640709 0.0567766 0.0535162 0.0695187 0.0691921 0.122371 0.118974 0.0604981 0.0523555
threshold=1049.5000000000002 -648.31991577148426 51.500000000000007 43.500000000000007 73.500000000000014 3.9238716363906865 31.500000000000004 -338.49999999999994 37.750000000000007 41.45000076293946 549.20916748046886 10.500000000000002 976.50000000000011 371.24829101562506 135.50000000000003 59.500000000000007 16.803649902343754 147.50000000000003 42.049999237060554 36.850000381469734 36.049999237060554 101.95000076293947 334.50000000000006 40.95000076293946 40.149999618530281 662.50000000000011 39.45000076293946 38.649999618530281 14.678769111633303 148.50000000000003
decision_type=2 2 2 2 2 2 2 2 2 2 2 2 2 2 2 2 2 2 2 2 2 2 2 2 2 2 2 2 2 2
left_child=1 -1 3 4 -3 -6 -7 -8 10 14 29 -12 -11 -14 15 23 18 -16 -17 20 21 -18 -23 24 25 26 27 -10 -26 -9
right_child=-2 2 -4 -5 5 6 7 8 9 12 11 -13 13 -15 17 16 19 -19 -20 -21 -22 22 -24 -25 28 -27 -28 -29 -30 -31
leaf_value=0.1000242310699206 0.10001100576702743 -0.10000406934342634 0.10032357553584113 -0.078876846515473886 0.07128621242003759 -0.10025620751195237 0.1000785131350934 0.0043832452474269912 -0.083613962963497948 -0.099560107122138863 0.081539918816987411 -0.091822291247551771 0.10053872365690344 -0.074772394371706394 0.070643240515773573 0.066394851851999559 -0.10023343466383433 -0.086947635214737362 -0.040799603250921308 -0.1002254945645867 0.062401302899497968 -0.10132169545656085 0.10090258885732042 -0.076370479667008051 0.10038848148245526 0.086564766434625157 -0.10018965602009769 0.081988052939444389 -0.09000549367951878 -0.10048916756043608
leaf_weight=0.027827201464789009 0.040872198523174919 0.02819670563667509 0.02686783016542893 0.054158668808668042 0.058655998211179727 0.037549522009613034 0.02388907040767918 0.93359931890790704 0.056435458536725269 0.14981389413514978 0.17967245524141617 0.02698384657742281 0.045390072151349159 0.062802077125525102 0.17381324340749404 0.11431712769990554 0.14350417177502095 0.027616253948508529 0.082180585303831322 0.16152738162963942 0.081261040895697079 0.022458571940660477 0.036362487211590633 0.062423605297226459 0.020755344681674615 0.17770363303134218 0.078013843871303834 0.18757960686343722 0.085188335742714116 0.050161259471678932
leaf_count=300 3503 3563 34 15 64 655 404 2351 92 282 628 54 93 60 638 128 661 49 102 289 70 2 42 41 14 175 82 118 253 447
internal_value=-0.000202342 -0.00147567 -0.0023614 -0.00323392 -0.00191573 -0.00101766 -0.00242151 -0.00119017 -0.0020076 -0.00970293 0.00942887 0.0589034 -0.0583238 -0.00122376 -0.0014016 -0.00915895 -0.0309714 0.0490373 0.0215633 -0.0541631 -0.0279266 -0.0642055 0.023691 0.0117887 0.0208748 0.0364739 0.00883248 0.0436879 -0.0527056 -0.000964125
internal_weight=3.25758 3.21671 3.18888 3.16201 3.10785 3.07966 3.021 2.98345 2.95956 1.76915 1.19042 0.206656 0.258006 0.108192 1.51114 1.30971 0.641611 0.201429 0.196498 0.445114 0.283586 0.202325 0.0588211 0.6681 0.605676 0.499733 0.322029 0.244015 0.105944 0.983761
internal_count=15209 11706 11406 11372 11357 7794 7730 7075 6671 3191 3480 682 435 153 2756 2069 1294 687 230 1064 775 705 44 775 734 467 292 210 267 2798
is_linear=0
shrinkage=0.1


Tree=115
num_leaves=31
num_cat=0
split_feature=4 0 17 12 21 20 9 12 5 0 17 5 17 10 11 22 0 21 20 18 11 21 15 13 22 15 16 0 21 15
split_gain=0.0411479 0.0559622 0.0659901 0.0435121 0.0599616 0.0426547 0.0687504 0.0419068 0.0485292 0.0449282 0.0408268 0.0440889 0.0374335 0.0331888 0.0415016 0.0307435 0.0757069 0.0865402 0.0362188 0.0584171 0.0620285 0.0601198 0.0487604 0.0540058 0.0494114 0.0900464 0.0839708 0.0764064 0.045941 0.0669693
threshold=12946.500000000002 143.50000000000003 251.54463195800784 334.50000000000006 34.049999237060554 8.0232443809509295 28.500000000000004 126.50000000000001 3515.5000000000005 79.500000000000014 75.665157318115249 3732.5000000000005 191.181022644043 94.500000000000014 -170.49999999999997 34.149999618530281 109.50000000000001 41.649999618530281 23.805509567260746 -331.35502624511713 77.500000000000014 38.649999618530281 125.59999847412111 115.04999923706056 50.649999618530281 255.05000305175784 -2.8448275327682491 111.50000000000001 37.750000000000007 158.81666564941409
decision_type=2 2 2 2 2 2 2 2 2 2 2 2 2 2 2 2 2 2 2 2 2 2 2 2 2 2 2 2 2 2
left_child=3 -2 13 5 -5 6 -1 8 15 -10 11 -9 -11 14 -3 16 -7 -18 22 28 21 -21 -17 -24 27 26 -26 -25 29 -20
right_child=1 2 -4 4 -6 7 -8 10 9 12 -12 -13 -14 -15 -16 18 17 -19 19 20 -22 -23 23 24 25 -27 -28 -29 -30 -31
leaf_value=0.080176172607866095 0.10031352077466707 0.10100606342838128 0.10003351481623686 -0.10024346015950694 0.10006908432539506 -0.090651719851615464 -0.031619937692665363 -0.10009669335637733 -0.10107527096937972 -0.10039863139089239 -0.095208124637567282 0.10043255844250401 0.078647826798921225 0.10016089119451538 -0.10047830373478919 0.087817615368373486 -0.10018396074595939 0.10052397390989221 -0.0049200781976080511 -0.10008342766548882 0.10056809470848663 0.048022868060894841 -0.077652856880512225 0.070885924065176589 0.10057587943717572 0.10018959224273981 -0.084838535757389671 -0.06470847789188082 -0.013223377178919242 0.10027110660238064
leaf_weight=0.15089373747741897 0.093006317396884586 0.011982571841144818 0.044919565462350874 0.08823376788131998 0.017990631878092245 0.12921369777905178 0.086563796935934079 0.018328939391721977 0.01817601011134673 0.012663301633438095 0.095170544906068244 0.027286648284643888 0.14991161575471779 0.013174102248740382 0.069622312863430125 0.085479344634222687 0.033716926142005832 0.059205274603755242 0.15919253864740468 0.16708218121038765 0.022154448353830958 0.032785622934170533 0.06680101715028286 0.2272699712721078 0.029616709041874856 0.050205708816065453 0.13934792120198836 0.050856479769208818 0.84492281257871582 0.097646072448696941
leaf_count=1034 2684 7 904 47 345 397 71 74 4 6 88 6 606 10 199 42 75 71 314 6127 4 151 13 279 10 63 202 46 1259 71
internal_value=-0.00022579 0.0402122 0.000198802 -0.00351521 -0.0663176 -0.0010933 0.0394215 -0.00491547 -0.00177473 0.0480313 -0.0579262 0.0198573 0.0647015 -0.0471169 -0.0708931 -0.00587517 -0.041145 0.0276969 -0.00190493 -0.011395 -0.0581909 -0.0757886 0.0174351 0.00676984 0.0181102 -0.0173986 -0.0523385 0.046092 -0.00196494 0.035072
internal_weight=3.09342 0.232705 0.139699 2.86072 0.106224 2.75449 0.237458 2.51703 2.37625 0.180751 0.140786 0.0456156 0.162575 0.094779 0.0816049 2.1955 0.222136 0.0929222 1.97336 1.32378 0.222022 0.199868 0.649577 0.564098 0.497297 0.21917 0.168965 0.278126 1.10176 0.256839
internal_count=15209 3804 1120 11405 392 11013 1105 9908 9740 616 168 80 612 216 206 9124 543 146 8581 7926 6282 6278 655 613 600 275 212 325 1644 385
is_linear=0
shrinkage=0.1


Tree=116
num_leaves=31
num_cat=0
split_feature=4 0 17 12 21 14 7 12 5 17 17 21 17 20 10 11 22 0 21 20 22 17 21 22 21 17 20 12 21 4
split_gain=0.037043 0.050621 0.0596996 0.0394686 0.0541816 0.0366415 0.032928 0.0434429 0.0513532 0.046121 0.0484996 0.0432401 0.054847 0.0407599 0.0300181 0.0375308 0.0261392 0.0673051 0.0777675 0.0347121 0.0514569 0.104204 0.070883 0.0549581 0.127646 0.0871312 0.0684453 0.0624222 0.0530174 0.0513446
threshold=12946.500000000002 143.50000000000003 251.54463195800784 334.50000000000006 34.049999237060554 -10.055555343627928 51.500000000000007 75.500000000000014 3515.5000000000005 70.513008117675795 59.742883682250984 42.049999237060554 55.152170181274421 8.7017855644226092 94.500000000000014 -170.49999999999997 34.149999618530281 109.50000000000001 41.649999618530281 23.805509567260746 38.250000000000007 775.85751342773449 39.549999237060554 39.649999618530281 38.350000381469734 509.18785095214849 40.602725982666023 -6.4999999999999991 37.750000000000007 4609.5000000000009
decision_type=2 2 2 2 2 2 2 2 2 2 2 2 2 2 2 2 2 2 2 2 2 2 2 2 2 2 2 2 2 2
left_child=3 -2 14 5 -5 -1 7 8 16 10 -9 12 -8 -10 15 -3 17 -7 -19 29 21 -21 23 24 -22 27 28 -25 -27 -18
right_child=1 2 -4 4 -6 6 11 9 13 -11 -12 -13 -14 -15 -16 -17 19 18 -20 20 22 -23 -24 25 -26 26 -28 -29 -30 -31
leaf_value=0.10014354514617684 0.1002838497771321 0.10090944052813336 0.10003032596367434 -0.10008252723151288 0.10006251620436753 -0.088654007775926372 -0.052610588970827168 -0.10007949306881905 -0.068664005994230878 -0.084230106500189889 0.099298899696924875 -0.091669009931014178 0.088637792406072224 0.077217078723905846 0.10014556379621892 -0.10043308134088441 0.066941085133706349 -0.10016856726081991 0.10047223000143973 -0.10010216844511005 -0.10024095323676639 0.058075459408247522 -0.091541095808512662 -0.10014666872576083 0.079613023819475562 0.10011879398483435 0.039115005703461748 -0.00082372435019587215 -0.074581618708298672 0.00042855048257390936
leaf_weight=0.03531872732855923 0.084179228713764931 0.010852133402295294 0.040646133465997991 0.079959252073422138 0.016279610977562697 0.11782789107383207 0.035393687343457603 0.019195306515939481 0.022576416673473321 0.13035356855471036 0.033481751688668737 0.022284164006578067 0.12311804251839931 0.1263052141521257 0.011922152392799035 0.063023797583809937 0.15700858932177642 0.03012210476299515 0.053858242071328277 0.15179928324687342 0.04885351653820158 0.057395390009332914 0.082491253942862386 0.14229221030791639 0.20524853737424564 0.020725916474475525 0.3507705759802775 0.11394761602514147 0.10732304076373111 0.44502868398922146
leaf_count=354 2684 7 904 47 345 390 26 92 66 171 13 134 645 463 10 199 117 62 97 3528 342 72 131 964 203 23 302 2129 160 529
internal_value=-0.000207088 0.0401998 0.000199338 -0.00332573 -0.0662263 -0.0010264 -0.00240208 -0.00548175 -0.00164364 -0.0523194 0.0266462 0.0387623 0.0570988 0.0550957 -0.0470948 -0.0708565 -0.00569576 -0.039899 0.0285063 -0.00202985 -0.0113386 -0.056704 -0.00248293 0.00494409 0.0450344 -0.0089147 0.0162715 -0.0559786 -0.0463047 0.0177747
internal_weight=2.93958 0.210623 0.126444 2.72896 0.0962389 2.63272 2.5974 2.41661 2.23357 0.183031 0.0526771 0.180796 0.158512 0.148882 0.0857981 0.0738759 2.08469 0.201808 0.0839803 1.88288 1.28085 0.209195 1.07165 0.989161 0.254102 0.735059 0.47882 0.25624 0.128049 0.602037
internal_count=15209 3804 1120 11405 392 11013 10659 9854 9578 276 105 805 671 529 216 206 9049 549 159 8500 7854 3600 4254 4123 545 3578 485 3093 183 646
is_linear=0
shrinkage=0.1


Tree=117
num_leaves=31
num_cat=0
split_feature=4 0 17 12 21 20 9 12 5 0 17 5 17 6 10 11 18 21 22 22 0 21 20 22 17 21 22 21 0 2
split_gain=0.0334338 0.045791 0.0540097 0.0357293 0.0489527 0.0333587 0.0586054 0.034953 0.0362464 0.0359903 0.0328916 0.0361455 0.0299147 0.0349539 0.0271513 0.0339417 0.025242 0.0245387 0.0240836 0.0237408 0.0579567 0.0704586 0.0299583 0.0500394 0.0848281 0.0470996 0.0459635 0.109217 0.0766735 0.0540972
threshold=12946.500000000002 143.50000000000003 251.54463195800784 334.50000000000006 34.049999237060554 8.0232443809509295 28.500000000000004 126.50000000000001 3515.5000000000005 79.500000000000014 75.665157318115249 3732.5000000000005 191.181022644043 589.50000000000011 94.500000000000014 -170.49999999999997 -648.31991577148426 36.149999618530281 36.250000000000007 34.149999618530281 109.50000000000001 41.649999618530281 23.805509567260746 38.250000000000007 775.85751342773449 39.549999237060554 39.250000000000007 38.649999618530281 22.500000000000004 70.500000000000014
decision_type=2 2 2 2 2 2 2 2 2 2 2 2 2 2 2 2 2 2 2 2 2 2 2 2 2 2 2 2 2 2
left_child=3 -2 14 5 -5 6 18 8 16 -10 11 -9 -11 -14 15 -3 -7 -8 -1 20 -18 -22 -21 24 -24 26 27 -25 -28 -30
right_child=1 2 -4 4 -6 7 17 10 9 12 -12 -13 13 -15 -16 -17 19 -19 -20 22 21 -23 23 25 -26 -27 28 -29 29 -31
leaf_value=-0.066349849077113984 0.10025697305575317 0.10082217476359988 0.10002744172190954 -0.099906823407171136 0.10005657442937016 0.1000239116461285 -0.10088677705454026 -0.10007900982123366 -0.100902844571928 -0.10033544785584703 -0.09374870774669565 0.10035430860246995 -0.022702667591951543 0.10038122428818042 0.10013169496729948 -0.10039210888006059 -0.086669811534980712 0.012567247323268882 0.090144050252034841 0.015233977415283945 -0.10015058230657257 0.10043564061150625 -0.10009202679851166 -0.10022068065987827 0.050378605336343189 -0.075977988558954962 -0.10019845409739209 0.075571366345400751 0.045647703050530404 -0.017660215632901693
leaf_weight=0.010693196567900798 0.076187897506315383 0.0098274830434093019 0.036779149296307878 0.072471099932954419 0.014731231452515203 0.022503235240494246 0.030627070227637887 0.015045794187244499 0.01541922052274447 0.010781708493595943 0.080214192488710978 0.022381296148523688 0.029717074665313703 0.10318724191665751 0.010789027655846439 0.057048381285312644 0.1104325228770896 0.050493924056354444 0.12237694770101371 0.60205618338477496 0.027619437945759273 0.047851800300122704 0.13806271230760092 0.043675577563135226 0.051419547758996487 0.081937165570707293 0.082395537983757094 0.18522619656459938 0.19781605356183718 0.42490140403697296
leaf_count=226 2684 7 904 47 345 154 19 74 4 6 88 6 68 538 10 199 397 52 808 655 75 51 3564 226 25 128 2502 154 361 832
internal_value=-0.000231353 0.0401886 0.000199825 -0.00320176 -0.0661267 -0.00101286 0.0367278 -0.0045388 -0.0016672 0.0442837 -0.0576302 0.0197796 0.059864 0.07286 -0.0470748 -0.0708234 -0.00529389 -0.0302671 0.0775686 -0.00648281 -0.0405115 0.0270292 -0.00298289 -0.0120813 -0.059259 -0.00328237 0.00309491 0.0420294 -0.00954444 0.00245055
internal_weight=2.78467 0.190632 0.114444 2.59404 0.0872023 2.50684 0.214191 2.29264 2.175 0.159105 0.117641 0.0374271 0.143686 0.132904 0.0776649 0.0668759 2.0159 0.081121 0.13307 1.99339 0.185904 0.0754712 1.80749 1.20543 0.189482 1.01595 0.934015 0.228902 0.705113 0.622717
internal_count=15209 3804 1120 11405 392 11013 1105 9908 9740 616 168 80 612 606 216 206 9124 71 1034 8970 523 126 8447 7792 3589 4203 4075 380 3695 1193
is_linear=0
shrinkage=0.1


Tree=118
num_leaves=31
num_cat=0
split_feature=4 0 17 14 12 21 7 21 17 12 5 17 17 9 10 11 3 14 10 10 12 4 19 20 22 21 6 19 21 21
split_gain=0.0301448 0.0414229 0.0488628 0.0341201 0.031024 0.0442211 0.0267312 0.0367005 0.0434837 0.0360909 0.039316 0.0374862 0.0402825 0.0325702 0.0245592 0.0306974 0.0244709 0.0232602 0.0406562 0.0454414 0.0394522 0.0285854 0.0284611 0.0247719 0.0613989 0.0621565 0.0394086 0.0406753 0.0344231 0.0981631
threshold=12946.500000000002 143.50000000000003 251.54463195800784 -10.055555343627928 334.50000000000006 34.049999237060554 51.500000000000007 42.049999237060554 55.152170181274421 75.500000000000014 3515.5000000000005 70.513008117675795 59.742883682250984 37.500000000000007 94.500000000000014 -170.49999999999997 13115.000000000002 5.1666667461395273 5.5000000000000009 4.5000000000000009 8.5000000000000018 7137.5000000000009 1.1232996582984927 971.50000000000011 41.95000076293946 39.250000000000007 1.0000000180025095e-35 1.0315997004508974 39.250000000000007 37.549999237060554
decision_type=2 2 2 2 2 2 2 2 2 2 2 2 2 2 2 2 2 2 2 2 2 2 2 2 2 2 2 2 2 2
left_child=3 -2 14 -1 6 -6 9 8 -8 10 16 12 -11 -12 15 -3 17 18 19 20 23 -19 -20 26 25 -25 -5 -28 29 -29
right_child=1 2 -4 4 5 -7 7 -9 -10 11 13 -13 -14 -15 -16 -17 -18 21 22 -21 -22 -23 -24 24 -26 -27 27 28 -30 -31
leaf_value=0.10013201556415333 0.10023263011240398 0.10074334531593516 0.10002483108110145 -0.10021445770017477 -0.09971130255393218 0.10005119574387596 -0.047478839769667269 -0.089023931568620818 0.086262075105010258 -0.10006490631443823 0.06800020252177183 -0.081617322054785724 0.099026871271696057 -0.10082927183904711 0.10011915100687496 -0.10035499232901042 0.077477745327261135 -0.045423192079097362 -0.087485429526719255 0.083490690236254467 -0.099723098184364631 0.082476662405052567 0.038254100465653113 0.085784667378252411 -0.10002467950004867 -0.10006968472441553 0.061394938262098013 0.0071940165535096428 0.0048835334510734102 -0.072335612723765527
leaf_weight=0.031642174072204265 0.068953552043694688 0.0088988784236789797 0.033279974843480886 0.046669691630542576 0.065696834964910411 0.01333004959678874 0.031494543614826287 0.02005129998724442 0.10658076046820497 0.015915338916783983 0.11745679076102522 0.11365053183362761 0.028116441924794344 0.012658255291171372 0.0097634770791046321 0.051637631385347049 0.03513304214538937 0.024798413906864769 0.100100578101319 0.055970633603919739 0.045724928471827186 0.059167555875319522 0.0219485766501748 0.12012680132829689 0.029792731309953524 0.02116498143368517 0.082281001662067754 0.35236422823072622 0.65709418880214798 0.27736586246464867
leaf_count=354 2684 7 904 3889 47 345 26 134 645 92 526 171 13 3 10 199 144 34 258 63 630 26 40 523 255 56 399 938 864 930
internal_value=-0.000241909 0.0401785 0.000200266 -0.00304683 -0.00437688 -0.0660159 -0.00232642 0.0373973 0.0557562 -0.00515905 -0.0016293 -0.0512685 0.0270649 0.0515756 -0.0470566 -0.0707935 -0.00521678 -0.00675027 -0.00913639 -0.00510772 -0.00814518 0.0447029 -0.0648732 -0.00550638 0.0304356 0.0579444 -0.00984967 -0.00676934 -0.0111278 -0.027835
internal_weight=2.65883 0.172534 0.10358 2.4863 2.45465 0.0790269 2.37563 0.158127 0.138075 2.2175 2.05982 0.157682 0.0440318 0.130115 0.0703 0.0605365 1.9297 1.89457 1.8106 1.68856 1.63258 0.083966 0.122049 1.58686 0.171085 0.141292 1.41577 1.36911 1.28682 0.62973
internal_count=15209 3804 1120 11405 11051 392 10659 805 671 9854 9578 276 105 529 216 206 9049 8905 8845 8547 8484 60 298 7854 834 579 7020 3131 2732 1868
is_linear=0
shrinkage=0.1


Tree=119
num_leaves=31
num_cat=0
split_feature=20 18 10 10 12 5 17 1 13 21 17 22 0 16 3 17 6 22 12 22 10 2 19 20 16 16 0 20 20 22
split_gain=0.0272255 0.0213877 0.0216394 0.0221863 0.0189184 0.0176999 0.0239788 0.0306332 0.0214949 0.0345396 0.0313236 0.03019 0.0846051 0.0612706 0.0631777 0.0553514 0.0517176 0.0517052 0.0583052 0.0472137 0.0438456 0.0422654 0.0759961 0.0284818 0.0457958 0.0558193 0.0537588 0.0533407 0.0674779 0.0439559
threshold=3.3249291181564335 -648.31991577148426 142.50000000000003 133.50000000000003 -338.49999999999994 73.500000000000014 3.9238716363906865 31.500000000000004 39.350000381469734 39.250000000000007 55.152170181274421 44.45000076293946 109.50000000000001 -2.8448275327682491 7937.0000000000009 185.18360137939456 113.50000000000001 47.45000076293946 -28.499999999999996 42.45000076293946 -16.499999999999996 447.50000000000006 1.2629984021186831 16.290672302246097 -2.5344828367233272 -1.4999999999999998 100.50000000000001 23.805509567260746 102.03636550903322 36.750000000000007
decision_type=2 2 2 2 2 2 2 2 2 2 2 2 2 2 2 2 2 2 2 2 2 2 2 2 2 2 2 2 2 2
left_child=-1 -2 3 4 -3 -6 -7 -8 9 -9 -10 15 13 16 20 -12 -13 -16 -19 23 -15 -20 -23 -17 26 29 -25 -27 -29 -26
right_child=1 2 -4 -5 5 6 7 8 10 -11 11 12 -14 14 17 19 -18 18 21 -21 -22 22 -24 24 25 27 -28 28 -30 -31
leaf_value=0.10000508116124927 0.10002013928795793 0.10006696552671004 0.10026469064354211 -0.092053810235387307 -0.10000326006245699 0.071277080287891953 -0.10026263584989759 0.049891514245356781 -0.083226286394231241 -0.10010904313602009 -0.090310018453375066 -0.10029532454739221 0.084179814895341931 0.10017561063107093 0.10077060662664972 0.038046050293940828 0.089716225262031726 0.10013233460955716 -0.088599664704897704 -0.068521961475508875 -0.10039002406346416 0.092280364912136759 -0.066551127445121011 -0.083612020252113409 -0.021335645730540597 0.037104299272472309 -0.0055391838993223037 -0.070128659444048766 0.042781796351661683 0.061885769639742162
leaf_weight=0.026807843560618827 0.020661230277710607 0.018032516841232638 0.020465472247451433 0.027655552823489304 0.018566650790034944 0.043857377428139777 0.032170766642139248 0.14106891719893644 0.049511242040353287 0.01722524750221055 0.08265115478434415 0.016807017893370357 0.1392727881348037 0.012073049496393651 0.046626736324469675 0.16590760297867735 0.096977206622796075 0.037829605097613239 0.085879150225082412 0.11126110573150061 0.11214674560233096 0.053537686180789024 0.068883480056683766 0.14068152575783044 0.086994570657228376 0.12742617257026079 0.23640076331867022 0.20569340657220891 0.07126742390300933 0.23467055795845226
leaf_count=3241 242 433 29 8 3563 64 655 287 524 26 980 15 608 10 48 859 118 86 39 407 387 18 39 221 297 293 343 982 156 231
internal_value=-0.000239611 -0.00130509 -0.00214197 -0.00298669 -0.0019827 -0.00273831 -0.0019911 -0.00334525 -0.00201326 0.0335688 -0.00459399 -0.00276876 0.0148107 -0.00339195 -0.0211405 -0.0108201 0.0616497 0.0042148 -0.0140767 -0.00606037 -0.0808968 -0.0348183 0.00290966 -0.000584155 -0.006394 0.00828961 -0.0346665 -0.0164397 -0.0410746 0.0393785
internal_weight=2.54901 2.5222 2.50154 2.48108 2.45342 2.43539 2.41682 2.37296 2.34079 0.158294 2.1825 2.13299 0.670033 0.530761 0.416976 1.46295 0.113784 0.292757 0.24613 1.3803 0.12422 0.2083 0.122421 1.26904 1.10313 0.726052 0.377082 0.404387 0.276961 0.321665
internal_count=15209 11968 11726 11697 11689 11256 7693 7629 6974 313 6661 6137 1368 760 627 4769 133 230 182 3789 397 96 57 3382 2523 1959 564 1431 1138 528
is_linear=0
shrinkage=0.1


Tree=120
num_leaves=31
num_cat=0
split_feature=4 0 17 14 12 21 20 9 22 11 10 22 18 19 15 20 19 18 22 7 21 21 16 17 17 21 19 22 11 22
split_gain=0.0283029 0.0336431 0.0421297 0.0279539 0.0268489 0.0369309 0.0213036 0.0514225 0.0361552 0.0211288 0.0280762 0.0204351 0.0192326 0.0202038 0.0492031 0.0343117 0.0423722 0.0550877 0.05392 0.0370212 0.0604536 0.04887 0.0522931 0.0449241 0.0692607 0.0272827 0.0265521 0.0569631 0.033591 0.0315374
threshold=12946.500000000002 143.50000000000003 251.54463195800784 -10.055555343627928 334.50000000000006 34.049999237060554 7.384834051132203 28.500000000000004 52.45000076293946 -170.49999999999997 94.500000000000014 36.350000381469734 -648.31991577148426 1.0899078249931338 354.61666870117193 107.79038619995119 1.0398011207580569 -393.11169433593744 39.049999237060554 3.5000000000000004 39.45000076293946 37.549999237060554 -3.7068965435028072 775.85751342773449 579.16802978515636 70.799999237060561 1.2075539231300356 39.95000076293946 -58.499999999999993 34.149999618530281
decision_type=2 2 2 2 2 2 2 2 2 2 2 2 2 2 2 2 2 2 2 2 2 2 2 2 2 2 2 2 2 2
left_child=3 -2 9 -1 6 -6 7 11 12 -3 -11 -5 -8 14 15 16 17 -14 -19 20 21 22 -18 24 25 -22 28 -28 -15 -30
right_child=1 2 -4 4 5 -7 8 -9 -10 10 -12 -13 13 26 -16 -17 19 18 -20 -21 23 -23 -24 -25 -26 -27 27 -29 29 -31
leaf_value=0.10010791885783521 0.10021845753569243 0.10072081389634434 0.10002341896819407 -0.066101636430798874 -0.099496087578577752 0.1000443817128516 0.10001889065242185 -0.033786665933992016 -0.10023305187217556 -0.10029791189231232 0.10010169433926193 0.10036332984908686 -0.10017896754504217 -0.042014175710002405 0.10044593003141973 -0.10035523987241479 0.098751933134132802 -0.10003049080309344 0.082232278539247125 0.039627753951297182 0.1001753068707872 -0.10015411167431494 -0.06818777103177362 0.10021002711526386 -0.066041540365247453 -0.10001036103395462 0.037282680566159805 -0.096927668362782188 -0.042383291574745546 0.021113751657658827
leaf_weight=0.025984010645971334 0.059509658380193176 0.0086083163405419327 0.030223013292925316 0.0081462615135031724 0.056059625506350019 0.011114189582258405 0.017920437312569981 0.064011605131327087 0.039080514747183659 0.043883222383101383 0.0083159094356233254 0.077839824893089826 0.027258500809693942 0.11407484611117968 0.034345513611697243 0.051953064231156532 0.029738859483586566 0.018960409886402574 0.11276791171530931 0.06750869005190907 0.046861556184012443 0.18156258256294677 0.050845093029238342 0.03740972708328627 0.11219804117718013 0.0079652198128314922 0.05579492672904951 0.073001121206061725 0.085955519733033614 0.86919224288067198
leaf_count=354 2684 7 904 157 47 345 167 61 317 199 10 662 69 132 53 3954 35 1247 146 17 29 752 299 49 211 114 162 119 204 1703
internal_value=-0.000244361 0.04175 0.00352725 -0.00302008 -0.00421022 -0.0664813 -0.00229528 0.0340742 -0.00497683 -0.0444341 -0.068372 0.0845926 -0.00311112 -0.00404576 -0.016578 -0.0219727 -0.0160972 0.0292214 0.0559982 -0.0295875 -0.0396022 -0.0713894 -0.00658002 0.00115863 -0.0210266 0.0710924 0.00410714 -0.0387872 0.00927409 0.0153995
internal_weight=2.42809 0.15054 0.0910305 2.27755 2.25157 0.0671738 2.18439 0.149998 2.03439 0.0608074 0.0521991 0.0859861 1.99531 1.97739 0.779375 0.74503 0.693077 0.158987 0.131728 0.53409 0.466581 0.262147 0.080584 0.204435 0.167025 0.0548268 1.19802 0.128796 1.06922 0.955148
internal_count=15209 3804 1120 11405 11051 392 10659 880 9779 216 209 819 9462 9295 6975 6922 2968 1462 1393 1506 1489 1086 334 403 354 143 2320 281 2039 1907
is_linear=0
shrinkage=0.1


Tree=121
num_leaves=31
num_cat=0
split_feature=4 0 17 12 21 14 11 10 7 12 7 12 5 21 22 20 6 3 12 19 17 0 22 16 21 6 20 12 21 12
split_gain=0.0255215 0.0304349 0.0381164 0.0252392 0.0333477 0.0243251 0.0191099 0.0253978 0.0185857 0.0330805 0.0294196 0.0279933 0.0330961 0.0300649 0.0383659 0.0279212 0.0223046 0.0190748 0.0185188 0.0201129 0.0598709 0.0439164 0.04455 0.109236 0.0751503 0.0400197 0.0362981 0.0344692 0.0332237 0.0410172
threshold=12946.500000000002 143.50000000000003 251.54463195800784 334.50000000000006 34.049999237060554 -10.055555343627928 -170.49999999999997 94.500000000000014 51.500000000000007 240.50000000000003 85.500000000000014 75.500000000000014 3515.5000000000005 36.45000076293946 49.45000076293946 8.7017855644226092 589.50000000000011 13115.000000000002 72.500000000000014 1.1270197033882143 678.23248291015636 92.500000000000014 38.95000076293946 -0.18965517729520795 39.049999237060554 589.50000000000011 1961.5000000000002 21.500000000000004 40.149999618530281 -179.49999999999997
decision_type=2 2 2 2 2 2 2 2 2 2 2 2 2 2 2 2 2 2 2 2 2 2 2 2 2 2 2 2 2 2
left_child=3 -2 6 5 -5 -1 -3 -8 11 -10 -11 12 17 14 -13 -14 -17 18 19 25 21 22 24 26 -21 27 -24 -7 -26 -30
right_child=1 2 -4 4 -6 8 7 -9 9 10 -12 13 15 -15 -16 16 -18 -19 -20 20 -22 -23 23 -25 28 -27 -28 -29 29 -31
leaf_value=0.10009765263499114 0.10019775642604208 0.10065176530209284 0.1000211913245914 -0.099253148540458469 0.10004016172581021 -0.0073376052106166713 -0.10026967862897873 0.10009201277914404 0.082950617667858717 0.090678016720195986 -0.058678794858450914 0.10026260648356174 -0.067404886807777967 -0.095875159309410429 -0.06200573872555129 -0.014607999985385209 0.096474394764169358 0.074943321754169651 0.093810644433427126 -0.10013138895467788 0.075700031982010543 0.10011551414676767 -0.098370883914763327 0.068291387703328266 0.095061679466256349 -0.10023490086394689 0.037806495554260862 -0.099745059863383681 0.10030615055196948 -0.10054929332974599
leaf_weight=0.0235135938071388 0.053857125647937099 0.0077941985991856191 0.027347491499313037 0.050842940596339647 0.010056937327135529 1.0195106361961741 0.039717794064927148 0.0075252369060763149 0.067742732881015288 0.018330639344640076 0.047010847153160285 0.023794509237632044 0.017297862607847381 0.067306403822840366 0.037587219581837417 0.023679688217271178 0.076386039418139262 0.029355175339332962 0.01825557534903044 0.038013964960100455 0.10594446446702932 0.034811018618711387 0.16458694321545408 0.065049894269122888 0.086937713524093851 0.052751096111933182 0.02221577364980476 0.042030325667383184 0.017904218329931609 0.023527566198026761
leaf_count=354 2684 7 904 47 345 7124 199 10 735 10 60 9 66 192 75 52 411 144 11 463 66 65 320 132 62 49 100 455 22 36
internal_value=-0.000250002 0.0417413 0.0035268 -0.00286896 -0.0663421 -0.00104866 -0.0444204 -0.0683545 -0.00218117 0.0339856 -0.0167788 -0.00462823 -0.00147179 -0.0497166 0.000897274 0.0499084 0.0701877 -0.00497588 -0.0063628 -0.0074557 0.00802353 -0.00780253 -0.0167849 -0.0433123 0.0233694 -0.015221 -0.0821758 -0.0109964 0.0599416 -0.0137522
internal_weight=2.32069 0.136242 0.0823847 2.18444 0.0608999 2.12354 0.0550372 0.047243 2.10003 0.133084 0.0653415 1.96695 1.83826 0.128688 0.0613817 0.117364 0.100066 1.72089 1.69154 1.67328 0.558992 0.453047 0.418236 0.251853 0.166383 1.11429 0.186803 1.06154 0.128369 0.0414318
internal_count=15209 3804 1120 11405 392 11013 216 209 10659 805 70 9854 9578 276 84 529 463 9049 8905 8894 1266 1200 1135 552 583 7628 420 7579 120 58
is_linear=0
shrinkage=0.1


Tree=122
num_leaves=31
num_cat=0
split_feature=4 0 17 12 21 14 20 9 18 18 11 10 22 10 5 18 8 11 11 12 7 5 17 21 12 5 21 18 10 14
split_gain=0.0229913 0.0275331 0.0344858 0.0228585 0.030102 0.0219649 0.0174711 0.03197 0.0263373 0.0178575 0.0172846 0.0229755 0.0164719 0.0166625 0.0176215 0.0197053 0.0282367 0.0191572 0.0322637 0.0321837 0.0417524 0.0393678 0.0198273 0.0402543 0.0280791 0.0392014 0.0347348 0.0266518 0.0369082 0.0260425
threshold=12946.500000000002 143.50000000000003 251.54463195800784 334.50000000000006 34.049999237060554 -10.055555343627928 6.76497507095337 28.500000000000004 337.69085693359381 -648.31991577148426 -170.49999999999997 94.500000000000014 53.250000000000007 114.50000000000001 5701.5000000000009 133.17765045166018 1.0000000180025095e-35 99.500000000000014 75.500000000000014 10.500000000000002 4.5000000000000009 3586.5000000000005 229.459098815918 38.649999618530281 -6.4999999999999991 261.50000000000006 39.149999618530281 -34.128170013427727 9.5000000000000018 -2.9444444179534908
decision_type=2 2 2 2 2 2 2 2 2 2 2 2 2 2 2 2 2 2 2 2 2 2 2 2 2 2 2 2 2 2
left_child=3 -2 10 5 -5 -1 7 -7 -9 -8 -3 -12 13 14 15 16 17 18 19 21 -21 22 23 -11 25 -24 -26 28 29 -27
right_child=1 2 -4 4 -6 6 9 8 -10 12 11 -13 -14 -15 -16 -17 -18 -19 -20 20 -22 -23 24 -25 26 27 -28 -29 -30 -31
leaf_value=0.10008836397246375 0.10017900609422432 0.10058937439140779 0.10001917489417907 -0.098970795744789952 0.10003634316490627 0.086627696689132144 0.10001725780108875 0.057803187409179807 -0.087610745597466289 -0.1001431912253308 -0.10024410862257592 0.10008324949785269 -0.10024552913337921 -0.10041631668394849 0.077974685522095188 -0.056911343799794047 0.10041996193444341 -0.10039099449590494 0.080653150966773363 -0.095342220215713008 0.056873310552739399 0.10013420604892219 -0.10021113964548299 0.067987984981843039 0.065761346703180179 -0.023086919752090571 -0.10014123746609759 0.081848518979974111 -0.093717033886872803 0.0082884656371207364
leaf_weight=0.021277853842776362 0.048740599499978887 0.0070566345148108658 0.024745507137140521 0.046129439318065013 0.0091002229746663943 0.059173095299457468 0.016279178370497305 0.022746226244180434 0.027530870440841682 0.053120895963728265 0.035946846987826575 0.0068096819086349561 0.018047791635126376 0.01784735033288587 0.026280313272763922 0.069022787337416847 0.026288102963007876 0.020377250935780356 0.045049452989587624 0.077335576044333609 0.02349509451596532 0.037143202238894335 0.042426041402450099 0.019455695353826741 0.10287255224989156 0.38762962229884534 0.014384626390892663 0.036384874812938395 0.045177505860919953 0.83316146613651676
leaf_count=354 2684 7 904 47 345 768 167 43 13 4360 199 10 254 6 138 166 10 30 32 927 13 348 525 66 483 482 30 122 27 1649
internal_value=-0.000232631 0.0417335 0.00352639 -0.00269928 -0.0661803 -0.000982751 -0.00204674 0.0368097 -0.021823 -0.0042713 -0.044408 -0.0683387 -0.00516696 -0.00425298 -0.00333006 -0.00449555 -0.00244494 -0.00400081 -0.00285728 -0.00510655 -0.0598737 -0.00159316 -0.00405533 -0.0550721 -0.00152282 -0.00561502 0.0454091 -0.00253341 -0.00495861 -0.00167395
internal_weight=2.22104 0.123299 0.0745587 2.09774 0.0552297 2.04251 2.02123 0.10945 0.0502771 1.91178 0.0498132 0.0427565 1.8955 1.87745 1.85961 1.83332 1.7643 1.73801 1.71764 1.67259 0.100831 1.57176 1.53461 0.0725766 1.46204 1.34478 0.117257 1.30235 1.26597 1.22079
internal_count=15209 3804 1120 11405 392 11013 10659 824 56 9835 216 209 9668 9414 9408 9270 9104 9094 9064 9032 940 8092 7744 4426 3318 2805 513 2280 2158 2131
is_linear=0
shrinkage=0.1


Tree=123
num_leaves=31
num_cat=0
split_feature=4 0 17 12 21 14 11 10 18 19 15 20 19 18 22 21 21 17 17 14 17 19 0 21 1 21 1 0 15 21
split_gain=0.0207185 0.0249085 0.0312013 0.0206891 0.0271609 0.0198368 0.0156342 0.0207847 0.0155655 0.0167017 0.0433936 0.0308246 0.0375006 0.0500787 0.0461574 0.029667 0.0785899 0.0401233 0.0581986 0.0348783 0.0565925 0.0285824 0.0262189 0.0233805 0.0206694 0.0227015 0.0649598 0.0677313 0.0583433 0.0641912
threshold=12946.500000000002 143.50000000000003 251.54463195800784 334.50000000000006 34.049999237060554 -10.055555343627928 -170.49999999999997 94.500000000000014 -648.31991577148426 1.0899078249931338 354.61666870117193 107.79038619995119 1.0398011207580569 -393.11169433593744 39.049999237060554 39.45000076293946 37.750000000000007 775.85751342773449 579.16802978515636 6.6111109256744394 549.20916748046886 1.0548234581947329 110.50000000000001 70.799999237060561 31.500000000000004 39.549999237060554 92.500000000000014 93.500000000000014 255.05000305175784 33.750000000000007
decision_type=2 2 2 2 2 2 2 2 2 2 2 2 2 2 2 2 2 2 2 2 2 2 2 2 2 2 2 2 2 2
left_child=3 -2 6 5 -5 -1 -3 -8 -7 10 11 12 13 -10 -15 16 19 18 23 20 -14 22 -20 -17 -11 28 -27 -28 29 -26
right_child=1 2 -4 4 -6 8 7 -9 9 24 -12 -13 15 14 -16 17 -18 -19 21 -21 -22 -23 -24 -25 25 26 27 -29 -30 -31
leaf_value=0.10007995773816068 0.10016202915420327 0.10053298212280209 0.10001735059783015 -0.098639831286028046 0.10003288672493243 0.100015476207672 -0.1002209549228049 0.10007532089266331 -0.10016179612512972 -0.10031524496717535 0.10035864624708556 -0.10033597390912928 -0.076215375074454361 -0.10002423722652753 0.081314685978408824 0.098592549751893549 -0.10013473754641522 0.10019747591363291 -0.10060603596186533 0.076849014613973532 0.090689680213529189 -0.093384699399360102 0.10099761318841978 -0.10000912395253583 -0.051047194604133442 -0.10021009932015068 0.065324902316456823 -0.032109631573979204 0.095688360917866935 0.02070687939252221
leaf_weight=0.019254533272487939 0.044109413183150425 0.0063885062545523388 0.022391048305507866 0.041872867540405312 0.0082344922229822259 0.014867444249148654 0.032533184508338309 0.0061621182394446796 0.024524888247469789 0.01863315639184282 0.031107429687608601 0.045063053079047677 0.07186013551790893 0.016241203216622924 0.10340249956880143 0.042089863476576284 0.14541474461248072 0.034551355725852773 0.010309032059012679 0.04512649886237341 0.02832182461861521 0.075845366583962459 0.01723677827976644 0.0068993964996479909 0.15585358338194033 0.071894104017701466 0.11638890452104533 0.18434824007727002 0.080674054990822697 0.62323877795597582
leaf_count=354 2684 7 904 47 345 198 199 10 69 177 170 4018 495 1247 146 31 603 49 54 22 18 154 3 114 312 131 325 260 939 1124
internal_value=-0.00022791 0.0417264 0.00352603 -0.00253035 -0.0659906 -0.000926923 -0.0443968 -0.0683243 -0.00191722 -0.00269478 -0.0150879 -0.0204729 -0.0146853 0.0300147 0.0566986 -0.028177 -0.0481609 0.00290282 -0.0191582 0.00385096 -0.0290307 -0.0616984 0.0255474 0.0706225 0.00421976 0.00580027 -0.0148157 0.00559871 0.0147354 0.00635283
internal_weight=2.14484 0.111584 0.0674749 2.03325 0.0501074 1.98315 0.0450838 0.0386953 1.96389 1.94902 0.697994 0.666887 0.621824 0.144169 0.119644 0.477655 0.290723 0.186932 0.15238 0.145308 0.100182 0.103391 0.0275458 0.0489893 1.25103 1.2324 0.372631 0.300737 0.859766 0.779092
internal_count=15209 3804 1120 11405 392 11013 216 209 10659 10461 7193 7023 3005 1462 1393 1543 1138 405 356 535 513 211 57 145 3268 3091 716 585 2375 1436
is_linear=0
shrinkage=0.1


Tree=124
num_leaves=31
num_cat=0
split_feature=4 0 17 12 21 14 13 22 3 19 22 20 22 0 18 22 21 22 17 19 20 21 10 11 18 20 14 22 22 6
split_gain=0.0186998 0.0225345 0.0282298 0.0186902 0.0244947 0.017928 0.014782 0.0291303 0.0377882 0.0375035 0.0275362 0.0346458 0.0798087 0.0603042 0.0507733 0.0483334 0.0505601 0.0454445 0.0388329 0.0464129 0.0367902 0.0363878 0.0421076 0.0394951 0.0431815 0.0380503 0.0425943 0.0441677 0.0658207 0.0479418
threshold=12946.500000000002 143.50000000000003 251.54463195800784 334.50000000000006 34.049999237060554 -10.055555343627928 285.15000915527349 34.350000381469734 9872.5000000000018 1.0858655571937563 52.45000076293946 21.119676589965824 38.750000000000007 92.500000000000014 -244.37347412109372 37.750000000000007 39.649999618530281 50.649999618530281 775.85751342773449 1.0972536206245425 23.805509567260746 37.250000000000007 39.500000000000007 3.5000000000000004 -599.36233520507801 971.50000000000011 -1.944444417953491 39.250000000000007 38.750000000000007 113.50000000000001
decision_type=2 2 2 2 2 2 2 2 2 2 2 2 2 2 2 2 2 2 2 2 2 2 2 2 2 2 2 2 2 2
left_child=3 -2 -3 5 -5 -1 7 8 -7 -10 11 12 -9 14 -14 18 17 20 -13 -20 -17 22 -22 24 -23 26 -26 28 -28 -29
right_child=1 2 -4 4 -6 6 -8 10 9 -11 -12 15 13 -15 -16 16 -18 -19 19 -21 21 23 -24 -25 25 -27 27 29 -30 -31
leaf_value=0.10007234978034059 0.10014665838297097 -0.044386611477320537 0.10001570008880763 -0.098249480573371226 0.10002975832229438 -0.10005754397290234 0.018382769340381609 0.092140818506548344 0.10057345187077636 -0.065420301362766053 -0.081124307269757348 -0.10006727162832643 -0.10018596361239832 0.06656271671988552 0.0040435479226853454 0.079510763255155367 -0.088925013655899984 -0.10022649811455531 0.10020991299538091 -0.1003102062966746 -0.10010112511987415 0.092186319526385244 0.10055196534156599 -0.094194407855677786 0.035403401001878936 0.067599346357033394 -0.072326110460813137 -0.10026893824825389 0.079383552914136651 0.040390262459237436
leaf_weight=0.017423479229819239 0.039917662128800546 0.040802525234539644 0.020260575759948551 0.03803133841302031 0.0074510978295165833 0.070975714035285242 0.30322859028774463 0.12397113451879682 0.025071725746784068 0.029775487500955933 0.04239475923077396 0.095286701311124489 0.073071548176358192 0.085629582757974276 0.12967755568388384 0.072268128686118871 0.06001181855390314 0.038132648783175682 0.02600352050831134 0.020757496356964111 0.057555490156119049 0.069716758876893437 0.012780927121639252 0.03293809690899252 0.1639915492178261 0.089113702905251557 0.049556743254242974 0.10653926347004017 0.067619766095049272 0.031365104970973334
leaf_count=354 2684 216 904 47 345 446 1536 140 47 67 336 3327 75 105 110 62 128 67 47 10 2203 120 2 226 280 201 235 715 84 90
internal_value=-0.000234915 0.0417199 0.00352569 -0.00241836 -0.0657667 -0.000897809 -0.00183486 -0.00572925 -0.0518827 0.0104587 -0.00171984 0.000674447 0.0250422 -0.00380281 -0.0335212 -0.00943794 -0.000430291 0.00627875 -0.0634397 0.0111978 0.0116691 0.00447156 -0.0636402 0.0123144 0.018385 0.00826037 -0.00435778 -0.0299202 0.0152219 -0.0682773
internal_weight=2.04132 0.100981 0.0610631 1.94034 0.0454824 1.89486 1.87743 1.57421 0.125823 0.0548472 1.44838 1.40599 0.41235 0.288379 0.202749 0.993638 0.85159 0.791578 0.142048 0.046761 0.753446 0.681177 0.0703364 0.610841 0.577903 0.508186 0.419072 0.255081 0.117177 0.137904
internal_count=15209 3804 1120 11405 392 11013 10659 9123 560 114 8563 8227 430 290 185 7797 4413 4285 3384 57 4218 4156 2205 1951 1725 1605 1404 1124 319 805
is_linear=0
shrinkage=0.1


Tree=125
num_leaves=31
num_cat=0
split_feature=9 9 20 22 22 21 0 22 22 21 21 19 19 2 20 22 15 22 19 20 3 6 20 0 3 17 13 18 17 3
split_gain=0.0175032 0.0184902 0.0163281 0.0388891 0.0409337 0.0226611 0.0687058 0.0481825 0.0333733 0.0696479 0.0626262 0.0471699 0.0374117 0.0368013 0.0878505 0.0640262 0.0442439 0.0345327 0.0304586 0.0542956 0.0276675 0.0282674 0.0249951 0.0224247 0.0205256 0.020339 0.0439539 0.0410688 0.0651784 0.0526107
threshold=51.500000000000007 44.500000000000007 19.382786750793461 50.649999618530281 46.750000000000007 41.250000000000007 110.50000000000001 37.750000000000007 39.250000000000007 38.45000076293946 40.049999237060554 1.2031992673873904 1.1338242292404177 131.50000000000003 48.079242706298835 44.45000076293946 354.61666870117193 41.750000000000007 1.0741549134254458 29.886748313903812 970.50000000000011 5.5000000000000009 1350.5000000000002 135.50000000000003 1891.0000000000002 217.60556793212893 115.04999923706056 -244.37347412109372 539.40240478515636 8674.5000000000018
decision_type=2 2 2 2 2 2 2 2 2 2 2 2 2 2 2 2 2 2 2 2 2 2 2 2 2 2 2 2 2 2
left_child=1 2 25 4 5 7 -7 18 9 -9 20 12 13 22 15 16 -15 24 19 -4 21 -11 -10 -20 -14 -1 -27 28 -28 -30
right_child=-2 -3 3 -5 -6 6 -8 8 11 10 -12 -13 17 14 -16 -17 -18 -19 23 -21 -22 -23 -24 -25 -26 26 27 -29 29 -31
leaf_value=-0.0090917559620809201 0.10021856836480961 -0.081271208173370635 0.084396977473694401 -0.10016540754115266 0.076104855888343564 -0.10034849716643307 0.10026317112457049 -0.10013952414529764 -0.088787947779195131 -0.10027877106232833 -0.097708115971044007 -0.10013898364978863 -0.024645683242237482 -0.09878130179014151 0.08145145806542109 0.079830179052651773 0.10054202093197143 -0.04466800912230072 -0.10022253936662362 -0.090496068377157513 0.08992818887566871 0.10051716431186507 0.015837910274267373 0.1004917665275738 0.093901669865919954 -0.072734645598491354 -0.086891367774035194 0.083770297009430464 0.089303681855887385 -0.008633211213589639
leaf_weight=0.2801299936502345 0.017179004681565968 0.02839222580223566 0.034048250057139517 0.043371764235871413 0.060848470749078731 0.024058918819719111 0.058784546950846561 0.035278192168334499 0.098944003203541797 0.016897992038138909 0.02454292648712908 0.05843949655150027 0.017970133977314617 0.1072824192169719 0.087594724060181761 0.032682114222552627 0.012426052437149337 0.034726080729342357 0.10933740406017023 0.037084834377537845 0.14979980074576815 0.011982421390712261 0.029683972845305107 0.0058649367779253217 0.078001707930525299 0.041276717676737462 0.051781313904939452 0.12259708116812362 0.10431847867130273 0.1156695799127192
leaf_count=539 72 31 52 352 269 232 154 440 2493 86 73 117 43 379 115 23 92 142 731 2966 208 2 79 12 87 36 69 3888 363 1064
internal_value=-0.000270548 -0.00117257 3.36202e-05 -0.00724623 -0.00366801 -0.00822397 0.0420027 -0.0124587 -0.00174639 0.0295611 0.0520763 -0.0151339 -0.00518487 -0.0214841 0.00164835 -0.0442228 -0.078091 0.0407846 -0.0582345 -0.00678253 0.0726502 -0.016969 -0.064643 -0.0900042 0.0717044 0.0119297 0.025447 0.0357233 0.014049 0.0378085
internal_weight=1.931 1.91382 1.88542 1.16965 1.12628 1.06543 0.0828435 0.982587 0.796252 0.238501 0.203223 0.557751 0.499311 0.368613 0.239985 0.152391 0.119708 0.130698 0.186335 0.0711331 0.17868 0.0288804 0.128628 0.115202 0.0959718 0.715773 0.435643 0.394366 0.271769 0.219988
internal_count=15209 15137 15106 9147 8795 8526 386 8140 4379 809 369 3570 3453 3181 609 494 471 272 3761 3018 296 88 2572 743 130 5959 5420 5384 1496 1427
is_linear=0
shrinkage=0.1


Tree=126
num_leaves=31
num_cat=0
split_feature=9 9 3 20 22 22 7 22 11 22 0 21 18 22 21 21 0 20 12 1 15 21 20 6 0 13 17 22 1 17
split_gain=0.0158287 0.0171287 0.0272144 0.0175561 0.0352447 0.0354311 0.02109 0.0430167 0.0299273 0.0324169 0.0545992 0.0329208 0.0330918 0.0403447 0.116723 0.074098 0.0395544 0.0384785 0.0286508 0.028621 0.0274504 0.0266544 0.0306343 0.0255677 0.0199045 0.0185251 0.0182529 0.0307416 0.0495262 0.0239452
threshold=51.500000000000007 37.500000000000007 12942.500000000002 19.382786750793461 50.649999618530281 46.750000000000007 3.5000000000000004 42.45000076293946 3.5000000000000004 37.750000000000007 100.50000000000001 39.750000000000007 -599.36233520507801 39.250000000000007 38.149999618530281 38.649999618530281 170.50000000000003 46.189826965332038 -137.49999999999997 31.500000000000004 264.00000000000006 40.750000000000007 22.77099704742432 5.5000000000000009 59.500000000000007 228.40000152587893 842.80474853515636 34.149999618530281 274.50000000000006 539.40240478515636
decision_type=2 2 2 2 2 2 2 2 2 2 2 2 2 2 2 2 2 2 2 2 2 2 2 2 2 2 2 2 2 2
left_child=1 3 -3 26 5 6 7 8 9 10 -5 12 -11 15 17 -14 -16 -15 -9 23 -13 -12 -23 -17 -7 -24 27 28 -1 -29
right_child=-2 2 -4 4 -6 24 -8 18 -10 11 21 20 13 14 16 19 -18 -19 -20 -21 -22 22 25 -25 -26 -27 -28 29 -30 -31
leaf_value=-0.10026484501103666 0.10019776691517553 -0.091847569494083875 0.057474556748029176 -0.098027715267413718 -0.10014968810585444 -0.10002843980018826 0.066099236229748073 0.045852222220180483 -0.075098704825538057 0.090609159923712268 -0.087836081971441771 -0.10005824906969028 -0.10014204095414923 -0.10004048330848776 -0.10014464977791414 -0.10025225437809909 0.10051375654340765 0.05987967381797013 -0.10018936723849925 0.09839715581328759 0.1000454039743805 -0.03968009405957907 -0.011187765938005946 0.10046770861969719 0.092678139625311684 0.1002681892515957 0.10021987344222748 0.0059158337201994119 0.061411943459653645 0.05224976595486152
leaf_weight=0.056115110939572221 0.015547269426633759 0.046241726234711567 0.016582154524030557 0.079236490711082075 0.039250241928584617 0.0059816861817125746 0.036885927886032732 0.016224974213400856 0.05518307662305233 0.05997627924034532 0.024909946890602441 0.039901564130559564 0.027762781505089151 0.016712684198864736 0.11624880027102336 0.015293774207293609 0.010730612380939419 0.15084266276903691 0.078074688589026664 0.12130808316760522 0.0082776704207390139 0.043599715312439002 0.021307971503119916 0.010847209021449089 0.051564426485128934 0.049685323149333271 0.023458757769276417 0.39375962798635555 0.028605457710227711 0.15561784601959516
leaf_count=150 72 33 55 2735 352 210 14 27 1023 137 572 100 313 63 520 86 74 1769 787 113 49 53 10 2 59 79 2001 1669 904 1178
internal_value=-0.000270448 -0.00113814 -0.0524345 0.000716762 -0.00712768 -0.00361885 -0.00808351 -0.0109756 -0.00388108 0.00105214 -0.0317361 0.0134627 0.0206607 0.0117298 -0.0108736 0.0497267 -0.0831877 0.0439286 -0.0750618 0.0779451 -0.0656785 0.00591698 0.0262968 -0.0169634 0.0726471 0.0668157 0.0135985 0.0103939 -0.0456755 0.0190405
internal_weight=1.81573 1.80019 0.0628239 1.73736 1.07981 1.04056 0.98301 0.946124 0.851825 0.796642 0.218739 0.577902 0.529723 0.469747 0.294535 0.175212 0.126979 0.167555 0.0942997 0.147449 0.0481792 0.139503 0.114593 0.026141 0.0575461 0.0709933 0.657557 0.634098 0.0847206 0.549377
internal_count=15209 15137 88 15049 9147 8795 8526 8512 7698 6675 3449 3226 3077 2940 2426 514 594 1832 814 201 149 714 142 88 269 89 5902 3901 1054 2847
is_linear=0
shrinkage=0.1


Tree=127
num_leaves=31
num_cat=0
split_feature=20 9 9 11 21 18 5 12 8 5 22 2 17 18 20 7 9 9 10 12 7 17 18 22 21 22 21 15 18 21
split_gain=0.0149237 0.0142045 0.0148236 0.0131211 0.0225497 0.0217609 0.0366401 0.0294362 0.0218143 0.0204302 0.0175529 0.015698 0.0214467 0.0127018 0.0126237 0.0148639 0.0142793 0.0194827 0.0171908 0.0200437 0.0250327 0.0150358 0.0280011 0.0294959 0.0355792 0.0501617 0.0389909 0.0330138 0.0397782 0.0289612
threshold=3.3249291181564335 51.500000000000007 37.500000000000007 175.50000000000003 36.049999237060554 146.84706115722659 3586.5000000000005 68.500000000000014 1.0000000180025095e-35 4374.5000000000009 41.95000076293946 665.50000000000011 161.60405731201175 -648.31991577148426 9.1706376075744647 9.5000000000000018 20.500000000000004 11.500000000000002 26.500000000000004 10.500000000000002 2.5000000000000004 297.85835266113287 -244.37347412109372 51.649999618530281 37.649999618530281 41.549999237060554 37.95000076293946 158.81666564941409 -434.46205139160151 39.049999237060554
decision_type=2 2 2 2 2 2 2 2 2 2 2 2 2 2 2 2 2 2 2 2 2 2 2 2 2 2 2 2 2 2
left_child=-1 2 3 5 -5 6 8 -8 13 -9 -7 12 -12 -2 -15 16 17 18 19 21 -21 -16 23 24 27 26 -26 28 -23 -28
right_child=1 -3 -4 4 -6 10 7 9 -10 -11 11 -13 -14 14 15 -17 -18 -19 -20 20 -22 22 -24 -25 25 -27 29 -29 -30 -31
leaf_value=0.10000338571138334 0.10001269079228886 0.10018348139992471 -0.051498907523827443 -0.011573745719702032 0.095136993892563124 -0.094414167895025727 0.098743100442717294 -0.095440151427662601 0.10026712090194688 0.10009500114694658 -0.050113743225858834 -0.063143315094968705 0.07146592218974844 0.098012252045948045 -0.047108259917113378 -0.10034492650927054 0.088890844752523096 -0.098277273352374059 0.090962501465015999 -0.10012046125039101 0.076323774293434093 0.041685519514977683 0.081721138004333713 -0.078249667458091046 0.10002520853594428 -0.10008132812887094 -0.062549215813053394 0.074365252217487673 -0.10024340189031695 0.00021724716026751438
leaf_weight=0.014706367294138656 0.011576358211868087 0.013717240622099669 0.058385441873269772 0.041421931215154362 0.03794165770023028 0.041302260036218175 0.064817951549002717 0.016129236384585965 0.020273786009056383 0.0079907024353360612 0.026460349390617921 0.042753211022500182 0.032123221571055183 0.011740993183594228 0.072896463131996714 0.016536927876586449 0.016019961651181691 0.022527405125856492 0.018605054432555224 0.04223512103305882 0.009931425542163197 0.056544558570749359 0.040186218111557426 0.050046503660269082 0.035579579709519749 0.056243401157757944 0.083506940806273633 0.11135193337304372 0.030344249538756918 0.6142175724273784
leaf_count=3241 156 29 52 33 115 407 1732 57 15 85 55 102 56 27 5246 20 5 32 21 938 6 62 147 69 60 330 473 181 357 1100
internal_value=-0.000300589 -0.00116656 -0.00198934 -0.000217364 0.0394419 -0.00224547 0.00152173 0.0636487 -0.00266306 -0.0306612 -0.0394661 -0.0170707 0.0165522 -0.00426816 -0.00520505 -0.00615422 -0.00491824 -0.00612608 -0.00442686 -0.005902 -0.0665291 -0.00315401 -0.000181798 -0.00335318 0.000441468 -0.00906838 -0.00208781 0.038317 -0.00788043 -0.00729494
internal_weight=1.71811 1.70341 1.68969 1.6313 0.0793636 1.55194 1.4093 0.0889379 1.32036 0.0241199 0.142639 0.101337 0.0585836 1.30009 1.28851 1.27677 1.26024 1.24422 1.22169 1.20308 0.0521665 1.15092 1.07802 1.03783 0.987788 0.789547 0.733304 0.198241 0.0868888 0.697725
internal_count=15209 11968 11939 11887 148 11739 11119 1874 9245 142 620 213 111 9230 9074 9047 9027 9022 8990 8969 944 8025 2779 2632 2563 1963 1633 600 419 1573
is_linear=0
shrinkage=0.1


Tree=128
num_leaves=31
num_cat=0
split_feature=4 0 17 12 21 20 9 22 12 5 17 0 8 0 16 21 19 12 3 5 11 18 5 21 22 0 20 19 22 15
split_gain=0.0137337 0.0208438 0.0233377 0.017771 0.0194261 0.0151481 0.030939 0.0181682 0.0169868 0.0261444 0.0259779 0.0287964 0.0202841 0.0178131 0.018129 0.0150846 0.0145369 0.0142851 0.0132169 0.0135125 0.0169223 0.014877 0.0558089 0.0286713 0.0498496 0.0391971 0.0519871 0.029916 0.042114 0.0417387
threshold=12946.500000000002 143.50000000000003 251.54463195800784 334.50000000000006 34.049999237060554 8.0232443809509295 28.500000000000004 36.250000000000007 41.500000000000007 3515.5000000000005 70.513008117675795 91.500000000000014 2.5000000000000004 79.500000000000014 -5.0172414779663077 36.149999618530281 1.1964407563209536 -152.49999999999997 13115.000000000002 3249.5000000000005 -93.499999999999986 -358.36102294921869 2965.5000000000005 37.649999618530281 40.95000076293946 72.500000000000014 16.803649902343754 1.0797796845436098 36.850000381469734 246.44999694824222
decision_type=2 2 2 2 2 2 2 2 2 2 2 2 2 2 2 2 2 2 2 2 2 2 2 2 2 2 2 2 2 2
left_child=3 -2 -3 5 -5 6 7 -1 9 18 11 -10 -12 -11 17 -8 -9 -15 19 20 -7 23 -23 -22 25 -25 -27 28 29 -28
right_child=1 2 -4 4 -6 8 15 16 10 13 12 -13 -14 14 -16 -17 -18 -19 -20 -21 21 22 -24 24 -26 26 27 -29 -30 -31
leaf_value=-0.071782429413758453 0.10014376236766198 -0.044515270202115778 0.10001308345389648 -0.098057164134952801 0.10002411417440758 0.10028087422985568 -0.10034608144384441 -0.08919328311943428 -0.10010750545506136 -0.10062055564465365 -0.091696879256252833 0.077740318043003159 0.079197798547369053 0.1000158486692492 0.10027623910101696 0.012371536859333277 0.10024334945387628 -0.10108594869333135 0.075587541583976167 -0.045887372643133952 0.042908509529652229 -0.037471265208448394 0.088194513513393524 0.028839932052168057 -0.074464050079071462 0.089257260693425267 -0.1004803999869307 -0.086114363866426472 -0.092435149208797571 0.1002915301852939
leaf_weight=0.0078782438874894778 0.033578998533357773 0.036784179058940936 0.016046310453020851 0.033510958665828983 0.0058093780162380418 0.015798083829394405 0.018432231059705373 0.0043195144548917588 0.013173667680803081 0.0065105691901407017 0.069119926599341852 0.029471829298472585 0.0077212808537296942 0.0057067435645876694 0.052488334171812312 0.033362575518140147 0.065122500653160387 0.0092700133100152016 0.020558011369757767 0.076664769933813548 0.14965498088576989 0.28486221658340716 0.040345494999201037 0.30822445050444003 0.090442840419541426 0.032853363867616281 0.01389782610021939 0.09555584381269 0.034216648309666198 0.040614505982375704
leaf_count=226 2684 216 904 47 345 44 19 71 140 2 324 68 7 173 410 52 737 1 122 100 320 6487 47 814 306 52 40 242 154 55
internal_value=-0.000271614 0.0385387 -0.000617384 -0.00241367 -0.0687917 -0.000703615 0.0320679 0.0721325 -0.00373213 -0.000360148 -0.0397886 0.0228012 -0.0745248 0.0573423 0.0725861 -0.0277413 0.0884598 -0.0244581 -0.00390639 -0.00528767 -0.0024746 -0.00396299 -0.0218811 0.00364955 -0.00589129 0.00591373 -0.0266297 -0.0472894 -0.00547723 0.0491051
internal_weight=1.652 0.0864095 0.0528305 1.56559 0.0393203 1.52627 0.129115 0.0773203 1.39715 1.27766 0.119487 0.0426455 0.0768412 0.0739757 0.0674651 0.0517948 0.069442 0.0149768 1.20369 1.18313 1.10647 1.09067 0.325208 0.76546 0.615805 0.525363 0.217138 0.184285 0.088729 0.0545123
internal_count=15209 3804 1120 11405 392 11013 1105 1034 9908 9369 539 208 331 586 584 71 808 174 8783 8661 8561 8517 6534 1983 1663 1357 543 491 249 95
is_linear=0
shrinkage=0.1


Tree=129
num_leaves=31
num_cat=0
split_feature=9 9 20 18 22 21 17 0 20 6 12 22 19 0 22 18 21 0 12 0 0 16 15 20 22 21 16 4 12 1
split_gain=0.0127454 0.012863 0.0120396 0.0110354 0.0100293 0.0424959 0.0260287 0.0371532 0.0283025 0.0407652 0.0316988 0.0335523 0.0315853 0.0300103 0.0169718 0.0520428 0.0546841 0.0424171 0.0306372 0.0259674 0.0521138 0.0486462 0.0251748 0.0246794 0.0541467 0.0412975 0.0343848 0.0369444 0.0447001 0.028482
threshold=51.500000000000007 44.500000000000007 3.3249291181564335 -648.31991577148426 37.549999237060554 39.850000381469734 297.85835266113287 134.50000000000003 15.501419067382814 475.50000000000006 -232.49999999999997 34.750000000000007 1.1270197033882143 110.50000000000001 39.350000381469734 -497.18360900878901 38.649999618530281 23.500000000000004 -187.49999999999997 36.500000000000007 79.500000000000014 -3.7068965435028072 315.16667175292974 48.079242706298835 44.350000381469734 36.049999237060554 -2.8448275327682491 7454.0000000000009 10.500000000000002 318.50000000000006
decision_type=2 2 2 2 2 2 2 2 2 2 2 2 2 2 2 2 2 2 2 2 2 2 2 2 2 2 2 2 2 2
left_child=1 2 -1 -4 5 -5 -7 8 -8 10 -10 13 -11 -12 15 18 -17 -16 -6 -19 21 -21 -23 24 29 26 -26 -28 -29 -22
right_child=-2 -3 3 4 14 6 7 -9 9 12 11 -13 -14 -15 17 16 -18 19 -20 20 23 22 -24 -25 25 -27 27 28 -30 -31
leaf_value=0.10000278932562423 0.10016055701347533 -0.076469453198063128 0.10001065344287166 -0.085589427915403221 0.047021056298332309 -0.10028912910220454 0.099932951777511839 0.10010808411245038 -0.099223755040949074 -0.096095172695613879 -0.10021784005642015 0.079934146285024987 0.051423853818934967 0.069400390845800145 -0.07649182032773795 -0.057606488273957104 0.079795740867270259 0.043871113347188004 -0.10021060339449445 0.064725879842327777 -0.097111962262835916 -0.087356924107275288 0.10006452126251726 0.063686135835038724 0.10032065508503905 0.07296673687880767 -0.1002577273873281 0.085489411311197708 -0.034535788753881275 0.0012745762967666672
leaf_weight=0.011954896876318233 0.012542030482336597 0.022292070452976875 0.01079483201260667 0.070487585441014855 0.021115270859809243 0.023755489030008903 0.023151124681817237 0.038471618360063076 0.019493672582029831 0.074414067044926924 0.025649172233897843 0.072974613060068805 0.018030877964520187 0.017580683856067481 0.072532866844994714 0.035932453650275198 0.14937853694095793 0.13224308524513617 0.042743673944642069 0.029185663614043733 0.068845686819258844 0.13233228706349109 0.0075771982246806138 0.076479138941067504 0.028103357913323079 0.11091910942013783 0.042382129327052653 0.04714439441227114 0.090770630249608075 0.051385385711455456
leaf_count=3185 72 31 242 3454 39 51 230 764 16 110 299 117 13 38 2565 606 395 367 78 44 278 622 49 114 162 298 51 414 100 405
internal_value=-0.000246389 -0.00104946 3.81587e-05 -0.000740958 -0.00145504 -0.0154309 0.000342488 0.00859244 -0.00541805 -0.0161087 0.0187809 0.0385765 -0.0673224 -0.0312376 0.00325658 0.0263247 0.053153 -0.00320243 -0.0515277 0.00330124 -0.00452957 -0.0527092 -0.0772066 0.0112582 0.00213601 0.0236726 -0.00256371 -0.0186005 0.00649321 -0.0550627
internal_weight=1.58066 1.56812 1.54583 1.53387 1.52308 0.384009 0.313521 0.289766 0.251294 0.228143 0.135698 0.116204 0.0924449 0.0432299 1.13907 0.24917 0.185311 0.889901 0.0638589 0.817368 0.685125 0.169095 0.139909 0.51603 0.439551 0.31932 0.208401 0.180297 0.137915 0.120231
internal_count=15209 15137 15106 11921 11679 5092 1638 1587 823 593 470 454 123 337 6587 1118 1001 5469 117 2904 2537 715 671 1822 1708 1025 727 565 514 683
is_linear=0
shrinkage=0.1


Tree=130
num_leaves=31
num_cat=0
split_feature=9 20 9 18 20 22 22 7 22 14 22 21 0 19 15 11 21 18 22 21 21 0 20 1 6 15 0 0 15 13
split_gain=0.0115321 0.0112488 0.011114 0.00998222 0.0102601 0.0287935 0.0277284 0.0168658 0.0364466 0.0223312 0.0216813 0.0497731 0.0315372 0.0399054 0.0413996 0.0295269 0.0305502 0.0225894 0.0302466 0.0935755 0.0577754 0.0323609 0.0274938 0.0263589 0.0235444 0.0203691 0.0162226 0.0160852 0.0155242 0.0318622
threshold=51.500000000000007 3.3249291181564335 43.500000000000007 -648.31991577148426 19.382786750793461 50.649999618530281 46.750000000000007 3.5000000000000004 42.45000076293946 -4.6111109256744376 37.750000000000007 40.750000000000007 134.50000000000003 1.0758714079856875 246.44999694824222 3.5000000000000004 39.750000000000007 -599.36233520507801 39.250000000000007 38.149999618530281 38.649999618530281 170.50000000000003 46.189826965332038 31.500000000000004 5.5000000000000009 365.08332824707037 22.500000000000004 59.500000000000007 27.183333396911625 115.04999923706056
decision_type=2 2 2 2 2 2 2 2 2 2 2 2 2 2 2 2 2 2 2 2 2 2 2 2 2 2 2 2 2 2
left_child=1 -1 3 -3 28 6 7 8 10 -10 11 -6 13 14 -13 16 17 -12 20 22 -19 -21 -20 24 -22 -18 -24 -8 -5 -30
right_child=-2 2 -4 4 5 -7 27 -9 9 -11 15 12 -14 -15 -16 -17 25 18 19 21 23 -23 26 -25 -26 -27 -28 -29 29 -31
leaf_value=0.10000251086467714 0.10014527885973296 0.10000963932364 -0.073802766419551441 0.10016759940669989 -0.098750011880563815 -0.10011950502525442 -0.10002379197941923 0.06471948837977716 0.050757736278911114 -0.098600969959246609 0.088795722196848559 -0.1003003203453184 0.10011861745020068 -0.10029907940179068 0.10025024789805657 -0.090142122444360206 -0.10005129920413065 -0.10011202884270465 -0.10002937155544606 -0.10011429452531773 -0.10023950635073241 0.10043914401884167 -0.10001913616500213 0.097795327349554623 0.10042503216177941 0.10003687577306358 0.066308246279712865 0.091355678293928821 -0.072826819849341681 0.013437438849549255
leaf_weight=0.010936475348103047 0.011350142081028136 0.0097676618782994717 0.021124457007317576 0.01810617174487561 0.071922439035802199 0.032820253617956041 0.0049180050096992991 0.029847142792277737 0.011767372436224832 0.067044725455730259 0.043358244831324555 0.014954819448576018 0.027816898984610816 0.037171225594647694 0.033020720176864415 0.029800241387079041 0.034493410676077474 0.022196350982767399 0.012043995258864015 0.091895950920843461 0.014354954233567696 0.0088176479293906596 0.0061668523796924992 0.09974645732972931 0.0098657943308353424 0.0059680691376797759 0.11939869857815211 0.041040606287424453 0.046826084748317953 0.50007878915414494
leaf_count=3198 72 242 20 13 3665 352 210 14 34 780 40 175 85 86 57 325 100 313 63 520 86 74 1570 113 2 32 199 59 45 2665
internal_value=-0.000267945 -0.00103944 -0.00179305 -0.00074049 -0.00142606 -0.0082376 -0.00463737 -0.00902124 -0.0119104 -0.0763003 -0.00448026 -0.0337247 0.00767603 -0.0225244 0.0377351 0.00637462 0.0125164 0.0203709 0.0126547 -0.00931047 0.0484694 -0.0825555 0.0442961 0.0750729 -0.0185032 -0.0705383 0.0581395 0.0708763 0.0090675 0.00605148
internal_weight=1.48862 1.47727 1.46633 1.44521 1.43544 0.870431 0.837611 0.791652 0.761805 0.0788121 0.682993 0.184886 0.112964 0.0851468 0.0479755 0.498107 0.468306 0.427845 0.384487 0.238323 0.146164 0.100714 0.13761 0.123967 0.0242207 0.0404615 0.125566 0.0459586 0.565011 0.546905
internal_count=15209 15137 11939 11919 11677 8954 8602 8333 8319 814 7505 4068 403 318 232 3437 3112 2980 2940 2426 514 594 1832 201 88 132 1769 269 2723 2710
is_linear=0
shrinkage=0.1


Tree=131
num_leaves=31
num_cat=0
split_feature=2 20 22 6 12 9 9 22 21 17 0 20 2 22 16 3 10 0 22 21 21 2 12 18 14 20 22 15 18 22
split_gain=0.0105299 0.0111522 0.0110081 0.0124755 0.010332 0.0095716 0.0110274 0.0101081 0.0324042 0.0236501 0.0305113 0.0245126 0.0367633 0.028703 0.0345023 0.0343408 0.0213579 0.0155429 0.0255368 0.0353993 0.0314218 0.0468929 0.0302911 0.0260132 0.0252697 0.0319844 0.0419604 0.0226739 0.0292787 0.0226495
threshold=937.50000000000011 5.3619022369384775 53.250000000000007 2332.5000000000005 -40.499999999999993 51.500000000000007 44.500000000000007 37.549999237060554 39.850000381469734 297.85835266113287 134.50000000000003 15.501419067382814 273.50000000000006 34.350000381469734 -7.8448276519775382 9872.5000000000018 -21.499999999999996 96.500000000000014 40.95000076293946 37.750000000000007 39.649999618530281 113.50000000000001 -34.499999999999993 -445.49896240234369 17.500000000000004 47.121086120605476 44.750000000000007 354.61666870117193 371.24829101562506 39.350000381469734
decision_type=2 2 2 2 2 2 2 2 2 2 2 2 2 2 2 2 2 2 2 2 2 2 2 2 2 2 2 2 2 2
left_child=2 -2 5 4 -4 6 7 8 -1 -10 11 -11 13 15 -15 -13 -14 18 20 23 22 -22 -9 -20 25 26 27 29 -29 -19
right_child=1 -3 3 -5 -6 -7 -8 17 9 10 -12 12 16 14 -16 -17 -18 24 19 -21 21 -23 -24 -25 -26 -27 -28 28 -30 -31
leaf_value=-0.080833675135412786 0.10014588717064442 -0.038525233850208035 0.10004182447557003 0.031016967797153051 -0.10024891643115548 0.1001411538398201 -0.099960917206255329 0.089997520130169373 -0.10026567742108172 0.099848578198830973 0.10008834176468875 -0.10014804076095765 0.032926615348434489 -0.091486719175435119 0.083779127688915725 0.10039191120206417 -0.094745095483573918 0.1001930825827468 0.10006005821714661 -0.078862454969478343 -0.099647092290051281 0.04926637100466856 0.011858594677604788 -0.012569216442054137 0.10014316093952183 0.098751853943992551 0.044722345445334211 0.10025973192155102 -0.080460950598076508 -0.092279693697590259
leaf_weight=0.060695471046983362 0.020101843939755892 0.0081510864748679523 0.0028186360723339013 0.013595737969808397 0.029859524910307189 0.0095015107067409899 0.01107328384205164 0.075664964092538423 0.021752664876657946 0.020398196384462608 0.03175135875289925 0.031894765307697526 0.016543631934837322 0.013499074716492032 0.066877080520498566 0.011660980781016406 0.063002656893331732 0.0067101744443789349 0.022142114231201049 0.080707310867978777 0.047036197203851771 0.038418891639366848 0.1440810537334305 0.27760399112833056 0.038614092492935015 0.037265900202328339 0.10210808591136811 0.020416169510326654 0.015982652876118664 0.068805392358626705
leaf_count=3466 3563 202 6 20 281 23 8 141 51 147 620 323 19 30 119 22 122 14 80 749 93 116 2125 1432 51 71 722 309 27 257
internal_value=-0.000295136 0.0601387 -0.00153197 -0.0494816 -0.082973 0.000131045 -0.000586281 0.000251398 -0.0146496 -0.000167472 0.00835039 -0.00466038 -0.0151371 0.0189167 0.0543434 -0.0464584 -0.0681926 0.0054153 -0.00279223 -0.0200774 0.0187548 -0.0326986 0.0387641 -0.00424934 0.0248271 0.0132537 -0.00163335 -0.0439272 0.0209056 -0.0751769
internal_weight=1.40873 0.0282529 1.38048 0.0462739 0.0326782 1.33421 1.32471 1.31363 0.338076 0.27738 0.255628 0.223876 0.203478 0.123932 0.0803762 0.0435557 0.0795463 0.975557 0.685655 0.380453 0.305201 0.0854551 0.219746 0.299746 0.289902 0.251288 0.214022 0.111914 0.0363988 0.0755156
internal_count=15209 3765 11444 307 287 11137 11114 11106 4919 1453 1402 782 635 494 149 345 141 6187 4736 2261 2475 209 2266 1512 1451 1400 1329 607 336 271
is_linear=0
shrinkage=0.1


Tree=132
num_leaves=31
num_cat=0
split_feature=20 10 22 6 12 18 20 22 22 7 22 20 12 21 18 21 22 18 20 13 18 2 22 15 14 17 4 6 17 21
split_gain=0.00966625 0.00943518 0.0099973 0.0108901 0.00934674 0.0084881 0.0096248 0.0233565 0.0236035 0.016197 0.0313131 0.0215225 0.0299073 0.0283837 0.02358 0.0439334 0.0471776 0.0339153 0.0438573 0.0275458 0.0317184 0.0286425 0.0498271 0.027412 0.0204934 0.0190687 0.0157789 0.0321355 0.0235567 0.0216681
threshold=3.3249291181564335 142.50000000000003 53.250000000000007 2332.5000000000005 -40.499999999999993 -648.31991577148426 19.382786750793461 50.649999618530281 46.750000000000007 3.5000000000000004 42.45000076293946 971.50000000000011 -9.4999999999999982 39.250000000000007 -445.49896240234369 39.250000000000007 38.750000000000007 -402.58343505859369 41.635955810546882 325.30000305175787 -530.54617309570301 70.500000000000014 36.850000381469734 246.44999694824222 -4.6111109256744376 1.3965598940849306 5393.5000000000009 201.50000000000003 62.486408233642585 37.750000000000007
decision_type=2 2 2 2 2 2 2 2 2 2 2 2 2 2 2 2 2 2 2 2 2 2 2 2 2 2 2 2 2 2
left_child=-1 2 5 4 -4 -2 26 8 9 10 11 12 14 -13 19 16 -16 -18 -19 20 21 -8 23 -23 -12 -14 27 -7 -28 -30
right_child=1 -3 3 -5 -6 6 7 -9 -10 -11 24 13 25 -15 15 -17 17 18 -20 -21 -22 22 -24 -25 -26 -27 28 -29 29 -31
leaf_value=0.10000249777695809 0.10000799306129389 0.10013079183388436 0.10003783777605582 0.026417025500566911 -0.10022527829242892 -0.064466446184783435 0.069252310115278007 -0.1001289744994808 0.069126854939897522 0.064395716606321735 0.049732870928673914 0.068796076160227579 0.035540707063646294 -0.10003963973945525 -0.099967929402195899 0.088403257542822453 -0.10011526315457556 -0.093511060003969804 0.081454106047972485 0.10026581711663927 -0.10013749804248467 -0.10033790624622468 -0.09048732146812305 0.10019411825252521 -0.098385215962684291 -0.089082418682103329 -0.10012789859971867 0.089058172236699096 0.030887142520314242 -0.014889603875951557
leaf_weight=0.0095427457686129147 0.0084117686915302636 0.0091612299638653694 0.0025505037920083842 0.013152470550267026 0.027024063643125262 0.017931049987964798 0.033968352421652526 0.026506598210971788 0.041019243112714321 0.028855484564701328 0.011081910915891058 0.067496892906092398 0.014948279693158373 0.011680390963192622 0.04113864564453662 0.067625193055164345 0.018160075548621535 0.017583559360446088 0.07734194685338025 0.01602567336908578 0.055246583676307637 0.0088763841595209669 0.064265408867868246 0.02937665658100741 0.059463972555477085 0.068728548986655369 0.021250412097288063 0.056896423199759738 0.20528789568970751 0.20834552848793919
leaf_count=3241 242 29 6 13 281 15 23 108 269 14 34 606 1200 56 1020 243 43 153 248 48 258 37 143 60 780 3367 44 140 952 1536
internal_value=-0.000283225 -0.0010031 -0.00170487 -0.0492873 -0.0829546 -0.000113458 -0.000777076 -0.0079118 -0.00457653 -0.00894626 -0.0121383 -0.00463915 -0.0121249 0.0438891 -0.00147183 0.0212 -0.00826773 0.0250913 0.0490444 -0.0256813 -0.0362083 -0.0103313 -0.0367005 0.0536619 -0.0751176 -0.0668194 0.00985255 0.0522688 0.00255428 0.00782958
internal_weight=1.33894 1.3294 1.32024 0.042727 0.0295746 1.27751 1.2691 0.75939 0.732883 0.691864 0.663008 0.592463 0.513285 0.0791773 0.429608 0.221849 0.154224 0.113086 0.0949255 0.207759 0.191733 0.136487 0.102518 0.038253 0.0705459 0.0836768 0.509711 0.0748275 0.434884 0.413633
internal_count=15209 11968 11939 300 287 11639 11397 8710 8602 8333 8319 7505 6843 662 2276 1707 1464 444 401 569 521 263 240 97 814 4567 2687 155 2532 2488
is_linear=0
shrinkage=0.1


Tree=133
num_leaves=31
num_cat=0
split_feature=17 21 22 21 12 17 22 3 21 0 19 20 2 22 18 21 0 0 20 3 6 17 12 21 21 16 19 17 2 17
split_gain=0.00942818 0.0210788 0.0105811 0.0275806 0.0299045 0.0261848 0.0334685 0.0308593 0.0268409 0.0216149 0.0169125 0.0159684 0.0146735 0.0136704 0.0390367 0.0327893 0.032531 0.0284356 0.0273105 0.0230572 0.0203492 0.0201118 0.0295279 0.0267498 0.03286 0.0379902 0.0334628 0.0390152 0.0325714 0.049264
threshold=842.80474853515636 39.049999237060554 37.45000076293946 39.95000076293946 -268.49999999999994 198.98685455322268 34.149999618530281 9872.5000000000018 41.250000000000007 107.50000000000001 1.3440206050872805 29.886748313903812 431.50000000000006 39.350000381469734 -490.23353576660151 38.649999618530281 102.50000000000001 22.500000000000004 14.678769111633303 970.50000000000011 5.5000000000000009 585.34945678710949 12.500000000000002 37.750000000000007 36.049999237060554 -2.8448275327682491 1.0741549134254458 509.18785095214849 279.50000000000006 161.60405731201175
decision_type=2 2 2 2 2 2 2 2 2 2 2 2 2 2 2 2 2 2 2 2 2 2 2 2 2 2 2 2 2 2
left_child=2 -2 3 12 -5 -6 7 -7 -9 -10 13 -8 -1 14 18 16 -16 -15 -4 20 -17 23 -23 24 25 -19 27 -26 -27 -30
right_child=1 -3 10 4 5 6 11 8 9 -11 -12 -13 -14 17 15 19 -18 21 -20 -21 -22 22 -24 -25 26 28 -28 -29 29 -31
leaf_value=-0.10003543393211985 -0.06193508103470511 0.10020024453630115 0.10024310559930733 -0.095068698485862232 -0.098967794773840254 -0.099358956685567462 0.083129290315573423 -0.071031717169880257 -0.081701111223372924 0.10020927431356841 0.084428446777912419 -0.10023435491929347 0.10011035268019222 -0.087213669263229335 -0.10007661086742721 -0.10019478212263058 0.10027669485472575 0.087696348230402663 -0.079253094648243386 0.09718638789331932 0.10036662209163781 0.05094431621118263 -0.096910912997487428 -0.052547116173365896 -0.097470322262246667 -0.096076769986705571 0.05590764934784901 0.030796072396096927 -0.10019960538285964 0.053005646335400426
leaf_weight=0.047935117051451703 0.011690322837239475 0.025528680808065474 0.010345078015234321 0.030982749426357259 0.019554433763005363 0.030689043938650684 0.073676250330322546 0.020808629603379813 0.0079934009850148868 0.035724117194376959 0.024946242271994379 0.0050766117492457843 0.0039661194030031757 0.040238489553644285 0.024132116685677829 0.012453021038709267 0.01220166333951056 0.024024110346545058 0.046929865056881681 0.094478548632423553 0.0085199703462421894 0.11840540853336279 0.015246232159483952 0.11295162891565269 0.038717371917300625 0.073846835609174377 0.14884126812376053 0.061196990907774307 0.034185908551080502 0.054367764094536142
leaf_count=3377 357 1892 15 159 57 366 440 77 577 254 1034 10 52 2499 677 94 5 61 150 225 2 698 136 560 314 393 425 71 47 185
internal_value=-0.000313094 0.0492743 -0.00181061 -0.0190429 -0.00385484 0.0107484 0.0230808 -0.0168091 0.0224521 0.0669484 0.00317159 0.0713092 -0.084741 0.000994499 0.0235128 0.0500569 -0.0327937 -0.00552563 -0.0468322 0.0761308 -0.0187197 -0.000704451 0.0340778 -0.00918545 0.00206913 -0.0296729 0.0258575 -0.0189079 -0.0470355 -0.00613883
internal_weight=1.26965 0.037219 1.23243 0.276406 0.224505 0.193522 0.173968 0.0952152 0.0645261 0.0437175 0.956029 0.0787529 0.0519012 0.931082 0.20906 0.151785 0.0363338 0.722022 0.0572749 0.115452 0.020973 0.681784 0.133652 0.548132 0.43518 0.186425 0.248756 0.0999144 0.162401 0.0885537
internal_count=15209 2249 12960 5369 1940 1781 1724 1274 908 831 7591 450 3429 6557 1168 1003 682 5389 165 321 96 2890 834 2056 1496 686 810 385 625 232
is_linear=0
shrinkage=0.1


Tree=134
num_leaves=31
num_cat=0
split_feature=12 16 13 22 3 19 3 17 14 21 21 7 8 7 20 22 0 18 19 22 21 22 20 22 21 10 20 16 16 22
split_gain=0.00921262 0.0103308 0.0111875 0.0197694 0.0154675 0.0191403 0.0154071 0.0221346 0.038639 0.0157346 0.0149604 0.0178351 0.0147179 0.0182211 0.0214363 0.0408639 0.0432774 0.0350724 0.0210701 0.0208582 0.0228712 0.0336395 0.0248307 0.0229639 0.0220462 0.0224407 0.0201761 0.0244289 0.0318676 0.0281069
threshold=-338.49999999999994 -10.258620738983153 285.15000915527349 34.350000381469734 9872.5000000000018 1.0858655571937563 11058.000000000002 198.98685455322268 20.277777671813968 34.049999237060554 41.250000000000007 15.500000000000002 2.5000000000000004 20.500000000000004 19.867569923400882 38.750000000000007 92.500000000000014 -244.37347412109372 1.0741549134254458 50.649999618530281 39.750000000000007 37.45000076293946 23.805509567260746 36.850000381469734 37.250000000000007 39.500000000000007 971.50000000000011 -1.4310344457626341 -2.1896551847457881 39.250000000000007
decision_type=2 2 2 2 2 2 2 2 2 2 2 2 2 2 2 2 2 2 2 2 2 2 2 2 2 2 2 2 2 2
left_child=-1 -2 3 4 -3 -6 -4 8 -8 -10 11 -9 13 14 15 -5 17 -17 -19 20 21 -16 -23 -22 25 -24 27 28 -26 -29
right_child=1 2 6 12 5 -7 7 10 9 -11 -12 -13 -14 -15 19 16 -18 18 -20 -21 23 22 24 -25 26 -27 -28 29 -30 -31
leaf_value=0.1000220550385774 -0.080301071234564023 -0.10009365801139398 0.05650717387735861 0.10007979559924661 0.10023022316847574 -0.069353587926503354 -0.098750666882165827 -0.013053337996886395 -0.032999673421257182 0.1002360395869121 0.10003611750130166 0.091493240523772945 0.1000951660752325 -0.066361726055234549 -0.097551111519922684 -0.10022908639728166 0.080752921360939298 -0.086069067445122951 0.048628712176077275 -0.10009494810235475 0.038695745446100355 0.073284285431999982 -0.1000626978734684 -0.0997813234537408 -0.014467833472571821 0.10028543547042693 0.058740322166716298 0.0016021257831832871 0.072788245835297888 -0.10023838087131093
leaf_weight=0.0090776108379487797 0.016245030879758704 0.037617389833940029 0.074638877146753657 0.056980984067195095 0.011074942967297829 0.01667833460305701 0.044923031737084784 0.067291821776507277 0.016072946123813381 0.019761361465498339 0.02487653507455434 0.021541122509574961 0.014100104564477078 0.042936630472468096 0.031799832696719932 0.045851664362999145 0.047374038134876173 0.015464142081327736 0.046632177292849519 0.024385811298088811 0.016305884066241561 0.052816249637544388 0.035262658218471188 0.045091642812622013 0.10441279475617193 0.0066440661903470746 0.064991901140729169 0.067624951624907226 0.069861406907875789 0.045222947956233384
leaf_count=837 82 437 888 115 48 59 229 587 15 116 2162 1235 37 43 3077 62 86 7 83 337 35 85 2207 142 346 2 288 633 126 803
internal_value=-0.00033501 -0.00110412 -2.8434e-06 -0.00535652 -0.0583124 -0.00168118 0.0178847 0.00306096 -0.0369723 0.0404751 0.0314929 0.0122982 -0.00120453 -0.00294713 0.000558381 0.0276456 0.00107261 -0.0338959 0.0150843 -0.0096303 -0.00554528 0.00182538 0.00889766 -0.0630047 0.000266997 -0.0682987 0.00842732 -0.00296135 0.0205106 -0.0392097
internal_weight=1.19356 1.18448 1.16824 0.899131 0.0653707 0.0277533 0.269106 0.194467 0.0807573 0.0358343 0.113709 0.0888329 0.83376 0.81966 0.776723 0.212303 0.155322 0.107948 0.0620963 0.56442 0.540034 0.478637 0.446837 0.0613975 0.394021 0.0419067 0.352114 0.287122 0.174274 0.112848
internal_count=15209 14372 14290 9058 544 107 5232 4344 360 131 3984 1822 8514 8477 8434 353 238 152 90 8081 7744 7567 4490 177 4405 2209 2196 1908 472 1436
is_linear=0
shrinkage=0.1


Tree=135
num_leaves=31
num_cat=0
split_feature=9 9 3 11 21 18 20 17 14 10 10 12 5 4 20 12 9 19 22 14 22 21 18 22 21 15 17 12 21 0
split_gain=0.00885806 0.00865316 0.0163657 0.0102369 0.0137439 0.0108941 0.0230202 0.0180421 0.0129822 0.0144844 0.0145627 0.0176114 0.0165043 0.0126127 0.023945 0.0150695 0.0134644 0.0110329 0.0234841 0.011023 0.0163254 0.0243653 0.0279832 0.0240494 0.0165607 0.0183775 0.0151723 0.0162735 0.024068 0.0302482
threshold=51.500000000000007 37.500000000000007 12942.500000000002 175.50000000000003 34.049999237060554 119.18206024169923 14.115677356719972 221.21818542480472 6.5000000000000009 5.5000000000000009 4.5000000000000009 8.5000000000000018 3586.5000000000005 10501.000000000002 7.384834051132203 -129.49999999999997 21.500000000000004 1.2075539231300356 38.95000076293946 -2.9444444179534908 36.850000381469734 37.750000000000007 -368.41926574707026 34.149999618530281 41.649999618530281 332.66665649414068 374.90489196777349 -7.4999999999999991 39.049999237060554 82.500000000000014
decision_type=2 2 2 2 2 2 2 2 2 2 2 2 2 2 2 2 2 2 2 2 2 2 2 2 2 2 2 2 2 2
left_child=1 3 -3 5 -5 6 -1 13 9 10 11 12 17 14 -7 -15 -16 19 -19 20 23 22 -22 24 -8 -26 -21 28 29 -28
right_child=-2 2 -4 4 -6 7 8 -9 -10 -11 -12 -13 -14 15 16 -17 -18 18 -20 26 21 -23 -24 -25 25 -27 27 -29 -30 -31
leaf_value=0.059135360722665779 0.10012240659283654 -0.08905715091011393 0.050455287434449519 -0.0042820693563102932 0.095134571627371836 0.095224934912070236 -0.10026008904334918 0.10001267173266881 0.056228391115857063 -0.05795658779701314 0.079781582472658943 -0.095458954799834309 0.10007822982696275 0.10040994661913634 -0.097709827898347409 -0.084469417990936602 0.048966964415801749 0.061466861022195632 -0.10006968019702307 -0.04271924268797947 0.10007520999765576 -0.072285147203821856 -0.062851511601569418 0.087431220832620227 -0.052324341178195358 0.10032753327742856 -0.052046164504484183 0.068377489436348998 0.036032423171605737 0.029334968242054549
leaf_weight=0.065497674567836617 0.008706890814153323 0.027816252532829711 0.012051127077711499 0.029712299313359725 0.02613905738428457 0.016391452709399346 0.018843212834780965 0.0097969752303015412 0.036120504311611512 0.048624827730691322 0.021341550621855276 0.020474148076402798 0.0156773577526792 0.0047664939116884844 0.021416489536022709 0.0587508094478153 0.0088424086352461018 0.012752300499869307 0.030584241915903476 0.051307060892213818 0.021600868667519535 0.085618712696941657 0.020590362402799656 0.029646777798461699 0.017097026144256233 0.014639220482763449 0.10608602347031137 0.05003836634284653 0.15818614660111052 0.080199729152809596
leaf_count=1799 72 33 55 57 452 75 41 2626 89 392 69 745 387 2 127 291 12 98 169 5337 70 223 92 131 46 25 681 170 683 160
internal_value=-0.000352376 -0.00113304 -0.0468853 0.000554706 0.042246 -0.00171726 0.00203658 -0.0300335 -0.00241863 -0.00505568 -0.00164723 -0.00401696 -0.00139067 -0.0415983 -0.00211661 -0.0705956 -0.0548472 -0.00367235 -0.0525356 -0.000433755 -0.019441 -0.0416351 0.0205629 0.015917 -0.0260006 0.0180906 0.00843578 0.0150886 0.00734782 -0.01701
internal_weight=1.12932 1.12061 0.0398674 1.08074 0.0558514 1.02489 0.904926 0.119965 0.839428 0.803308 0.754683 0.733342 0.712867 0.110168 0.0466504 0.0635173 0.0302589 0.69719 0.0433365 0.653854 0.208036 0.12781 0.0421912 0.0802262 0.0505795 0.0317362 0.445817 0.39451 0.344472 0.186286
internal_count=15209 15137 88 15049 509 14540 11407 3133 9608 9519 9127 9058 8313 507 214 293 139 7926 267 7659 628 385 162 243 112 71 7031 1694 1524 841
is_linear=0
shrinkage=0.1


Tree=136
num_leaves=31
num_cat=0
split_feature=12 16 13 3 17 14 15 22 3 19 13 18 15 21 8 7 20 22 0 18 22 22 21 22 20 18 19 21 10 22
split_gain=0.00840464 0.00816837 0.00949155 0.0196033 0.0190789 0.0302155 0.0174277 0.0155146 0.0186561 0.0151421 0.0141174 0.0212204 0.0147344 0.0128333 0.0124863 0.0143296 0.0177835 0.035581 0.0353723 0.0327774 0.0193488 0.0202523 0.0198339 0.0331792 0.0214329 0.0207766 0.0164927 0.0159339 0.0192966 0.0165681
threshold=-338.49999999999994 -10.258620738983153 289.75000000000006 11058.000000000002 198.98685455322268 20.277777671813968 208.90000152587893 34.350000381469734 9872.5000000000018 1.0858655571937563 325.30000305175787 -349.58648681640619 767.11666870117199 34.049999237060554 2.5000000000000004 20.500000000000004 19.382786750793461 38.750000000000007 92.500000000000014 -244.37347412109372 36.350000381469734 50.649999618530281 39.750000000000007 36.850000381469734 23.805509567260746 -625.62506103515614 1.0741549134254458 37.250000000000007 39.500000000000007 38.250000000000007
decision_type=2 2 2 2 2 2 2 2 2 2 2 2 2 2 2 2 2 2 2 2 2 2 2 2 2 2 2 2 2 2
left_child=-1 -2 7 6 5 -5 -4 8 -3 -10 11 -6 -12 -7 15 16 17 -9 19 -19 -18 22 24 -24 -22 -26 -21 28 -27 -29
right_child=1 2 3 4 10 13 -8 14 9 -11 12 -13 -14 -15 -16 -17 20 18 -20 26 21 -23 23 -25 25 27 -28 29 -30 -31
leaf_value=0.10002232644859797 -0.076249626977553553 -0.10010022251631862 -0.090345847581808275 -0.098227549086076407 -0.094310927009692069 -0.02864948476816926 0.093867726991707867 0.1000751184083653 0.10018608601649975 -0.039984625920250635 0.081185177604480352 0.058134930247351627 -0.043168048915593726 0.10020515120015663 0.10008340684897264 -0.061061790944006315 -0.099729601370466145 -0.10021330034032168 0.078160241132802344 -0.080805609295667588 0.067292341036214787 -0.1000801840010762 0.10009169459398851 -0.099677414628047953 0.10009785702782295 -0.10005371968469082 0.046899799732764404 -0.10001988695492099 0.10024408037825641 0.0053189460760241242
leaf_weight=0.0082803327841817209 0.014276454942205308 0.036109408466017845 0.0057969264507846665 0.03798181080719587 0.018641780647158157 0.01566874469403956 0.045021605805914078 0.049457045184681192 0.010852255495137797 0.026588709561110591 0.051910380947731483 0.017897683588671498 0.011670545500749085 0.015253936781277844 0.012091177497040917 0.039395784120642929 0.022299671397661314 0.040669618239917327 0.041935702356568072 0.013156342407455668 0.051396438087977003 0.021247013120955671 0.010435356018206221 0.040897532391682034 0.019100941929536708 0.031208634550353276 0.043715259635064285 0.015695242681431409 0.0056861604098230592 0.30672614371377449
leaf_count=837 82 438 13 228 35 15 854 115 51 63 1498 154 2269 114 37 44 1753 61 95 6 94 352 19 143 111 2445 69 1557 2 1655
internal_value=-0.000338917 -0.00111356 -0.000100174 0.018395 0.00202146 -0.038477 0.0728543 -0.00494842 -0.0488163 0.000643824 0.0298932 -0.0196402 0.0583596 0.0349136 -0.000731401 -0.00235017 0.000891005 0.027198 0.00135649 -0.0316636 -0.00858173 -0.00453596 -0.000316807 -0.0590668 0.00669974 -0.00152992 0.0173572 -0.00693237 -0.0691842 0.000191127
internal_weight=1.08106 1.07278 1.05851 0.219843 0.169025 0.0689045 0.0508185 0.838664 0.0735504 0.037441 0.10012 0.0365395 0.0635809 0.0309227 0.765114 0.753023 0.713627 0.188934 0.139477 0.0975412 0.524693 0.502393 0.481146 0.0513329 0.429814 0.378417 0.0568716 0.359316 0.0368948 0.322421
internal_count=15209 14372 14290 5180 4313 357 867 9110 552 114 3956 189 3767 129 8558 8521 8477 346 231 136 8131 6378 6026 162 5864 5770 75 5659 2447 3212
is_linear=0
shrinkage=0.1


Tree=137
num_leaves=31
num_cat=0
split_feature=2 22 17 2 21 17 21 21 7 22 22 21 13 18 22 15 15 22 21 11 21 17 15 21 2 2 20 20 4 0
split_gain=0.00831055 0.00832808 0.00768615 0.0162926 0.0140874 0.01055 0.0226875 0.0268007 0.0195029 0.0179954 0.0295598 0.0249884 0.0228368 0.0227463 0.0375786 0.0384945 0.0262725 0.0216006 0.0241492 0.0211935 0.0164016 0.0239757 0.0289984 0.0210342 0.0368239 0.0325143 0.019858 0.0194548 0.0197965 0.017095
threshold=917.50000000000011 53.250000000000007 3.9238716363906865 35.500000000000007 38.549999237060554 161.60405731201175 36.149999618530281 36.45000076293946 105.50000000000001 46.750000000000007 42.350000381469734 37.549999237060554 134.75000000000003 -244.37347412109372 50.649999618530281 255.05000305175784 128.50000000000003 41.549999237060554 37.95000076293946 -1.0000000180025095e-35 39.049999237060554 442.19464111328131 48.366666793823249 39.649999618530281 155.50000000000003 113.50000000000001 15.501419067382814 321.33332824707037 12032.500000000002 93.500000000000014
decision_type=2 2 2 2 2 2 2 2 2 2 2 2 2 2 2 2 2 2 2 2 2 2 2 2 2 2 2 2 2 2
left_child=1 2 4 -4 -1 6 -5 -8 -9 10 11 -7 -12 14 -11 -16 -15 18 -13 20 27 -22 -23 24 -24 -25 -27 28 -20 -28
right_child=-2 -3 3 5 -6 9 7 8 -10 13 12 17 -14 16 15 -17 -18 -19 19 -21 21 22 23 25 -26 26 29 -29 -30 -31
leaf_value=-0.10001198545649644 0.061347747668628938 -0.052432569516756844 -0.1001181203621393 -0.10012360588780984 0.093053712367396346 0.083979247849289923 0.065849480037477634 -0.10014229802144509 0.10007130408837582 0.083850649036008168 -0.098382501191084076 0.079547249094053252 -0.0039418908444063061 -0.10014452135455021 -0.10015542842870734 0.10006930882006421 0.086232019334202104 -0.074796943886590833 -0.10007754150945447 -0.059657289960882098 0.09240653628767366 -0.10007573535736008 0.098892614795484626 -0.099136748987823903 -0.052981203393751432 0.10018568799118155 0.048882136501220974 0.085281738570241974 0.10002197363392924 -0.023632490441019244
leaf_weight=0.0046878592119694576 0.021381208614684621 0.031295965709432494 0.016443120962662761 0.031830094290626221 0.019502308467053808 0.03779406194485091 0.033163343267233358 0.02590565245657217 0.0059903590699832412 0.030939132401840652 0.053205369250008516 0.040208517785004005 0.049357198458494622 0.0083615813055075705 0.041856495139654726 0.012460538205800731 0.079235576434143695 0.03615333625657513 0.037418549694848369 0.05472718259602527 0.035645641326482291 0.023874231948866509 0.058943166401149938 0.029753938520116208 0.021895124632010265 0.023186933941019561 0.04879960266953276 0.0093789086822653189 0.0056969674851643495 0.097393097483120528
leaf_count=1814 3807 306 2401 130 46 343 74 1354 31 373 372 426 361 11 97 99 277 212 308 429 124 50 101 190 156 530 251 84 70 382
internal_value=-0.00034411 -0.00165646 -2.46302e-05 -0.00144259 0.0556391 0.000296139 -0.0309419 0.00290505 -0.0625404 0.00391528 -0.00357235 0.00545408 -0.0529339 0.0326537 -0.00411667 -0.0542231 0.0684415 -0.000219647 0.00531762 -0.00136376 0.0067749 0.0148185 0.00571625 0.0147375 0.0577575 -0.00272642 0.0142094 -0.0452445 -0.0736379 0.00057313
internal_weight=1.02649 1.0051 0.973808 0.949618 0.0241902 0.933175 0.0968894 0.0650594 0.031896 0.836285 0.663432 0.560869 0.102563 0.172853 0.0852562 0.054317 0.0875972 0.523075 0.486922 0.446713 0.391986 0.339492 0.303846 0.279972 0.0808383 0.199134 0.16938 0.0524944 0.0431155 0.146193
internal_count=15209 11402 11096 9236 1860 6835 1589 1459 1385 5246 4389 3656 733 857 569 196 288 3313 3101 2675 2246 1784 1660 1610 257 1353 1163 462 378 633
is_linear=0
shrinkage=0.1


Tree=138
num_leaves=31
num_cat=0
split_feature=9 17 21 22 21 12 17 22 0 20 21 19 22 18 21 0 0 20 3 6 18 21 17 22 22 21 15 4 21 16
split_gain=0.00785295 0.00746509 0.0158659 0.00866496 0.0248405 0.0202903 0.0165563 0.0222134 0.0232515 0.0204609 0.0134617 0.0130606 0.0115325 0.024861 0.027197 0.0226809 0.0192628 0.0179858 0.0178055 0.0169026 0.0144982 0.0203109 0.0217048 0.0208002 0.0174392 0.0352135 0.0171588 0.0411474 0.0278482 0.030468
threshold=51.500000000000007 842.80474853515636 39.049999237060554 37.45000076293946 39.95000076293946 -268.49999999999994 198.98685455322268 34.149999618530281 134.50000000000003 15.501419067382814 101.95000076293947 1.3440206050872805 39.350000381469734 -474.74365234374994 38.649999618530281 102.50000000000001 22.500000000000004 14.678769111633303 970.50000000000011 5.5000000000000009 -625.62506103515614 37.750000000000007 549.20916748046886 50.649999618530281 41.350000381469734 38.149999618530281 42.016666412353523 5697.5000000000009 36.049999237060554 -2.8448275327682491
decision_type=2 2 2 2 2 2 2 2 2 2 2 2 2 2 2 2 2 2 2 2 2 2 2 2 2 2 2 2 2 2
left_child=1 3 -3 4 -1 -6 -7 8 9 -8 -11 12 13 17 15 -15 -14 -5 19 -16 -18 22 26 -24 25 -23 -22 -28 29 -29
right_child=-2 2 -4 11 5 6 7 -9 -10 10 -12 -13 16 14 18 -17 20 -19 -20 -21 21 24 23 -25 -26 -27 27 28 -30 -31
leaf_value=-0.098758740862501693 0.10011690165579884 -0.059194321874673508 0.10016032823303687 0.10017377160137875 -0.093924839018159942 -0.098743616813820281 0.099478906384425303 0.066410877308271457 0.10007111684430632 -0.1001705361663084 0.020636726522766661 0.084081255035731314 -0.085142479990888142 -0.10006110566665885 -0.10015231331604398 0.1001889627656089 0.10009262415310193 -0.071594044071110072 0.098077661930990989 0.10031316021377175 0.067329997669615324 0.10004492593565298 0.1001553709775721 -0.029173277326349323 -0.067744226711417208 -0.046123209671158794 -0.090498896764363498 0.10023615589700474 0.045840012017056314 -0.048831568481703835
leaf_weight=0.034219952594980896 0.0077193576474883221 0.0091947909619420898 0.019494760255724941 0.0073930513681261792 0.022192044250800791 0.01296278326844913 0.0083459788277195912 0.056911482184204942 0.013614632648511815 0.03678964238770277 0.012310340167459799 0.019027978391591205 0.029574201862089922 0.018724943394715865 0.0099511988244103122 0.0081039797514677048 0.013500233693775954 0.034747011205581657 0.069768594698757624 0.0072852834127843371 0.031143474538566807 0.023832544560718816 0.043106657014959637 0.017478298930655001 0.079539369727285703 0.053436797731251318 0.052383910741014006 0.016092904496417759 0.10271482669895704 0.092645975635662126
leaf_count=3420 72 357 1888 20 155 56 657 450 208 376 29 1014 2499 677 94 5 51 153 217 2 74 73 467 113 488 318 646 57 274 299
internal_value=-0.000340141 -0.00115088 0.0490883 -0.00270439 -0.0212969 -0.00504728 0.00894766 0.0198561 -0.017429 -0.0452764 -0.0698818 0.00231876 0.00013191 0.0241586 0.0484495 -0.0395733 -0.00661496 -0.0414591 0.0755923 -0.0154223 -0.00219872 -0.00489393 0.00832801 0.062845 -0.0348749 -0.00103989 -0.00286901 -0.0111553 0.00850064 -0.0267702
internal_weight=0.964207 0.956488 0.0286896 0.927798 0.197347 0.163127 0.140935 0.127972 0.0710606 0.057446 0.0491 0.730451 0.711423 0.155974 0.113834 0.0268289 0.555449 0.0421401 0.0870051 0.0172365 0.525875 0.512375 0.355566 0.060585 0.156809 0.0772693 0.294981 0.263838 0.211454 0.108739
internal_count=15209 15137 2245 12892 5351 1931 1776 1720 1270 1062 405 7541 6527 1168 995 682 5359 173 313 96 2860 2809 1930 580 879 391 1350 1276 630 356
is_linear=0
shrinkage=0.1


Tree=139
num_leaves=31
num_cat=0
split_feature=12 16 17 2 17 21 22 7 21 22 5 18 16 12 15 12 16 2 2 4 21 11 3 5 9 17 22 22 12 20
split_gain=0.00736366 0.00733465 0.00726854 0.0128125 0.0121258 0.0250155 0.0188776 0.016568 0.0128543 0.0273292 0.0271717 0.0317837 0.032437 0.0295226 0.0188515 0.0297244 0.0259553 0.017719 0.0175708 0.0177745 0.0167932 0.0143197 0.0125575 0.0124643 0.0161497 0.0170591 0.020831 0.0281703 0.0180087 0.0139607
threshold=-338.49999999999994 16.327586174011234 3.9238716363906865 35.500000000000007 161.60405731201175 36.049999237060554 44.149999618530281 105.50000000000001 37.750000000000007 41.549999237060554 2965.5000000000005 -353.20252990722651 -2.8448275327682491 358.50000000000006 158.81666564941409 -6.4999999999999991 -3.7068965435028072 219.50000000000003 431.50000000000006 14849.500000000002 37.95000076293946 -1.0000000180025095e-35 13411.500000000002 3586.5000000000005 -2.4999999999999996 549.20916748046886 36.850000381469734 33.95000076293946 -288.49999999999994 17.671573638916019
decision_type=2 2 2 2 2 2 2 2 2 2 2 2 2 2 2 2 2 2 2 2 2 2 2 2 2 2 2 2 2 2
left_child=-1 2 -2 -4 5 -5 7 -7 10 20 11 14 17 -12 15 16 -6 -13 -11 -20 -10 23 -23 24 25 -22 27 28 -27 -26
right_child=1 -3 3 4 8 6 -8 -9 9 18 13 12 -14 -15 -16 -17 -18 -19 19 -21 21 22 -24 -25 29 26 -28 -29 -30 -31
leaf_value=0.10002281905375505 0.056140097370560138 0.061329631322551842 -0.10009587558893872 -0.10004394814527771 0.10038969881096305 -0.1001443103465674 0.047944598431518576 0.10005629130547761 0.097160579626893742 -0.10009919360247076 0.096351077384374942 -0.10005214442498925 -0.090035879843372135 -0.062609021725512332 0.079399314673409424 0.099728632782551827 -0.10015870745493789 0.100194130426871 0.080365597909871939 -0.094581946317299159 0.084460331190771579 -0.068032367274866293 0.10000547892649558 0.099089874548711598 0.094727508034521263 0.100205915704666 -0.080280845669332371 0.084274166386046317 -0.091388904864144208 0.010036806882731676
leaf_weight=0.0072572356685896003 0.020699415937883714 0.0184261559342076 0.013606016269989141 0.037152839741338539 0.0082753263995982707 0.021536866006726996 0.038189417460216646 0.005115559621913234 0.017854190275329529 0.047312115637396346 0.066253484886772185 0.0059026499466199303 0.05635386226265382 0.014185182236587934 0.049855644689159817 0.018185850924055558 0.02931169405565015 0.01757858199198381 0.013547383833440563 0.010164722993067699 0.012594364524375123 0.045647378962485163 0.004927245123553802 0.013622110517701458 0.021888445243803289 0.0059999069380864958 0.058281932146201143 0.025056639224203536 0.026904231495336717 0.17573519969982954
leaf_count=837 1860 674 2460 167 3 1367 52 56 86 260 1218 34 1041 88 124 43 132 36 265 85 47 360 1147 1391 93 6 169 67 94 947
internal_value=-0.000304142 -0.00111299 -0.00241789 -0.00382562 -0.00227995 -0.0346184 0.00286891 -0.0617186 0.00214476 -0.00763364 0.0197794 -0.00127293 -0.0488904 0.0683188 0.0347169 -0.00522501 -0.0560051 0.0498568 -0.0648872 0.00537043 0.00232051 -0.00201396 -0.0516612 0.00536922 0.00145857 -0.0260879 -0.0380653 0.00438409 -0.0564525 0.019417
internal_weight=0.907422 0.900164 0.881738 0.861039 0.847433 0.101995 0.0648418 0.0266524 0.745438 0.479536 0.265902 0.185464 0.0798351 0.0804387 0.105629 0.0557729 0.037587 0.0234812 0.0710242 0.0237121 0.408512 0.390657 0.0505746 0.340083 0.326461 0.128837 0.116243 0.0579608 0.0329041 0.197624
internal_count=15209 14372 13698 11838 9378 1642 1475 1423 7736 5017 2719 1413 1111 1306 302 178 135 70 610 350 4407 4321 1507 2814 1423 383 336 167 100 1040
is_linear=0
shrinkage=0.1


Tree=140
num_leaves=31
num_cat=0
split_feature=12 9 9 11 0 19 22 22 17 18 22 2 22 21 20 21 21 0 0 21 22 22 14 22 0 22 6 21 16 22
split_gain=0.00666132 0.00660123 0.00697731 0.00684933 0.0143997 0.0118517 0.00720416 0.00666559 0.02275 0.0206332 0.0269951 0.032428 0.0118617 0.0207332 0.0299914 0.0156759 0.0147584 0.013835 0.0155976 0.033693 0.01783 0.0163558 0.016889 0.0175796 0.0164309 0.0132301 0.0174153 0.0382777 0.0218915 0.0139193
threshold=-338.49999999999994 51.500000000000007 44.500000000000007 175.50000000000003 99.500000000000014 1.3524360060691836 53.250000000000007 46.750000000000007 161.60405731201175 -244.37347412109372 50.649999618530281 279.50000000000006 42.049999237060554 37.45000076293946 107.79038619995119 37.350000381469734 37.95000076293946 170.50000000000003 80.500000000000014 40.750000000000007 40.850000381469734 36.850000381469734 3.1666667461395268 33.649999618530281 106.50000000000001 35.850000381469734 195.50000000000003 39.649999618530281 -1.1896551847457884 40.45000076293946
decision_type=2 2 2 2 2 2 2 2 2 2 2 2 2 2 2 2 2 2 2 2 2 2 2 2 2 2 2 2 2 2
left_child=-1 2 3 6 5 -5 7 12 -9 10 -10 -12 15 14 -14 -2 -17 18 20 -20 25 22 23 24 -21 -18 27 28 -27 -30
right_child=1 -3 -4 4 -6 -7 -8 8 9 -11 11 -13 13 -15 -16 16 17 -19 19 21 -22 -23 -24 -25 -26 26 -28 -29 29 -31
leaf_value=0.10002064950878838 -0.1000535707339241 0.10009712100610567 -0.074975732150839997 -0.052754449588201802 0.088816849673147097 0.10017848528736628 -0.078205376980980679 -0.099415387526082616 0.07943611118407079 0.073954508191408724 -0.10012457678487519 0.10006019823942232 0.048461623076871206 -0.074197001219408074 -0.10017396881579735 0.048820423986433825 -0.082795763356654881 0.10010811750425203 -0.093159720466337581 -0.098713758534526533 -0.069893778208101859 -0.081857995608162648 -0.089781828159230387 0.1000483648404555 0.031145955570138984 0.095127001489284033 0.092444749577987997 -0.090754438164604323 0.023652252483621142 -0.092642932796344835
leaf_weight=0.0065667536434830245 0.014951232932673975 0.006399006201888823 0.01285095474429454 0.020934929458917395 0.025182974431231742 0.0066855945125894314 0.012562983636939862 0.014893610129661283 0.023863433053634253 0.059992142266708015 0.033919729072295013 0.010627331858358957 0.047306309115469958 0.063292241487829415 0.019038855488531681 0.063475946239634595 0.011634810897191983 0.012617549814422091 0.055402375016115002 0.01247091339388362 0.024324648314461683 0.019570576472688117 0.012574757051538654 0.027532638840057189 0.044550283601665797 0.042585986999824854 0.03354997639468138 0.028958748185687 0.073472936352231955 0.011968340490170704
leaf_count=837 2579 68 26 48 231 222 319 145 433 599 97 92 378 1057 302 1765 1420 494 667 149 286 134 143 165 418 137 502 103 1347 46
internal_value=-0.000308744 -0.00108642 -0.00185649 -0.000721568 0.0341268 -0.0157368 -0.00309549 -0.0018581 0.0175778 0.031148 -0.00639094 -0.0523677 -0.0063554 -0.0332524 0.00580815 0.000765837 0.00394133 -0.00298631 -0.00624975 -0.0289431 0.0109937 0.0015434 0.0183481 0.034429 0.00274478 0.0207259 0.0270473 0.013071 0.0365555 0.007362
internal_weight=0.853759 0.847192 0.840793 0.827942 0.0528035 0.0276205 0.775138 0.762575 0.143296 0.128403 0.0684105 0.0445471 0.619279 0.129637 0.0663452 0.489642 0.47469 0.411215 0.398597 0.172102 0.226495 0.116699 0.0971286 0.0845538 0.0570212 0.202171 0.190536 0.156986 0.128027 0.0854413
internal_count=15209 14372 14304 14278 501 270 13777 13458 1366 1221 622 189 12092 1737 680 10355 7776 6011 5517 1676 3841 1009 875 732 567 3555 2135 1633 1530 1393
is_linear=0
shrinkage=0.1


Tree=141
num_leaves=31
num_cat=0
split_feature=4 0 17 12 11 20 9 21 12 5 17 0 8 10 0 21 22 19 16 12 8 10 22 9 17 6 18 22 20 22
split_gain=0.00664328 0.0114704 0.013361 0.011369 0.0108135 0.0105135 0.0159596 0.0092984 0.00877733 0.0125183 0.011856 0.0148845 0.00887214 0.00800647 0.00773431 0.00771911 0.00711399 0.00642721 0.00641933 0.00631779 0.00605208 0.00664802 0.0175814 0.0109927 0.00938364 0.0200279 0.010383 0.0120158 0.0149349 0.0106428
threshold=12946.500000000002 143.50000000000003 251.54463195800784 334.50000000000006 -170.49999999999997 8.0232443809509295 28.500000000000004 34.049999237060554 41.500000000000007 3515.5000000000005 70.513008117675795 91.500000000000014 2.5000000000000004 94.500000000000014 79.500000000000014 36.149999618530281 36.250000000000007 1.1964407563209536 -5.0172414779663077 -152.49999999999997 1.0000000180025095e-35 5.5000000000000009 46.850000381469734 1.5000000000000002 374.90489196777349 378.50000000000006 -244.37347412109372 51.649999618530281 14.678769111633303 50.649999618530281
decision_type=2 2 2 2 2 2 2 2 2 2 2 2 2 2 2 2 2 2 2 2 2 2 2 2 2 2 2 2 2 2
left_child=3 -2 4 5 -3 6 16 -5 9 20 11 -10 -12 -6 -11 -8 -1 -18 19 -16 21 23 -23 24 25 -7 27 28 -26 -30
right_child=1 2 -4 7 13 8 15 -9 10 14 12 -13 -14 -15 18 -17 17 -19 -20 -21 -22 22 -24 -25 26 -27 -28 -29 29 -31
leaf_value=-0.069294877605424701 0.10009013471539496 0.10035830398041655 0.10001129310547117 -0.098303214576376488 -0.10013445305014566 -0.073769752085351803 -0.10014583092930303 0.10001418429565977 -0.10008747238513852 -0.10025680388432145 -0.090418304540254374 0.080373041842594625 0.079083376288238541 0.10003075118854124 0.10000754869294251 0.017391821983848695 -0.087923791023572798 0.10013780916930781 0.10012531957290649 -0.10041785934348391 0.10017637462330208 -0.078859172780557985 0.058184533574303123 0.066938731515701413 0.10006760133583273 0.10004782290620787 0.090203996401159794 -0.074286308811307225 1.2355112772223249e-05 -0.1000773626757528
leaf_weight=0.0030329546233929241 0.017559099783852616 0.0043277878539811345 0.0093752842967660399 0.019121866765999584 0.016119477648999236 0.041745989101457326 0.0088146663163115591 0.0026977631163163087 0.0068862595220480207 0.0027450684865470967 0.033938957548571125 0.013591744682457829 0.0033971181692322707 0.0022811020025983444 0.0027841734711842037 0.015261277399133633 0.0019191746067690465 0.034228628968492103 0.022820780708570965 0.0036146030761301509 0.0055180485360324374 0.033999364934288678 0.012918141075715539 0.022254099749432044 0.014658267520871959 0.0078803473493280762 0.012312201595705119 0.022385076319551445 0.39574416726560457 0.010916794257354923
leaf_count=226 2684 7 904 47 199 5955 19 345 140 2 324 68 7 10 173 52 71 737 410 1 3 204 34 145 63 36 55 68 2191 29
internal_value=-0.000320699 0.0351072 -0.000435183 -0.00265052 -0.0418686 -0.000534125 0.0384361 -0.0737834 -0.00421281 -0.000696041 -0.0414582 0.0196885 -0.0749958 -0.0753202 0.0602289 -0.025641 0.0778104 0.0901532 0.0753059 -0.0132107 -0.00405178 -0.00505234 -0.0411259 -0.00184625 -0.00487358 -0.0461686 -0.000379617 -0.00289319 0.00089999 -0.00267455
internal_weight=0.80485 0.0496628 0.0321037 0.755188 0.0227284 0.733368 0.0632567 0.0218196 0.670111 0.612297 0.0578141 0.020478 0.0373361 0.0184006 0.0319646 0.0240759 0.0391808 0.0361478 0.0292196 0.00639878 0.580332 0.574814 0.0469175 0.527897 0.505643 0.0496263 0.456017 0.443704 0.421319 0.406661
internal_count=15209 3804 1120 11405 216 11013 1105 392 9908 9369 539 208 331 209 586 71 1034 808 584 174 8783 8780 238 8542 8397 5991 2406 2351 2283 2220
is_linear=0
shrinkage=0.1


Tree=142
num_leaves=31
num_cat=0
split_feature=4 0 17 12 11 20 9 21 12 5 17 0 8 10 21 0 22 22 0 21 13 20 22 18 0 22 18 22 22 20
split_gain=0.00597668 0.010378 0.0120889 0.0102763 0.00978244 0.00919901 0.0144871 0.00838218 0.00781842 0.011256 0.0104755 0.0131756 0.00784855 0.00724371 0.00701925 0.00699708 0.0064347 0.00619492 0.014671 0.0185261 0.0125442 0.00652278 0.015308 0.013852 0.0146703 0.0206185 0.0176824 0.0128085 0.0122318 0.0116582
threshold=12946.500000000002 143.50000000000003 251.54463195800784 334.50000000000006 -170.49999999999997 8.0232443809509295 28.500000000000004 34.049999237060554 41.500000000000007 3515.5000000000005 70.513008117675795 91.500000000000014 2.5000000000000004 94.500000000000014 36.149999618530281 79.500000000000014 36.250000000000007 34.149999618530281 109.50000000000001 41.649999618530281 295.25000000000006 19.382786750793461 36.850000381469734 -519.00564575195301 92.500000000000014 38.750000000000007 -244.37347412109372 36.049999237060554 50.649999618530281 23.805509567260746
decision_type=2 2 2 2 2 2 2 2 2 2 2 2 2 2 2 2 2 2 2 2 2 2 2 2 2 2 2 2 2 2
left_child=3 -2 4 5 -3 6 16 -5 9 17 11 -10 -12 -6 -8 -11 -1 18 20 -20 -7 22 -19 -24 25 -25 -27 -23 29 -29
right_child=1 2 -4 7 13 8 14 -9 10 15 12 -13 -14 -15 -16 -17 -18 21 19 -21 -22 27 23 24 -26 26 -28 28 -30 -31
leaf_value=-0.065511318401194368 0.10008156829201441 0.10032410081466148 0.10001021787646035 -0.097883725602041213 -0.1001216785511711 -0.10015223306826762 -0.10009835018046545 0.10001283292875054 -0.10007916034159664 -0.10023230660353491 -0.088604578033632975 0.077316704877992984 0.075921873934479717 0.10002782597174689 0.015700708153435376 0.075295484011892788 0.090031173196277528 0.10002630006654741 -0.10003788025922973 0.10012610250773005 0.10024472370867817 -0.093514640063083423 -0.10016898169659805 0.10006076292511015 0.10005282002255399 -0.10013706840968711 0.017173361339844786 0.053279506734195216 -0.1000559252000979 -0.0054446889178835466
leaf_weight=0.0028947435195618701 0.015889421313715957 0.0039172116855752384 0.0084831945337668913 0.017372724837514397 0.014587272881158242 0.028740391590872605 0.0079794351581767842 0.0024410683028008853 0.0062314366350619812 0.0024844167637638739 0.031306868536375987 0.012760084037267916 0.0031954053847584865 0.0020640837465180075 0.015217045444160249 0.026442533344607 0.032754075593686593 0.020017270682728849 0.0071119591957540243 0.013217425585651199 0.003504537104163318 0.016212510399100211 0.011287756846286356 0.015019540014691302 0.017252257378459035 0.022384214873454766 0.030163300924868963 0.037613335027344874 0.012504190531217318 0.333988483107305
leaf_count=226 2684 7 904 47 199 364 19 345 140 2 324 68 7 10 52 584 808 82 49 71 2 1156 11 48 102 57 45 94 314 6388
internal_value=-0.000290933 0.0351036 -0.00043507 -0.00246965 -0.0418622 -0.000488135 0.0373766 -0.0735028 -0.00390851 -0.000631754 -0.0405355 0.0191101 -0.0733671 -0.0753114 -0.0241334 0.0602201 0.0774009 -0.00372526 -0.0364277 0.0301015 -0.0783721 -0.000396131 0.0204702 0.00390019 0.0177497 -0.00326517 -0.0327986 -0.00644904 -0.00277413 0.000499342
internal_weight=0.775038 0.0449412 0.0290518 0.730097 0.0205686 0.710283 0.0588453 0.0198138 0.651438 0.597944 0.0534938 0.0189915 0.0345023 0.0166514 0.0231965 0.028927 0.0356488 0.569017 0.0525743 0.0203294 0.0322449 0.516443 0.116124 0.0961071 0.0848193 0.0675671 0.0525475 0.400319 0.384106 0.371602
internal_count=15209 3804 1120 11405 216 11013 1105 392 9908 9369 539 208 331 209 71 586 1034 8783 486 120 366 8297 345 263 252 150 102 7952 6796 6482
is_linear=0
shrinkage=0.1


Tree=143
num_leaves=31
num_cat=0
split_feature=18 9 17 1 21 15 17 22 16 5 0 11 17 20 21 3 11 16 22 18 12 22 6 21 22 22 0 0 12 21
split_gain=0.0057976 0.00565768 0.00574245 0.0110738 0.0108376 0.0081055 0.0120022 0.00859701 0.0207994 0.0237959 0.0122092 0.0116553 0.0139206 0.0178257 0.0135484 0.0113042 0.0110545 0.0132874 0.0181941 0.0143309 0.015557 0.0148411 0.0172757 0.0266712 0.0219182 0.0134966 0.0133453 0.011497 0.0107716 0.0100148
threshold=-648.31991577148426 51.500000000000007 3.9238716363906865 31.500000000000004 38.549999237060554 40.716667175292976 55.152170181274421 46.750000000000007 -2.8448275327682491 2663.5000000000005 109.50000000000001 213.50000000000003 263.89781188964849 14.678769111633303 36.250000000000007 13115.000000000002 2.5000000000000004 -2.1896551847457881 36.850000381469734 -376.35525512695307 -47.499999999999993 35.45000076293946 25.500000000000004 39.350000381469734 41.850000381469734 34.350000381469734 85.500000000000014 106.50000000000001 -162.49999999999997 37.649999618530281
decision_type=2 2 2 2 2 2 2 2 2 2 2 2 2 2 2 2 2 2 2 2 2 2 2 2 2 2 2 2 2 2
left_child=-1 2 4 -4 -2 -5 -7 11 -9 -10 -11 12 14 -14 -8 16 17 18 25 21 -21 -19 23 24 -23 27 -24 -15 -16 -20
right_child=1 -3 3 5 -6 6 7 8 9 10 -12 -13 13 15 28 -17 -18 19 29 20 -22 22 26 -25 -26 -27 -28 -29 -30 -31
leaf_value=0.10000543290722297 -0.1000101476545243 0.10008640418362165 -0.10008339582568521 0.038197280195566674 0.090888284550375592 -0.08983156575673118 0.052776735680925224 0.10016531286656155 -0.099421069955437702 0.0023945320786705466 0.085656649762917647 0.10004164005910432 0.1000390836537408 -0.1000581566319822 0.10028836197898812 0.075637879173624939 -0.088346414945377552 -0.051681834117000197 -0.0038495309408919601 0.07033471870624021 -0.09351294683807726 0.087225920219818662 0.082894226673516799 -0.10005060746293211 -0.10001836625505661 0.083698198476958072 -0.035416316107637326 0.018764056805236268 -0.07759710030892096 -0.070677324269477135
leaf_weight=0.0057199287542744051 0.0037120055332593429 0.0054888930411038919 0.011618125288975989 0.047588359819428661 0.014956507808165043 0.016095757081586726 0.010907700148891308 0.025882193151858246 0.019618171021988928 0.079584136726339239 0.022616048291922652 0.0096505720030677367 0.015943484150028553 0.011713850433807238 0.0036047445480562592 0.015570849203243142 0.017748785804542422 0.022670629519325303 0.031307750673022383 0.007775398403282451 0.022750581846139539 0.02756833097373601 0.067108105014540342 0.019769671562244184 0.0080849420373851899 0.020083989307750016 0.011112927906651748 0.026713640126899918 0.061147318732707845 0.079034857595843278
leaf_count=300 1814 72 2422 288 46 505 26 356 349 402 431 297 3645 110 16 356 197 289 102 49 303 95 263 63 77 82 58 85 1789 322
internal_value=-0.000283037 -0.00106093 -0.00181945 -0.00325242 0.0529305 -0.00164907 -0.00454821 -0.00239654 0.0187529 0.00145563 0.0208197 -0.00876813 -0.010953 -0.00359674 -0.0503262 -0.00784418 -0.011325 -0.00748171 -0.0278128 0.0108922 -0.0517786 0.0231309 0.0358217 -0.00689132 0.0447653 0.0172647 0.0660857 -0.0174565 -0.0676942 -0.0517161
internal_weight=0.743148 0.737428 0.731939 0.713271 0.0186685 0.701653 0.654064 0.637969 0.147701 0.121818 0.1022 0.490268 0.480618 0.404958 0.0756598 0.389014 0.373443 0.355695 0.168854 0.186841 0.030526 0.156315 0.133644 0.0554229 0.0356533 0.0585115 0.078221 0.0384275 0.0647521 0.110343
internal_count=15209 14909 14837 12977 1860 10555 10267 9762 1538 1182 833 8224 7927 6096 1831 2451 2095 1898 701 1197 352 845 556 235 172 277 321 195 1805 424
is_linear=0
shrinkage=0.1


Tree=144
num_leaves=31
num_cat=0
split_feature=12 10 10 11 0 22 21 12 20 14 19 22 2 22 20 18 22 21 15 11 21 17 16 18 17 19 4 18 4 20
split_gain=0.00568963 0.00513181 0.00574921 0.00518575 0.00970535 0.00909563 0.00610287 0.00561722 0.00948281 0.00780658 0.00760676 0.0140983 0.00905023 0.0165081 0.0188732 0.0214735 0.0168661 0.0215746 0.0158688 0.00857046 0.0155636 0.0154986 0.0162401 0.0140232 0.00945254 0.0104381 0.0277042 0.0115738 0.013552 0.0196627
threshold=-338.49999999999994 142.50000000000003 135.00000000000003 175.50000000000003 96.500000000000014 50.649999618530281 33.350000381469734 126.50000000000001 8.3395843505859393 -7.0555555820465079 1.2075539231300356 38.95000076293946 70.500000000000014 38.649999618530281 107.79038619995119 -340.59799194335932 41.95000076293946 39.350000381469734 94.250000000000014 57.500000000000007 37.95000076293946 287.51589965820318 -6.1293103694915763 -244.37347412109372 504.18032836914068 1.0430364608764651 5697.5000000000009 -587.82397460937489 5925.5000000000009 44.987701416015632
decision_type=2 2 2 2 2 2 2 2 2 2 2 2 2 2 2 2 2 2 2 2 2 2 2 2 2 2 2 2 2 2
left_child=-1 2 3 7 5 -5 -7 8 -2 -9 12 -12 13 -10 -15 16 17 -16 -14 21 -21 22 -20 24 -23 26 -26 -27 29 -29
right_child=1 -3 -4 4 -6 6 -8 9 10 -11 11 -13 18 14 15 -17 -18 -19 19 20 -22 23 -24 -25 25 27 -28 28 -30 -31
leaf_value=0.10002208111754703 0.075626404604972733 0.10007978570104406 -0.094755279887019581 -0.082572592632892169 0.083308454833601581 -0.055876026404065332 0.098899145313068482 0.087176520320403572 -0.10002804403217543 -0.045561034052167736 0.053237131637132055 -0.099695647444294586 -0.085257870765062624 0.10027991295432402 0.077159599281296051 -0.10008810572249249 -0.10001471651841652 -0.099331695276472731 0.089476685608017831 0.089503339420694591 -0.073524011329656594 -0.08966717236767896 -0.09076997054817898 0.085200365370182163 -0.070901478382024638 -0.080305879178080852 0.092948377025303286 0.057857249468970778 -0.017766849498397626 -0.10007717087141053
leaf_weight=0.0056114237948463588 0.016012916764566398 0.0049795308607940561 0.0065906524115462153 0.010087878622897506 0.020086085011826071 0.0038124699576655985 0.0076787747085518276 0.0048628019301304439 0.0098431172563948621 0.049863653058594082 0.0086877545712695792 0.019688665585704257 0.024236435856153093 0.031802744025753782 0.049912954080411964 0.01467560411293789 0.0082668837334267664 0.0080422037462994922 0.0058453909675790774 0.023275486502825515 0.0078243271328801711 0.01238332496154726 0.034508943235493916 0.018659637628957171 0.014963680474920693 0.020717545554987282 0.033248617590743379 0.056859639565118414 0.16254544235857793 0.0091517392443165591
leaf_count=837 2162 90 8 199 230 26 34 99 2107 1431 117 175 537 30 251 2420 205 51 19 30 54 297 1463 327 102 152 184 289 1245 38
internal_value=-0.00027062 -0.00107562 -0.00180128 -0.00091024 0.0332833 -0.0132806 0.0475491 -0.00311604 -0.000278558 -0.0337664 -0.00239189 -0.0528736 0.000228058 0.0241656 0.0350126 0.00935447 0.0336083 0.0526686 -0.00668674 -0.00192583 0.0484877 -0.00617609 -0.0646609 0.00100779 -0.00406209 -0.000498647 0.0420942 -0.00873655 -0.00224915 0.0359614
internal_weight=0.704726 0.699115 0.694135 0.687545 0.0416652 0.0215791 0.0114912 0.64588 0.591153 0.0547265 0.57514 0.0283764 0.546764 0.122544 0.1127 0.0808976 0.066222 0.0579552 0.42422 0.399984 0.0310998 0.368884 0.0403543 0.32853 0.30987 0.297487 0.0482123 0.249274 0.228557 0.0660114
internal_count=15209 14372 14282 14274 489 259 60 13785 12255 1530 10093 292 9801 5064 2957 2927 507 302 4737 4200 84 4116 1482 2634 2307 2010 286 1724 1572 327
is_linear=0
shrinkage=0.1


Tree=145
num_leaves=31
num_cat=0
split_feature=18 4 12 0 17 9 11 21 7 12 17 21 17 1 9 21 10 18 8 22 16 4 22 20 16 11 18 22 22 20
split_gain=0.00541429 0.00502548 0.00848141 0.0081217 0.0100203 0.00792443 0.00742938 0.00715278 0.00680257 0.0102964 0.0105084 0.00958223 0.00871786 0.00780041 0.00744334 0.011754 0.00557487 0.00525586 0.00748278 0.00597222 0.0171693 0.0312846 0.0156523 0.010259 0.0106226 0.011922 0.0118308 0.0181779 0.0175464 0.0106486
threshold=-648.31991577148426 12946.500000000002 334.50000000000006 143.50000000000003 251.54463195800784 -9.4999999999999982 -170.49999999999997 34.049999237060554 51.500000000000007 75.500000000000014 70.513008117675795 42.049999237060554 59.742883682250984 318.50000000000006 28.500000000000004 36.149999618530281 94.500000000000014 119.18206024169923 1.0000000180025095e-35 46.750000000000007 -2.8448275327682491 7356.0000000000009 42.350000381469734 14.678769111633303 -2.3275862932205196 3.5000000000000004 -379.97354125976557 36.850000381469734 34.350000381469734 15.501419067382814
decision_type=2 2 2 2 2 2 2 2 2 2 2 2 2 2 2 2 2 2 2 2 2 2 2 2 2 2 2 2 2 2
left_child=-1 2 5 -3 6 -2 -5 -4 9 13 12 14 -11 17 -10 -16 -8 18 19 22 -21 -22 23 -7 26 -26 27 28 29 -25
right_child=1 3 7 4 -6 8 16 -9 11 10 -12 -13 -14 -15 15 -17 -18 -19 -20 20 21 -23 -24 24 25 -27 -28 -29 -30 -31
leaf_value=0.10000532504771759 0.070531280779795202 0.10006636889881404 -0.097179116130852616 0.10024249989769685 0.10000902623981389 0.096307008635838312 -0.10009332859410187 0.1000090809123113 0.10013225325073292 -0.10001723256234503 -0.096491229637699905 -0.087761252861718181 0.09885331013142884 0.086120393895736544 -0.10001916325979646 0.078945221015429223 0.10002114910910892 -0.10005433418625434 0.10010480843526393 0.10014984482809836 -0.097592211228411885 0.052514942252400998 -0.055627642291880802 0.10019078716487442 0.014936508055062324 -0.0769363660204605 0.057963239028621008 -0.075592346186258763 0.085316815683284641 -0.061788361462775644
leaf_weight=0.0053438307240298846 0.015026919467885591 0.012590337531577234 0.014890840724547161 0.0029355924764331567 0.0069917358038367175 0.010478127060650877 0.011475281118123348 0.0020988368970051843 0.018324046628066526 0.0034279131026551113 0.023239864199410931 0.0052749339694173605 0.0061752041870022367 0.0097666081763350121 0.0062293141199916144 0.0089320023724894781 0.0015843247974771666 0.0056448951668244254 0.0069391706965689073 0.020270488312235102 0.022938904525517501 0.035175106779206544 0.061862660285129323 0.0047556706394971107 0.21153015155016419 0.015135129851216789 0.01433755229891176 0.060343952478433494 0.017886654386529699 0.027687765823884547
leaf_count=300 267 2682 47 7 878 46 199 345 595 87 163 156 13 443 18 32 10 58 15 103 589 123 876 10 5790 736 143 247 64 167
internal_value=-0.00024917 -0.00105607 -0.00312621 0.0355071 0.00014681 -0.00118951 -0.0435044 -0.0728193 -0.00299673 -0.00581263 -0.0601302 0.0375121 0.0278648 -0.00241303 0.0572464 0.00541431 -0.0758165 -0.00409205 -0.00302852 -0.004453 0.0209052 -0.00673572 -0.00914076 -0.00119995 -0.00410515 0.00880188 -0.0275076 -0.0385801 0.00579624 -0.0380449
internal_weight=0.669294 0.66395 0.628373 0.0355773 0.0229869 0.611383 0.0159952 0.0169897 0.596356 0.557596 0.032843 0.0387603 0.00960312 0.524753 0.0334854 0.0151613 0.0130596 0.514986 0.509341 0.502402 0.0783845 0.058114 0.424018 0.362155 0.351677 0.226665 0.125012 0.110674 0.0503301 0.0324434
internal_count=15209 14909 11133 3776 1094 10741 216 392 10474 9673 263 801 100 9410 645 50 209 8967 8909 8894 815 712 8079 7203 7157 6526 631 488 241 177
is_linear=0
shrinkage=0.1


Tree=146
num_leaves=31
num_cat=0
split_feature=12 18 19 15 20 19 18 22 14 21 21 16 17 17 7 3 19 1 15 17 21 11 17 17 0 17 17 20 16 17
split_gain=0.00490415 0.00448863 0.00461615 0.0137916 0.00948232 0.0137862 0.0210217 0.0123026 0.00837685 0.0113986 0.0146248 0.0135379 0.0112043 0.0171392 0.0111299 0.0087565 0.00851598 0.00711482 0.00741516 0.00832381 0.00803744 0.00731551 0.0120475 0.00725711 0.00696676 0.00653446 0.00959199 0.0192197 0.0114703 0.00908273
threshold=-338.49999999999994 -648.31991577148426 1.0899078249931338 354.61666870117193 107.79038619995119 1.040667772293091 -393.11169433593744 39.049999237060554 6.6111109256744394 39.45000076293946 37.45000076293946 -3.7068965435028072 775.85751342773449 579.16802978515636 3.5000000000000004 13373.500000000002 1.0548234581947329 31.500000000000004 40.716667175292976 55.152170181274421 39.149999618530281 178.50000000000003 161.60405731201175 65.494338989257827 110.50000000000001 842.80474853515636 755.16693115234386 16.290672302246097 -5.7068965435028067 607.88626098632824
decision_type=2 2 2 2 2 2 2 2 2 2 2 2 2 2 2 2 2 2 2 2 2 2 2 2 2 2 2 2 2 2
left_child=-1 -2 3 4 5 6 -3 -8 9 10 11 -7 13 -11 15 -10 24 -4 20 -20 -19 22 23 -21 -15 26 28 -28 -24 -30
right_child=1 2 17 -5 -6 8 7 -9 14 12 -12 -13 -14 16 -16 -17 -18 18 19 21 -22 -23 25 -25 -26 -27 27 -29 29 -31
leaf_value=0.1000199534706156 0.10000520255161534 -0.10005973184051645 -0.10010623443027485 0.099170797448346906 -0.100116970660159 0.099126700248873822 -0.10000514688405115 0.082787109133504455 -0.098528727157579266 0.071907786825925663 -0.095589892830498735 -0.069716344517658929 0.10004452967101618 -0.10017450356905716 0.10017189820935442 0.09467392597166556 -0.094296976375313243 0.063810242820161636 -0.084056651196514121 0.095462395490942403 -0.04228724298397496 0.051643735876633838 0.10008993772327833 -0.099394501854549677 0.10027440942533515 0.10010070007018146 0.10002355371828993 -0.076426749024267132 -0.0060592504893188775 0.040377062782482549
leaf_weight=0.0048420983922881069 0.004369296359868712 0.0097099362833432679 0.0064032344141651256 0.010338831658856407 0.013527564330757968 0.0087511024017885575 0.0041037963131884672 0.035820939102450211 0.0079984231088019442 0.012921273860001747 0.048992854743460157 0.010383349129028829 0.0085532899993268074 0.0027151924259669604 0.010763602564111352 0.0033194368669455807 0.023789290265995078 0.037695031297062087 0.011077307089180977 0.0021543102836858443 0.0088086884788936004 0.029498761040059662 0.013221786314431938 0.016944992111348256 0.0047975974157452583 0.0069817216715932764 0.0076100897487663124 0.032691427128156647 0.18652394555979868 0.054407679108265938
leaf_count=837 153 73 177 542 4018 34 1348 157 60 155 789 290 57 53 7 42 146 201 223 18 25 414 301 227 3 1321 439 92 2338 669
internal_value=-0.00023712 -0.00100177 -0.00170173 -0.0135346 -0.0191871 -0.0135034 0.0319039 0.0639982 -0.0292657 -0.0396097 -0.0666347 0.00750368 -0.00472415 -0.0249876 0.0273714 -0.041864 -0.0649853 0.00448557 0.0061286 0.00128846 0.0437134 0.00398932 -0.000396289 -0.0774156 0.0278303 0.00448372 0.00221658 -0.0431078 0.00940375 0.00442709
internal_weight=0.639717 0.634875 0.630505 0.216486 0.206148 0.19262 0.0496347 0.0399247 0.142985 0.120904 0.0681273 0.0191345 0.0527766 0.0442234 0.0220815 0.0113179 0.0313021 0.414019 0.407616 0.361112 0.0465037 0.350035 0.320536 0.0190993 0.00751279 0.301437 0.294455 0.0403015 0.254153 0.240932
internal_count=15209 14372 14219 7774 7232 3214 1578 1505 1636 1527 1113 324 414 357 109 102 202 6445 6268 6042 226 5819 5405 245 56 5160 3839 531 3308 3007
is_linear=0
shrinkage=0.1


Tree=147
num_leaves=31
num_cat=0
split_feature=12 12 12 21 20 9 8 2 12 5 20 6 18 17 22 18 22 22 21 1 23 9 21 22 21 0 20 18 21 22
split_gain=0.00443596 0.00418436 0.00430274 0.00894287 0.00608638 0.00993519 0.00502114 0.00603866 0.00467299 0.00551888 0.00796748 0.00695818 0.00549259 0.00525292 0.0042656 0.0189842 0.0134758 0.0162926 0.011346 0.0138117 0.0112494 0.00878418 0.00848955 0.0137929 0.0313042 0.0190494 0.010475 0.0104581 0.0154822 0.0168683
threshold=-338.49999999999994 466.50000000000006 367.50000000000006 34.049999237060554 8.0232443809509295 27.500000000000004 4.5000000000000009 875.50000000000011 126.50000000000001 3515.5000000000005 11.062284469604494 589.50000000000011 294.49644470214849 191.181022644043 37.549999237060554 -474.74365234374994 36.850000381469734 34.149999618530281 41.649999618530281 218.50000000000003 1.0000000180025095e-35 -5.4999999999999991 39.95000076293946 39.350000381469734 38.45000076293946 22.500000000000004 14.678769111633303 -625.62506103515614 38.049999237060554 41.95000076293946
decision_type=2 2 2 2 2 2 2 2 2 2 2 2 2 2 2 2 2 2 2 2 2 2 2 2 2 2 2 2 2 2
left_child=-1 2 4 -4 5 -2 -7 -8 9 14 -11 -12 -10 -13 15 16 17 18 -6 -20 -17 -18 23 24 -16 -25 -24 -27 29 -29
right_child=1 -3 3 -5 8 6 7 -9 12 10 11 13 -14 -15 22 20 21 -19 19 -21 -22 -23 26 25 -26 27 -28 28 -30 -31
leaf_value=0.10001805714086409 0.067536241541738234 0.059494190322997569 -0.095964360437330365 0.082431769975167046 -0.10004216716604858 -0.065702569131259964 0.10005156949177099 -0.088875770325340456 -0.061977810387980184 -0.050755467074673301 -0.017617983987042406 -0.10004933646790166 0.10005617669497546 0.10010440332733071 -0.1000504909450452 0.0426845028899136 -0.099648994328943197 0.098058878929296198 -0.10015316882063324 0.10015481946645072 -0.098113277256969597 0.045568145717471087 0.10007846120955616 -0.10004652324245376 0.070672524678458179 0.1000795596252208 -0.10005717316281787 0.068124630480152173 -0.050781540526114416 -0.0058861636111403499
leaf_weight=0.0043813907160199497 0.031036560627143217 0.011234796601002017 0.011925681500429164 0.0036762075864373864 0.010017442810749344 0.01152888856699974 0.0051980559428557163 0.0025081232333832304 0.022077722044116399 0.0086686038117136377 0.0087898093761964446 0.0013993727043271056 0.0023109988051146493 0.020813282005576639 0.012944211253909543 0.006773865583568294 0.014636982607044047 0.023685201762418728 0.0050649676086322861 0.010744873347903194 0.03496838674556102 0.005822484992677345 0.0031580285067320793 0.020215960265659305 0.063082064941681892 0.010208758019871311 0.015214786682918202 0.039851629692748247 0.052915337791318962 0.1355064070245362
leaf_count=837 2923 726 38 212 64 36 18 43 230 255 236 4 9 540 598 261 26 116 86 43 3349 39 9 2502 276 50 84 180 370 1049
internal_value=-0.000240946 -0.000965845 -0.00210794 -0.0539296 -0.000711886 0.0325388 -0.023931 0.0385616 -0.00387251 -0.00180574 0.033996 0.0576934 -0.046624 0.0874949 -0.00486137 -0.0218925 0.00994706 0.0381572 -0.0167764 0.0359825 -0.0752648 -0.0583222 0.000527022 0.0041598 0.0416053 -0.00684468 -0.0656567 0.00105597 -0.00337253 0.0109334
internal_weight=0.610361 0.605979 0.594745 0.0156019 0.579143 0.0502716 0.0192351 0.00770618 0.528871 0.504482 0.0396711 0.0310025 0.0243887 0.0222127 0.464811 0.111714 0.069972 0.0495125 0.0258273 0.0158098 0.0417423 0.0204595 0.353097 0.334724 0.0760263 0.258698 0.0183728 0.238482 0.228273 0.175358
internal_count=15209 14372 13646 250 13396 3020 97 61 10376 10137 1035 780 239 544 9102 3984 374 309 193 129 3610 65 5118 5025 874 4151 93 1649 1599 1229
is_linear=0
shrinkage=0.1


Tree=148
num_leaves=31
num_cat=0
split_feature=17 21 22 6 12 18 22 14 12 21 22 21 0 0 13 21 3 18 5 17 0 19 22 20 6 3 6 15 6 18
split_gain=0.0041484 0.00921467 0.00583122 0.00878225 0.00929865 0.0107611 0.0135317 0.00820892 0.00667604 0.0100874 0.012651 0.0174947 0.0145508 0.0108914 0.0159943 0.011905 0.0157083 0.0146365 0.0128364 0.0199775 0.0106695 0.0100468 0.00983784 0.0148704 0.0097258 0.00948877 0.0103516 0.00919086 0.00876513 0.0124691
threshold=842.80474853515636 39.049999237060554 37.549999237060554 236.50000000000003 -268.49999999999994 -474.74365234374994 34.149999618530281 -3.4999999999999996 -187.49999999999997 39.95000076293946 39.45000076293946 38.45000076293946 23.500000000000004 36.500000000000007 110.09999847412111 37.649999618530281 10249.000000000002 -358.36102294921869 2965.5000000000005 191.181022644043 106.50000000000001 1.0548234581947329 41.95000076293946 32.613605499267585 60.500000000000007 970.50000000000011 5.5000000000000009 125.59999847412111 1070.5000000000002 371.24829101562506
decision_type=2 2 2 2 2 2 2 2 2 2 2 2 2 2 2 2 2 2 2 2 2 2 2 2 2 2 2 2 2 2
left_child=2 -2 3 -1 -5 6 -6 -7 -4 10 11 20 -12 22 -15 17 -17 24 -19 -20 -10 -18 -14 -24 -16 26 -13 -27 -23 -30
right_child=1 -3 8 4 5 7 -8 -9 9 -11 12 25 13 14 15 16 21 18 19 -21 -22 28 23 -25 -26 27 -28 -29 29 -31
leaf_value=-0.099782462299452021 -0.05963319361476848 0.10010523680989816 0.074375521844587525 -0.094091926997304051 -0.027655261422459883 0.055658439716646815 0.075667580766694928 -0.056338829297834875 -0.1000456356786132 -0.08489254609666734 -0.073101250672045398 -0.10009251005059416 0.069517178094908358 -0.084764903895584665 -0.03398600117354892 -0.092501350763627671 0.10002678539037901 -0.038335899434881887 -0.0087706780802487404 0.10007511586539125 0.10006056977507481 -0.10002922584195034 0.10013559071809129 -0.10004657390515748 0.093690278429789317 0.099305927219577705 0.1001867101440379 -0.038939688611677438 0.10008008921223395 -0.065353793926599305
leaf_weight=0.012693712303928351 0.0053087510490286141 0.011294056870525537 0.012954740085859839 0.012224337251751649 0.022773806403165509 0.0079195664469580151 0.028585065625520656 0.037689803013336132 0.011725904346775451 0.013098895212493744 0.027937676787246346 0.0064201719146694813 0.039150316475286218 0.023648143687410084 0.0073693230856406436 0.027412150546098246 0.008901661280560802 0.053478374245401028 0.054063213461660098 0.024505743314790607 0.0034480788453947761 0.0094884218469815096 0.0059813618660484727 0.0097757248981906741 0.031337748544046917 0.043895940377296938 0.0043153008446097374 0.0054006482693864646 0.0092377301907049514 0.0089897397391212053
leaf_count=3153 357 1892 394 169 120 362 128 1545 626 308 2605 99 145 288 24 299 86 431 243 688 6 87 311 228 108 131 2 62 67 245
internal_value=-0.000237966 0.0490288 -0.00168717 -0.0210547 -0.0119026 -0.00154134 0.0298517 -0.0368917 0.00364716 0.00151423 0.00423183 0.041359 -0.00394974 0.00221587 -0.00637776 0.00151763 -0.0352551 0.0153067 -0.000544483 0.0251784 -0.0545743 0.00759975 0.0426634 -0.0240578 0.0693824 0.0656075 -0.019587 0.0841605 -0.0220855 0.0184885
internal_weight=0.581026 0.0166028 0.564423 0.121886 0.109193 0.0969682 0.0513589 0.0456094 0.442537 0.429582 0.416483 0.075206 0.341277 0.31334 0.258432 0.234784 0.0640297 0.170754 0.132047 0.078569 0.015174 0.0366176 0.0549074 0.0157571 0.0387071 0.0600321 0.0107355 0.0492966 0.0277159 0.0182275
internal_count=15209 2249 12960 5477 2324 2155 248 1907 7483 7089 6781 926 5855 3250 2566 2278 784 1494 1362 931 632 485 684 539 132 294 101 193 399 312
is_linear=0
shrinkage=0.1


Tree=149
num_leaves=31
num_cat=0
split_feature=18 9 6 9 20 22 22 4 13 6 17 10 21 21 18 18 17 20 17 15 15 17 17 9 7 21 21 22 17 0
split_gain=0.00390784 0.00392731 0.00378609 0.00394408 0.00359772 0.00956668 0.00829522 0.00618206 0.00945259 0.00919399 0.00811571 0.0105661 0.0101226 0.00756991 0.00812683 0.0166871 0.0125528 0.0114302 0.00827111 0.00855699 0.00744354 0.00800739 0.00715279 0.00617789 0.00563493 0.0108186 0.010076 0.0176939 0.0123932 0.0104319
threshold=-648.31991577148426 51.500000000000007 3978.5000000000005 44.500000000000007 19.382786750793461 50.649999618530281 50.049999237060554 5286.5000000000009 120.04999923706056 201.50000000000003 161.60405731201175 68.500000000000014 36.049999237060554 42.049999237060554 -244.37347412109372 307.70677185058599 539.40240478515636 16.290672302246097 194.22949981689456 767.11666870117199 332.66665649414068 213.72248840332034 719.81790161132824 37.500000000000007 3.5000000000000004 37.250000000000007 37.549999237060554 41.850000381469734 463.84844970703131 135.50000000000003
decision_type=2 2 2 2 2 2 2 2 2 2 2 2 2 2 2 2 2 2 2 2 2 2 2 2 2 2 2 2 2 2
left_child=-1 2 3 4 7 6 24 9 -9 -2 11 -10 -13 14 16 23 -12 -18 -17 -20 -15 -22 -19 -16 25 -6 28 29 -27 -28
right_child=1 -3 -4 -5 5 -7 -8 8 10 -11 13 12 -14 20 15 18 17 22 19 -21 21 -23 -24 -25 -26 26 27 -29 -30 -31
leaf_value=0.10000393853800954 -0.04878669998736887 0.10006002490403093 0.10000733709683288 -0.075143793030630374 -0.0823090656524052 -0.10004859170998932 0.10012476873141847 -0.10023023353959211 -0.092430303829372784 0.089647778804623393 -0.077491759221299028 -0.05574796729181896 0.097252183178669405 -0.097603721847620201 0.10008531508971703 -0.096020871445686759 0.1000181749548049 0.091230386864098553 0.10005998561820087 -0.086297540493752711 -0.10016487991836431 0.10009326567479082 -0.050395166219788595 -0.030430924548782146 0.061666519357334637 -0.10000724102724659 -0.013024716187562974 -0.10002014436667772 0.056620641147631545 0.052670181193285183
leaf_weight=0.0038651260866231487 0.0063891831787259426 0.0038257068444522693 0.0036413772110677192 0.0073325690814272084 0.019184642876069802 0.010844710417330816 0.0073961215393865123 0.0085078411430004053 0.016687667381120264 0.019257792992590339 0.01502253656508401 0.0088401547382090939 0.0084648634633595066 0.01014863583168335 0.03891592802963828 0.008720978548808489 0.014386915084259044 0.0046630884467049319 0.0070390472506005608 0.0037908654763327831 0.0031080860499059781 0.0055838582523790592 0.015158603882696298 0.0039994104590732596 0.011504647090077924 0.0057543308070364665 0.18637736746484279 0.021325753576434181 0.041377782928066154 0.027773318913745015
leaf_count=300 28 72 3162 13 2713 352 33 13 100 278 55 24 32 84 663 27 479 54 68 86 6 618 86 7 14 1311 3283 683 92 473
internal_value=-0.000192436 -0.000902995 -0.0016167 -0.00230509 -0.00129779 -0.00767455 -0.0045508 0.00934286 0.00255191 0.0551609 0.00786675 -0.0356559 0.0190931 0.0192003 0.0290904 0.0530366 -0.00129338 0.0321687 -0.0235391 0.034828 -0.039434 0.0284845 -0.0170775 0.0879221 -0.00702191 -0.00964038 -0.00470732 -0.013155 0.037498 -0.00450471
internal_weight=0.548889 0.545024 0.541198 0.537557 0.530224 0.331539 0.320694 0.198685 0.173038 0.025647 0.164531 0.0339927 0.017305 0.130538 0.111697 0.0624662 0.0492311 0.0342086 0.0195509 0.0108299 0.0188406 0.00869194 0.0198217 0.0429153 0.313298 0.301793 0.282609 0.235476 0.0471321 0.214151
internal_count=15209 14909 14837 11675 11662 8954 8602 2708 2402 306 2389 156 56 2233 1525 851 674 619 181 154 708 624 140 670 8569 8555 5842 4439 1403 3756
is_linear=0
shrinkage=0.1


Tree=150
num_leaves=31
num_cat=0
split_feature=12 20 18 16 20 0 2 20 18 12 22 14 19 0 21 12 15 20 19 18 22 20 17 18 12 6 0 21 21 19
split_gain=0.00380092 0.00375097 0.00736049 0.00447288 0.00758734 0.0158662 0.0140855 0.00884367 0.0118327 0.0114785 0.0189148 0.00744186 0.00683018 0.00804088 0.0138614 0.0117414 0.0116858 0.0113042 0.00937934 0.00659223 0.00993865 0.00734499 0.00656348 0.00914406 0.00644117 0.00619042 0.00602381 0.00596144 0.00579836 0.012536
threshold=466.50000000000006 1961.5000000000002 -412.77273559570307 -1.4310344457626341 23.805509567260746 54.500000000000007 48.500000000000007 82.07471084594728 -340.59799194335932 -6.4999999999999991 39.649999618530281 8.0555553436279315 1.1270197033882143 134.50000000000003 37.549999237060554 -52.499999999999993 145.73332977294925 107.79038619995119 1.1216573715209963 -550.10855102539051 36.850000381469734 15.501419067382814 678.23248291015636 -482.29756164550776 -322.49999999999994 488.50000000000006 180.50000000000003 39.45000076293946 39.049999237060554 1.0398011207580569
decision_type=2 2 2 2 2 2 2 2 2 2 2 2 2 2 2 2 2 2 2 2 2 2 2 2 2 2 2 2 2 2
left_child=1 3 -3 12 5 -5 7 -6 9 10 -9 -8 13 14 16 19 -1 18 -18 20 25 -21 23 -14 -22 -16 -25 -17 29 -15
right_child=-2 2 -4 4 6 -7 11 8 -10 -11 -12 -13 22 28 15 27 17 -19 -20 21 24 -23 -24 26 -26 -27 -28 -29 -30 -31
leaf_value=-0.1000643316618306 0.059980471440372642 0.090104918053534322 -0.10000276374098467 0.084278843368273973 0.083066871201211326 -0.0098214760197693155 -0.077800783903137882 0.094465764007009845 -0.10006447284320617 0.086490822248102103 -0.10003335109975386 0.061669288534766088 -0.058900926590691273 0.091975700663404769 0.099011387109263327 -0.077787923347204468 0.078849993699319776 -0.10027639702908604 -0.0708349115671804 0.047708742161518825 0.10002404622155373 -0.082430939791822214 0.07507910392599941 0.070165399427308733 -0.07786552087671339 -0.075272358630201625 -0.099619630695303329 0.080752874792333562 0.10008156436238942 -0.098376798822388076
leaf_weight=0.006166938541525723 0.0103002259157563 0.010209704066255654 0.0025440965334837537 0.020744792152214586 0.011164801460040508 0.1314965542679829 0.051117322480877192 0.0077490792054959448 0.012348136099404883 0.01341501032504766 0.014093683856032158 0.0041352692109057889 0.012705849443591433 0.0075896324424320483 0.0091674713564771082 0.0029748149173656211 0.038175915143256134 0.0047418746762559741 0.0047017332572067963 0.0047799167978155302 0.0023147516149037975 0.046783848083123303 0.025501100096619211 0.017421356407083977 0.016870063952865166 0.0026205913108583454 0.0023744528325551064 0.011699503186264337 0.011968552862072102 0.0063580733211665574
leaf_count=52 726 100 221 1263 190 1741 2378 25 4058 74 294 51 75 112 84 113 216 6 42 27 22 478 1417 766 153 28 7 57 374 59
internal_value=-0.000166253 -0.00137171 0.0521827 -0.00273453 -0.0116081 0.00300087 -0.0311136 0.00296534 -0.0158205 0.0136838 -0.0310316 -0.0673624 0.00732312 -0.00244033 -0.0112726 -0.0338096 0.0294597 0.0462337 0.0624363 -0.0484637 -0.0119989 -0.0703671 0.0371025 0.00730572 -0.0564022 0.0602666 0.0498002 0.0486131 0.0490197 0.00520335
internal_weight=0.524235 0.513935 0.0127538 0.501181 0.266265 0.152241 0.114023 0.0587707 0.0476059 0.0352578 0.0218428 0.0552526 0.234916 0.176914 0.150997 0.097211 0.0537865 0.0476195 0.0428776 0.0825366 0.0309729 0.0515638 0.0580028 0.0325017 0.0191848 0.0117881 0.0197958 0.0146743 0.0259163 0.0139477
internal_count=15209 14483 321 14162 10074 3004 7070 4641 4451 393 319 2429 4088 1823 1278 962 316 264 258 792 287 505 2265 848 175 112 773 170 545 171
is_linear=0
shrinkage=0.1


Tree=151
num_leaves=31
num_cat=0
split_feature=18 10 10 11 21 17 18 22 22 12 5 17 17 15 22 16 12 21 21 17 22 21 0 0 21 20 21 22 22 1
split_gain=0.00361717 0.00361263 0.00360535 0.00324004 0.00682535 0.00696738 0.00461776 0.00410702 0.0038772 0.0120385 0.0188221 0.0127317 0.0121752 0.00705114 0.0065635 0.0102269 0.0143423 0.007859 0.00916339 0.0101326 0.00775825 0.00705259 0.00771245 0.00818303 0.0183798 0.0105202 0.0184518 0.0171731 0.0224541 0.00986555
threshold=-648.31991577148426 142.50000000000003 135.00000000000003 175.50000000000003 36.049999237060554 161.60405731201175 146.84706115722659 53.250000000000007 46.750000000000007 -86.499999999999986 2965.5000000000005 166.53562164306643 585.34945678710949 255.05000305175784 42.350000381469734 0.94827586412429821 -129.49999999999997 37.250000000000007 37.549999237060554 463.84844970703131 41.850000381469734 37.95000076293946 170.50000000000003 59.500000000000007 39.850000381469734 41.635955810546882 39.45000076293946 40.850000381469734 38.649999618530281 31.500000000000004
decision_type=2 2 2 2 2 2 2 2 2 2 2 2 2 2 2 2 2 2 2 2 2 2 2 2 2 2 2 2 2 2
left_child=-1 2 3 7 5 -5 -6 8 14 -10 12 -12 13 -11 17 16 -16 -2 19 -19 21 -20 23 25 -25 -23 27 28 -27 -30
right_child=1 -3 -4 4 6 -7 -8 -9 9 10 11 -13 -14 -15 15 -17 -18 18 20 -21 -22 22 -24 24 -26 26 -28 -29 29 -31
leaf_value=0.1000038159149212 -0.10000304864461387 0.10005742908367561 -0.093309216459474154 -0.055958265176156166 -0.092011368257820164 0.1000598149503156 0.10007910898374822 -0.077351524649254419 0.095546494836136656 -0.098038246231448578 -0.049936625272557815 0.091948885154730403 0.059160849839816614 0.10005555854710194 0.062775814091916488 0.029628871416025101 -0.086992029635280355 -0.10000478406317144 0.053308697697049247 0.094642669583243424 -0.086681435690326977 0.054434417223700286 0.10006615772908012 -0.09694358052571396 -0.0033731235554938146 -0.092029391847561426 -0.10002617043359048 -0.10014219406889149 -0.042590888005643791 0.08640063592057029
leaf_weight=0.003579816806109192 0.0076694094804281568 0.0035206549028714553 0.0042498500519059226 0.011071454757029642 0.0013873041052079324 0.0038603580470919505 0.01278118941652906 0.0072833053254726101 0.016085434687369116 0.024963311722956405 0.0086285231753322478 0.023681605072738421 0.0076545885139580596 0.001936246335390023 0.0077346202274100042 0.017250127475818999 0.036894549655983155 0.0031386087810574273 0.023492751015851354 0.018081035144859925 0.010491398974380672 0.037974742414021989 0.0069100163400435113 0.027952637963124971 0.084307140039967976 0.010973262225206781 0.017614797711303254 0.010928316875464361 0.0069775026478282589 0.03946652881859336
leaf_count=300 2176 97 9 39 78 56 360 319 338 417 47 566 47 6 155 334 1093 1266 873 45 281 1709 589 596 1756 1119 167 158 112 101
internal_value=-0.000155011 -0.000879411 -0.00160252 -0.000802544 0.0315533 -0.0156225 0.0812706 -0.00285795 -0.00165443 0.0178753 -0.000809958 0.0540579 -0.0521146 -0.0837793 -0.00605826 -0.0357613 -0.061036 -5.12902e-05 0.00251843 0.0658523 -0.00233171 0.0009877 -0.0040684 -0.00711492 -0.0266721 0.0105999 -0.00876489 0.014756 0.0366247 0.0670216
internal_weight=0.498541 0.494961 0.491441 0.487191 0.0291003 0.0149318 0.0141685 0.45809 0.450807 0.0829497 0.0668643 0.0323101 0.0345541 0.0268996 0.367857 0.0618793 0.0446292 0.305978 0.298309 0.0212196 0.277089 0.266598 0.243105 0.236195 0.11226 0.123935 0.0859604 0.0683456 0.0574173 0.046444
internal_count=15209 14909 14812 14803 533 95 438 14270 13951 1421 1083 613 470 423 12530 1582 1248 10948 8772 1311 7461 7180 6307 5718 2352 3366 1657 1490 1332 213
is_linear=0
shrinkage=0.1


Tree=152
num_leaves=31
num_cat=0
split_feature=12 9 17 1 21 17 17 7 21 21 5 18 16 16 22 15 12 16 2 1 21 13 0 11 21 17 5 20 15 21
split_gain=0.00330073 0.00325656 0.00328108 0.00666751 0.00570335 0.00414072 0.0102104 0.0123124 0.011008 0.00638772 0.0123349 0.0160417 0.0144714 0.0135239 0.0121349 0.0113588 0.0173231 0.0116799 0.0100258 0.00871574 0.00824758 0.00730006 0.00687222 0.00779668 0.00930055 0.0127762 0.0141166 0.0122769 0.0115415 0.0150053
threshold=-338.49999999999994 51.500000000000007 3.9238716363906865 31.500000000000004 38.549999237060554 161.60405731201175 77.162860870361342 3.5000000000000004 36.149999618530281 37.750000000000007 2965.5000000000005 -353.20252990722651 11.534482955932619 -2.8448275327682491 41.549999237060554 158.81666564941409 -6.4999999999999991 -3.7068965435028072 456.50000000000006 193.50000000000003 37.95000076293946 678.54998779296886 170.50000000000003 -1.0000000180025095e-35 39.049999237060554 442.19464111328131 367.50000000000006 321.33332824707037 121.3833351135254 39.750000000000007
decision_type=2 2 2 2 2 2 2 2 2 2 2 2 2 2 2 2 2 2 2 2 2 2 2 2 2 2 2 2 2 2
left_child=-1 2 4 -4 -2 6 7 -5 -9 10 11 15 -12 19 20 16 17 -7 -16 -13 -11 -20 23 24 27 -26 -27 -22 29 -28
right_child=1 -3 3 5 -6 9 -8 8 -10 14 12 13 -14 -15 18 -17 -18 -19 21 -21 22 -23 -24 -25 25 26 28 -29 -30 -31
leaf_value=0.10001457273040687 -0.100005872472385 0.10004960855531729 -0.10005627702026949 -0.10004754990515204 0.088377695624467192 0.10016663331003353 -0.089567189789553747 -0.026630819735304137 0.1000791730585672 0.09577458714352742 0.09612536518373152 -0.10002733435808778 -0.058450616500404839 -0.086790691659195868 -0.099913436265932687 0.077492847607734783 0.099657077923725718 -0.10009268035646764 0.10005431660865667 0.1000881950743011 -0.095921931242698974 -0.067773636590748407 0.10005915062328219 -0.059287739632379814 0.091365749496997412 -0.10003652139661108 0.081098727205574817 0.08141302622309439 -0.0092329644093055146 -0.10001415510334888
leaf_weight=0.0032658935689937598 0.0019738276545808739 0.0031759277928387055 0.0069472745829557416 0.008767275343871006 0.008649940676150436 0.0035509530862327656 0.017700411143835026 0.013851787373823754 0.0135759077104467 0.0088824514638190522 0.031981686235781126 0.0030070926688949848 0.0074714901774939326 0.027627150003866063 0.023090105914889136 0.029319896731067274 0.0096035200440383051 0.01619652169983965 0.005329076469422489 0.0078787986512907082 0.018211147694387364 0.0050457724433101703 0.00633259078117021 0.024005581568928847 0.017172749021426625 0.01282127809645317 0.033046589599052822 0.0049691657195580765 0.092336008534601888 0.0053094891345608622
leaf_count=837 1814 68 2422 1008 46 3 644 38 58 85 1215 34 195 1065 262 124 43 134 98 36 341 374 545 1522 210 59 79 84 1622 144
internal_value=-0.000168273 -0.000867641 -0.00155741 -0.00284281 0.0533772 -0.00133221 -0.0273259 0.00311194 0.0360869 0.00223081 0.0196961 0.00055234 0.0668524 -0.0495935 -0.00707103 0.0334693 -0.0105076 -0.0640824 -0.0632239 0.0448088 0.00135238 0.0184318 -0.00256304 -0.00568931 0.0013085 0.00985077 9.67237e-05 -0.0579066 0.00992009 0.0560279
internal_weight=0.471097 0.467831 0.464656 0.454032 0.0106238 0.447084 0.0538954 0.036195 0.0274277 0.393189 0.136637 0.0971839 0.0394532 0.038513 0.256552 0.0586709 0.029351 0.0197475 0.033465 0.0108859 0.223087 0.0103748 0.214205 0.207872 0.183866 0.160686 0.143513 0.0231803 0.130692 0.0383561
internal_count=15209 14372 14304 12444 1860 10022 1748 1104 96 8274 2849 1439 1410 1135 5425 304 180 137 734 70 4691 472 4606 4061 2539 2114 1904 425 1845 223
is_linear=0
shrinkage=0.1


Tree=153
num_leaves=31
num_cat=0
split_feature=17 20 22 6 16 18 22 2 21 12 14 19 12 21 22 21 0 0 5 3 6 18 21 20 17 22 1 15 1 21
split_gain=0.00342582 0.00656201 0.00411967 0.00708909 0.00781851 0.00874109 0.0111499 0.00678466 0.0102943 0.0057314 0.00699904 0.00543062 0.00494236 0.00789919 0.0112589 0.0120277 0.00999542 0.00721674 0.00691049 0.0085417 0.00773224 0.00684319 0.00722704 0.00851615 0.00790896 0.010949 0.00755541 0.00666288 0.017986 0.0111111
threshold=842.80474853515636 31.781346321105961 37.549999237060554 236.50000000000003 -8.4310345649719221 -474.74365234374994 34.149999618530281 300.50000000000006 42.850000381469734 -52.499999999999993 -7.0555555820465079 1.3440206050872805 -187.49999999999997 39.95000076293946 39.45000076293946 38.549999237060554 22.500000000000004 106.50000000000001 1337.5000000000002 970.50000000000011 5.5000000000000009 -625.62506103515614 37.750000000000007 1961.5000000000002 549.20916748046886 50.649999618530281 245.50000000000003 42.016666412353523 125.50000000000001 36.049999237060554
decision_type=2 2 2 2 2 2 2 2 2 2 2 2 2 2 2 2 2 2 2 2 2 2 2 2 2 2 2 2 2 2
left_child=2 -2 3 -1 -5 6 9 -7 -9 10 -6 12 -4 14 15 17 -16 -14 19 20 -17 -18 24 -24 27 -26 -27 -23 -29 -30
right_child=1 -3 11 4 5 7 -8 8 -10 -11 -12 -13 13 -15 16 18 21 -19 -20 -21 -22 22 23 -25 25 26 -28 28 29 -31
leaf_value=-0.099745331565529324 0.10007614819117164 -0.053393779745338099 0.070137357488317814 -0.088691701539009363 0.10011410291618675 -0.073121319564670759 0.078747491862164065 -0.057968639065063492 0.10005751981089446 0.068346377813670742 -0.083926042643913623 0.08293067117867986 -0.096143393107524719 -0.085348625504389097 -0.087485780671279351 -0.10006388251890362 0.10005717554962108 0.10004259484065679 -0.070588412488792093 0.1000386820785137 0.10014587222171223 0.061984592170059971 -0.041878465784847607 0.10001155813810764 0.10006754456037859 -0.10006630636035863 0.10000739979481724 -0.10006780962459234 -0.024845458100140133 0.043324953928067338
leaf_weight=0.0098771529012253723 0.0086865281463275323 0.0041015683041223392 0.010213088444857021 0.011250045986116675 0.0024683294468559316 0.020810980525254763 0.022919245315279113 0.0092478693183579708 0.007437709645813583 0.0051277548191137603 0.012689966956713762 0.0084462303302501596 0.0082920775926567103 0.010612374260517754 0.014436507667682008 0.004575557202372238 0.0064240289998451763 0.002422879886580632 0.0034054839179589172 0.033008030801283894 0.0033350283047184348 0.013997733680298552 0.062078299862633912 0.0045392984902719027 0.018358725917920538 0.0059132059686817229 0.0027723926160660994 0.018972869336039366 0.052066022840620008 0.044211729651522091
leaf_count=3153 2177 72 227 179 3 424 125 621 855 19 98 1026 636 183 2466 99 39 5 53 126 2 74 724 38 410 23 90 512 491 259
internal_value=-0.000151931 0.0508532 -0.00166913 -0.0192402 -0.0105926 0.000294646 0.0309544 -0.0350329 0.0124726 -0.0230425 -0.0539575 0.00378452 0.00169312 -0.000566019 0.00244508 0.0432965 -0.00677843 -0.0517816 0.0662807 0.0776718 -0.0156573 -0.00169793 -0.0046304 -0.0322101 0.00712507 0.0563024 -0.0362039 -0.00316494 -0.0110777 0.00645909
internal_weight=0.442699 0.0127881 0.429911 0.101829 0.0919519 0.0807019 0.0432053 0.0374966 0.0166856 0.0202861 0.0151583 0.328082 0.319635 0.309422 0.29881 0.0550391 0.243771 0.010715 0.0443241 0.0409186 0.00791059 0.229334 0.22291 0.0666176 0.156293 0.0270443 0.0086856 0.129248 0.115251 0.0962778
internal_count=15209 2249 12960 5477 2324 2145 245 1900 1476 120 101 7483 6457 6230 6047 921 5126 641 280 227 101 2660 2621 762 1859 523 113 1336 1262 750
is_linear=0
shrinkage=0.1


Tree=154
num_leaves=31
num_cat=0
split_feature=2 20 18 9 9 0 10 22 20 3 17 19 22 2 21 18 13 14 12 4 15 20 15 17 18 6 13 17 22 18
split_gain=0.00317163 0.00404036 0.00312632 0.00304503 0.00503855 0.00734837 0.00496888 0.00441663 0.00559348 0.00577025 0.00819682 0.00408691 0.0087373 0.00607859 0.00928179 0.0095163 0.00900947 0.00941401 0.0118494 0.00874706 0.00753391 0.00921662 0.00878971 0.00736875 0.01257 0.00994133 0.00837418 0.00730279 0.007184 0.0131575
threshold=917.50000000000011 5.3619022369384775 -648.31991577148426 51.500000000000007 29.500000000000004 112.50000000000001 62.500000000000007 53.250000000000007 8.7017855644226092 11475.500000000002 194.22949981689456 1.2075539231300356 38.95000076293946 70.500000000000014 39.350000381469734 -503.63768005371088 110.09999847412111 -2.0555555820465083 -58.499999999999993 4524.0000000000009 158.81666564941409 48.079242706298835 106.71666336059572 185.18360137939456 -244.37347412109372 371.50000000000006 678.54998779296886 509.18785095214849 36.850000381469734 -497.18360900878901
decision_type=2 2 2 2 2 2 2 2 2 2 2 2 2 2 2 2 2 2 2 2 2 2 2 2 2 2 2 2 2 2
left_child=2 -2 -1 4 6 -6 7 8 9 -4 -11 13 -13 14 15 -10 17 18 -15 -18 22 23 -21 -22 28 -26 -27 -23 29 -25
right_child=1 -3 3 -5 5 -7 -8 -9 11 10 -12 12 -14 16 -16 -17 19 -19 -20 20 21 27 -24 24 25 26 -28 -29 -30 -31
leaf_value=0.1000031938773959 0.1000581688576172 -0.042579746981138991 0.092458899857858767 0.10004877954096232 -0.080419334696240144 0.035874717469950246 0.066089787524918495 -0.08357150549145291 0.10023620372880569 -0.10010767913118541 0.093386897755679155 0.052807364188862019 -0.099369198780728835 -0.10006014943644229 -0.10001538382389608 0.012582583225811801 0.072650537373574589 -0.10007183994590881 0.081353734506266123 0.068872866953199427 -0.10003113939315936 -0.10000491784761541 -0.10011462545036015 0.050664265168833815 -0.10001927853598742 0.098160378120081493 -0.099408077738853615 0.080016071431074365 -0.039617648306334283 -0.044370468079962574
leaf_weight=0.0030157280634170993 0.0066052133513494482 0.0028395965344145679 0.012604462152381757 0.0028923963286615608 0.018143293869229637 0.0077562620385833716 0.011043826515219735 0.0065178775255390056 0.016952733636571793 0.0048582240706309676 0.0039852137036291424 0.0055373137785466034 0.011841169467658119 0.0062106947191296067 0.0054348147798464188 0.045978509035876414 0.015129986964211639 0.020063099345151159 0.0085666031458799807 0.0038575318743596645 0.0083126687478909389 0.0025382193422274204 0.015231012495092955 0.03274987636956439 0.0035360447286620902 0.022387314794571012 0.0023727789972554083 0.020083295567019377 0.066097161231226664 0.026241272676969629
leaf_count=300 3574 233 127 27 46 35 58 278 64 17 475 135 147 36 93 4814 124 851 54 62 224 495 630 294 167 337 24 91 889 508
internal_value=-0.000118683 0.0571739 -0.00143868 -0.00219047 -0.00292238 -0.0455922 2.23822e-07 -0.00198808 -0.000513328 0.0490125 -0.0129111 -0.00364561 -0.0508811 -0.00109426 0.025367 0.0361952 -0.008234 -0.0554606 0.00510798 -0.000704877 -0.00616126 3.21416e-05 -0.0659646 -0.0083318 -0.00336215 0.0568276 0.0792272 0.059817 -0.0169776 0.00838958
internal_weight=0.419384 0.00944481 0.409939 0.406924 0.404031 0.0258996 0.378132 0.367088 0.36057 0.0214479 0.00884344 0.339122 0.0173785 0.321744 0.0683661 0.0629312 0.253378 0.0348404 0.0147773 0.218537 0.203407 0.184319 0.0190885 0.161697 0.153384 0.0282961 0.0247601 0.0226215 0.125088 0.0589911
internal_count=15209 3807 11402 11102 11075 81 10994 10936 10658 619 492 10039 282 9757 4971 4878 4786 941 90 3845 3721 3029 692 2443 2219 528 361 586 1691 802
is_linear=0
shrinkage=0.1


Tree=155
num_leaves=31
num_cat=0
split_feature=17 21 22 6 12 18 22 18 2 22 0 21 23 15 0 17 21 16 3 19 6 4 20 21 1 22 21 21 22 21
split_gain=0.00292957 0.00600322 0.00367238 0.00617779 0.00670876 0.00638908 0.00873063 0.00881153 0.0060288 0.00901576 0.00487924 0.00790623 0.00469368 0.00442157 0.00775819 0.0085605 0.00591151 0.010821 0.0131858 0.00676495 0.00882365 0.00921478 0.00875505 0.00708263 0.00620168 0.00747003 0.0162516 0.013902 0.00977959 0.0142695
threshold=842.80474853515636 39.049999237060554 37.549999237060554 236.50000000000003 -268.49999999999994 -474.74365234374994 34.149999618530281 -587.82397460937489 300.50000000000006 33.750000000000007 110.50000000000001 41.250000000000007 1.0000000180025095e-35 255.05000305175784 94.500000000000014 204.2571716308594 33.750000000000007 -2.8448275327682491 10673.500000000002 1.0701344609260561 171.50000000000003 5697.5000000000009 44.987701416015632 39.95000076293946 31.500000000000004 39.350000381469734 38.649999618530281 39.350000381469734 40.95000076293946 37.850000381469734
decision_type=2 2 2 2 2 2 2 2 2 2 2 2 2 2 2 2 2 2 2 2 2 2 2 2 2 2 2 2 2 2
left_child=2 -2 3 -1 -5 6 10 -8 12 -10 -6 -12 -7 16 -15 -16 17 -4 -19 20 21 22 -18 24 -21 26 -26 28 -27 -30
right_child=1 -3 13 4 5 8 7 -9 9 -11 11 -13 -14 14 15 -17 19 18 -20 23 -22 -23 -24 -25 25 27 -28 -29 29 -31
leaf_value=-0.099706520707967344 -0.054848434307403493 0.10006906299298675 0.10009926024029302 -0.092177958916269093 -0.10008725024027176 0.025599132918934914 -0.074392937267184295 0.097495939706829238 0.084293523931983971 -0.072368700507057113 -0.056757450316571693 0.10012349419054022 -0.09679326075168547 0.091069162869777467 -0.060614894827644143 0.036836590196403035 0.070712378986812138 -0.10006192763592692 0.085206704239862374 -0.10006453921667807 -0.093127785137656127 0.069054610234901156 -0.069832805595054462 -0.06171870237397984 -0.068267827722341329 0.090950481183399934 0.098904683374108973 -0.094493143992930698 0.034369244166428656 -0.062848560454217689
leaf_weight=0.0086070612397435298 0.0037025073963832256 0.0077107540671192965 0.0045178192376624784 0.0090144172126258582 0.0058047289257956427 0.0039777952733857083 0.0035702005407074458 0.018112022873538081 0.0082417754108661256 0.0066273142562920393 0.0075495211858651601 0.0055917392528499477 0.014759113176694427 0.014823206536107136 0.012983888896258122 0.029482118448470374 0.0057961356707210135 0.02176907056694688 0.0046646711380162733 0.0041517933852617253 0.014640248691534907 0.012358533869360144 0.018836318170116328 0.011337946674757404 0.0073571166282135883 0.017349669850318605 0.027746947045670822 0.01124341562990594 0.055103820341230403 0.020795856824634029
leaf_count=3153 357 1892 9 169 62 24 7 121 863 620 29 29 400 1036 101 1247 51 401 9 176 228 141 3004 82 117 75 107 89 395 215
internal_value=-0.0001192 0.0498132 -0.0015925 -0.0190527 -0.010714 -0.000821614 0.02586 0.0691927 -0.0330785 0.0144675 -0.023731 0.00999698 -0.0708097 0.00384496 0.0287827 0.00704101 -0.00216619 -0.042924 -0.0673682 0.00393641 -0.0274162 -0.00140901 -0.0367618 0.0143743 0.020376 0.0239581 0.0638686 0.0105502 0.0232157 0.0077324
internal_weight=0.398228 0.0114133 0.386814 0.0918557 0.0832486 0.0742342 0.0406282 0.0216822 0.033606 0.0148691 0.018946 0.0131413 0.0187369 0.294959 0.0572892 0.042466 0.237669 0.0309516 0.0264337 0.206718 0.0516312 0.036991 0.0246325 0.155087 0.143749 0.139597 0.0351041 0.104493 0.0932493 0.0758997
internal_count=15209 2249 12960 5477 2324 2155 248 128 1907 1483 120 58 424 7483 2384 1348 5099 419 410 4680 3424 3196 3055 1256 1174 998 224 774 685 610
is_linear=0
shrinkage=0.1


Tree=156
num_leaves=31
num_cat=0
split_feature=10 18 10 20 22 22 7 21 21 22 17 0 3 21 19 15 17 22 21 3 6 15 21 6 12 17 13 18 17 3
split_gain=0.00282147 0.00283747 0.00274738 0.00277971 0.00636106 0.00598256 0.0039823 0.00711406 0.00654109 0.011236 0.00793101 0.00705522 0.0116451 0.0116988 0.00910665 0.0130529 0.00856068 0.00943808 0.015249 0.00574202 0.00674164 0.00463755 0.00450099 0.00422248 0.00398825 0.00384106 0.0074743 0.00784625 0.0090496 0.00976656
threshold=142.50000000000003 -648.31991577148426 135.00000000000003 19.382786750793461 50.649999618530281 50.049999237060554 3.5000000000000004 37.250000000000007 37.549999237060554 41.850000381469734 463.84844970703131 135.50000000000003 3651.5000000000005 39.549999237060554 1.0770979523658755 246.44999694824222 514.16119384765636 39.250000000000007 38.649999618530281 970.50000000000011 5.5000000000000009 158.81666564941409 40.750000000000007 232.50000000000003 -162.49999999999997 217.60556793212893 115.04999923706056 -244.37347412109372 539.40240478515636 8674.5000000000018
decision_type=2 2 2 2 2 2 2 2 2 2 2 2 2 2 2 2 2 2 2 2 2 2 2 2 2 2 2 2 2 2
left_child=1 -1 3 25 5 6 7 24 10 11 -9 12 13 16 15 -14 17 18 -10 20 -20 -12 23 -17 -5 -3 -27 28 -28 -30
right_child=-2 2 -4 4 -6 -7 -8 8 9 -11 21 -13 14 -15 -16 22 -18 -19 19 -21 -22 -23 -24 -25 -26 26 27 -29 29 -31
leaf_value=0.10000314489738611 0.10004606966822049 -0.0087170003267661878 -0.092065191575295871 0.1000239587102576 -0.10003779863603227 0.10009131833826584 0.061211367434711242 -0.10000563463614787 -0.10002318348008683 -0.10001365683363726 0.015529715159968361 0.050861080181174412 -0.073387444380010033 -0.091602314096337442 -0.093849734308108335 0.097703101463545383 0.08408270956635909 -0.085510635411910341 -0.10005287203616116 0.096405218878718932 0.10013512471744578 0.10004737137043729 0.10007557444093172 -0.070643155101201269 -0.10003237542749402 -0.070081565544214894 -0.071348789728786319 0.081524629601757548 0.086674610287170328 -0.012085742003758197
leaf_weight=0.0027678672828130848 0.0027912611838303283 0.062266877034375057 0.0033286258411635563 0.0010905982690019309 0.0072364387503398566 0.0053117483885216634 0.0081378680424677441 0.0036575233083624417 0.0070701918427289448 0.013663302632735963 0.013143695447070058 0.019467390100345483 0.016893731425057013 0.0091839752274154307 0.024249188735723237 0.0023368741785816391 0.019491330626806302 0.0092170124033259526 0.0038021316813683361 0.017837735030298063 0.0030171985272318125 0.012829036566017749 0.0089051917511824286 0.0041108638110927131 0.011549470275525664 0.0076220083517455342 0.010417293809041439 0.023607038561351601 0.0184940309850532 0.021836008767266435
leaf_count=300 97 539 9 8 352 33 14 1311 1257 683 34 473 974 172 264 14 111 192 88 112 2 58 58 39 2705 36 69 3883 307 1015
internal_value=-0.000119101 -0.000869585 -0.00162465 -0.000803126 -0.0078204 -0.00471607 -0.00737144 -0.010141 -0.00528043 -0.0133077 0.0378619 -0.00517017 -0.0138193 0.0135542 -0.0475515 -0.0127356 0.0295341 0.00356652 0.0294441 0.0665677 -0.0114801 0.0572766 0.0540032 -0.00962889 -0.0827713 0.0100068 0.0242288 0.0338965 0.0117405 0.0332025
internal_weight=0.375334 0.372542 0.369774 0.366446 0.222202 0.214966 0.209654 0.201516 0.188876 0.159246 0.0296303 0.145583 0.126115 0.0696196 0.0564958 0.0322467 0.0604356 0.0409443 0.0317273 0.0246571 0.00681933 0.0259727 0.0153529 0.00644774 0.0126401 0.144243 0.0819764 0.0743544 0.0507473 0.04033
internal_count=15209 15112 14812 14803 8954 8602 8569 8555 5842 4439 1403 3756 3283 1934 1349 1085 1762 1651 1459 202 90 92 111 53 2713 5849 5310 5274 1391 1322
is_linear=0
shrinkage=0.1


Tree=157
num_leaves=31
num_cat=0
split_feature=16 17 1 17 21 14 21 22 5 16 18 16 5 15 12 17 2 4 21 19 0 11 21 17 15 20 15 21 5 18
split_gain=0.00263413 0.0027187 0.00463017 0.0046132 0.00994613 0.00679492 0.00547551 0.010159 0.00883314 0.0117342 0.0116859 0.00946375 0.00892775 0.00714767 0.0129744 0.0081739 0.00609788 0.00605616 0.006009 0.00535109 0.00516084 0.00562369 0.0069912 0.00827441 0.00966158 0.00804927 0.00721217 0.0137962 0.00567759 0.00611909
threshold=16.327586174011234 3.9238716363906865 31.500000000000004 161.60405731201175 36.049999237060554 8.3888888359069842 37.750000000000007 41.549999237060554 2965.5000000000005 11.534482955932619 -353.20252990722651 -2.3620690107345577 2164.5000000000005 158.81666564941409 -6.4999999999999991 549.20916748046886 431.50000000000006 14849.500000000002 37.95000076293946 1.1600293517112734 170.50000000000003 -1.0000000180025095e-35 39.049999237060554 442.19464111328131 48.366666793823249 321.33332824707037 121.3833351135254 39.750000000000007 3586.5000000000005 -460.27856445312494
decision_type=2 2 2 2 2 2 2 2 2 2 2 2 2 2 2 2 2 2 2 2 2 2 2 2 2 2 2 2 2 2
left_child=1 -1 -3 4 -4 19 8 18 10 -10 13 12 -12 14 15 -5 -9 -18 -8 -6 21 22 25 -24 -25 -20 27 -26 29 -28
right_child=-2 2 3 6 5 -7 7 16 9 -11 11 -13 -14 -15 -16 -17 17 -19 20 -21 -22 -23 23 24 26 -27 28 -29 -30 -31
leaf_value=0.055964821501735498 0.058056938086164703 -0.10003832146176186 -0.099927521449684836 -0.10006388663466587 -0.10007499095329844 0.04777046133078669 0.095463441794006079 -0.10000190947473364 0.095680614340979492 -0.061358569914338856 -0.10001723574740172 -0.091735647050811511 0.097785331360394467 0.07575583935086555 0.099657501840473089 0.10011611089783545 0.081852212518521095 -0.09186684646071798 -0.095578582904831511 0.055279773566143608 0.10004202673549623 -0.057323410080294214 0.089647816368616753 -0.10002869864842832 0.089594636092851801 0.077598548699935321 0.0025921675711330482 -0.10001096668176115 0.098753150806940526 -0.069637550702869241
leaf_weight=0.0080723924556309612 0.0076170755431377293 0.004822851838369501 0.014338938858060146 0.011254480818479351 0.0078219026999306607 0.014928031584531709 0.0066055917701532954 0.017094168190723735 0.025274982189415596 0.0058616023032129752 0.003487621752128689 0.017885782711204001 0.006599720559393063 0.021486079425244498 0.0075110427414983852 0.0024913398083299407 0.0045458481657902894 0.0035929001578551834 0.012915893078030649 0.0030942004723328873 0.0048212536303253719 0.018153785389642962 0.011818059448941653 0.0086223524431261467 0.021382093006195646 0.0033879879256346604 0.055061462657832294 0.0046769988734922654 0.0048813416892983233 0.01490346644700935
leaf_count=1860 676 2422 167 134 1178 89 86 267 1317 90 83 997 64 137 43 3 281 104 339 225 564 1477 202 52 75 84 542 155 1333 163
internal_value=-0.000115102 -0.0013906 -0.00275507 -0.00135243 -0.033135 0.00392309 0.00298686 -0.00693556 0.0217365 0.0661173 0.00219545 -0.0480543 0.0293966 0.0350814 -0.00603156 -0.0637826 -0.0660815 0.00516287 0.00198881 -0.0560392 -0.00185528 -0.00500843 0.00189108 0.0101519 0.00157424 -0.0595919 0.0102562 0.0555649 -0.00551884 -0.0127937
internal_weight=0.355011 0.347394 0.339322 0.334499 0.0401831 0.0258441 0.294316 0.192463 0.101853 0.0311366 0.0707161 0.0279731 0.0100873 0.0427429 0.0212569 0.0137458 0.0252329 0.00813875 0.16723 0.0109161 0.160625 0.155803 0.13765 0.121346 0.109528 0.0163039 0.100905 0.0260591 0.0748463 0.0699649
internal_count=15209 14533 12673 10251 1659 1492 8592 5724 2868 1407 1461 1144 147 317 180 137 652 385 5072 1403 4986 4422 2945 2522 2320 423 2268 230 2038 705
is_linear=0
shrinkage=0.1


Tree=158
num_leaves=31
num_cat=0
split_feature=12 9 9 20 22 22 16 17 2 22 22 0 18 0 14 21 3 19 9 2 7 21 21 22 17 0 3 21 19 0
split_gain=0.00252765 0.00244893 0.00255179 0.00246084 0.00560567 0.00499654 0.0036098 0.00389848 0.00854887 0.00856231 0.0104263 0.00977155 0.00754885 0.00640607 0.00559143 0.00687772 0.00546491 0.00686967 0.00523131 0.00454204 0.00328931 0.00599865 0.00523459 0.00925448 0.0065416 0.00552312 0.0100573 0.0080879 0.00744449 0.0120255
threshold=-338.49999999999994 51.500000000000007 44.500000000000007 19.382786750793461 50.649999618530281 50.049999237060554 -10.258620738983153 221.21818542480472 300.50000000000006 34.350000381469734 38.750000000000007 92.500000000000014 -244.37347412109372 45.500000000000007 16.611110687255863 33.049999237060554 10673.500000000002 1.2698971033096316 -8.4999999999999982 900.50000000000011 3.5000000000000004 37.250000000000007 37.549999237060554 41.850000381469734 463.84844970703131 135.50000000000003 4424.5000000000009 39.750000000000007 1.0770979523658755 110.50000000000001
decision_type=2 2 2 2 2 2 2 2 2 2 2 2 2 2 2 2 2 2 2 2 2 2 2 2 2 2 2 2 2 2
left_child=-1 2 3 6 5 20 -2 13 9 18 -11 12 -12 -8 15 -15 -16 -18 -9 -19 21 -5 24 25 -23 26 27 -24 29 -28
right_child=1 -3 -4 4 -6 -7 7 8 -10 10 11 -13 -14 14 16 -17 17 19 -20 -21 -22 22 23 -25 -26 -27 28 -29 -30 -31
leaf_value=0.10001194897304946 -0.084566785577840614 0.10003781438498677 -0.072186845948436787 -0.083020816015414486 -0.10003684437258441 0.10007660950158348 0.10003401569650593 0.10013045392797824 0.089805806252237941 0.10001957512320091 -0.10006411326577369 0.10003936622164998 0.026071794435086185 0.079690009175241591 -0.081585055761157668 -0.061622767379910209 0.099591656341453283 -0.066483317644335599 -0.100061966878008 0.10009581312123694 0.058546328486273919 -0.10000463654343328 0.022114720349017122 -0.10001118083949223 0.054927840546361642 0.046778131349423657 -0.066706510269513103 -0.10000948476485226 -0.099515356272159433 0.076189135748760864
leaf_weight=0.0025015602643989601 0.0039070326049426276 0.0023869072410747086 0.0050457634527560904 0.01052779957441885 0.0063556772030466382 0.0044565191965375553 0.0052223307829990509 0.0015243745874613532 0.017415365858539644 0.013785185990855098 0.010570011596428229 0.006307180630756192 0.008609043215983549 0.0039465204654334221 0.0041952640154931933 0.027056309058821171 0.010268533774024036 0.006175716081088467 0.0090833586291410029 0.0022271501029820229 0.0073276889061162356 0.0030983004844955522 0.060206332478387026 0.011195771753179429 0.02263100074878821 0.017626875018919463 0.016583203931261892 0.005959713653965081 0.01821590888243918 0.0091327095155406823
leaf_count=837 77 68 26 2713 352 33 107 1 4186 114 61 59 11 33 47 219 50 19 130 78 14 1311 1904 683 92 506 852 200 235 191
internal_value=-0.000130523 -0.000887258 -0.00162024 -0.000519959 -0.00767901 -0.00453935 0.010102 0.0130285 0.0294863 0.0084257 0.0299589 -0.00793602 -0.0434446 -0.00571382 -0.0159654 -0.0436343 0.0215482 0.0447212 -0.0712935 -0.0223321 -0.00709392 -0.00983966 -0.00516041 -0.0128339 0.036271 -0.00519231 -0.0135129 0.0111147 -0.0506047 -0.0159588
internal_weight=0.333545 0.331044 0.328657 0.323611 0.193318 0.186962 0.130293 0.126386 0.0672945 0.0498792 0.0392714 0.0254862 0.0191791 0.0590918 0.0538695 0.0310028 0.0228667 0.0186714 0.0106077 0.00840287 0.182505 0.175178 0.16465 0.138921 0.0257293 0.127725 0.110098 0.066166 0.0439318 0.0257159
internal_count=15209 14372 14304 14278 9086 8734 5192 5115 4562 376 245 131 72 553 446 252 194 147 131 97 8701 8687 5974 4571 1403 3888 3382 2104 1278 1043
is_linear=0
shrinkage=0.1


Tree=159
num_leaves=31
num_cat=0
split_feature=18 10 10 20 22 22 0 4 6 13 17 10 21 10 22 20 19 20 21 12 15 13 18 21 22 18 18 20 2 22
split_gain=0.00246569 0.00229216 0.00231242 0.00225217 0.00504685 0.0046184 0.0034952 0.00337085 0.00533485 0.00525368 0.00462282 0.00650973 0.00421672 0.00331705 0.0042856 0.00578564 0.00529174 0.00452132 0.00704658 0.00641849 0.00543408 0.00534978 0.00682023 0.00889608 0.0104382 0.00881979 0.00806274 0.0115874 0.00680167 0.0115519
threshold=-648.31991577148426 142.50000000000003 135.00000000000003 19.382786750793461 50.649999618530281 46.750000000000007 59.500000000000007 5393.5000000000009 201.50000000000003 120.04999923706056 161.60405731201175 68.500000000000014 36.049999237060554 39.500000000000007 42.45000076293946 35.506023406982429 1.0758714079856875 971.50000000000011 39.250000000000007 -9.4999999999999982 3.2500000000000004 325.30000305175787 -445.49896240234369 39.250000000000007 38.750000000000007 -530.54617309570301 -402.58343505859369 41.635955810546882 70.500000000000014 36.850000381469734
decision_type=2 2 2 2 2 2 2 2 2 2 2 2 2 2 2 2 2 2 2 2 2 2 2 2 2 2 2 2 2 2
left_child=-1 2 3 7 5 13 -7 8 -2 -9 11 -11 -13 14 17 16 -16 19 -19 21 -21 22 25 24 -24 28 -26 -28 -5 -30
right_child=1 -3 -4 4 -6 6 -8 9 -10 10 -12 12 -14 -15 15 -17 -18 18 -20 20 -22 -23 23 -25 26 -27 27 -29 29 -31
leaf_value=0.1000027671636879 -0.050698756365662526 0.10003696947790089 -0.091204709943205273 0.07172748288408079 -0.10003334104651557 -0.10000725828106048 0.087369930137108615 -0.1001310884550968 0.082357045699726239 -0.088807774798964983 0.019368712805531863 -0.042887765820051542 0.072717385127252496 0.075030900814419002 -0.10003354763430723 -0.10005628815838857 0.075124716018248217 0.06624514124183109 -0.10001050375166559 0.038977806919245191 -0.088428805174483829 0.096833406200763583 -0.10001408941363975 0.08510861751400299 -0.10003146067448879 -0.10004021915379183 -0.10001450422331459 0.081913047491470881 0.050328950684825083 -0.083490728721125812
leaf_weight=0.0024393427488931243 0.0039335835920724085 0.0022325991235589973 0.0028568935387056618 0.0084155429631209699 0.005751045726228198 0.001135970704410739 0.008050176480992377 0.0047156076434475827 0.012881391643460915 0.010673900604444952 0.079025327467036277 0.0060652268406329313 0.0065760107808614521 0.0046130522446219393 0.0026800327320870556 0.011529915998664819 0.0048391050263489888 0.016195236868156826 0.0030255917126851264 0.0041925866997161157 0.016611516825705053 0.0052082312866019711 0.0091621076125960599 0.014426265090037305 0.0044308173403351239 0.014203328316170882 0.0043205443619171993 0.018456097570236807 0.010589101559389746 0.016506140381352452
leaf_count=300 28 97 9 23 352 210 59 11 295 166 5268 30 51 13 27 743 46 606 56 2400 2163 188 996 190 43 258 107 234 97 143
internal_value=-0.000146774 -0.000926527 -0.00165116 -0.000821067 -0.00782832 -0.0048591 0.0641986 0.00960698 0.0512309 0.00306924 0.00782447 -0.0313041 0.0172504 -0.00860382 -0.010945 -0.0555512 0.0126934 -0.00511486 0.0400745 -0.0119799 -0.0627529 -0.00198833 -0.00710908 0.0186613 -0.00769552 -0.0334402 0.0233927 0.0474029 -0.00680204 -0.0311926
internal_weight=0.315742 0.313303 0.31107 0.308213 0.184342 0.178591 0.00918615 0.123871 0.016815 0.107056 0.10234 0.0233151 0.0126412 0.169405 0.164792 0.0190491 0.00751914 0.145743 0.0192208 0.126522 0.0208041 0.105718 0.10051 0.0507958 0.0363696 0.0497141 0.0272075 0.0227766 0.0355108 0.0270952
internal_count=15209 14909 14812 14803 8954 8602 269 5849 323 5526 5515 247 81 8333 8320 816 73 7504 662 6842 4563 2279 2091 1570 1380 521 384 341 263 240
is_linear=0
shrinkage=0.1


Tree=160
num_leaves=31
num_cat=0
split_feature=12 12 9 20 12 21 15 4 18 6 10 9 7 12 5 19 22 11 20 21 22 18 19 12 19 1 10 21 17 20
split_gain=0.00236922 0.00222892 0.00222859 0.00336211 0.00619767 0.00381305 0.00326262 0.00453898 0.00284689 0.00473177 0.0035273 0.00406816 0.00333919 0.00631059 0.00345043 0.00311308 0.00522301 0.00350883 0.00418819 0.00425601 0.00704734 0.00801954 0.00455676 0.00415665 0.00327707 0.00435203 0.00362927 0.00479554 0.00801909 0.006193
threshold=-338.49999999999994 466.50000000000006 29.500000000000004 8.0232443809509295 358.50000000000006 33.350000381469734 220.25000000000003 10272.500000000002 119.18206024169923 662.50000000000011 49.500000000000007 12.500000000000002 1.0000000180025095e-35 12.500000000000002 3586.5000000000005 1.2075539231300356 38.95000076293946 -33.499999999999993 14.678769111633303 37.45000076293946 36.850000381469734 -510.34986877441401 1.0435644984245303 -60.499999999999993 1.0899078249931338 31.500000000000004 6.5000000000000009 39.049999237060554 437.10064697265631 1265.5000000000002
decision_type=2 2 2 2 2 2 2 2 2 2 2 2 2 2 2 2 2 2 2 2 2 2 2 2 2 2 2 2 2 2
left_child=-1 2 3 4 -2 -6 7 -4 9 10 11 12 13 14 15 17 -17 18 -5 23 21 -21 -22 -20 -19 -26 27 28 -27 -29
right_child=1 -3 6 8 5 -7 -8 -9 -10 -11 -12 -13 -14 -15 -16 16 -18 24 19 20 22 -23 -24 -25 25 26 -28 29 -30 -31
leaf_value=0.10001218820885423 0.067807427522398989 0.054686916916171904 -0.056052092950341026 0.10004261793837364 -0.10007236493295064 0.075381799968383942 -0.07910826768717602 0.064100221525923318 -0.047118628113852014 0.084160292962641339 0.089810386920747914 -0.10010667467462767 0.065425361524194647 -0.087241192387172525 0.10004881123003931 0.046222955022696952 -0.100019816034084 -0.010506012567965461 0.097041870136071157 0.059412535876699452 0.037921947274764278 -0.075541505380120541 -0.098718302297695723 -0.10001584760470278 -0.10004829534686183 -0.084852425601086801 -0.063654108996106018 0.067896736668136254 0.028778621982783095 -0.10001050667799163
leaf_weight=0.0023409241304435105 0.016926557300521949 0.0070213156620368969 0.0067879880692203187 0.002605864647193811 0.0043371494139137204 0.0017337928227902921 0.0090255717733640495 0.0058568962938352342 0.013963747441664509 0.0064005336941193028 0.0040187533813877954 0.0043828628466826549 0.0069450352643229954 0.0089438448832623862 0.003298065097553148 0.0035637559543602038 0.0077595773843697202 0.056081363128797079 0.004426949452010831 0.010680286990464083 0.0028078440673198193 0.0074921984327147575 0.018660748474758293 0.0014117950304353135 0.0028721600362189284 0.0077557274539969958 0.0043383523012039396 0.033419073344248318 0.031173009213944169 0.0023512028456025283
leaf_count=837 2909 726 29 13 22 221 84 25 351 706 7 25 60 938 177 99 169 6009 88 61 39 80 162 13 117 620 26 267 302 27
internal_value=-0.000196221 -0.000985942 -0.00233377 0.000157293 0.0367176 -0.0499646 -0.0331811 -0.000399576 -0.0032696 -0.000623417 -0.00303537 -0.00472394 -0.00279377 -0.00505374 -0.00139117 -0.00308598 -0.0539933 1.18898e-05 -0.0232504 -0.0303148 -0.042055 0.00377334 -0.0808473 0.0493938 0.00811811 0.0208696 0.0252636 0.0304278 0.00614004 0.0568601
internal_weight=0.299383 0.297042 0.290021 0.26835 0.0229975 0.00607094 0.0216705 0.0126449 0.245353 0.231389 0.224988 0.22097 0.216587 0.209642 0.200698 0.1974 0.0113233 0.186077 0.0480857 0.0454798 0.0396411 0.0181725 0.0214686 0.00583874 0.137991 0.0819095 0.0790374 0.074699 0.0389287 0.0357703
internal_count=15209 14372 13646 13508 3152 243 138 54 10356 10005 9299 9292 9267 9207 8269 8092 268 7824 456 443 342 141 201 101 7368 1359 1242 1216 922 294
is_linear=0
shrinkage=0.1


Tree=161
num_leaves=31
num_cat=0
split_feature=18 6 0 12 21 22 17 22 21 1 0 12 17 0 21 20 16 2 19 15 6 18 0 0 22 18 22 0 21 1
split_gain=0.00222284 0.00213915 0.00206026 0.00196587 0.00197323 0.006749 0.00577163 0.00558009 0.00488051 0.00472479 0.00427169 0.00771243 0.0079832 0.0060346 0.00870925 0.00556508 0.00456262 0.00483636 0.0057454 0.00594239 0.0042505 0.00561699 0.00354615 0.00412472 0.0109922 0.00726205 0.00671646 0.0060789 0.00563648 0.00777471
threshold=-648.31991577148426 3978.5000000000005 203.50000000000003 -338.49999999999994 37.750000000000007 41.649999618530281 549.20916748046886 50.649999618530281 37.95000076293946 245.50000000000003 82.500000000000014 -6.4999999999999991 172.76485443115237 148.50000000000003 36.149999618530281 11.798954963684084 -2.8448275327682491 279.50000000000006 1.2629984021186831 208.90000152587893 1039.5000000000002 371.24829101562506 170.50000000000003 59.500000000000007 36.850000381469734 -497.18360900878901 33.95000076293946 135.50000000000003 41.649999618530281 218.50000000000003
decision_type=2 2 2 2 2 2 2 2 2 2 2 2 2 2 2 2 2 2 2 2 2 2 2 2 2 2 2 2 2 2
left_child=-1 2 3 -2 6 8 10 -8 -6 -9 11 15 -13 14 16 -5 -12 -18 19 -19 -7 -22 23 -10 25 26 28 -27 -25 -30
right_child=1 -3 -4 4 5 20 7 9 22 -11 13 12 -14 -15 -16 -17 17 18 -20 -21 21 -23 -24 24 -26 27 -28 -29 29 -31
leaf_value=0.10000255874885916 0.100012529503672 0.10000463699236087 0.09707401548564272 0.1000250721700533 0.090120598135512209 -0.099713045088795735 0.096091840811200271 -0.1000387102501482 0.010152055333156785 0.10000482783626333 0.10006408506235093 -0.049655067236636458 0.081047062496866162 -0.0930905477635737 0.075118655615817556 -0.087649311871344449 -0.10006683174812375 -0.1000481439984091 -0.064739332949039871 0.07203270223662038 0.063935477950426062 -0.088227494045625576 0.10004099912019518 -0.1000349293608393 -0.086365099935209078 -0.060965835896727466 0.10001554171812044 0.056543503911716433 -0.1001083979719579 0.10008172728057969
leaf_weight=0.002196156008174909 0.0018593232021970598 0.0020818810588565375 0.0020946305954367963 0.0017295299967372514 0.0055118093710007079 0.012566545881568914 0.012391935151356392 0.0032778719651105339 0.063906893936703568 0.0018453873772159568 0.0034488541978134881 0.0090434949278659395 0.0096701787512643023 0.0047508733855892151 0.020640251124845577 0.01827706711743815 0.006163097235287295 0.0024537126564609943 0.0083877501383540221 0.011016951858437096 0.0048864523730571818 0.0048179158275161171 0.0030921541682573652 0.0043660645501404369 0.020618928519382962 0.020688089931780951 0.010517754230022547 0.0055923143599443384 0.0028076194614641281 0.0062777047459974256
leaf_count=300 361 3203 455 16 465 609 570 23 1967 85 50 2608 276 435 475 1307 46 14 27 104 88 53 211 36 392 501 102 285 57 88
internal_value=-0.000217381 -0.000990245 -0.001734 -0.00247156 -0.00315516 -0.0101072 0.00702734 0.0597994 -0.00215206 -0.0279834 -0.00264304 -0.0282615 0.0178845 0.014802 0.0246385 -0.0714252 -0.00846959 -0.0218278 0.000232133 0.0406878 -0.0613223 -0.0116087 -0.00584103 -0.00827028 -0.0248829 0.000345068 0.0401515 -0.0359605 -0.00665669 0.0382174
internal_weight=0.286979 0.284783 0.282701 0.280607 0.278747 0.16565 0.113097 0.0175152 0.143379 0.00512326 0.0955818 0.0387203 0.0187137 0.0568615 0.0521106 0.0200066 0.0314704 0.0280215 0.0218584 0.0134707 0.0222709 0.00970437 0.137868 0.134775 0.0708685 0.0502495 0.0239691 0.0262804 0.0134514 0.00908532
internal_count=15209 14909 11706 11251 10890 4854 6036 678 4104 108 5358 4207 2884 1151 716 1323 241 191 145 118 750 141 3639 3428 1461 1069 283 786 181 145
is_linear=0
shrinkage=0.1


Tree=162
num_leaves=31
num_cat=0
split_feature=20 0 18 9 9 18 1 19 17 14 12 5 17 6 15 10 20 19 22 2 18 22 20 18 16 5 13 4 14 22
split_gain=0.00203187 0.00274671 0.00204705 0.00196274 0.00213703 0.00232282 0.00275555 0.00603749 0.00632226 0.00315397 0.00307 0.00345417 0.00320075 0.00333299 0.00285505 0.00262622 0.00246557 0.00234117 0.00467556 0.00430164 0.00683398 0.00629842 0.00773344 0.00731541 0.00594281 0.00627935 0.0042776 0.00691465 0.0061238 0.007797
threshold=3.5711315870285039 110.50000000000001 -648.31991577148426 51.500000000000007 43.500000000000007 406.34040832519537 381.50000000000006 1.2629984021186831 194.22949981689456 -10.055555343627928 126.50000000000001 3515.5000000000005 179.54704284667972 589.50000000000011 767.11666870117199 67.500000000000014 8.3395843505859393 1.2075539231300356 38.95000076293946 70.500000000000014 -587.82397460937489 38.649999618530281 107.79038619995119 -340.59799194335932 -0.25862068682909006 296.50000000000006 110.09999847412111 4524.0000000000009 -2.0555555820465083 38.750000000000007
decision_type=2 2 2 2 2 2 2 2 2 2 2 2 2 2 2 2 2 2 2 2 2 2 2 2 2 2 2 2 2 2
left_child=1 -1 -2 4 5 6 9 14 -9 -4 11 16 -13 -14 -8 -12 -11 19 -19 21 -21 -18 -23 24 25 -24 28 -28 29 -22
right_child=2 -3 3 -5 -6 -7 7 8 -10 10 15 12 13 -15 -16 -17 17 18 -20 20 26 22 23 -25 -26 -27 27 -29 -30 -31
leaf_value=0.10004813361104679 0.10000233090821971 -0.066193205002275421 0.10001933172819988 0.10002846587115906 -0.07225100980641537 -0.054808235435285416 0.086234894833529363 -0.095759225495404873 0.10001746533785161 0.10002988085785514 -0.097444832107861715 -0.10002526946329167 -0.025254500744791509 0.086786633074449476 -0.083083580334414792 0.0039643750454397197 -0.10000940022575366 0.039214599419665229 -0.10001821844859751 -0.093108186522887576 0.098333231566705093 0.10010738463261115 -0.097212440492337515 -0.10003328696770548 0.092220816867084582 0.040596717403657973 0.08180129214870871 -0.0068600901018991889 -0.100020059067864 -0.10004134330369491
leaf_weight=0.0041472404668070331 0.0019741803083377354 0.00130713729640064 0.0029163911766829633 0.0018646239387862798 0.0043733631048326052 0.0079975812257373491 0.012924736469599907 0.0054511422822542954 0.0023651872152470332 0.0021868648580038999 0.006409280909920767 0.0014084866731991505 0.003566820052242293 0.010387062350531551 0.0010790158170266304 0.0042452066427358659 0.003819335269234613 0.0036723036135697384 0.0070268953984609084 0.0098328498879709514 0.0047100525270025173 0.01243391602849897 0.0052837313283617968 0.0053294324192734227 0.0092275064329356768 0.0088353956880382611 0.0096174431824920248 0.10302844440946046 0.010798666208472696 0.003419961102963498
leaf_count=2966 242 395 80 26 20 272 963 32 293 15 179 49 96 267 278 19 2107 127 169 89 27 30 247 2420 149 102 135 2476 892 47
internal_value=-0.000210157 0.0602085 -0.00144819 -0.00220622 -0.00293285 -0.00175772 -6.04544e-05 0.0338898 -0.0365181 -0.00330734 -0.00464521 -0.00204377 0.0436453 0.0581473 0.0731886 -0.057039 -0.00556693 -0.00673893 -0.0522291 -0.00412694 -0.0126913 0.022828 0.0342403 0.00568039 0.0298121 -0.0109749 -0.00668162 0.000709612 -0.0506674 0.0148852
internal_weight=0.27164 0.00545438 0.266186 0.264212 0.262347 0.257974 0.249976 0.0218201 0.00781633 0.228156 0.22524 0.214585 0.0153624 0.0139539 0.0140038 0.0106545 0.199223 0.197036 0.0106992 0.186337 0.141407 0.0449293 0.04111 0.0286761 0.0233466 0.0141191 0.131575 0.112646 0.0189287 0.00813001
internal_count=15209 3361 11848 11606 11580 11560 11288 1566 325 9722 9642 9444 412 363 1241 198 9032 9017 296 8721 3666 5055 2948 2918 498 349 3577 2611 966 74
is_linear=0
shrinkage=0.1


Tree=163
num_leaves=31
num_cat=0
split_feature=6 2 22 12 15 18 2 11 21 18 21 12 17 21 5 20 6 22 18 20 0 0 14 22 20 21 4 22 22 21
split_gain=0.00189912 0.0025544 0.00197759 0.00210388 0.00402961 0.00183922 0.00352681 0.00274965 0.002517 0.00323203 0.00360191 0.00205491 0.00290533 0.00309378 0.00245458 0.00332754 0.00244539 0.00237885 0.00823763 0.00471469 0.00769084 0.00389662 0.00274197 0.00620864 0.00571168 0.00695669 0.00611323 0.00585237 0.00702645 0.00546017
threshold=3595.5000000000005 900.50000000000011 53.250000000000007 240.50000000000003 228.83332824707034 450.37638854980474 431.50000000000006 -104.49999999999999 42.049999237060554 322.14094543457037 36.149999618530281 110.50000000000001 68.300258636474624 36.149999618530281 3515.5000000000005 10.246651649475099 589.50000000000011 35.750000000000007 -530.54617309570301 16.803649902343754 110.50000000000001 135.50000000000003 -3.0555555820465083 36.850000381469734 25.992187500000004 39.549999237060554 4754.0000000000009 42.350000381469734 38.350000381469734 37.750000000000007
decision_type=2 2 2 2 2 2 2 2 2 2 2 2 2 2 2 2 2 2 2 2 2 2 2 2 2 2 2 2 2 2
left_child=2 -2 5 4 -4 6 7 -1 9 -8 -11 14 13 -13 17 -16 -17 18 19 -9 -21 -20 23 -19 26 27 -24 28 -26 -25
right_child=1 -3 3 -5 -6 -7 8 11 -10 10 -12 12 -14 -15 15 16 -18 22 21 20 -22 -23 24 29 25 -27 -28 -29 -30 -31
leaf_value=0.10001756582318573 -0.065385414515290299 0.10004597664822601 -0.10003394981861957 -0.09764133179398235 0.10008844920098287 -0.0554164340965018 0.092283345949477388 0.10003114546344541 -0.059850826368515533 -0.10008213809314224 0.049198873356140142 -0.10001213867608037 -0.082190900799544428 0.090445011808509404 -0.094756315470176128 -0.012214528555516867 0.084868509147930621 0.090171559790346745 -0.10002557618718347 -0.10006709877201717 0.093412287743987063 0.049008150076989741 0.099598711799689293 0.017394675895904408 -0.094173681226844344 -0.09901523822573681 0.014221953133836299 -0.057564676627643634 0.023420037970822528 -0.074475184432967356
leaf_weight=0.0026060801697269645 0.0012295361072887081 0.0038748890461661745 0.0019586000179643293 0.0043294342608533043 0.0020691134814114776 0.0058019942378564329 0.0098940389268662443 0.0052862683987768841 0.0021720696272993214 0.0022622428732574917 0.0056607582689025548 0.001292627325256035 0.0072916644774920769 0.0025071351491874339 0.0016434056997240995 0.0036624365695274727 0.0088982784691893357 0.0040660756581871729 0.013400958445238587 0.0049831879291559744 0.0034957246398334973 0.0020186254440091042 0.011464658050726939 0.010010402349507785 0.0055443832156214503 0.0075793888545376822 0.031238627087759596 0.013993799786419459 0.060824860872259023 0.018288474014752865
leaf_count=124 34 3321 260 30 13 282 923 46 536 5 64 46 143 51 9 176 293 59 967 54 53 92 70 168 3006 135 284 1017 2713 235
internal_value=-0.000195526 0.0601974 -0.00140802 -0.0492469 0.00277276 0.000217907 0.00156238 -0.00209017 0.0417801 0.0541699 0.00657489 -0.00331368 -0.0452448 0.0256541 -0.0010604 0.0390539 0.0565612 -0.00402503 -0.0303181 0.0259119 -0.0202985 -0.0805151 0.000682385 -0.0253751 0.00713764 -0.00743257 0.0371433 0.00120499 0.0135964 -0.0419773
internal_weight=0.25935 0.00510443 0.254245 0.00835715 0.00402771 0.245888 0.240086 0.220097 0.0199891 0.017817 0.007923 0.217491 0.0110914 0.00379976 0.2064 0.0142041 0.0125607 0.192195 0.0291848 0.0137652 0.00847891 0.0154196 0.163011 0.032365 0.130646 0.0879424 0.0427033 0.080363 0.0663692 0.0282989
internal_count=15209 3355 11854 303 273 11551 11269 9741 1528 992 69 9617 240 97 9377 478 469 8899 1212 153 107 1059 7687 462 7225 6871 354 6736 5719 403
is_linear=0
shrinkage=0.1


Tree=164
num_leaves=31
num_cat=0
split_feature=19 6 1 15 17 11 3 22 21 13 15 3 16 21 16 18 3 15 22 20 0 15 20 1 12 13 20 0 19 17
split_gain=0.00187398 0.0037379 0.00294319 0.00266137 0.00347279 0.00333073 0.00421209 0.00289174 0.00646293 0.00896221 0.00549915 0.00895473 0.00791116 0.00536822 0.00497035 0.00748589 0.00702301 0.00633866 0.00578117 0.00492512 0.00685646 0.00637972 0.00414458 0.00381266 0.00349961 0.0042317 0.00406006 0.00542582 0.00532311 0.00830738
threshold=1.0315997004508974 2.5000000000000004 31.500000000000004 40.716667175292976 55.152170181274421 171.50000000000003 10808.500000000002 46.350000381469734 33.750000000000007 110.09999847412111 255.05000305175784 11475.500000000002 -2.8448275327682491 39.149999618530281 -0.3275862038135528 -441.80877685546869 13456.500000000002 74.583332061767592 39.549999237060554 1961.5000000000002 81.500000000000014 183.05000305175784 48.079242706298835 387.50000000000006 -52.499999999999993 245.05000305175784 16.803649902343754 134.50000000000003 1.0758714079856875 775.85751342773449
decision_type=2 2 2 2 2 2 2 2 2 2 2 2 2 2 2 2 2 2 2 2 2 2 2 2 2 2 2 2 2 2
left_child=1 -1 -2 -4 -5 7 -7 13 10 -10 12 -12 -9 19 15 17 -16 -15 24 20 -6 -22 -23 -14 26 -26 -19 28 29 -28
right_child=2 -3 3 4 5 6 -8 8 9 -11 11 -13 23 14 16 -17 -18 18 -20 -21 21 22 -24 -25 25 -27 27 -29 -30 -31
leaf_value=-0.092312108598236992 -0.1000323016980363 0.060197827455250374 0.037433445810427964 -0.08416586510477074 -0.093132640272302572 -0.077806960172710951 0.064070623392824169 0.10006313094354619 -0.10002363246731064 0.091023645310705781 0.10002644321891863 -0.099967887331269933 -0.10004090639618667 -0.10006148640178257 -0.098871788715514455 0.073877914406805009 0.10000337394896593 0.028668373324949412 0.098790132817702908 0.066409762199918787 0.043704400751154754 -0.067821909077244183 0.037762514811576275 0.10008828780506814 0.074031949265543087 -0.092640415461359454 -0.09552326018975546 0.10003738582054614 -0.086870168013949131 0.10001585027348237
leaf_weight=0.0018902947823349345 0.0030363228680698731 0.010725267197734922 0.016771904377804958 0.0052616398850204851 0.018704427335102025 0.0024774888451588586 0.013466613543009487 0.0028190658485982558 0.0029045065643913395 0.015882471185037161 0.0075193080660937994 0.0031880153110250831 0.012206142543163878 0.0061346774023149911 0.0089625202456957709 0.01558864246926106 0.0022143897792261677 0.01294191623266272 0.0061149976229941663 0.0043499373438180547 0.011300188486728757 0.019297671518557991 0.0046049048556255903 0.0010324551258236178 0.0091091154273499342 0.001829204354748982 0.0040355426679070661 0.0025421941323600086 0.016393841256586938 0.0047067294146643235
leaf_count=3863 430 975 280 413 1208 73 450 9 49 950 131 21 332 61 277 1596 1394 258 29 248 293 809 380 1 155 37 90 79 232 86
internal_value=-0.000202542 0.037346 -0.00221487 -0.000936662 -0.0039217 -0.00191427 0.0420248 -0.00551834 0.0165284 0.0614873 -0.0150294 0.0404798 -0.0520432 -0.0122661 0.00296541 0.0117546 -0.0594703 -0.00342236 0.00685705 -0.0359468 -0.0442063 -0.0182101 -0.0474807 -0.0844332 -0.00404649 0.0461595 -0.0175661 -0.0391845 -0.0532651 0.00975254
internal_weight=0.248012 0.0126156 0.235397 0.232361 0.215589 0.210327 0.0159441 0.194383 0.045552 0.018787 0.026765 0.0107073 0.0160577 0.148831 0.0905738 0.0793969 0.0111769 0.0638082 0.0576735 0.0582571 0.0539072 0.0352028 0.0239026 0.0132386 0.0515585 0.0109383 0.0406202 0.0276783 0.0251361 0.00874227
internal_count=15209 4838 10371 9941 9661 9248 523 8725 1493 999 494 152 342 7232 4294 2623 1671 1027 966 2938 2690 1482 1189 333 937 192 745 487 408 176
is_linear=0
shrinkage=0.1


Tree=165
num_leaves=31
num_cat=0
split_feature=18 6 2 0 18 6 22 20 19 18 19 22 2 13 22 20 18 12 22 21 4 14 17 2 20 17 22 21 15 22
split_gain=0.00174102 0.00172743 0.00202487 0.00168472 0.00265838 0.00187068 0.00311866 0.00239235 0.00293899 0.00234692 0.002102 0.00382101 0.00250961 0.00544029 0.0051507 0.00639022 0.00620265 0.00496668 0.00582328 0.00626943 0.00462 0.00455941 0.00567963 0.00352157 0.00553507 0.00508411 0.00377975 0.00680564 0.00753096 0.00634553
threshold=-648.31991577148426 3595.5000000000005 900.50000000000011 203.50000000000003 406.34040832519537 2332.5000000000005 53.250000000000007 8.3395843505859393 1.1702215075492861 337.69085693359381 1.2075539231300356 38.95000076293946 70.500000000000014 110.09999847412111 38.649999618530281 107.79038619995119 -340.59799194335932 -7.4999999999999991 40.95000076293946 39.350000381469734 4524.0000000000009 -2.0555555820465083 579.16802978515636 131.50000000000003 50.222839355468757 509.18785095214849 43.750000000000007 40.250000000000007 354.61666870117193 36.850000381469734
decision_type=2 2 2 2 2 2 2 2 2 2 2 2 2 2 2 2 2 2 2 2 2 2 2 2 2 2 2 2 2 2
left_child=-1 3 -3 4 5 6 7 8 -2 -10 12 -12 14 21 -9 -16 17 18 19 -17 -15 22 -14 -22 26 -26 27 28 -25 -29
right_child=1 2 -4 -5 -6 -7 -8 10 9 -11 11 -13 13 20 15 16 -18 -19 -20 -21 23 -23 -24 24 25 -27 -28 29 -30 -31
leaf_value=0.10000203508326731 -0.099212942688359645 -0.056337623554479056 0.10003874581595643 0.0966915929553019 -0.066346003628029046 0.064973593813696121 -0.083225136068006966 -0.1000081636293807 0.076033117367371464 -0.034209752128025621 0.037820322101924375 -0.096186908764817905 0.076914055232767425 0.070773255397794305 0.1001144089554408 0.098026183520317819 -0.10002890615343979 0.091266905336621976 -0.10001887255436986 -0.10000762560460932 -0.083233579234297222 -0.10003873630581356 -0.10003357790193568 -0.077349695309269079 -0.10000296390826491 0.092150063703104787 0.016755256252631839 0.022685460736927603 0.098358891880740568 -0.084774405927327337
leaf_weight=0.0017199543414072585 0.0013736571956712859 0.0011039606470575327 0.0033130706435855473 0.0017101673851556134 0.0064233307768972727 0.0042055710874038246 0.0046667403182709668 0.0031818327822747952 0.010076971498413911 0.0023888463651928768 0.0032617659206408689 0.0061201022099766078 0.0042800748456386364 0.008654103380649758 0.010066777693282347 0.0056464983455555284 0.0045376880959366933 0.0079022030278394981 0.0045621071227586194 0.0022299876677607244 0.0054731845479665244 0.01070827933327223 0.0031482590404721122 0.025216184406161801 0.0016026648048210754 0.0097772039953269996 0.038192807469187073 0.032240155740453247 0.002700530081000351 0.0066241286259582912
leaf_count=300 21 34 3321 426 99 467 287 2107 302 12 139 152 56 124 27 80 2339 140 229 49 350 853 34 969 558 66 770 733 79 86
internal_value=-0.000236603 -0.000981694 0.0609552 -0.00218703 -0.00293771 -0.00107655 -0.00237075 -0.000573671 0.0396097 0.0549071 -0.00340917 -0.049597 -0.00108874 -0.0069604 0.0217987 0.0328895 0.00568772 0.0292713 -0.0101143 0.0419589 0.000172734 -0.0582786 0.00192052 -0.00484245 -0.00115499 0.0650885 -0.00833624 -0.0226863 -0.0603525 0.00436972
internal_weight=0.233109 0.231389 0.00441703 0.226972 0.225262 0.218838 0.214633 0.209966 0.0138395 0.0124658 0.196127 0.00938187 0.186745 0.148618 0.0381271 0.0349453 0.0248785 0.0203408 0.0124386 0.00787649 0.130481 0.0181366 0.00742833 0.121827 0.116354 0.0113799 0.104974 0.066781 0.0279167 0.0388643
internal_count=15209 14909 3355 11554 11128 11029 10562 10275 335 314 9940 291 9649 4678 4971 2864 2837 498 358 129 3735 943 90 3611 3261 624 2637 1867 1048 819
is_linear=0
shrinkage=0.1


Tree=166
num_leaves=31
num_cat=0
split_feature=12 18 11 9 9 18 15 13 20 0 7 10 20 12 5 7 7 7 19 22 9 22 20 5 22 0 21 17 20 1
split_gain=0.00157962 0.00161706 0.0016037 0.00143529 0.00274459 0.00149267 0.00193217 0.00271081 0.00351302 0.00246859 0.00213154 0.00306572 0.00212673 0.00266447 0.00379195 0.00241609 0.00220296 0.00263352 0.00198622 0.00366343 0.00252277 0.00350204 0.00386441 0.00264571 0.00517988 0.00413287 0.00202391 0.00335001 0.00194529 0.00337578
threshold=466.50000000000006 -648.31991577148426 153.50000000000003 51.500000000000007 43.500000000000007 406.34040832519537 479.98333740234381 461.00000000000006 7.384834051132203 180.50000000000003 20.500000000000004 49.500000000000007 10.73271703720093 10.500000000000002 3586.5000000000005 1.5000000000000002 1.0000000180025095e-35 5.5000000000000009 1.2075539231300356 38.95000076293946 -1.0000000180025095e-35 38.649999618530281 16.290672302246097 2458.5000000000005 41.95000076293946 38.500000000000007 39.45000076293946 625.86584472656261 107.79038619995119 31.500000000000004
decision_type=2 2 2 2 2 2 2 2 2 2 2 2 2 2 2 2 2 2 2 2 2 2 2 2 2 2 2 2 2 2
left_child=1 -1 -2 4 5 6 7 8 -3 -8 11 12 -10 14 15 18 -15 -18 20 -20 -14 22 -22 24 25 28 -24 -28 -23 -30
right_child=2 3 -4 -5 -6 -7 9 -9 10 -11 -12 -13 13 16 -16 -17 17 -19 19 -21 21 23 26 -25 -26 -27 27 -29 29 -31
leaf_value=0.10000184158324457 -0.01248286921533181 0.057950530923978998 0.10003533007460326 0.10002034254029311 -0.098867623498197138 -0.056443564856232968 0.10002880978639997 -0.090769054253763345 0.090781118612506415 -0.073693733087364557 -0.054902646990449257 0.062674941216427804 -0.0091176482833318518 -0.081162653063846346 0.097884901595318277 -0.10009533490702405 0.05306309026763352 -0.083217386527434947 0.03821953986945658 -0.10001389143104639 0.1000757282879004 0.10011450243281361 -0.10000674101598571 0.092744141891931475 -0.063257370378069028 -0.062401987694608078 0.067287026021569357 -0.065012396782009207 -0.10001443850836141 0.057453473398482384
leaf_weight=0.0015562819141692321 0.0021437482652544295 0.0098367197335278433 0.003096231356138901 0.0013621924416327138 0.0029423199694775795 0.0048502996917747501 0.0037667996431878228 0.0033686628145233035 0.0023438054147391077 0.0010448626580483733 0.0076936390296395976 0.0072228319359055595 0.092487864966784628 0.0080221328862606356 0.0037552158508447056 0.0025635314568148706 0.0035881676219560186 0.0023444607231795089 0.0030118951144970652 0.005274700315673897 0.0021949691072222785 0.0078354107681661844 0.0042302019673954314 0.0066959603726104424 0.0055954181834962915 0.003112474344106885 0.0030882886628660344 0.0050333177969150711 0.0015859664837876162 0.0096153131862593
leaf_count=300 356 107 370 31 19 1784 2123 57 38 177 57 26 2454 1240 432 23 25 33 99 169 17 22 2263 68 898 52 109 112 1637 111
internal_value=-0.00024829 -0.00156423 0.0540026 -0.00230124 -0.00295529 -0.0016125 -0.000317173 -0.00181998 -0.000299991 0.0623046 -0.00335929 -0.00115132 -0.0038257 -0.00512978 -0.00138675 -0.00383406 -0.0469946 -0.000792335 -0.00218632 -0.0497707 0.000600835 0.0189493 -0.0221913 0.036326 0.0227099 0.0444273 -0.0439187 -0.0147048 0.0618937 0.0351579
internal_weight=0.221264 0.216024 0.00523998 0.214467 0.213105 0.210163 0.205313 0.200501 0.197132 0.00481166 0.187296 0.179602 0.172379 0.170035 0.156081 0.152325 0.0139548 0.00593263 0.149762 0.0082866 0.141475 0.0489873 0.0145468 0.0344405 0.0277446 0.0221492 0.0123518 0.00812161 0.0190367 0.0112013
internal_count=15209 14483 726 14183 14152 14133 12349 10049 9992 2300 9885 9828 9802 9764 8466 8034 1298 58 8011 268 7743 5289 2501 2788 2720 1822 2484 221 1770 1748
is_linear=0
shrinkage=0.1


Tree=167
num_leaves=31
num_cat=0
split_feature=20 18 0 21 22 17 22 1 0 12 21 0 21 16 2 18 15 21 1 6 18 0 22 3 21 22 1 17 0 22
split_gain=0.00151471 0.00143493 0.00140668 0.00133083 0.00547951 0.00418415 0.00469973 0.00369079 0.00367884 0.0051143 0.00578258 0.00425984 0.00634342 0.00375944 0.00389753 0.00362906 0.00480884 0.00357943 0.00349887 0.00303691 0.00358969 0.0028954 0.00252239 0.00367031 0.00633643 0.0042649 0.00354719 0.00344711 0.00427492 0.0037795
threshold=3.3249291181564335 -648.31991577148426 203.50000000000003 37.750000000000007 41.649999618530281 549.20916748046886 50.649999618530281 245.50000000000003 82.500000000000014 -6.4999999999999991 37.350000381469734 148.50000000000003 36.149999618530281 -2.8448275327682491 279.50000000000006 307.70677185058599 208.90000152587893 37.95000076293946 218.50000000000003 1039.5000000000002 371.24829101562506 170.50000000000003 40.95000076293946 6951.5000000000009 40.750000000000007 35.750000000000007 341.50000000000006 297.85835266113287 134.50000000000003 36.850000381469734
decision_type=2 2 2 2 2 2 2 2 2 2 2 2 2 2 2 2 2 2 2 2 2 2 2 2 2 2 2 2 2 2
left_child=-1 -2 3 5 17 8 -7 -8 9 18 -11 12 13 -10 -15 16 -16 -5 -3 -6 -21 22 23 25 26 -19 -25 -26 29 -29
right_child=1 2 -4 4 19 6 7 -9 11 10 -12 -13 -14 14 15 -17 -18 21 -20 20 -22 -23 -24 24 27 -27 -28 28 -30 -31
leaf_value=0.10000074389473318 0.10000167648546117 -0.084485990558802543 0.096075063908608968 0.089491837162762211 -0.099668303172043185 0.095849461651383305 -0.10003089271299795 0.1000038223682751 0.10005190663336692 -0.044748552110766997 0.087430938067410924 -0.092122152791574999 0.071690121702732604 -0.1000561174441071 -0.10002837081556537 -0.043776499213602625 0.10003921612489158 -0.10000262065264603 0.10001360754285249 0.06320499192945761 -0.081324184526608875 0.10003078872294957 -0.073418979524216652 -0.092816852790284135 -0.10003147309944693 0.023842685553114067 0.10001450227326546 0.011195938984497125 0.10001715424470142 -0.096977443025054316
leaf_weight=0.0014975841129079006 0.0013994428416737028 0.013783671098352098 0.0014643767160436019 0.0042274592749436115 0.0094476775804785973 0.0096732744847969343 0.0027059992989961765 0.0013993703344112873 0.0027698414387486983 0.0073903760711928647 0.0059942040429135091 0.0033593023771061317 0.01685799595526305 0.0050678234185284046 0.0015516729285991468 0.0081502702159923501 0.0053220478644107061 0.0029635489414374652 0.001110692879592535 0.0032869855398303107 0.0036012938472822498 0.0025893344446004099 0.0054208898251602014 0.013193670759733322 0.0030740205347683505 0.045061948949950192 0.0010283084216098368 0.021861306657434909 0.0045881954174760145 0.0037898693038300726
leaf_count=3241 242 1307 234 465 609 604 23 85 50 2365 508 436 531 46 13 36 98 330 16 83 62 291 229 441 37 1724 83 414 550 56
internal_value=-0.000216172 -0.000923662 -0.00159388 -0.00227732 -0.0088815 0.00735199 0.0578023 -0.0318464 -0.00238956 -0.0304139 0.0144472 0.0160069 0.0251519 -0.00916499 -0.0242215 0.00135862 0.054876 -0.000702686 -0.0707276 -0.0628523 -0.012357 -0.00438415 -0.00706152 -0.00329726 -0.022996 0.0162005 -0.0788743 0.000859278 0.0111155 -0.00478629
internal_weight=0.213632 0.212135 0.210735 0.209271 0.124135 0.0851365 0.0137786 0.00410537 0.0713579 0.0282789 0.0133846 0.043079 0.0397197 0.0228617 0.0200918 0.015024 0.00687372 0.107799 0.0148944 0.016336 0.00688828 0.103571 0.100982 0.0955609 0.0475354 0.0480255 0.014222 0.0333134 0.0302394 0.0256512
internal_count=15209 11968 11726 11492 5374 6118 712 108 5406 4196 2873 1210 774 243 193 147 111 4620 1323 754 145 4155 3864 3635 1581 2054 524 1057 1020 470
is_linear=0
shrinkage=0.1


Tree=168
num_leaves=31
num_cat=0
split_feature=20 12 19 6 1 15 17 21 22 0 16 3 16 3 17 15 7 22 1 15 20 16 5 15 16 20 22 20 6 5
split_gain=0.00152263 0.00134107 0.00129384 0.00264614 0.00222622 0.00195733 0.00357441 0.00242258 0.00177765 0.00511225 0.00497752 0.00448041 0.00446608 0.00392236 0.00341349 0.00290967 0.00507277 0.00276845 0.00311956 0.00320695 0.00305268 0.00341369 0.00323396 0.00284072 0.00269237 0.00393779 0.00449943 0.00398119 0.00313752 0.0050354
threshold=3.5711315870285039 -338.49999999999994 1.0315997004508974 1.0000000180025095e-35 31.500000000000004 40.716667175292976 55.152170181274421 39.149999618530281 44.45000076293946 109.50000000000001 -2.8448275327682491 7937.0000000000009 11.155172348022463 5100.5000000000009 185.18360137939456 255.05000305175784 3.5000000000000004 42.350000381469734 366.50000000000006 767.11666870117199 15.501419067382814 -2.5344828367233272 3586.5000000000005 161.08333587646487 -1.7413793206214903 21.550044059753422 32.649999618530281 1961.5000000000002 133.50000000000003 2663.5000000000005
decision_type=2 2 2 2 2 2 2 2 2 2 2 2 2 2 2 2 2 2 2 2 2 2 2 2 2 2 2 2 2 2
left_child=-1 -2 3 -3 -4 7 -7 -6 14 10 13 -12 15 -10 -8 16 -13 20 -19 -20 23 22 -22 -16 28 26 -26 -27 -23 -30
right_child=1 2 4 -5 5 6 8 -9 9 -11 11 12 -14 -15 17 -17 -18 18 19 -21 21 24 -24 -25 25 27 -28 -29 29 -31
leaf_value=0.063450559771093942 0.10000742318559053 -0.094535549411535413 -0.10002609773962697 0.05423216850950674 0.054809170956089351 -0.10003113412500048 -0.080648134797727103 -0.048001859034138387 -0.10002429931886475 0.077340996662038447 -0.081143157065650187 -0.07493525720904852 -0.080519109560955704 0.087175288689442881 -0.10006023443301443 0.10002569733904941 0.052479841458886345 -0.089454119164900536 0.092398335180936347 -0.097187769484422745 -0.038169097104040837 0.082447044275738401 0.10002458209090188 0.078000881023245636 -0.099411103986607449 -0.037276589097993459 0.079098900536260952 0.083894641061861897 -0.071630232729454998 0.080009143248091136
leaf_weight=0.0036869654483915318 0.0012955009896238314 0.0013921046817699798 0.0023798088333002445 0.0084712715000563321 0.011007091923374901 0.0039178534208730289 0.0064906426798856378 0.0028946390002602138 0.0013012726230954294 0.0097457153292879184 0.0091616757301551388 0.005086626798401995 0.0050799292390593101 0.0080028262188847066 0.0010179581468037213 0.0040735511565799234 0.0081010682461055694 0.0076398066780711815 0.002380616750997433 0.0014271016846691964 0.03244327263075774 0.0090664384065348644 0.0017866493694000942 0.0074761791245947506 0.001704170477410131 0.025744212800532296 0.0082356273877621788 0.0030307452566376005 0.0047254142604060689 0.0040810424015376157
leaf_count=3361 519 3859 430 661 245 376 714 31 9 587 403 31 36 123 3 113 29 299 96 22 473 81 119 722 88 1255 172 101 199 52
internal_value=-0.000225974 -0.00140479 -0.00206877 0.0332353 -0.00392097 -0.00268883 -0.00561057 0.0334017 -0.00340603 0.012269 -0.00327184 -0.0222521 0.001898 0.0609935 -0.0101644 0.0261531 0.00333455 -0.00603392 -0.0526004 0.021343 -0.00066627 -0.00602813 -0.030956 0.0566616 0.00905077 -0.00576983 0.0484935 -0.0245141 0.0411539 -0.0013583
internal_weight=0.202848 0.199161 0.197865 0.00986338 0.188002 0.185622 0.17172 0.0139017 0.167803 0.0505527 0.040807 0.0315029 0.0223412 0.0093041 0.11725 0.0172612 0.0131877 0.110759 0.0114475 0.00380772 0.0993117 0.0908176 0.0342299 0.00849414 0.0565877 0.0387148 0.0099398 0.028775 0.0178729 0.00880646
internal_count=15209 11848 11329 4520 6809 6379 6103 276 5727 1331 744 612 209 132 4396 173 60 3682 417 118 3265 2540 592 725 1948 1616 260 1356 332 251
is_linear=0
shrinkage=0.1


Tree=169
num_leaves=31
num_cat=0
split_feature=4 0 17 14 12 1 1 18 21 22 15 21 2 18 7 12 0 0 13 21 10 0 0 22 14 22 20 21 22 22
split_gain=0.00139626 0.00288603 0.0032175 0.0021964 0.00204457 0.00172844 0.00194258 0.00128258 0.00134508 0.00558834 0.00527415 0.00404704 0.00427691 0.00606515 0.00439054 0.00399414 0.00519757 0.00309509 0.00360293 0.00304232 0.0025438 0.00217129 0.00240405 0.00574621 0.00500231 0.0034378 0.00574062 0.00577697 0.00522215 0.00469299
threshold=12946.500000000002 143.50000000000003 251.54463195800784 -10.055555343627928 334.50000000000006 598.50000000000011 465.50000000000006 -648.31991577148426 37.750000000000007 41.649999618530281 255.05000305175784 36.049999237060554 131.50000000000003 -434.46205139160151 4.5000000000000009 -86.499999999999986 103.50000000000001 143.50000000000003 115.04999923706056 37.95000076293946 -2.4999999999999996 170.50000000000003 86.500000000000014 36.750000000000007 -3.4999999999999996 34.750000000000007 25.992187500000004 39.549999237060554 40.850000381469734 38.350000381469734
decision_type=2 2 2 2 2 2 2 2 2 2 2 2 2 2 2 2 2 2 2 2 2 2 2 2 2 2 2 2 2 2
left_child=3 -2 5 -1 7 6 -3 -5 10 19 11 15 13 20 -15 -9 -17 18 -14 -10 -13 22 25 24 -24 -21 -27 28 29 -28
right_child=1 2 -4 4 -6 -7 -8 8 9 -11 -12 12 17 14 -16 16 -18 -19 -20 21 -22 -23 23 -25 -26 26 27 -29 -30 -31
leaf_value=0.1000112060667448 0.10002554521120073 -0.083602506644457314 0.10000231221225304 0.10000156854889278 -0.067038232814627299 -0.098749519424101484 0.10004420058680617 0.085000277330721796 0.087096673749573639 -0.082319779711949773 0.085904424091185136 -0.020511832218765763 -0.068669442351410814 -0.10003065114617199 0.10005819436789738 -0.098110371602453214 0.0146052564734068 -0.10004137576898856 0.070875410405352307 -0.096653829798908394 0.10002821770210429 0.10002942792661446 0.039483434980518567 -0.08781363743264857 -0.042512753608875811 0.066238860069747954 -0.10000353638318485 -0.10000895989806194 -0.10005155468246543 0.04022349557492897
leaf_weight=0.0020730520005045596 0.0041683457726868767 0.0010478157728144311 0.0021036962080671628 0.0012307273681244615 0.0049276515512630672 0.0028565950406118645 0.0012791182531088907 0.0023111327591323052 0.0036715799763413761 0.0095536901262640583 0.0078245123432623132 0.0030477577838610159 0.0020606982310482627 0.008194480541373398 0.0012661016407946599 0.01068642861148561 0.006628611887549595 0.0013451064646403657 0.018116594823368359 0.0030508716977237773 0.0041138808974210362 0.0019043800996598739 0.014280227564768211 0.010996044555156459 0.015533151370981102 0.01425216022960285 0.002666897299754111 0.0058208627560816231 0.0038111815345871483 0.022710582699659199
leaf_count=354 2684 165 904 198 392 38 13 15 465 768 1031 36 13 3703 4 469 51 129 381 423 43 99 177 207 365 264 1216 131 188 283
internal_value=-0.000202771 0.0336602 -0.0043013 -0.00233328 -0.00351194 -0.0466321 0.0173483 -0.00172396 -0.00244411 -0.00929125 0.00885569 -0.00157984 0.0174054 -0.0206968 -0.0732529 -0.0384787 -0.0549601 0.0468325 0.0566238 -0.00222229 0.0487303 -0.00567335 -0.00783501 -0.0260265 -0.00323763 0.00635632 0.0127359 -0.00904477 0.00909549 0.0254872
internal_weight=0.193534 0.0114556 0.00728723 0.182078 0.180005 0.00518353 0.00232693 0.175078 0.173847 0.108252 0.0655953 0.0577708 0.0381446 0.0166222 0.00946058 0.0196262 0.017315 0.0215224 0.0201773 0.0986979 0.00716164 0.0950264 0.093122 0.0408094 0.0298134 0.0523126 0.0492617 0.0350095 0.0291887 0.0253775
internal_count=15209 3804 1120 11405 11051 216 178 10659 10461 4586 5875 4844 4309 3786 3707 535 520 523 394 3818 79 3353 3254 749 542 2505 2082 1818 1687 1499
is_linear=0
shrinkage=0.1


Tree=170
num_leaves=31
num_cat=0
split_feature=20 9 9 18 22 18 14 12 20 0 19 17 16 6 21 22 21 0 0 3 6 18 21 22 21 19 1 21 15 19
split_gain=0.0012801 0.00126418 0.00125415 0.0011445 0.00107272 0.00406594 0.00395709 0.00387008 0.00451384 0.00317723 0.00333502 0.00571198 0.0017904 0.00381728 0.00330776 0.00408079 0.00465957 0.00424969 0.00353314 0.00288654 0.00339233 0.00217334 0.00273337 0.00347444 0.00564185 0.00346961 0.00398268 0.00274121 0.00520419 0.00431695
threshold=3.3249291181564335 51.500000000000007 44.500000000000007 -648.31991577148426 37.549999237060554 -474.74365234374994 -3.4999999999999996 -52.499999999999993 16.803649902343754 134.50000000000003 1.0770979523658755 775.85751342773449 -5.7068965435028067 176.50000000000003 39.95000076293946 39.45000076293946 38.649999618530281 22.500000000000004 106.50000000000001 970.50000000000011 5.5000000000000009 -625.62506103515614 37.750000000000007 41.649999618530281 38.149999618530281 1.1471294164657595 52.500000000000007 35.95000076293946 208.90000152587893 1.0701344609260561
decision_type=2 2 2 2 2 2 2 2 2 2 2 2 2 2 2 2 2 2 2 2 2 2 2 2 2 2 2 2 2 2
left_child=-1 2 3 -2 5 7 -7 8 -5 10 11 -10 13 -6 15 16 18 -17 -14 20 -18 -19 27 24 -24 -26 -27 28 -23 -29
right_child=1 -3 -4 4 12 6 -8 -9 9 -11 -12 -13 14 -15 -16 17 19 21 -20 -21 -22 22 23 -25 25 26 -28 29 -30 -31
leaf_value=0.100000696723421 0.10000140807508283 0.10001738551491818 -0.069744977048692577 0.074149731866264043 -0.10001064801261908 0.048855378559207782 -0.069029737404009625 0.082174672524851958 -0.10006413803309822 0.10002592969970148 -0.088645143571058363 0.10001543369113658 -0.1000135695113922 0.094437254371824306 -0.085279379118868168 -0.08794017160300989 -0.10002459130817616 0.10002458156473271 0.10002075898862789 0.086867488865735046 0.10006583554149173 -0.10001403076635024 0.099493499170646593 -0.071774940545745625 -0.074952350599303677 -0.10001054362312481 0.10013357368682295 -0.009315329281627871 0.0077800172244711059 0.062918196814183786
leaf_weight=0.0012653934413506809 0.0011237738570777358 0.0012322065329044554 0.0026622228671158146 0.0049705395781529651 0.0012628021631826405 0.0034455541550251203 0.016403876109631454 0.0059617302136985009 0.0026070047439361596 0.0015736484214983184 0.008706937193437625 0.0031520037609880092 0.0033464309772597281 0.0050350731261303849 0.0043096972613199105 0.0057920751449209709 0.001996606591944782 0.0021378424780777996 0.0011994699016213417 0.013893294833479786 0.001472000265493989 0.0055436467671086112 0.0042856270970332835 0.011001409264565609 0.0076580140307669353 0.0014699422608828172 0.0030722169811383537 0.015517283083624989 0.023317499839819789 0.017723958600427636
leaf_count=3241 242 29 18 106 21 655 3963 132 58 31 100 47 630 265 203 2470 99 17 5 170 2 361 78 346 293 23 50 385 716 453
internal_value=-0.000230561 -0.000927922 -0.0016165 -0.00059743 -0.00123665 -0.0142156 -0.0485667 0.0110644 -0.00911353 -0.0349161 -0.0495955 0.00944283 0.00343666 0.055448 0.000789419 0.00389533 0.0428955 -0.00486608 -0.047233 0.066494 -0.0151106 0.000379587 -0.0019982 -0.028253 0.000790269 -0.0338818 0.0353626 0.00962248 -0.0129251 0.029199
internal_weight=0.18314 0.181874 0.180642 0.17798 0.176856 0.0468213 0.0198494 0.0269719 0.0210101 0.0160396 0.0144659 0.00575901 0.130035 0.00629788 0.123737 0.119427 0.0219078 0.0975195 0.0045459 0.0173619 0.00346861 0.0917274 0.0895896 0.0274872 0.0164858 0.0122002 0.00454216 0.0621024 0.0288611 0.0332412
internal_count=15209 11968 11939 11921 11679 5092 4618 474 342 236 205 105 6587 286 6301 6098 906 5192 635 271 101 2722 2705 790 444 366 73 1915 1077 838
is_linear=0
shrinkage=0.1


Tree=171
num_leaves=31
num_cat=0
split_feature=4 0 17 12 9 22 6 20 18 20 1 21 7 10 12 17 3 22 16 16 20 16 6 21 20 21 12 0 17 20
split_gain=0.00137867 0.00244585 0.0030128 0.00189699 0.00206345 0.00155218 0.00392284 0.00391325 0.00211656 0.00420071 0.00305476 0.00402852 0.00195429 0.00199216 0.00195696 0.0025305 0.00158762 0.00380821 0.00532953 0.00401778 0.00537397 0.00533316 0.00472842 0.00537395 0.00379289 0.0037386 0.00314074 0.00305061 0.00294627 0.00263485
threshold=12946.500000000002 143.50000000000003 251.54463195800784 334.50000000000006 -9.4999999999999982 36.049999237060554 334.50000000000006 25.992187500000004 -519.00564575195301 16.803649902343754 274.50000000000006 42.750000000000007 49.500000000000007 95.500000000000014 75.500000000000014 77.162860870361342 8134.5000000000009 42.45000076293946 -2.8448275327682491 -2.2931034564971919 27.716399192810062 -1.7068965435028074 35.500000000000007 39.350000381469734 44.987701416015632 38.049999237060554 1.5000000000000002 20.500000000000004 602.10186767578136 21.550044059753422
decision_type=2 2 2 2 2 2 2 2 2 2 2 2 2 2 2 2 2 2 2 2 2 2 2 2 2 2 2 2 2 2
left_child=3 -2 -3 4 -1 6 -6 8 9 -8 -10 -12 14 -14 16 -16 17 19 24 28 -21 -22 23 27 -19 29 -20 -23 -7 -18
right_child=1 2 -4 -5 5 12 7 -9 10 -11 11 -13 13 -15 15 -17 25 18 26 20 21 22 -24 -25 -26 -27 -28 -29 -30 -31
leaf_value=0.070933106865014556 0.10002355177135469 -0.047571957125906769 0.10000227933985795 -0.065224339068566145 -0.098956021953624157 -0.10001631538649638 0.10000869028787268 0.10001075473836163 -0.10003585115201095 -0.065743890223202803 -0.051369751848685141 0.10004186660712483 0.078122326287737603 -0.033791244419393129 0.02655082408533049 -0.096229742593977791 0.099092632508174072 0.067911375739361859 -0.099944522367742997 0.099514321962762359 0.072648077372555714 -0.020115018629059237 -0.093747160811378252 -0.10001065383341012 -0.10001655014855758 -0.027121318219809405 -0.0063965054477795776 0.061863980793295595 -0.0014588306974481465 0.020409629724447629
leaf_weight=0.0039336689558098206 0.0037243885309408142 0.0044531873249056275 0.002006839247783887 0.0046746391805427825 0.0055451344648709258 0.0050345958832593851 0.0034770244557549264 0.003061303254447977 0.0056115383456472072 0.0027290488296500826 0.0056504990893557761 0.0025503472382339964 0.0061632723406574996 0.0021438680858665293 0.0026465180692412096 0.0045897107512402613 0.0067777483454136691 0.0060277858266744025 0.011229715616995151 0.0076464525536721331 0.0094884314392515955 0.0075944952971340766 0.005885689389202752 0.0039034869689658072 0.001731325082857893 0.0097183789934298659 0.0052746488964601204 0.011283179205875626 0.0076298232657734388 0.01143838150015597
leaf_count=306 2684 216 904 392 1478 123 100 36 134 73 96 170 684 38 100 101 411 82 1183 90 105 3440 514 84 28 222 153 656 159 447
internal_value=-0.000214816 0.0354825 -0.00172729 -0.00243921 -0.000590589 -0.00240772 -0.0234315 -0.00528604 -0.0213885 0.0271209 -0.0431843 -0.00428288 0.00236065 0.0492402 -0.000942431 -0.051325 0.00235204 -0.00460798 -0.0379127 0.00921349 0.022998 0.0076639 -0.0138452 0.0067981 0.0304409 0.0229645 -0.0700474 0.0288838 -0.0406392 0.0496855
internal_weight=0.173625 0.0101844 0.00646003 0.163441 0.158766 0.154832 0.0286249 0.0230798 0.0200185 0.00620607 0.0138124 0.00820085 0.126208 0.00830714 0.1179 0.00723623 0.110664 0.0827296 0.0242635 0.0584662 0.0458017 0.0381553 0.0286669 0.0227812 0.00775911 0.0279345 0.0165044 0.0188777 0.0126644 0.0182161
internal_count=15209 3804 1120 11405 11013 10707 2087 609 573 173 400 266 8620 722 7898 201 7697 6617 1446 5171 4889 4799 4694 4180 110 1080 1336 4096 282 858
is_linear=0
shrinkage=0.1


Tree=172
num_leaves=31
num_cat=0
split_feature=4 0 17 14 12 1 22 13 0 10 21 0 8 22 0 21 22 21 20 22 0 18 22 22 22 0 3 1 18 7
split_gain=0.00121016 0.00224712 0.00265082 0.00179541 0.00156306 0.00145167 0.00111753 0.00101045 0.00309663 0.00228251 0.00283509 0.00271451 0.0021834 0.00242997 0.00421141 0.00264705 0.00238872 0.00193227 0.00173452 0.00581368 0.00455872 0.00360627 0.00305017 0.00283099 0.00278701 0.00255536 0.00400237 0.00216994 0.00167927 0.00300322
threshold=12946.500000000002 143.50000000000003 251.54463195800784 -10.055555343627928 358.50000000000006 598.50000000000011 50.149999618530281 289.75000000000006 110.50000000000001 -20.499999999999996 42.750000000000007 170.50000000000003 3.5000000000000004 34.350000381469734 107.50000000000001 43.750000000000007 52.45000076293946 38.850000381469734 20.65875339508057 38.750000000000007 92.500000000000014 -244.37347412109372 36.350000381469734 50.649999618530281 46.750000000000007 75.500000000000014 5340.5000000000009 335.50000000000006 -340.59799194335932 3.5000000000000004
decision_type=2 2 2 2 2 2 2 2 2 2 2 2 2 2 2 2 2 2 2 2 2 2 2 2 2 2 2 2 2 2
left_child=3 -2 5 -1 7 -3 -6 12 -9 -10 11 17 13 14 -5 -16 18 -11 19 -15 21 -21 -20 24 28 26 -23 -22 -24 -30
right_child=1 2 -4 4 6 -7 -8 8 9 10 -12 -13 -14 16 15 -17 -18 -19 22 20 27 25 23 -25 -26 -27 -28 -29 29 -31
leaf_value=0.10000933629350828 0.1000213082634781 0.017260255697948573 0.10000206163350799 -0.099978578984291619 0.025998462125940053 -0.098361160490517352 -0.094981605229363983 0.071657482161655489 0.083010490224948191 0.031727373211738019 0.10000445537675549 0.055595768488033451 0.1000148693046832 0.090647855952241257 -0.1000077006307406 0.047521430219180233 -0.095545021442597078 -0.087443733128381107 -0.098494930445543458 -0.10003555886068281 0.096282570671701651 0.08579695386346177 0.0034933006597659411 -0.10002633356538254 0.078354933879420663 0.058571228373169353 -0.10004194050031068 -0.044399128990511329 -0.060327999611157423 0.056657671025954072
leaf_weight=0.0016950046959323109 0.0033700378101571005 0.0020559411369021063 0.0018158669845949049 0.0071160809151962212 0.0010189383326490989 0.0023015168669644481 0.0030462038768064303 0.0072270011396042824 0.0023533984397019472 0.0016619833334914381 0.0016168789166357547 0.0023037850210840824 0.0019385857828630995 0.0085135157696640817 0.0016141176961212977 0.0049334960524163307 0.0026658092763121024 0.0075026052373843299 0.003525758568276415 0.0056167291886595186 0.0048944402437882664 0.0016538603117624024 0.053810558388079237 0.0029079803724982858 0.0043334847131930579 0.0042703564731709776 0.0038722939341369056 0.0014129204937489703 0.010599794349619891 0.0027673469012370342
leaf_count=354 2684 178 904 418 297 38 81 642 112 382 111 157 47 137 87 60 331 94 1761 58 106 15 1357 68 254 34 43 6 4385 8
internal_value=-0.00021542 0.0343456 -0.00150703 -0.00234509 -0.0034777 -0.0438085 -0.0646576 -0.0018098 0.0176335 -0.00765565 -0.0239621 -0.0414396 -0.00529502 -0.00693469 -0.0467248 0.0111525 -0.00202982 -0.0658322 0.000274637 0.0206059 -0.00684748 -0.0361539 -0.00761166 -0.00330589 0.000627222 0.000472046 -0.0444243 0.0647683 -0.00438682 -0.0361089
internal_weight=0.164416 0.00954336 0.00617332 0.154873 0.153178 0.00435746 0.00406514 0.149113 0.0226657 0.0154387 0.0130853 0.0114684 0.126447 0.124509 0.0136637 0.00654761 0.110845 0.00916459 0.108179 0.0302341 0.0217206 0.0154132 0.0779449 0.0744192 0.0715112 0.00979651 0.00552615 0.00630736 0.0671777 0.0133671
internal_count=15209 3804 1120 11405 11051 216 378 10673 1498 856 744 633 9175 9128 565 147 8563 476 8232 399 262 150 7833 6072 6004 92 58 112 5750 4393
is_linear=0
shrinkage=0.1


Tree=173
num_leaves=31
num_cat=0
split_feature=19 6 1 15 17 11 3 21 21 7 17 17 22 21 15 16 22 12 3 21 22 12 5 20 21 16 17 22 17 6
split_gain=0.00115295 0.00196922 0.00179637 0.00134429 0.00188132 0.00182644 0.00251352 0.00164601 0.00167365 0.00177572 0.00155856 0.00289319 0.00204016 0.00332175 0.00446871 0.00526556 0.00268859 0.00396031 0.00219728 0.00211486 0.00316122 0.00193843 0.00362469 0.00170754 0.00207059 0.0032694 0.00319035 0.00429664 0.0028376 0.00272051
threshold=1.0315997004508974 2.5000000000000004 31.500000000000004 40.716667175292976 55.152170181274421 175.50000000000003 10808.500000000002 39.149999618530281 37.350000381469734 4.5000000000000009 166.53562164306643 65.494338989257827 46.750000000000007 33.750000000000007 255.05000305175784 -2.8448275327682491 42.350000381469734 -137.49999999999997 10517.500000000002 37.549999237060554 41.549999237060554 162.50000000000003 3586.5000000000005 1961.5000000000002 39.049999237060554 -0.3275862038135528 549.20916748046886 39.95000076293946 842.80474853515636 488.50000000000006
decision_type=2 2 2 2 2 2 2 2 2 2 2 2 2 2 2 2 2 2 2 2 2 2 2 2 2 2 2 2 2 2
left_child=1 -1 -2 7 -5 10 -7 8 9 -4 11 -6 16 14 15 -14 19 -18 -16 -12 21 22 23 24 -21 26 27 -26 29 -28
right_child=2 -3 3 4 5 6 -8 -9 -10 -11 12 -13 13 -15 18 -17 17 -19 -20 20 -22 -23 -24 -25 25 -27 28 -29 -30 -31
leaf_value=-0.091086442258654698 -0.10002075385647811 0.054766201501965199 -0.10002870377992278 -0.078393162783918877 0.04650565477070389 -0.076605301641205714 0.060923824421181799 -0.043053902259118572 0.081507448977822375 0.058063866342585882 0.070663301377135099 -0.080926102937757871 0.10003769557276232 0.073282918493110957 0.10001484915197684 -0.10002811791827093 0.062111130378264504 -0.078029039046043136 -0.064612916422593883 -0.051123066333390935 -0.093536367959211372 -0.088111663272496074 0.09341303998730513 0.082561419554092685 0.086360245643596178 -0.098099403060420115 0.0035968812430036169 -0.1000119745590544 0.10004505097848203 -0.057872106937080725
leaf_weight=0.0010617448604506308 0.0018558197571501003 0.0072239604076429487 0.0012617538047123844 0.0032964568473019531 0.0024652528254307526 0.0015782052609907291 0.0084124746336300404 0.0023101215165297626 0.0060555293188997439 0.0016261325645245961 0.0038467466016101062 0.0064250548845876665 0.0016932726866798475 0.0087054099726486811 0.0039731998465413199 0.0058968638622758363 0.0025011415638012133 0.010407429496822829 0.0010185760776977304 0.008863158768321 0.0038571428928548803 0.0024446170771916789 0.0041235589370085526 0.002237949106074665 0.0082959026810272007 0.0031334397468185662 0.029026363792581833 0.0014537602332893593 0.0024168580674945863 0.0095752740185588436
leaf_count=3863 430 975 101 413 90 70 435 31 139 9 312 653 9 823 121 289 172 914 27 618 247 764 2467 101 190 136 610 22 76 102
internal_value=-0.000228947 0.0360764 -0.00225113 -0.001016 -0.00377131 -0.00191272 0.0391987 0.032196 0.0516334 -0.0110088 -0.00526943 -0.0455897 -0.00211038 0.0257929 -0.00706532 -0.0553957 -0.00855392 -0.0508757 0.0664224 -0.00166252 -0.00535106 -0.000598522 0.00249634 -0.00327112 -0.00633158 0.00103359 0.00715213 0.0585705 -0.00506947 -0.0116507
internal_weight=0.157043 0.00828571 0.148757 0.146902 0.135648 0.132352 0.00999068 0.0112535 0.00894342 0.00288789 0.122361 0.00889031 0.113471 0.0212873 0.0125819 0.00759014 0.0921833 0.0129086 0.00499178 0.0792748 0.075428 0.0715709 0.0691263 0.0650027 0.0627648 0.0539016 0.0507682 0.00974966 0.0410185 0.0386016
internal_count=15209 4838 10371 9941 9661 9248 505 280 249 110 8743 743 8000 1269 446 298 6731 1086 148 5645 5333 5086 4322 1855 1754 1136 1000 212 788 712
is_linear=0
shrinkage=0.1


Tree=174
num_leaves=31
num_cat=0
split_feature=12 17 21 22 6 20 4 1 21 18 0 20 22 22 18 17 22 3 19 14 21 15 12 17 11 14 19 21 17 0
split_gain=0.00111922 0.00103002 0.00262532 0.00114139 0.00361179 0.00370221 0.00173918 0.00319691 0.00284734 0.00115843 0.000993642 0.00265389 0.00267398 0.00247257 0.00306107 0.00338324 0.00242072 0.00236065 0.0014935 0.00223985 0.00397551 0.00290837 0.0022247 0.00187272 0.00247375 0.00316887 0.00188527 0.00281908 0.00538177 0.00336685
threshold=466.50000000000006 842.80474853515636 39.049999237060554 36.049999237060554 334.50000000000006 25.992187500000004 7559.0000000000009 274.50000000000006 42.750000000000007 437.05560302734381 102.50000000000001 48.079242706298835 44.45000076293946 36.850000381469734 -5.6578235626220694 89.00894927978517 50.649999618530281 10517.500000000002 1.0741549134254458 -2.0555555820465083 37.45000076293946 4.0166666507720956 -187.49999999999997 727.12136840820324 -42.499999999999993 -2.9444444179534908 1.1216573715209963 39.45000076293946 539.40240478515636 33.500000000000007
decision_type=2 2 2 2 2 2 2 2 2 2 2 2 2 2 2 2 2 2 2 2 2 2 2 2 2 2 2 2 2 2
left_child=1 3 -3 4 -1 6 -6 -8 -9 10 18 12 13 -12 -15 -16 -14 -18 19 20 -5 -21 -22 24 -20 -26 -27 28 29 -28
right_child=-2 2 -4 9 5 -7 7 8 -10 -11 11 -13 16 14 15 -17 17 -19 23 21 22 -23 -24 -25 25 26 27 -29 -30 -31
leaf_value=-0.099700788966702994 0.056827173404788767 -0.061998846157434923 0.1000300660610438 0.094354268202493291 0.053829192811778261 0.099872818767603899 -0.091655395289065744 -0.034303694716728936 0.10003801323627509 -0.066983263903669363 0.062249538702569884 0.090414225489541755 0.090989374722848362 -0.088347045963659221 -0.10003090329507949 0.066144301677730249 -0.064298193551070346 0.067253641323709923 0.089452415381919004 0.047708772353226736 0.05468236404226931 -0.07422167823632124 -0.094535952877960086 -0.097232815288660776 -0.088130755272218156 0.035070128481629735 0.018949259593601209 -0.080762625488756776 0.085653735764091077 -0.052259161948719483
leaf_weight=0.0048822355744881909 0.0033612925443762256 0.0015051601115807492 0.0029795005464059443 0.0035579419733267025 0.0025229637130905749 0.0029415066179581109 0.0058988746432078187 0.005130318781908727 0.0022782939116368084 0.002455521912676061 0.0028436675729963676 0.0043375723265981483 0.0054109125042316464 0.0064578320910300135 0.0018072311626156079 0.0038040998242792057 0.0029409642357336452 0.0025440552779514292 0.0034673076208449052 0.002396910690031011 0.001472741079453499 0.010640945289267734 0.0031070128607666447 0.0017600781303386262 0.0036183032071157575 0.017994679533074986 0.014081991397496552 0.0042725137007160177 0.0066967046453392234 0.012564078622531838
leaf_count=1510 726 335 1802 38 100 68 116 265 763 624 185 297 482 315 45 116 90 60 230 2472 29 2172 152 53 94 572 938 125 145 290
internal_value=-0.000225278 -0.00153543 0.0456493 -0.00302681 -0.0230789 -0.00315103 -0.0222942 -0.0367264 0.00700902 0.000984901 0.00242644 0.01804 0.00587634 -0.0216373 -0.0414022 0.0126246 0.0435331 -0.00328198 -0.00307029 -0.0261112 0.0150553 -0.0518057 -0.0465509 0.00449933 0.00735529 0.00254921 0.00844937 -0.00428567 0.00551402 -0.0146267
internal_weight=0.149733 0.146372 0.00448466 0.141887 0.0236542 0.018772 0.0158305 0.0133075 0.00740861 0.118233 0.115778 0.0301463 0.0258088 0.0149128 0.0120692 0.00561133 0.0108959 0.00548502 0.0856312 0.0211756 0.0081377 0.0130379 0.00457975 0.0644557 0.0626956 0.0592283 0.05561 0.0376153 0.0333428 0.0266461
internal_count=15209 14483 2137 12346 2822 1312 1244 1144 1028 9524 8900 1590 1293 661 476 161 632 150 7310 4863 219 4644 181 2447 2394 2164 2070 1498 1373 1228
is_linear=0
shrinkage=0.1


Tree=175
num_leaves=31
num_cat=0
split_feature=20 9 9 0 10 22 21 21 17 2 17 15 7 21 22 2 19 12 6 13 15 21 6 21 12 20 21 16 10 0
split_gain=0.00110072 0.00108981 0.00108133 0.00182021 0.00149978 0.00130238 0.000905024 0.000847007 0.000831997 0.00191882 0.00192382 0.00189036 0.00353936 0.00166282 0.00394959 0.00223852 0.00382193 0.00218631 0.00198054 0.00210202 0.00196809 0.00193066 0.00265503 0.00179701 0.00285651 0.00177493 0.00394914 0.00283656 0.00239139 0.00237833
threshold=3.5711315870285039 51.500000000000007 32.500000000000007 97.500000000000014 62.500000000000007 53.250000000000007 36.549999237060554 36.049999237060554 3.9238716363906865 35.500000000000007 161.60405731201175 106.71666336059572 3.5000000000000004 37.45000076293946 41.95000076293946 279.50000000000006 1.1216573715209963 10.500000000000002 685.00000000000011 678.54998779296886 158.81666564941409 37.350000381469734 113.50000000000001 33.750000000000007 -67.499999999999986 292.13333129882818 39.549999237060554 -0.3275862038135528 48.500000000000007 134.50000000000003
decision_type=2 2 2 2 2 2 2 2 2 2 2 2 2 2 2 2 2 2 2 2 2 2 2 2 2 2 2 2 2 2
left_child=-1 2 4 -4 5 8 -5 -6 -2 -10 11 12 -11 15 25 16 17 20 -16 -20 21 22 -12 24 -22 27 -27 29 -29 -15
right_child=1 -3 3 6 7 -7 -8 -9 9 10 13 -13 -14 14 18 -17 -18 -19 19 -21 23 -23 -24 -25 -26 26 -28 28 -30 -31
leaf_value=0.063172386158776669 0.047603263141474027 0.10001501152676313 -0.072376594512934586 0.10001283642844133 -0.019848549051030711 -0.085384421805322561 -0.023318206503522898 0.080031066694214323 -0.10001699790296109 -0.10002470857286655 -0.10003590199993206 -0.098455475706745857 0.079187323272606192 -0.0016352416353909386 -0.10001438085622845 0.073576121761942725 -0.070592949424641102 -0.10003322436868473 0.10002540814439985 -0.076723898875835791 0.10003293168409787 0.10002604387061356 0.091610116025546931 0.098717482661051043 -0.10000772693806284 0.086898399462424808 -0.10000449656495357 -0.078453261949999312 0.071986575433938702 0.058663637605054691
leaf_weight=0.0026872177216628037 0.0034394317145967071 0.0010508048453061738 0.0051683216232731857 0.0010957367850323863 0.0011204397678739033 0.0018516328719719857 0.0013019983784943179 0.0035053328682863594 0.0019756801569279494 0.0020289699092259639 0.0025744825686899739 0.003845973972360639 0.0024121869655573391 0.052313754905034308 0.005988477871824216 0.0068968618363243186 0.0047717841391659013 0.0011600390753301335 0.0012246275917391358 0.0014933668964118851 0.0014794206072110683 0.0012070036609657109 0.0010051113620193064 0.0064676633727316357 0.0013794236025432838 0.0057989530196778096 0.0014042605480426573 0.0071445939382499615 0.0012400267871726101 0.0074759014770151557
leaf_count=3361 1860 26 36 15 17 273 29 72 2401 778 94 731 13 1696 354 783 225 14 84 72 9 4 13 156 49 219 43 726 25 1031
internal_value=-0.000222357 -0.00144073 -0.00220897 -0.0389685 -8.92043e-05 -0.00213305 0.0330426 0.0558385 -0.000897152 -0.0022725 -0.000653965 -0.0471321 -0.0026868 0.00281523 -0.00411212 0.0244351 0.00752719 0.0319342 -0.0678825 0.00291279 0.0427814 -0.00934495 -0.0462238 0.069534 0.00351113 0.00325368 0.0504618 -0.00173428 -0.0562043 0.00590433
internal_weight=0.142509 0.139822 0.138771 0.00756606 0.131205 0.12658 0.00239774 0.00462577 0.124728 0.121289 0.119313 0.00828713 0.00444116 0.111026 0.084084 0.0269418 0.0200449 0.0152731 0.00870647 0.00271799 0.0141131 0.0047866 0.00357959 0.00932651 0.00285884 0.0753775 0.00720321 0.0681743 0.00838462 0.0597897
internal_count=15209 11848 11822 80 11742 11653 44 89 11380 9520 7119 1522 791 5597 4250 1347 564 339 510 156 325 111 107 214 58 3740 262 3478 751 2727
is_linear=0
shrinkage=0.1


Tree=176
num_leaves=31
num_cat=0
split_feature=20 0 16 22 18 22 21 21 19 6 22 20 21 21 15 0 3 6 21 18 2 3 5 20 11 20 22 21 18 20
split_gain=0.00102796 0.000829772 0.000820486 0.00151338 0.00224636 0.00218516 0.00454281 0.00422993 0.00363362 0.00354232 0.00338892 0.00226985 0.00249192 0.0039273 0.0022253 0.00221432 0.00222436 0.00267061 0.00194214 0.00190656 0.00437426 0.00180353 0.00145207 0.00145057 0.0018618 0.0019952 0.00303877 0.0025258 0.00193919 0.00364294
threshold=3.3249291181564335 199.50000000000003 -1.4310344457626341 36.350000381469734 -503.63768005371088 39.350000381469734 39.149999618530281 38.549999237060554 1.0741549134254458 467.50000000000006 41.95000076293946 29.886748313903812 36.049999237060554 37.750000000000007 208.90000152587893 74.500000000000014 970.50000000000011 5.5000000000000009 38.149999618530281 307.70677185058599 279.50000000000006 9138.5000000000018 3586.5000000000005 14.678769111633303 -33.499999999999993 22.77099704742432 36.850000381469734 37.45000076293946 -562.19580078124989 16.803649902343754
decision_type=2 2 2 2 2 2 2 2 2 2 2 2 2 2 2 2 2 2 2 2 2 2 2 2 2 2 2 2 2 2
left_child=-1 2 22 4 -4 7 8 9 -7 -5 -10 12 14 -14 -12 16 17 -9 -15 20 21 -16 23 -2 25 28 -27 -28 29 -25
right_child=1 -3 3 5 -6 6 -8 15 10 -11 11 -13 13 18 19 -17 -18 -19 -20 -21 -22 -23 -24 24 -26 26 27 -29 -30 -31
leaf_value=0.10000071593335742 0.084203488185219819 0.087273240389639239 0.084305543424281107 -0.097606657054492965 -0.072196714015720614 -0.095723875527024133 -0.093203232098634625 -0.10001710582640454 0.077747354312506164 0.1000320977325834 -0.10001135780659631 -0.10001203501528096 0.074631055556768702 -0.094157849384960801 -0.10002864640760499 -0.082226485657906634 0.097290254575203225 0.10005556073599053 0.051501786452642001 -0.063218013012181495 0.1000196776735878 0.021749569679646422 0.066653969191015364 0.10002438835861034 0.014307022805883883 0.091722034675363939 0.10001026767728748 -0.050888216735545347 -0.079831379302830172 -0.099528248723744356
leaf_weight=0.0010158035879399554 0.0021115128743716119 0.0010572431067075163 0.0010629328114646341 0.0038125869043739149 0.0066869723303124564 0.0037979002196877323 0.0064261525774611519 0.0014408238167220597 0.0057176759671904156 0.0011898957818630151 0.0031331216570720235 0.0023749447722156694 0.0083443469074779841 0.0027103390161755678 0.0025785646148506203 0.0010192620688940232 0.0083461650342542271 0.001242501282831654 0.0013822069960838235 0.0039862661369625138 0.0038453521508046151 0.0023017016856101691 0.0037896580365099899 0.0019871503621331508 0.034752597076092684 0.003101917397749788 0.0013369651196626364 0.0065126333853982032 0.0078325980092017744 0.0016952736247120015
leaf_count=3241 71 272 45 2002 2089 2591 247 98 208 5 213 323 159 83 27 148 115 2 51 34 204 15 1344 21 1100 109 23 193 151 25
internal_value=-0.000221221 -0.000972128 -0.00166568 -0.00900876 -0.0507318 -0.00392863 -0.0151368 0.0267017 -0.00264895 -0.0505961 0.0070691 -0.0061128 0.00177229 0.0352768 -0.0245257 0.0587947 0.0718268 -0.00737438 -0.0449631 -0.00592062 0.0202555 -0.0425938 0.00664058 0.00280732 -0.000196384 -0.0226311 0.00792658 -0.0251868 -0.0516935 0.00815655
internal_weight=0.136593 0.135577 0.13452 0.0713997 0.00774991 0.0636498 0.0465986 0.0170512 0.0401724 0.00500248 0.0363745 0.0306568 0.0282819 0.0124369 0.015845 0.0120488 0.0110295 0.00268333 0.00409255 0.0127119 0.00872562 0.00488027 0.0631203 0.0593306 0.0572191 0.0224665 0.0109515 0.0078496 0.011515 0.00368242
internal_count=15209 11968 11696 8659 2134 6525 4155 2370 3908 2007 1317 1109 786 293 493 363 215 100 134 280 246 42 3037 1693 1622 522 325 216 197 46
is_linear=0
shrinkage=0.1


Tree=177
num_leaves=31
num_cat=0
split_feature=2 0 18 22 12 12 22 18 2 22 12 20 0 19 17 15 21 22 21 0 6 18 21 19 5 18 0 13 3 6
split_gain=0.00103092 0.000890288 0.000832534 0.000723901 0.00120856 0.00102567 0.00071929 0.00254185 0.00278609 0.00367861 0.00274809 0.00278008 0.00252873 0.00257998 0.00463832 0.00187209 0.00179696 0.00331277 0.00363329 0.00297594 0.00249465 0.0019111 0.00300752 0.00399105 0.00260185 0.0021162 0.00301348 0.00269796 0.00190039 0.00240577
threshold=917.50000000000011 139.50000000000003 487.29225158691412 53.250000000000007 240.50000000000003 421.50000000000006 37.750000000000007 -460.27856445312494 300.50000000000006 33.750000000000007 -52.499999999999993 16.803649902343754 134.50000000000003 1.0833977460861208 775.85751342773449 354.61666870117193 39.750000000000007 39.649999618530281 38.350000381469734 22.500000000000004 201.50000000000003 -625.62506103515614 38.049999237060554 1.1471294164657595 714.50000000000011 -445.49896240234369 79.500000000000014 37.100000381469734 970.50000000000011 5.5000000000000009
decision_type=2 2 2 2 2 2 2 2 2 2 2 2 2 2 2 2 2 2 2 2 2 2 2 2 2 2 2 2 2 2
left_child=2 -2 3 5 -5 6 7 10 -9 -10 11 -1 13 14 -13 16 17 18 -8 -19 -18 -21 25 -24 -25 -23 27 -27 29 -20
right_child=1 -3 -4 4 -6 -7 15 8 9 -11 -12 12 -14 -15 -16 -17 20 19 28 21 -22 22 23 24 -26 26 -28 -29 -30 -31
leaf_value=0.070896579800776266 0.10001894356129784 -0.016935028069321578 -0.076846075970400815 0.015668335408949668 -0.097428604600985999 0.10000460400779104 -0.053002069292493841 -0.080762541207276828 0.087656566756531107 -0.078171632903703867 0.078128140831299167 -0.10005074158660104 0.10001758678652324 -0.086860189254639106 0.10001146539307773 0.066710044424751924 -0.099411107008541125 -0.087529477963916955 -0.10001561712669345 0.10001811117439736 0.044371117330257386 0.10000433905416413 -0.09330090390219864 -0.07415300127463717 0.079378410409511088 0.05380551698342078 0.022200329265830727 -0.061797227879427333 0.092495628939766456 0.10005027014889599
leaf_weight=0.0033791031654626371 0.0018614582438498664 0.0010008313658644852 0.0014521524231838603 0.0017989253275949571 0.0019901567266060738 0.001030258039349973 0.0028787262125185018 0.0085675955534068038 0.0028955387833242705 0.0024864575242347087 0.0045929174481216242 0.0021029467044400008 0.00131427985148136 0.0065946117716819685 0.002581343988438789 0.0046075004293069091 0.0037931873139314112 0.0040830023842914889 0.0012914238018737487 0.0018792414585959696 0.0017696715158308507 0.0024552041454626297 0.0072779807817937581 0.0017229378865977196 0.003071591735988477 0.0025597333623750282 0.028408886680352907 0.0095536677445906548 0.0094394819782337436 0.0011243181070312858
leaf_count=177 3168 639 33 275 28 43 538 3604 423 361 173 63 55 147 89 920 91 2320 121 41 51 79 313 54 31 28 603 562 177 2
internal_value=-0.000223248 0.0591247 -0.00156395 -0.000691133 -0.0437341 0.000651622 -0.000198316 -0.0123915 -0.0453417 0.0110447 0.00995893 -0.00964349 -0.0312547 -0.0465512 0.0101963 0.00469999 0.0011861 0.00521483 0.0477712 -0.00506218 -0.0536707 0.000852433 -0.00253279 -0.0466336 0.0242061 0.00985528 0.00439324 -0.0373687 0.0722413 -0.00690232
internal_weight=0.129565 0.00286229 0.126703 0.125251 0.00378908 0.121462 0.120431 0.0345148 0.0139496 0.005382 0.0205652 0.0159723 0.0125932 0.0112789 0.00468429 0.0859166 0.0813091 0.0757462 0.014734 0.0610122 0.00556286 0.0569292 0.05505 0.0120725 0.00479453 0.0429775 0.0405223 0.0121134 0.0118552 0.00241574
internal_count=15209 3807 11402 11369 303 11066 11023 5092 4388 784 704 531 354 299 152 5931 5011 4869 838 4031 142 1711 1670 398 85 1272 1193 590 300 123
is_linear=0
shrinkage=0.1


Tree=178
num_leaves=31
num_cat=0
split_feature=2 7 16 22 16 15 17 20 19 22 22 10 12 22 22 5 20 1 15 22 20 20 3 6 21 22 22 0 22 19
split_gain=0.000901565 0.000815695 0.000735578 0.00128245 0.0022367 0.00263985 0.00293074 0.00193933 0.00245032 0.00186246 0.00328764 0.00234763 0.00184177 0.00181017 0.00177022 0.00280654 0.00213779 0.00175113 0.00164695 0.00278961 0.00155314 0.00123385 0.00360582 0.00264868 0.0024228 0.00304413 0.00262731 0.00251719 0.00267973 0.00136295
threshold=917.50000000000011 137.50000000000003 -1.4310344457626341 46.750000000000007 -2.1896551847457881 161.08333587646487 689.62109375000011 15.501419067382814 1.0430364608764651 36.850000381469734 34.350000381469734 -17.499999999999996 -86.499999999999986 44.649999618530281 36.649999618530281 2663.5000000000005 107.79038619995119 206.50000000000003 354.61666870117193 37.45000076293946 11.062284469604494 25.992187500000004 4768.5000000000009 35.500000000000007 39.350000381469734 41.95000076293946 38.649999618530281 21.500000000000004 39.250000000000007 1.2629984021186831
decision_type=2 2 2 2 2 2 2 2 2 2 2 2 2 2 2 2 2 2 2 2 2 2 2 2 2 2 2 2 2 2
left_child=2 -2 3 4 5 6 -1 20 -9 10 11 -10 -5 18 15 -6 -16 -14 -11 -20 -7 22 -4 24 25 26 -23 28 -28 -24
right_child=1 -3 21 12 14 7 -8 8 9 13 -12 -13 17 -15 16 -17 -18 -19 19 -21 -22 23 29 -25 -26 -27 27 -29 -30 -31
leaf_value=-0.10002434281384119 -0.013763487206450674 0.10001721456314848 0.086370987803576771 0.093159676508417374 -0.088992017176095589 -0.042547615590432554 0.053831713011899235 0.06349566042783826 0.050475265206270027 -0.097263554106007177 0.080727755071904855 -0.073537874492022301 -0.10000481626619058 0.070413165239121125 0.073014707631951836 0.069180834615020739 -0.057482120551995509 0.072029786402689297 -0.093412698526890214 0.10002020799324136 0.10003069611284257 -0.10000224985890889 -0.00013855885420621745 -0.076363703790580981 -0.10000693524577385 -0.10001174816603575 0.046046188663634441 0.093659965633735007 -0.10001194217108827 -0.054912998928463991
leaf_weight=0.0056287963344630034 0.0010114579675217774 0.0016709933797347531 0.0044934609845483911 0.0037774571035438242 0.0025304272110915358 0.0010132818702750504 0.0015871856202238632 0.0039223126869103444 0.0022330487900781258 0.006144072878953466 0.0038349820365084497 0.0048244204686653837 0.0012599822746324199 0.0010611505376800787 0.0093576778109962788 0.0020151040517930596 0.0014498551013844016 0.0011155202911510287 0.0016697379257379907 0.0013470286440622203 0.0031058204539924361 0.0014060389565226936 0.027898900201542176 0.0074297987473848073 0.0023119181731772178 0.0021456015634289125 0.0038828597259197295 0.0054557507122581228 0.001856859763826435 0.0054263655497450705
leaf_count=147 375 3432 147 268 236 451 42 170 63 227 140 170 65 24 221 63 103 237 25 80 205 2235 942 1942 77 954 148 144 1758 118
internal_value=-0.000223066 0.0571145 -0.0015028 0.00661433 0.00148034 -0.0120301 -0.0661831 0.00137262 -0.00908842 -0.022572 0.0061993 -0.034299 0.0497733 -0.0532303 0.0334869 -0.0188716 0.0555083 -0.0192185 -0.0675527 -0.00704219 0.064957 -0.00904285 0.00228091 -0.0265304 -0.00482631 0.0100952 0.0288427 0.0450243 -0.00120516 -0.0090575
internal_weight=0.122868 0.00268245 0.120185 0.0578779 0.0517249 0.0363718 0.00721598 0.0291559 0.0250368 0.0211144 0.0108925 0.00705747 0.00615296 0.010222 0.0153531 0.00454553 0.0108075 0.0023755 0.00916084 0.00301677 0.0041191 0.0623076 0.0378187 0.0244888 0.017059 0.0147471 0.0126015 0.0111955 0.00573972 0.0333253
internal_count=15209 3807 11402 2937 2367 1744 189 1555 899 729 373 233 570 356 623 299 324 302 332 105 656 8465 1207 7258 5316 5239 4285 2050 1906 1060
is_linear=0
shrinkage=0.1


Tree=179
num_leaves=31
num_cat=0
split_feature=20 19 17 1 9 13 5 16 17 11 3 17 17 22 22 18 2 22 12 22 19 21 22 0 12 5 20 23 18 15
split_gain=0.00080521 0.000749744 0.00141587 0.00129035 0.00124398 0.000836205 0.00156283 0.00159435 0.0014735 0.00112695 0.00228139 0.0016007 0.0028744 0.00148097 0.00253496 0.00343266 0.00434224 0.00208686 0.00239228 0.00154209 0.00141812 0.00137199 0.0018955 0.00138537 0.00117863 0.00224252 0.00135014 0.0012116 0.00259392 0.00246574
threshold=3.5711315870285039 1.0315997004508974 560.40219116210949 31.500000000000004 1.0000000180025095e-35 39.350000381469734 309.50000000000006 -0.29310344159603113 55.152170181274421 163.50000000000003 10673.500000000002 166.53562164306643 65.494338989257827 46.750000000000007 50.649999618530281 -244.37347412109372 279.50000000000006 42.350000381469734 -129.49999999999997 53.149999618530281 1.300899922847748 37.549999237060554 41.549999237060554 170.50000000000003 121.50000000000001 3586.5000000000005 14.678769111633303 1.0000000180025095e-35 -393.11169433593744 128.50000000000003
decision_type=2 2 2 2 2 2 2 2 2 2 2 2 2 2 2 2 2 2 2 2 2 2 2 2 2 2 2 2 2 2
left_child=-1 2 4 -3 -2 6 7 -5 -7 11 -11 12 -10 17 -15 16 -16 21 -19 -17 -12 -13 23 24 25 26 -23 -28 29 -29
right_child=1 3 -4 5 -6 8 -8 -9 9 10 20 13 -14 14 15 19 -18 18 -20 -21 -22 22 -24 -25 -26 -27 27 28 -30 -31
leaf_value=0.060253456452590816 -0.050186203280728182 -0.10001593449814515 0.097505225022446282 -0.086097354734896603 0.064455130379868553 -0.074725123907171953 0.090762809386783092 0.033385174324060053 0.048205861373466469 -0.08807613543553465 0.083946317617348221 0.065875011381440224 -0.100022302803438 0.08095652221922324 -0.10002261527242734 0.09765117471464993 0.10001743938880309 0.055314624296588344 -0.076973748692522104 -0.042225324383783638 -0.026028262789487507 0.10001400771961433 -0.082530118943579853 0.081696277887585225 -0.094354364184129791 0.10000902406903256 0.07450733029097914 0.03093931088735127 -0.089281562294281303 -0.021971034989850396
leaf_weight=0.0021604453304444595 0.0023075898057598456 0.0013616934792519677 0.0021732324236154454 0.001596943290451236 0.0016047701005668102 0.0029058556685868089 0.0027119104914277159 0.0037144025332338515 0.0018828281404879013 0.0012789393631464909 0.0049735079174411112 0.0028770395671102724 0.004286808844891965 0.0054234947464877328 0.0045693183212733857 0.0033032538771067266 0.0014230805308557137 0.001672268882899175 0.0074884441827123283 0.001035168793464436 0.0015342566154998849 0.001176320493872395 0.0029795469125701848 0.0019722000645181472 0.0013958388174444272 0.0020963974200842719 0.0016916223428324875 0.013330133572196687 0.003924682449664387 0.02596182740060371
leaf_count=3361 3957 430 107 121 456 425 44 135 76 18 141 305 604 524 97 88 92 88 529 203 27 40 204 556 101 807 46 419 437 771
internal_value=-0.000228988 -0.00136868 0.032787 -0.00328321 -0.00316267 -0.00205455 0.0289975 -0.00253921 -0.00456646 -0.00244891 0.0340233 -0.00565829 -0.0547866 -0.0019763 0.0255943 -0.00346981 -0.0525169 -0.00850147 -0.0528248 0.064276 0.0580189 -0.00142841 -0.00497948 -0.000497031 -0.00376674 -0.00114235 -0.00574374 -0.00851395 -0.0117636 -0.00402075
internal_weight=0.116814 0.114653 0.00608559 0.108568 0.00391236 0.107206 0.00802326 0.00531135 0.0991828 0.096277 0.0077867 0.0884903 0.00616964 0.0823206 0.0157543 0.0103308 0.0059924 0.0665663 0.00916071 0.00433842 0.00650776 0.0574056 0.0545286 0.051549 0.0495768 0.048181 0.0460846 0.0449083 0.0432166 0.039292
internal_count=15209 11848 4520 7328 4413 6898 300 256 6598 6173 186 5987 680 5307 1004 480 189 4303 617 291 168 3686 3381 3177 2621 2520 1713 1673 1627 1190
is_linear=0
shrinkage=0.1


Tree=180
num_leaves=31
num_cat=0
split_feature=12 16 20 3 22 22 21 18 12 18 5 9 0 11 22 16 15 17 20 19 22 22 17 12 22 5 20 1 0 16
split_gain=0.000822655 0.000693404 0.00110376 0.00273082 0.00177377 0.00303385 0.00283225 0.00434883 0.00148543 0.00127938 0.00237469 0.00106485 0.00125583 0.00110047 0.00106292 0.00190468 0.00226654 0.00252432 0.00176906 0.00193608 0.00172859 0.00289216 0.00216915 0.00149206 0.00145761 0.00243897 0.00181394 0.00137775 0.00122945 0.00180021
threshold=466.50000000000006 -1.4310344457626341 23.805509567260746 4768.5000000000009 38.649999618530281 39.250000000000007 38.45000076293946 -434.46205139160151 68.500000000000014 -490.23353576660151 2717.0000000000005 29.500000000000004 112.50000000000001 196.50000000000003 46.750000000000007 -2.1896551847457881 161.08333587646487 689.62109375000011 15.501419067382814 1.0430364608764651 36.850000381469734 34.350000381469734 842.80474853515636 -86.499999999999986 36.649999618530281 2663.5000000000005 107.79038619995119 201.50000000000003 119.50000000000001 -5.0172414779663077
decision_type=2 2 2 2 2 2 2 2 2 2 2 2 2 2 2 2 2 2 2 2 2 2 2 2 2 2 2 2 2 2
left_child=1 14 3 -3 -4 -6 7 -7 -9 -5 -11 -12 -13 -14 15 16 17 -1 -18 -20 21 22 28 -16 25 -17 -26 -25 -21 -30
right_child=-2 2 4 9 5 6 -8 8 -10 10 11 12 13 -15 23 24 18 -19 19 20 -22 -23 -24 27 26 -27 -28 -29 29 -31
leaf_value=-0.10002058282157084 0.056405911542802556 0.084014580376919501 -0.074100769544903897 0.077796122974615814 0.049657669584890228 0.096221835974226816 -0.094063685380353312 -0.099192432924128784 0.040524868058294118 -0.1000146918369363 0.011124338608057602 -0.058442334929448406 -0.040143062849449282 0.1000098139671064 0.09198781051933333 -0.086420532902269642 0.065581782460736177 0.047897067611363239 0.059527673227676138 -0.10002435169153617 -0.053096521451092428 0.078489367088998119 0.10002712486465903 -0.10000404424622955 0.070111832854089964 0.065994498699535706 -0.054617119665672002 0.065137164996868946 -0.08934528612671272 0.079989863383386817
leaf_weight=0.0048465133365667148 0.0025080370167476209 0.0036650343222817119 0.0057301427549951702 0.0016593211527435861 0.0057533079368674569 0.0029231717478523924 0.0052283063610651936 0.003016980733145048 0.0010175995069161559 0.002795161437859405 0.017178017966676506 0.0056387079316060351 0.0011186016301252266 0.0011223728288598522 0.0032059885467514704 0.0022937334787371819 0.0037219876576486391 0.0015141910068336983 0.0035102890212499452 0.0030484648904121059 0.0090358064023590146 0.0036390001331696453 0.0010396754797916685 0.0010140057108856118 0.0086748875599838016 0.001936130648468648 0.0013470189652764484 0.0010068085692296336 0.0012684573703154456 0.0012430408325485587
leaf_count=147 726 192 3784 64 210 110 582 2615 67 198 2416 94 15 25 368 236 1591 42 170 107 356 140 71 64 282 111 103 268 16 39
internal_value=-0.000219401 -0.00152002 -0.00916692 0.0026026 -0.0256641 -0.0101926 -0.0384492 0.00334151 -0.063953 -0.00750773 -0.0125897 -0.00283749 -0.0332748 0.0300513 0.00678436 0.00203837 -0.0112009 -0.0648082 0.00166304 -0.00877837 -0.0212184 0.00691477 -0.032551 0.0495691 0.0325707 -0.0166558 0.0533473 -0.0177275 -0.0573422 -0.00553455
internal_weight=0.111701 0.109193 0.0568467 0.0331772 0.0236695 0.0179394 0.0121861 0.00695775 0.00403458 0.0295122 0.0278529 0.0250577 0.00787968 0.00224097 0.052346 0.0471192 0.0328674 0.0063607 0.0265067 0.0227847 0.0192744 0.0102386 0.00659964 0.0052268 0.0142518 0.00422986 0.0100219 0.00202081 0.00555996 0.0025115
internal_count=15209 14483 10372 3004 7368 3584 3374 2792 2682 2812 2748 2550 134 40 4111 3411 2679 189 2490 899 729 373 233 700 732 347 385 332 162 55
is_linear=0
shrinkage=0.1


Tree=181
num_leaves=31
num_cat=0
split_feature=0 6 18 6 22 20 7 19 11 20 19 19 2 15 6 18 16 20 14 16 5 17 21 18 22 21 15 22 19 21
split_gain=0.00071505 0.000617219 0.00111951 0.000819148 0.00128786 0.000920305 0.00132658 0.000764948 0.00163736 0.000774684 0.000745455 0.000898951 0.00089992 0.00216657 0.00189538 0.00328863 0.00170597 0.000714403 0.00101323 0.00257382 0.00198373 0.00199727 0.00181212 0.00162422 0.00118464 0.00228149 0.00282762 0.00230299 0.00239435 0.00257081
threshold=198.50000000000003 3595.5000000000005 406.34040832519537 2332.5000000000005 53.250000000000007 8.0232443809509295 70.500000000000014 1.2075539231300356 -5.4999999999999991 104.62826538085939 1.1944918632507326 1.1813261508941653 70.500000000000014 94.250000000000014 1.0000000180025095e-35 -340.59799194335932 -0.25862068682909006 11.062284469604494 6.2777779102325448 0.46551723778247839 3586.5000000000005 297.85835266113287 37.850000381469734 -244.37347412109372 51.649999618530281 37.649999618530281 158.81666564941409 41.549999237060554 1.0435644984245303 39.350000381469734
decision_type=2 2 2 2 2 2 2 2 2 2 2 2 2 2 2 2 2 2 2 2 2 2 2 2 2 2 2 2 2 2
left_child=1 2 3 4 5 6 -1 10 9 -9 11 12 14 -14 15 16 -7 -15 19 20 21 -19 -20 24 25 26 -23 28 -27 -30
right_child=-2 -3 -4 -5 -6 7 -8 8 -10 -11 -12 -13 13 17 -16 -17 -18 18 22 -21 -22 23 -24 -25 -26 27 -28 -29 29 -31
leaf_value=0.079306908742628898 0.083754707204273263 0.055161135265814988 -0.063988561702193497 0.059459965421786658 -0.079408886370734663 -0.031225165781421472 -0.019613361133701976 0.066208433522685198 -0.096349360180705501 -0.048389122075793572 0.052778413326934281 -0.061117492298874657 -0.084140132216575972 -0.056978027636467747 0.074854943067488244 -0.10001328244834125 0.087074400513914657 -0.073183483152829895 0.072019440943279334 -0.093818776639824214 0.10001153126551139 -0.045408921414947873 -0.048161942747386166 0.094164675657407118 -0.061415420086265521 0.097417156576626918 0.078237945778335927 -0.10000728887663426 -0.077370620501810261 0.0044764090289714752
leaf_weight=0.0033468283452968697 0.0010039936011505537 0.0019186351032729468 0.0028408397185444292 0.0022401927978172856 0.0020871420715113933 0.0020220307431007001 0.002278735171541868 0.0014120903970287202 0.0025578758107904767 0.0010131187135691277 0.0025732875540214186 0.0024844770321248424 0.003255145696520855 0.0021683273887767021 0.0046902644164390495 0.0024969165235617652 0.003069470264101426 0.003626432971881143 0.0046121181508453893 0.0029478019076769604 0.0019945860457681866 0.0024805785164829647 0.0017234511318093837 0.0019091441513410376 0.0029370724995487754 0.0023022704289701315 0.0072698139512183957 0.0025256112731142357 0.0045664491424304279 0.024044962364021316
leaf_count=244 603 3230 97 487 287 287 80 109 118 86 169 239 528 193 127 4146 149 1046 50 643 579 109 73 65 69 145 183 125 290 653
internal_value=-0.000238445 -0.00103856 -0.00208059 -0.000333007 -0.00169432 -1.01414e-05 0.0392375 -0.00244488 -0.0405334 0.0183359 -0.000230202 -0.00187114 -4.58488e-05 -0.00452281 0.0248804 -0.00600794 0.0400931 -0.000542289 0.00140195 -0.00284284 0.00215519 -0.00162286 0.0393268 0.00377956 3.86014e-05 0.00421772 0.0467812 -0.00819314 -0.000692033 -0.00858657
internal_weight=0.1064 0.105396 0.103477 0.100636 0.098396 0.0963089 0.00562556 0.0906833 0.00498308 0.00242521 0.0857002 0.0831269 0.0806424 0.0683638 0.0122787 0.00758842 0.0050915 0.0651086 0.0629403 0.0566047 0.0536569 0.0516623 0.00633557 0.0480359 0.0461268 0.0431897 0.00975039 0.0334393 0.0309137 0.0286114
internal_count=15209 14606 11376 11279 10792 10505 324 10181 313 195 9868 9699 9460 4751 4709 4582 436 4223 4030 3907 3264 2685 123 1639 1574 1505 292 1213 1088 943
is_linear=0
shrinkage=0.1


Tree=182
num_leaves=31
num_cat=0
split_feature=17 20 22 6 20 4 1 21 19 21 1 22 21 18 22 0 21 1 18 4 3 11 21 21 17 2 15 0 17 13
split_gain=0.000687824 0.00187122 0.000854517 0.00307547 0.00245974 0.00167273 0.00192314 0.00195668 0.00144381 0.000913133 0.00146276 0.000848381 0.00245123 0.00232124 0.00225627 0.00217831 0.00213576 0.00260933 0.00160154 0.00133981 0.00175075 0.0012777 0.00122608 0.00186102 0.00322073 0.00205709 0.00277972 0.00251137 0.00198122 0.001711
threshold=842.80474853515636 31.781346321105961 36.350000381469734 334.50000000000006 25.992187500000004 7559.0000000000009 274.50000000000006 42.750000000000007 1.3440206050872805 42.049999237060554 296.50000000000006 36.850000381469734 40.149999618530281 -519.00564575195301 39.350000381469734 24.500000000000004 38.649999618530281 214.50000000000003 -625.62506103515614 4609.5000000000009 970.50000000000011 -14.499999999999998 37.750000000000007 36.049999237060554 161.60405731201175 131.50000000000003 43.083332061767585 155.50000000000003 544.26483154296886 115.04999923706056
decision_type=2 2 2 2 2 2 2 2 2 2 2 2 2 2 2 2 2 2 2 2 2 2 2 2 2 2 2 2 2 2
left_child=2 -2 3 -1 5 -5 -7 9 11 10 -8 21 14 -14 16 -16 17 -13 -17 20 -18 -4 23 24 -20 26 -25 29 -28 -27
right_child=1 -3 8 4 -6 6 7 -9 -10 -11 -12 12 13 -15 15 18 19 -19 22 -21 -22 -23 -24 25 -26 27 28 -29 -30 -31
leaf_value=-0.099704411500697365 0.10002093101523944 -0.062282877970920886 0.099677992925840328 0.060278741605184399 0.096392431170285744 -0.085399215551850344 -0.066796612718391074 0.10002797436578613 0.08579630817770853 -0.096225794430552028 0.076033995759040837 -0.09380362605463255 -0.1000142096647902 0.034843145320373546 -0.06928145579929515 0.10001242130066655 -0.013419221642653537 0.10002680698434965 -0.10001199537645614 -0.025942653467804107 0.094631346604246797 -0.038810394530467834 -0.027036597581831658 0.095127937852675648 0.0081525987026781262 -0.057477038117396941 -0.10001500701451344 -0.080717447065476497 0.048545023318913146 0.07742807969697979
leaf_weight=0.0039198196708429825 0.0021152107948116941 0.0010695123781374605 0.0019740700454491389 0.0022675358681496513 0.0022428516066064228 0.0043106373132104636 0.0015110490526240028 0.0015248647697525541 0.0020415814110776856 0.0014556054803733787 0.00136449043451492 0.0022015242652386755 0.0044615111710299971 0.0017878122704857438 0.0048522232148595626 0.001579102239418261 0.0018584345191783314 0.0010145959240617231 0.0036616957010764404 0.00156702398919606 0.0077660499096054991 0.0010055439453502393 0.014170493613669066 0.0015708991502378913 0.011091288203463279 0.0010305956905085631 0.003277030811318582 0.0013034973967513972 0.0012363831310722162 0.010711508563545635
leaf_count=2172 2177 72 46 149 98 118 31 845 1131 141 168 1295 89 235 2587 51 100 5 161 115 151 772 753 52 858 7 370 43 15 402
internal_value=-0.000226458 0.0455151 -0.0017015 -0.0210139 2.0525e-06 -0.0173846 -0.0347064 0.00260878 0.00277877 -0.0316896 0.000978843 0.00060923 -0.00146592 -0.0614341 0.00397388 -0.00533226 0.0391665 -0.0326555 0.000919611 0.0598061 0.0737674 0.0529417 -0.00233672 0.00799326 -0.0186939 0.0285744 -0.0194427 0.050969 -0.0593192 0.0655876
internal_weight=0.101944 0.00318472 0.0987597 0.0185969 0.014677 0.0124342 0.0101666 0.00585601 0.0801629 0.00433114 0.00287554 0.0781213 0.0751417 0.00624932 0.0688923 0.0544847 0.0144076 0.00321612 0.0496325 0.0111915 0.00962448 0.00297961 0.0480534 0.0338829 0.014753 0.0191299 0.00608431 0.0130456 0.00451341 0.0117421
internal_count=15209 2249 12960 3722 1550 1452 1303 1185 9238 340 199 8107 7289 324 6965 5299 1666 1300 2712 366 251 818 2661 1908 1019 889 437 452 385 409
is_linear=0
shrinkage=0.1


Tree=183
num_leaves=31
num_cat=0
split_feature=12 18 20 21 14 16 2 9 5 17 6 14 6 10 18 15 21 22 15 12 21 10 0 18 22 22 0 21 6 20
split_gain=0.000652995 0.000663959 0.0020392 0.00148409 0.00119584 0.00099703 0.000949541 0.000715103 0.000627755 0.00148551 0.00157811 0.0011768 0.00108261 0.0010675 0.000849636 0.00271463 0.00185851 0.00301247 0.00209626 0.00204893 0.00172533 0.00170898 0.00162487 0.00345809 0.0036512 0.00196868 0.00217496 0.00195714 0.0050566 0.00132323
threshold=466.50000000000006 307.70677185058599 6.76497507095337 34.049999237060554 -10.055555343627928 9.7758617401123065 688.50000000000011 37.500000000000007 3515.5000000000005 191.181022644043 589.50000000000011 16.611110687255863 609.50000000000011 49.500000000000007 -358.36102294921869 255.05000305175784 37.649999618530281 40.95000076293946 158.81666564941409 -6.4999999999999991 38.549999237060554 -1.0000000180025095e-35 72.500000000000014 -503.63768005371088 36.850000381469734 34.149999618530281 109.50000000000001 39.649999618530281 195.50000000000003 25.992187500000004
decision_type=2 2 2 2 2 2 2 2 2 2 2 2 2 2 2 2 2 2 2 2 2 2 2 2 2 2 2 2 2 2
left_child=1 2 -1 -3 -4 6 -5 8 12 11 -11 -10 13 14 16 20 18 22 19 -6 29 -22 27 24 25 26 -24 -18 -29 -16
right_child=-2 3 4 5 7 -7 -8 -9 9 10 -12 -13 -14 -15 15 -17 17 -19 -20 -21 21 -23 23 -25 -26 -27 -28 28 -30 -31
leaf_value=0.075993017817102035 0.053040503864206758 -0.091628586684377913 0.10000554888838753 0.030749740283237511 -0.053909181007303734 0.084908188288926212 -0.077437269560387281 -0.061066522535315818 -0.084064974875626641 -0.02036955710329108 0.093639815195678364 0.041198727807998978 -0.065057849201657539 0.086570557449943297 -0.033023333787250718 0.046927116308380569 0.053695849265386779 -0.075971391283312831 0.088228988839577208 0.099565875244383303 -0.080264931822223565 0.072315120904172317 -0.063034587447772725 -0.1000033593859383 -0.069715396351829051 0.10000664336198727 0.080254023351040149 -0.090174001217408012 0.086726840402508165 -0.10000727942343035
leaf_weight=0.0034712806797072551 0.0022492118666264096 0.0025659424632706864 0.0011289109534615696 0.0016017211859207237 0.0029290199298657171 0.0011330895145160724 0.0016438926624466887 0.002111320031417562 0.0017984718689021406 0.0018344791138531491 0.0035901421206752104 0.0012864508444181411 0.0028946473728694846 0.00131592773777811 0.0081260461709007428 0.0045506906299053176 0.010268921022692723 0.005381485238665106 0.0048838715072179184 0.0012373257884519193 0.0010826744648495534 0.0022798947326601029 0.0023757275095022123 0.0038996535098476661 0.0040020837881229463 0.003757743333039798 0.0019117587730761443 0.0038528397408867923 0.0027830052054014232 0.0046291543428580448
leaf_count=1430 726 68 345 10 161 353 1704 16 116 208 971 14 69 8 302 401 443 330 127 34 199 201 58 244 142 98 52 269 104 6006
internal_value=-0.000209871 -0.0014796 0.000885556 -0.0312401 -0.00222149 0.00414792 -0.0240466 -0.00361555 -0.00211196 0.0235764 0.0550845 -0.0318285 -0.00514119 -0.00263732 -0.00436488 -0.0212777 0.00302803 -0.00661775 0.0437772 -0.00833 -0.0405347 0.0231876 0.00474316 -0.0181547 0.00833927 0.0471674 0.000856756 0.0263437 -0.0159836 -0.0573333
internal_weight=0.0965774 0.0943282 0.0873835 0.00694465 0.0839122 0.0043787 0.00324561 0.0827833 0.080672 0.00850954 0.00542462 0.00308492 0.0721625 0.0692678 0.0679519 0.0206685 0.0472834 0.0382332 0.00905022 0.00416635 0.0161178 0.00336257 0.0328517 0.015947 0.0120473 0.00804523 0.00428749 0.0169048 0.00663584 0.0127552
internal_count=15209 14483 12348 2135 10918 2067 1714 10573 10557 1309 1179 130 9248 9179 9171 7109 2062 1740 322 195 6708 400 1410 594 350 208 110 816 373 6308
is_linear=0
shrinkage=0.1


Tree=184
num_leaves=31
num_cat=0
split_feature=17 15 22 6 20 4 1 21 19 17 22 21 18 22 3 2 21 10 13 17 21 21 8 4 16 2 19 2 17 13
split_gain=0.000696876 0.0012318 0.000772769 0.0026243 0.00209976 0.00130039 0.00150661 0.00164875 0.00121207 0.000803749 0.000675874 0.00198774 0.0019984 0.00181286 0.00196811 0.00217746 0.00185256 0.00163655 0.00163596 0.00166847 0.0017762 0.00216533 0.00255906 0.00212348 0.00185148 0.00270939 0.00269967 0.00163567 0.00165222 0.00157536
threshold=842.80474853515636 354.61666870117193 36.350000381469734 334.50000000000006 25.992187500000004 7356.0000000000009 274.50000000000006 42.750000000000007 1.3440206050872805 782.71850585937511 36.850000381469734 40.149999618530281 -519.00564575195301 39.350000381469734 1891.0000000000002 70.500000000000014 38.649999618530281 7.5000000000000009 110.09999847412111 55.152170181274421 37.750000000000007 33.750000000000007 1.0000000180025095e-35 10272.500000000002 -2.8448275327682491 279.50000000000006 1.2543495297431948 131.50000000000003 524.49136352539074 678.54998779296886
decision_type=2 2 2 2 2 2 2 2 2 2 2 2 2 2 2 2 2 2 2 2 2 2 2 2 2 2 2 2 2 2
left_child=2 -2 3 -1 5 -5 -7 9 10 -8 -4 13 -13 16 -15 -16 17 -12 -17 -20 21 24 27 -22 -21 -26 -27 28 -23 -25
right_child=1 -3 8 4 -6 6 7 -9 -10 -11 11 12 -14 14 15 18 -18 -19 19 20 23 22 -24 29 25 26 -28 -29 -30 -31
leaf_value=-0.099586078336688907 -0.033084620811650998 0.10002296223048926 0.05137131017047003 0.056991686766166852 0.095638493638039279 -0.081311338308095296 -0.069496664299371499 0.10002273083978411 0.083894185525880793 0.023236021767186855 -0.092032613189761248 -0.100012033620633 0.032554236403802839 -0.062248106247984082 0.065527130948019791 -0.070500709892110533 0.057758363622624855 0.067787192029827817 -0.10002067122146843 0.1000158151511783 -0.088774656557808251 -0.10002513087113137 -0.065811522876087922 0.037414389770272012 -0.093603673813813848 0.063908781234326834 -0.10001858940686717 0.074126179053196281 0.073830485018080469 -0.085640375909719957
leaf_weight=0.0034025389298664157 0.0011429308024588627 0.0017749043604000647 0.00252537216708859 0.001915053470561646 0.0019199988982627767 0.0038235969234392542 0.0022541576550736409 0.001278349244097754 0.001790048278230926 0.0015967286468736575 0.0017829267949860403 0.0037385064861155115 0.0016342283184727071 0.0053395191609073569 0.0048127428636774985 0.0035470948470148747 0.0098891346850820128 0.0010001305624633972 0.0015751437898074974 0.0011972148249697065 0.0038627659428911443 0.0011913070713944771 0.0018929439879613605 0.0042714303932172015 0.0039969420331544825 0.003524812745752115 0.0014051187390577979 0.011072405582083888 0.0010101088155352045 0.0013753417484814179
leaf_count=2172 122 2127 818 143 98 123 230 846 1131 110 1266 89 235 2660 246 315 366 34 91 34 320 67 108 225 213 113 28 778 11 90
internal_value=-0.000201374 0.047884 -0.0017845 -0.0215356 -0.000768281 -0.0178002 -0.0337985 0.00161996 0.00263018 -0.0310461 0.000571069 -0.00131222 -0.0596893 0.00368633 -0.00486437 0.00198483 0.0374749 -0.0345991 -0.0056753 0.000646031 0.00520243 0.0190557 0.0429619 -0.0316406 -0.016758 -0.032419 0.0171865 0.0584738 -0.0202523 0.00744287
internal_weight=0.0915435 0.00291784 0.0886257 0.0161904 0.0127879 0.0108679 0.00895283 0.00512924 0.0724352 0.00385089 0.0706452 0.0681198 0.00537273 0.0627471 0.0500749 0.0447354 0.0126722 0.00278306 0.0399226 0.0363755 0.0348004 0.0252909 0.0151668 0.00950954 0.0101241 0.00892687 0.00492993 0.0132738 0.00220142 0.00564677
internal_count=15209 2249 12960 3722 1550 1452 1309 1186 9238 340 8107 7289 324 6965 5299 2639 1666 1300 2393 2078 1987 1352 964 635 388 354 141 856 78 315
is_linear=0
shrinkage=0.1


Tree=185
num_leaves=31
num_cat=0
split_feature=17 15 22 6 20 20 18 3 20 15 21 17 22 2 1 18 21 20 21 21 22 6 21 14 17 7 18 22 0 6
split_gain=0.000610734 0.00112379 0.000680214 0.00192663 0.0021724 0.00113474 0.0017699 0.00112129 0.00102698 0.000900504 0.000524682 0.00263838 0.00136786 0.00228677 0.00312872 0.00277084 0.00108367 0.00130353 0.000853377 0.000906658 0.00196016 0.00196968 0.00143756 0.00141713 0.00127041 0.00126854 0.00113069 0.00112948 0.0015654 0.00175165
threshold=842.80474853515636 354.61666870117193 36.049999237060554 334.50000000000006 25.992187500000004 16.803649902343754 -503.63768005371088 11350.500000000002 3.5711315870285039 332.66665649414068 36.049999237060554 161.60405731201175 50.649999618530281 279.50000000000006 485.50000000000006 -244.37347412109372 36.45000076293946 29.1051139831543 37.250000000000007 37.45000076293946 41.95000076293946 530.50000000000011 37.95000076293946 -2.0555555820465083 217.60556793212893 1.5000000000000002 -434.46205139160151 40.850000381469734 79.500000000000014 201.50000000000003
decision_type=2 2 2 2 2 2 2 2 2 2 2 2 2 2 2 2 2 2 2 2 2 2 2 2 2 2 2 2 2 2
left_child=2 -2 3 -1 5 6 -5 -7 -4 -8 11 -10 -13 15 -15 -14 17 -12 -18 23 22 -22 -21 -20 -23 -26 -25 28 29 -24
right_child=1 -3 8 4 -6 7 9 -9 10 -11 16 12 13 14 -16 -17 18 -19 19 20 21 24 27 26 25 -27 -28 -29 -30 -31
leaf_value=-0.09939968630587015 -0.03010644535268673 0.1000207792568997 0.10000993508749928 0.10000396783591776 0.099779730559707 -0.10000630421916577 -0.069154414182426391 0.0034674967247039184 -0.10000989361635873 0.03500630325223579 0.077130045372204692 0.10001778461897522 -0.10001747756032341 0.10001250427643921 -0.10002071296876519 0.076195396897450612 -0.050654677520055327 -0.047974232114596761 0.099995495789190744 0.059894478087164318 -0.10000874925057815 -0.068194382213043372 0.01040078576848557 0.044064985050019947 -0.022582124459141019 0.10001416393739473 -0.087679600635707317 -0.057865460611436284 -0.030659905169445924 0.094663000320271792
leaf_weight=0.0026112681929664214 0.0011310559830661751 0.0016060331713054765 0.0010580645615867459 0.0015162473425363041 0.0017087682420253722 0.002694947999316355 0.0021675588097878054 0.0017129006907339317 0.0029781884113333499 0.0013450401480952223 0.0038281028726316882 0.0013692911663127924 0.0034921129264944301 0.0029853658973024721 0.0010593940887702047 0.0011986470976861324 0.0030490740026216647 0.0010644624506319644 0.0023869600922452605 0.0049545273301649919 0.0035755990204133781 0.0019689737400767626 0.015705608583255426 0.0017497857888884027 0.0018718580598431345 0.0015370692971075073 0.0010378325466042773 0.0028766340267800663 0.0074260244581694215 0.0029268149871342066
leaf_count=1510 122 2127 1343 48 68 142 61 52 168 1089 95 356 97 154 15 274 2539 149 58 552 678 43 1570 14 55 128 783 318 485 116
internal_value=-0.000236503 0.0462479 -0.00175375 -0.0220846 -0.00397045 -0.0227572 0.00970787 -0.0597961 0.00223604 -0.0292693 0.000737669 -0.0172914 0.00708822 -0.00747847 0.0476203 -0.0549892 0.00495277 0.0499114 0.000645402 0.0039029 -0.000872587 -0.0424868 0.0101217 0.0434418 -0.00424232 0.032696 -0.00498363 0.00159919 0.00816359 0.0236368
internal_weight=0.0865942 0.00273709 0.0838571 0.0137567 0.0111455 0.00943669 0.00502885 0.00440785 0.0701004 0.0035126 0.0690423 0.013083 0.0101048 0.00873552 0.00404476 0.00469076 0.0559593 0.00489257 0.0510668 0.0480177 0.0428431 0.0089535 0.0338896 0.00517458 0.0053779 0.00340893 0.00278762 0.0289351 0.0260584 0.0186324
internal_count=15209 2249 12960 2970 1460 1392 1198 194 9990 1150 8647 1064 896 540 169 371 7583 244 7339 4800 3945 904 3041 855 226 183 797 2489 2171 1686
is_linear=0
shrinkage=0.1


Tree=186
num_leaves=31
num_cat=0
split_feature=17 15 22 6 12 18 22 12 21 18 22 17 12 21 18 21 3 21 21 15 16 18 4 14 17 22 15 12 0 22
split_gain=0.000532625 0.00102672 0.000605489 0.00158717 0.00128881 0.00167091 0.0017447 0.00120807 0.00119951 0.00177907 0.00150725 0.00170326 0.00212488 0.0017301 0.00261027 0.00162547 0.00169534 0.00154884 0.00127483 0.00220458 0.00142162 0.00214995 0.00165352 0.00131983 0.00186724 0.00206827 0.00137362 0.00157723 0.00117724 0.00114539
threshold=842.80474853515636 354.61666870117193 37.750000000000007 236.50000000000003 -268.49999999999994 -490.23353576660151 34.149999618530281 -211.49999999999997 39.649999618530281 -490.23353576660151 39.549999237060554 585.34945678710949 12.500000000000002 37.649999618530281 30.121092796325687 38.45000076293946 970.50000000000011 38.149999618530281 36.149999618530281 228.83332824707034 11.534482955932619 -244.37347412109372 7454.0000000000009 8.3888888359069842 463.84844970703131 46.850000381469734 158.81666564941409 -6.4999999999999991 110.50000000000001 36.850000381469734
decision_type=2 2 2 2 2 2 2 2 2 2 2 2 2 2 2 2 2 2 2 2 2 2 2 2 2 2 2 2 2 2
left_child=2 -2 3 -1 -5 6 28 -4 10 -10 15 13 -13 18 -15 -9 -17 -16 19 -12 21 22 -21 24 25 -20 27 -26 -6 -7
right_child=1 -3 7 4 5 29 -8 8 9 -11 11 12 -14 14 17 16 -18 -19 23 20 -22 -23 -24 -25 26 -27 -28 -29 -30 -31
leaf_value=-0.09933713020393628 -0.0273442140144389 0.100018800402201 0.1000038172441776 -0.090023883830249174 -0.10002246698881784 -0.040762856825663447 0.076405359689923513 -0.04272444467510076 -0.083234668471450501 0.058788366748843773 -0.077953680626872149 0.057716163957033273 -0.09731969893678627 -0.085903733817460137 -0.040204105816591014 -0.019158771130525248 0.094767876230164014 0.077799958678686387 -0.075567229382506859 -0.10002009284735768 -0.05961314125075521 0.10001326140665501 0.061655318542103037 0.080272401922747913 -0.044982574253773756 0.083054073469888287 0.10001083004752098 0.10000977338079781 0.028661946000914387 0.059401466215302227
leaf_weight=0.0020760851857701814 0.0011213257145072921 0.0014532261923978496 0.0012687886017292973 0.001703764763444581 0.0011820066888503762 0.0081100272776435424 0.0044458151865001128 0.0017294269932044415 0.0034827104580017476 0.0011811438370816765 0.0043180334261077036 0.0073269168581369115 0.0010053361832156327 0.0063414819233917896 0.0024303756902099849 0.0017529977701258304 0.0051246314089610223 0.0020508623602832898 0.0036723968988905398 0.0014025055252204766 0.0020081994717457974 0.0027769676122773035 0.0011523387029228616 0.0031710349587932294 0.0022825758757392123 0.00105908713262437 0.0025275835145528447 0.0011175842573720729 0.0017836867568803427 0.0013286685727571515
leaf_count=3311 122 2127 327 177 50 1837 111 518 122 290 476 626 159 862 143 99 145 331 2117 20 131 288 37 141 82 235 118 30 42 135
internal_value=-0.000220955 0.0445468 -0.00166504 -0.0164175 -0.00713927 0.0012414 0.036778 0.00347738 0.00136268 -0.0472666 0.0056218 -0.0017654 0.0390102 -0.0111221 -0.0446201 0.0439379 0.0657298 0.0138011 0.00310162 -0.0212573 0.0120964 0.0391054 -0.0270979 0.0236347 0.00678544 -0.0400617 0.0441785 0.00267435 -0.0226265 -0.0266629
internal_weight=0.0823876 0.00257455 0.079813 0.0206301 0.018554 0.0168502 0.00741151 0.059183 0.0579142 0.00466385 0.0532503 0.0446433 0.00833225 0.036311 0.0108227 0.00860706 0.00687763 0.00448124 0.0254883 0.011658 0.00734001 0.00533181 0.00255484 0.0138303 0.0106592 0.00473148 0.00592774 0.00340016 0.00296569 0.0094387
internal_count=15209 2249 12960 5663 2352 2175 203 7297 6970 412 6558 5796 785 5011 1336 762 244 474 3675 952 476 345 57 2723 2582 2352 230 112 92 1972
is_linear=0
shrinkage=0.1


Tree=187
num_leaves=31
num_cat=0
split_feature=19 1 17 16 15 17 11 18 21 17 4 7 15 0 13 4 12 21 18 17 10 10 20 20 21 21 21 15 15 9
split_gain=0.000500555 0.00101521 0.000908798 0.000790182 0.000611483 0.000803545 0.00109522 0.000806471 0.000976086 0.000782528 0.00241672 0.00182506 0.00117124 0.00118563 0.00088343 0.000854811 0.00141481 0.00100058 0.000972019 0.00175124 0.000756092 0.000858923 0.000689846 0.000849612 0.00129299 0.00165308 0.00252147 0.0018533 0.00178422 0.00102724
threshold=1.0315997004508974 31.500000000000004 549.20916748046886 0.05172413773834706 40.716667175292976 55.152170181274421 171.50000000000003 188.55808258056643 34.049999237060554 217.60556793212893 10501.000000000002 5.5000000000000009 208.90000152587893 91.500000000000014 177.75000000000003 12032.500000000002 8.5000000000000018 37.95000076293946 -34.128170013427727 415.12091064453131 6.5000000000000009 4.5000000000000009 1961.5000000000002 29.886748313903812 39.649999618530281 39.149999618530281 37.549999237060554 158.81666564941409 46.81666564941407 -2.4999999999999996
decision_type=2 2 2 2 2 2 2 2 2 2 2 2 2 2 2 2 2 2 2 2 2 2 2 2 2 2 2 2 2 2
left_child=2 -2 3 -1 -3 -6 9 -8 -9 10 12 15 13 -7 -15 16 18 -17 19 -11 21 22 23 29 25 26 27 -25 -27 -21
right_child=1 4 -4 -5 5 6 7 8 -10 11 -12 -13 -14 14 -16 17 -18 -19 -20 20 -22 -23 -24 24 -26 28 -28 -29 -30 -31
leaf_value=-0.056833729163128878 -0.10001281790301111 0.033160798313889545 0.097186457021808031 0.051967145675632077 -0.07581900337049792 -0.10000979490079048 -0.036108594481592378 0.0032477787324984918 0.10001150680687043 -0.095462298146649124 -0.089646709018936205 0.10000882632524447 0.097229100666124502 0.068761658784315796 -0.048344158893587841 -0.026865957767423343 -0.092993604068291019 0.099167161805909898 0.075923050163502565 -0.010400249287366849 -0.076335674833812858 0.087405993909740853 0.076416660928641911 -0.037881301695139695 -0.077305516603374674 -0.039941783178550079 -0.084325130215950519 0.10001088540412875 0.095518791322993846 0.03263065572083676
leaf_weight=0.0012999535472575366 0.0010436980008305943 0.0049739617633832714 0.0014581398751456476 0.0013720591782586666 0.001488829962571713 0.0011266853765565799 0.0010696628213855411 0.0017508656676952228 0.0025765537223616519 0.0021022877967382591 0.0040771926017768578 0.0017426082388469757 0.0012622748049295751 0.0016197062970295661 0.0010695912676688124 0.0010197923008803391 0.0018471063092633236 0.0016476605380768561 0.0014826435862005443 0.012777400014750917 0.0013227670364130964 0.0011060180261779342 0.0010924174856086202 0.0021146790441548546 0.0033297850996092384 0.00156003698702989 0.0044452554073757256 0.0018080476011164137 0.0025811366567154437 0.0098045666541324294
leaf_count=3754 430 280 353 731 413 471 109 53 361 575 325 3727 99 124 78 151 236 565 236 530 56 10 99 74 296 34 350 38 61 590
internal_value=-0.000191605 -0.00208648 0.0336869 -0.000965268 -0.000682548 -0.00316444 -0.00153381 0.0416424 0.0608611 -0.00535769 -0.0323077 -0.000592924 0.0137282 -0.0138927 0.0221862 -0.0040962 -0.00719752 0.0509835 -0.00371663 -0.0063975 -0.00193326 0.000489652 -0.00194322 -0.00417122 -0.0219272 -0.00718615 -0.0327593 0.0256754 0.0444889 0.00828277
internal_weight=0.0779734 0.0738432 0.00413015 0.00267201 0.0727995 0.0678256 0.0663367 0.00539708 0.00432742 0.0609397 0.00915545 0.0517842 0.00507826 0.00381598 0.0026893 0.0500416 0.0473741 0.00266745 0.045527 0.0440444 0.0419421 0.0406193 0.0395133 0.0384209 0.0158389 0.0125092 0.00836798 0.00392273 0.00414117 0.022582
internal_count=15209 10371 4838 4485 9941 9661 9248 523 414 8725 1097 7628 772 673 202 3901 3185 716 2949 2713 2138 2082 2072 1973 853 557 462 112 95 1120
is_linear=0
shrinkage=0.1


Tree=188
num_leaves=31
num_cat=0
split_feature=2 16 20 19 18 16 18 20 20 22 15 16 12 20 19 3 21 4 2 19 18 4 19 21 2 15 13 17 5 9
split_gain=0.000481684 0.000488519 0.00129088 0.00130211 0.000665996 0.000629703 0.000615259 0.00066991 0.0014976 0.00176169 0.00132748 0.00102119 0.000991004 0.00154601 0.00129534 0.00162848 0.0040115 0.00124383 0.000889406 0.000867183 0.000846663 0.0012278 0.000887429 0.00101862 0.00145352 0.000885842 0.00124488 0.000964506 0.00205321 0.000761902
threshold=917.50000000000011 -5.8793103694915763 16.290672302246097 1.0741549134254458 -587.82397460937489 -5.0172414779663077 -625.62506103515614 107.79038619995119 971.50000000000011 41.95000076293946 25.683333396911625 -0.25862068682909006 -46.499999999999993 29.886748313903812 1.0955234766006472 9872.5000000000018 37.649999618530281 4835.5000000000009 48.500000000000007 1.042447626590729 -490.23353576660151 7137.5000000000009 1.2629984021186831 37.750000000000007 418.50000000000006 151.58333587646487 314.44999694824224 185.18360137939456 2965.5000000000005 -2.4999999999999996
decision_type=2 2 2 2 2 2 2 2 2 2 2 2 2 2 2 2 2 2 2 2 2 2 2 2 2 2 2 2 2 2
left_child=1 2 -1 -4 -5 -3 -7 10 -9 11 -8 -10 14 17 15 16 19 -14 -15 -12 -19 -22 23 25 -25 -23 27 -27 -29 -17
right_child=-2 5 3 4 -6 6 7 8 9 -11 12 -13 13 18 -16 29 -18 20 -20 -21 21 22 -24 24 -26 26 -28 28 -30 -31
leaf_value=0.10001179109338701 0.053411461104207962 -0.05191096883898795 0.060386039969569531 -0.096262810751022443 -0.0059397546811070364 0.061219789718263841 0.076712393004461171 -0.074123650084931658 -0.025719440717044625 -0.1000068891040201 0.09382203114504982 0.084376031035179544 0.073435136692894074 0.024142537729850311 0.049421668761414149 0.00089598560821679905 -0.10000763548327565 0.072027542171663114 -0.078884353826151596 -0.0030493908865863151 -0.079142483056215532 0.088526477208986751 -0.05387871419429964 -0.075738662825883429 0.031733961604904395 -0.063900109926771351 0.084521284950925549 -0.039350205657086558 0.10001351835402528 0.075041986198423713
leaf_weight=0.0016789298930746091 0.0016406999870515184 0.0026506933376406741 0.0022615703815649368 0.0012249226107430289 0.0024474246294889923 0.0014955213344727261 0.00219407323202958 0.0040267253904202605 0.0013476307945339272 0.0011305862105999154 0.0017542531401346616 0.0022476708362280107 0.0019468394351207534 0.0010166486033540414 0.0069200928449255619 0.0027906347655601849 0.0041915234255895939 0.001192838548178087 0.0047660380028560212 0.0019527803422647594 0.0025833578295539885 0.0017114215103788419 0.0031475779383995919 0.0030592021432767078 0.0021378248781331877 0.0022259452647972466 0.0017520192749103103 0.0026189845266344491 0.0017726844207572867 0.0027531130618001507
leaf_count=535 3807 121 118 68 122 140 530 4131 269 263 77 351 208 29 794 122 411 105 1711 101 282 30 88 182 185 31 191 34 44 129
internal_value=-0.000173159 -0.0013775 0.0225971 0.000693586 -0.0360673 -0.00416882 -0.00215164 -0.0036992 -0.0293116 0.00887089 0.00057179 0.0431088 -0.00274985 -0.0143278 0.014269 -0.00382763 -0.0329872 -0.00320637 -0.0607713 0.0427924 -0.00992692 -0.0145801 -0.00552816 0.00443298 -0.0315292 0.0229724 0.00956787 -0.0102761 0.0169036 0.0377181
internal_weight=0.0746402 0.0729995 0.00761285 0.00593392 0.00367235 0.0653867 0.062736 0.0612405 0.00875261 0.00472589 0.0524879 0.0035953 0.0502938 0.0299314 0.0203624 0.0134423 0.00789856 0.0241487 0.00578269 0.00370703 0.0222019 0.021009 0.0184257 0.0152781 0.00519703 0.0100811 0.00836963 0.00661761 0.00439167 0.00554375
internal_count=15209 11402 843 308 190 10559 10438 10298 5014 883 5284 620 4754 3120 1634 840 589 1380 1740 178 1172 1067 785 697 367 330 300 109 78 251
is_linear=0
shrinkage=0.1


Tree=189
num_leaves=31
num_cat=0
split_feature=20 18 22 21 20 15 22 21 0 0 22 3 22 21 22 21 18 21 16 16 6 3 0 22 20 21 15 12 18 1
split_gain=0.000430062 0.000424174 0.00130698 0.00261411 0.00152681 0.00146295 0.000713173 0.00113995 0.00142925 0.00177349 0.00171293 0.00183712 0.00111754 0.00191447 0.00165787 0.00202085 0.00116291 0.00164283 0.0016941 0.00114893 0.00112509 0.00161883 0.0009136 0.0017586 0.00154672 0.00169085 0.00174295 0.00166103 0.00147169 0.000853271
threshold=3.5711315870285039 -550.10855102539051 36.850000381469734 40.049999237060554 58.012048721313484 350.31666564941412 37.250000000000007 39.95000076293946 134.50000000000003 112.50000000000001 34.350000381469734 9872.5000000000018 39.45000076293946 38.750000000000007 41.649999618530281 37.649999618530281 -482.29756164550776 39.149999618530281 -0.22413793206214902 -3.7068965435028072 1039.5000000000002 15508.500000000002 103.50000000000001 42.45000076293946 29.886748313903812 36.149999618530281 228.83332824707034 334.50000000000006 -244.37347412109372 232.50000000000003
decision_type=2 2 2 2 2 2 2 2 2 2 2 2 2 2 2 2 2 2 2 2 2 2 2 2 2 2 2 2 2 2
left_child=-1 2 -2 4 5 -4 7 -3 9 10 11 -9 16 14 -14 19 -8 18 -18 -16 -17 -22 23 -21 25 26 -25 28 -28 -15
right_child=1 6 3 -5 -6 -7 12 8 -10 -11 -12 -13 13 29 15 20 17 -19 -20 22 21 -23 -24 24 -26 -27 27 -29 -30 -31
leaf_value=0.055260668928680506 0.065586091918117623 -0.07823646427351888 -0.097428559810722626 -0.09954934556876964 0.078760418874814928 0.060600401058846003 -0.045491498476940125 -0.1000099693225929 0.066785112683397097 -0.090682226310110692 0.10000237630171663 0.041517080924816506 0.074086605091619642 -0.10000506416873334 0.079796179934939815 -0.099311483099318226 -0.063623478328012281 0.090504053511364785 0.057846103071080457 0.067562061904046775 0.067621069697311839 -0.091537580569235874 0.031825724229778633 -0.10000989031098516 -0.10001088821108223 0.070152498324162677 -0.023862894565070174 -0.10001563060843398 0.10001427842090249 0.0063283392379196446
leaf_weight=0.0013728010738969223 0.0036616975019829745 0.0030977434273378188 0.0013517413129306988 0.0021791992238178182 0.0029362386928255546 0.0010338512739238581 0.0017125340862627078 0.0018202190054950051 0.0020005034973920041 0.0028677740580222988 0.0014400860176078112 0.0018487556112578574 0.0028237653347407124 0.002947679400310931 0.0019860132632043516 0.0031587071095806598 0.0020676392799554586 0.0041284804284398291 0.0025818929743373067 0.0022416712013679828 0.0013088791310877923 0.0012487751381407008 0.0063253550595980803 0.0025469970576210699 0.0024397013982131463 0.0020323636188663841 0.0020681464739027433 0.001226673226483399 0.0017883026476361863 0.0010143403210776114
leaf_count=3361 220 3195 69 115 162 79 62 333 727 215 78 41 1760 316 220 600 336 297 683 96 83 53 660 287 809 18 54 19 92 169
internal_value=-0.000168374 -0.0012572 0.0166117 -0.00729565 0.0304807 -0.0289431 -0.00465391 -0.0252451 -0.00879246 -0.0277465 0.00758005 -0.0286961 0.00124409 -0.00730288 0.00101341 -0.00625942 0.0298879 0.0445939 0.00382878 0.00714662 -0.0593906 -0.0100882 0.000166047 -0.0137952 -0.0288649 -0.0109011 -0.0324907 0.00134117 0.0335811 -0.072782
internal_weight=0.0712585 0.0698857 0.0111627 0.00750103 0.00532183 0.00238559 0.058723 0.0130751 0.00997734 0.00797683 0.00510906 0.00366897 0.0456479 0.0351574 0.0311954 0.0283716 0.0104905 0.00877801 0.00464953 0.0226552 0.00571636 0.00255765 0.0206692 0.0143439 0.0121022 0.00966248 0.00763012 0.00508312 0.00385645 0.00396202
internal_count=15209 11848 645 425 310 148 11203 4589 1394 667 452 374 6614 5236 4751 2991 1378 1316 1019 2255 736 136 2035 1375 1279 470 452 165 146 485
is_linear=0
shrinkage=0.1


Tree=190
num_leaves=31
num_cat=0
split_feature=11 22 15 18 8 17 4 1 12 22 22 22 11 0 21 11 19 22 19 19 18 22 5 21 12 18 20 21 15 4
split_gain=0.000434484 0.00110085 0.000928444 0.000654911 0.00136579 0.00130833 0.00139354 0.000830934 0.000435347 0.00118627 0.00253542 0.000617597 0.000511474 0.00101097 0.000845959 0.000725905 0.0010186 0.00152077 0.000951358 0.000757714 0.00118984 0.00127577 0.00133785 0.00125117 0.00161077 0.00107851 0.00059469 0.00133241 0.00146501 0.000497874
threshold=171.50000000000003 47.049999237060554 228.83332824707034 146.84706115722659 1.0000000180025095e-35 204.2571716308594 10501.000000000002 318.50000000000006 -187.49999999999997 38.149999618530281 36.850000381469734 31.349999427795414 -33.499999999999993 134.50000000000003 37.750000000000007 -16.499999999999996 1.0713706612586977 35.149999618530281 1.033924460411072 1.2075539231300356 -434.46205139160151 38.649999618530281 248.50000000000003 33.750000000000007 -28.499999999999996 -439.09391784667963 24.630224227905277 38.45000076293946 74.583332061767592 8957.5000000000018
decision_type=2 2 2 2 2 2 2 2 2 2 2 2 2 2 2 2 2 2 2 2 2 2 2 2 2 2 2 2 2 2
left_child=3 -2 -3 4 7 6 -5 8 9 10 11 -1 13 14 -10 29 18 -18 -17 20 26 -22 -23 24 -24 -21 -19 -28 -29 -14
right_child=1 2 -4 5 -6 -7 -8 -9 12 -11 -12 -13 15 -15 -16 16 17 19 -20 25 21 22 23 -25 -26 -27 27 28 -30 -31
leaf_value=0.0020219181124740871 0.082950023053936756 -0.061910423451318725 0.042466752122036849 0.0089793091066750486 0.10001020651875998 0.042571692833888126 -0.099182885186060221 0.067258713208746462 0.0064696105067733245 0.10000600709371839 -0.097959432336220773 0.10000637027360249 0.007433614736145228 0.04719111725830677 -0.075921703965962581 0.0059663907576299139 -0.089057228186015816 0.10000260875398269 -0.077740185078321034 -0.10000513280554353 -0.10000349248890757 -0.10000930249941148 0.055759505192487346 0.044995601610275465 -0.10001748107478586 0.033123152459372911 0.097351985831121035 -0.10001709245786952 0.05165845806518559 0.057520878317443395
leaf_weight=0.0011287861218631781 0.0021327480683748226 0.001669962199400743 0.0017403134471454251 0.001929836953308949 0.0013586179806344125 0.0017500768517964005 0.0031119318764218917 0.0017006931649827797 0.0018231997122910562 0.0014600074150461495 0.0017343660474828937 0.0014955330593195981 0.0088964010565994942 0.0013195496943296803 0.0039377038643024775 0.002103957796301798 0.0018062824460400853 0.0017071454940378273 0.0038283460316632656 0.0014613797090987646 0.0012565777843924807 0.0010448863075778201 0.0011226863511524243 0.0060716182847500022 0.0016239307872822906 0.0010427329139517374 0.0017632430839853441 0.0011417505575082032 0.0014399180196562611 0.0025543831015397709
leaf_count=55 503 28 128 148 372 2637 240 1844 156 121 47 76 649 64 188 4602 215 80 1250 63 504 160 114 280 162 204 102 55 41 121
internal_value=-0.000219665 0.0265972 -0.00864523 -0.00263215 0.00099659 -0.0319233 -0.0577817 -0.00151948 -0.00377915 0.0219907 -0.0041417 0.0578608 -0.00704272 -0.0317622 -0.0498467 -0.00253933 -0.0113719 -0.00124248 -0.0480527 0.00681908 0.0143129 -0.00510674 0.00698326 0.019661 -0.0363433 -0.0445694 0.0499935 0.0303446 -0.0154205 0.0186068
internal_weight=0.0671586 0.00554302 0.00341028 0.0616155 0.0548237 0.00679185 0.00504177 0.0534651 0.0517644 0.00581869 0.00435869 0.00262432 0.0459457 0.00708045 0.0057609 0.0388652 0.0274145 0.0214822 0.0059323 0.0196759 0.0171718 0.0111197 0.00986312 0.00881824 0.00274662 0.00250411 0.00605206 0.00434491 0.00258167 0.0114508
internal_count=15209 659 156 14550 11525 3025 388 11153 9309 299 178 131 9010 408 344 8602 7832 1980 5852 1765 1498 1220 716 556 276 267 278 198 96 770
is_linear=0
shrinkage=0.1


Tree=191
num_leaves=31
num_cat=0
split_feature=2 12 22 22 22 18 20 18 16 15 22 17 21 12 4 8 21 3 19 14 21 21 12 11 22 19 22 2 0 8
split_gain=0.000406724 0.000368465 0.0011117 0.00224652 0.000590842 0.000443996 0.000494164 0.00114442 0.00221145 0.001082 0.000946246 0.000601766 0.000558945 0.00140369 0.000987782 0.0014668 0.000737129 0.00071441 0.00161369 0.00150229 0.00141676 0.00139101 0.00140527 0.00120653 0.00107955 0.000959793 0.000882046 0.000851419 0.000844158 0.000773969
threshold=917.50000000000011 -187.49999999999997 38.149999618530281 36.850000381469734 31.349999427795414 -625.62506103515614 107.79038619995119 -340.59799194335932 -0.25862068682909006 25.683333396911625 40.750000000000007 55.152170181274421 37.45000076293946 -61.499999999999993 7454.0000000000009 1.0000000180025095e-35 33.750000000000007 9872.5000000000018 1.0713706612586977 -2.9444444179534908 42.750000000000007 39.149999618530281 -13.499999999999998 -1.4999999999999998 36.049999237060554 1.0417246818542483 36.45000076293946 328.50000000000006 102.50000000000001 1.0000000180025095e-35
decision_type=2 2 2 2 2 2 2 2 2 2 2 2 2 2 2 2 2 2 2 2 2 2 2 2 2 2 2 2 2 2
left_child=1 2 3 4 -1 -3 9 8 10 -7 -8 -11 13 -13 -15 16 -16 18 28 -20 24 -21 23 26 27 -26 -23 -19 -14 -27
right_child=-2 5 -4 -5 -6 6 7 -9 -10 11 -12 12 17 14 15 -17 -18 20 19 21 -22 22 -24 -25 25 29 -28 -29 -30 -31
leaf_value=0.0025241974324515053 0.052822859043208971 0.051184361793538892 0.10000512461716421 -0.096187823420741503 0.10000568374700419 0.073012020641667216 -0.00090639412959335789 -0.10000669728723495 0.083986667378593893 -0.069037092629244762 -0.10000884212233296 0.064662972804256161 -0.097868286138968086 -0.058181358777085537 0.00089173581492833472 -0.072556447633627605 0.067879225516556549 -0.10001618751333688 -0.082834940134988322 -0.059305900801415325 0.068541105566938251 0.0010520925937897059 -0.069658532732418579 -0.045876854324421346 0.092715208269100721 -0.023905643070905074 0.094568944867805371 -0.001750672589623513 -0.014988950104314927 0.066180073286421254
leaf_weight=0.0011368992737521557 0.0014123918415185335 0.0014309740368165782 0.001405837320110237 0.0015867496812340676 0.0013722390284658381 0.0018711425984676558 0.0019371706495547869 0.001748015139400926 0.0018027936559370517 0.0014031913120717823 0.0019167920892115831 0.003923935823264558 0.0035273093865963992 0.0026517082740085138 0.0034161179762861593 0.0016416235945229118 0.0031642870872516937 0.0019260619369703136 0.0019492978807988956 0.0020614122135498292 0.0029204779380691557 0.0013502728097023473 0.0011248820755440639 0.0010605237714571558 0.0012345863382208222 0.0044488888768086099 0.0039856633832187072 0.0016262142138785407 0.0018860600507153436 0.001213927517085267
leaf_count=223 3807 157 278 88 218 530 132 4405 150 372 327 461 765 400 109 46 603 203 115 203 329 145 71 56 201 292 114 114 251 44
internal_value=-0.000245635 -0.00144059 0.0232775 -0.00305783 0.0558365 -0.0038171 -0.00522779 -0.0292858 -0.00743206 -0.00154619 -0.0501956 -0.00454532 -0.00253939 0.0133926 -0.00510907 0.0120074 0.0331037 -0.0103161 -0.023952 -0.00280908 0.00696608 0.0134696 0.0334155 0.0515421 -0.0102429 0.0128236 0.0709043 -0.0550307 -0.0689925 -0.00459413
internal_weight=0.0641374 0.0627251 0.00550173 0.00409589 0.00250914 0.0572233 0.0557924 0.00740477 0.00565676 0.0483876 0.00385396 0.0465164 0.0451133 0.0147977 0.0108737 0.00822203 0.00658041 0.0303156 0.0169454 0.0115321 0.0133702 0.00958275 0.00752134 0.00639646 0.0104497 0.0068974 0.00533594 0.00355228 0.00541337 0.00566282
internal_count=15209 11402 807 529 441 10595 10438 5014 609 5424 459 4894 4522 1619 1158 758 712 2903 1720 704 1183 589 386 315 854 537 259 317 1016 336
is_linear=0
shrinkage=0.1


Tree=192
num_leaves=31
num_cat=0
split_feature=11 22 13 18 8 17 4 1 11 19 4 21 19 21 22 1 20 22 0 18 22 22 15 20 16 18 21 1 22 12
split_gain=0.000379656 0.000926366 0.000738851 0.000549758 0.00119774 0.00109328 0.00132088 0.000679759 0.000449386 0.000408983 0.00153293 0.00141136 0.000773672 0.0013672 0.000846593 0.00141894 0.000669728 0.00141376 0.00188839 0.00153811 0.00116379 0.00117701 0.00105218 0.00168254 0.00160915 0.00134805 0.00183001 0.00162984 0.0011323 0.00182311
threshold=171.50000000000003 47.049999237060554 289.75000000000006 146.84706115722659 1.0000000180025095e-35 204.2571716308594 10501.000000000002 318.50000000000006 -91.499999999999986 1.040667772293091 5697.5000000000009 38.549999237060554 1.0650647282600405 40.750000000000007 34.149999618530281 274.50000000000006 19.382786750793461 38.750000000000007 92.500000000000014 -244.37347412109372 50.649999618530281 46.750000000000007 121.3833351135254 32.613605499267585 -3.7068965435028072 -340.59799194335932 39.45000076293946 60.500000000000007 40.95000076293946 -6.4999999999999991
decision_type=2 2 2 2 2 2 2 2 2 2 2 2 2 2 2 2 2 2 2 2 2 2 2 2 2 2 2 2 2 2
left_child=3 -2 -3 4 7 6 -5 8 -1 10 11 -10 13 -11 15 -14 17 -16 19 -19 21 22 23 -18 -24 26 27 28 -25 -30
right_child=1 2 -4 5 -6 -7 -8 -9 9 12 -12 -13 14 -15 16 -17 20 18 -20 -21 -22 -23 24 25 -26 -27 -28 -29 29 -31
leaf_value=0.053290849918305475 0.080256784760543223 -0.067878611765508232 0.030869526975315809 0.0092151491969095951 0.10000916787982966 0.03894315762375123 -0.099038309519014003 0.062926686834045953 -0.10000849224635844 -0.075799866358425477 0.071525106375157563 0.045860115807914263 -0.089434789446934046 0.030190398951075628 0.084238676937307133 0.023797754134214904 0.093105258614457356 -0.10001256964876409 0.091181269834607379 0.025852784230971145 -0.10001086746781558 0.077585427632905046 0.0097083375438085946 0.073391742382573621 -0.1000036646889982 -0.100008122672109 -0.086392707305347261 -0.081528657310431005 -0.10000419758905876 0.079478834025541553
leaf_weight=0.0013441622760126384 0.001941454525723251 0.0012357301429055667 0.0019587125824855889 0.0018951984388291257 0.0011905000605536556 0.0016770880245244868 0.0027812502516439963 0.0015832378542275363 0.0014668693657746692 0.0039351297002534471 0.0028278146008808847 0.0012108361876554952 0.0027128325419347723 0.0017619479432795515 0.0028430824826273238 0.0018692085414890869 0.0019426137475306868 0.0020313610743869503 0.001533116963997827 0.0018598072663280618 0.0012500911298687347 0.0017586161818279314 0.0026604824342939537 0.0045517455755010837 0.0026871283864835496 0.0013865118607867587 0.0017799302258936231 0.0012048511765101466 0.0011691034581744484 0.0010969344716613696
leaf_count=96 503 22 134 148 372 2637 240 1844 4251 873 755 331 274 154 138 69 44 61 133 57 260 93 105 176 292 736 88 117 154 52
internal_value=-0.000242471 0.0257793 -0.00732995 -0.0026285 0.00091523 -0.0303256 -0.055167 -0.0015188 -0.00369507 -0.00537707 0.0201778 -0.0340479 -0.00889137 -0.04302 -0.00322893 -0.0432424 0.00293277 0.0271197 -0.0028186 -0.0398545 -0.00637299 -0.000589006 -0.00802862 0.00719866 -0.045421 -0.00771618 0.00533794 0.0256896 0.0446374 -0.0131208
internal_weight=0.0611473 0.0051359 0.00319444 0.0560115 0.0496579 0.00635354 0.00467645 0.0484674 0.0468842 0.04554 0.00550552 0.00267771 0.0400345 0.00569708 0.0343374 0.00458204 0.0297554 0.00826737 0.00542429 0.00389117 0.021488 0.0202379 0.0184793 0.0131317 0.00534761 0.0111891 0.00980256 0.00802263 0.00681778 0.00226604
internal_count=15209 659 156 14550 11525 3025 388 11153 9309 9213 5337 4582 3876 1027 2849 343 2506 389 251 118 2117 1857 1764 1367 397 1323 587 499 382 206
is_linear=0
shrinkage=0.1


Tree=193
num_leaves=31
num_cat=0
split_feature=20 17 22 6 12 18 22 16 21 22 17 21 11 19 19 1 21 17 2 17 21 3 22 19 17 15 13 2 21 22
split_gain=0.000366518 0.000331688 0.000326949 0.00112939 0.000948131 0.000928032 0.00120658 0.000796414 0.000729708 0.00124505 0.00113266 0.00138427 0.00139946 0.0013418 0.00133608 0.00110514 0.00103125 0.00141521 0.00156041 0.00113913 0.000971325 0.00103389 0.000899845 0.000844917 0.00204369 0.00113975 0.000826101 0.000639229 0.0015069 0.000807176
threshold=3.5711315870285039 842.80474853515636 37.750000000000007 236.50000000000003 -268.49999999999994 -490.23353576660151 34.149999618530281 -6.1293103694915763 39.649999618530281 39.549999237060554 585.34945678710949 37.750000000000007 249.50000000000003 1.1066840291023257 1.0435644984245303 92.500000000000014 36.049999237060554 161.60405731201175 279.50000000000006 484.76582336425787 38.45000076293946 970.50000000000011 42.549999237060554 1.0741549134254458 509.18785095214849 158.81666564941409 372.50000000000006 300.50000000000006 43.850000381469734 36.350000381469734
decision_type=2 2 2 2 2 2 2 2 2 2 2 2 2 2 2 2 2 2 2 2 2 2 2 2 2 2 2 2 2 2
left_child=-1 2 3 -2 -5 6 -6 -4 9 20 11 16 -13 14 -12 -10 17 -11 19 -19 -9 -22 -16 24 -18 -26 -20 29 -29 -7
right_child=1 -3 7 4 5 27 -8 8 15 10 13 12 -14 -15 22 -17 23 18 26 -21 21 -23 -24 -25 25 -27 -28 28 -30 -31
leaf_value=0.054906315094340123 -0.10000102828890985 0.040413998560237169 0.073500633979675364 -0.089780680009075797 -0.022561112996098254 -0.087294771018389061 0.074153964877246847 -0.035714774450717753 -0.10000573241423626 -0.1000074493186886 0.091410564893653207 -0.075161774469799103 0.053421485988844691 0.10002086892804847 -0.093623618601294756 0.027156229739748357 -0.096358250205313842 0.03237886524783376 0.10001119796185039 -0.10001036981286132 -0.013484939322165941 0.093477027310557348 0.026787010323307631 0.045548344311250266 -0.023774698166989142 0.10000755194897178 -0.016354384468883567 -0.040155116906341354 0.10001223878641335 0.019821172599745491
leaf_weight=0.0011786267405304853 0.0014312163526475361 0.0018325698514298763 0.0014928863021808061 0.0012386409777285232 0.002228495934730291 0.0022681239733302041 0.0030627665823885764 0.0011877429068434244 0.001723456747868112 0.0020362178456920779 0.0010822944367134815 0.0053468102737679315 0.0010056310429433779 0.0020330424278789394 0.0014303767324292949 0.0011325659040934966 0.0017760376960751501 0.0010056425961737503 0.001557782491303783 0.0018374624046373356 0.0012231786828422742 0.0034596549800056664 0.0010963356189677143 0.0057369202646864181 0.0014623424715409783 0.0015139961401473556 0.0010028055666708724 0.0022454222103078791 0.0011649034086467225 0.0010197993437017772
leaf_count=3361 3306 1142 222 106 92 398 111 518 85 168 96 892 44 392 177 146 2061 306 120 63 99 145 16 420 28 43 69 351 168 64
internal_value=-0.00028708 -0.0014357 -0.00283514 -0.0156168 -0.00648688 0.00211823 0.0334209 0.00183244 -0.000935783 0.00294547 -0.00531528 -0.0146935 -0.0548062 0.0350458 -0.0015562 -0.0495792 -0.000481317 -0.028958 -0.00218523 -0.0531826 0.0450524 0.065538 -0.0413777 0.0197168 -0.0114662 0.0391905 0.0544388 -0.0226092 0.00772343 -0.0540711
internal_weight=0.0578137 0.0566351 0.0548026 0.0146594 0.0132282 0.0119895 0.00529126 0.0401432 0.0386503 0.0357943 0.0299237 0.0242816 0.00635244 0.00564205 0.00360901 0.00285602 0.0179292 0.00743991 0.00540369 0.00284311 0.00587058 0.00468283 0.00252671 0.0104893 0.00475238 0.00297634 0.00256059 0.00669825 0.00341033 0.00328792
internal_count=15209 11848 10706 4596 1290 1184 203 6110 5888 5657 4895 4214 936 681 289 231 3278 726 558 369 762 244 193 2552 2132 71 189 981 519 462
is_linear=0
shrinkage=0.1


Tree=194
num_leaves=31
num_cat=0
split_feature=12 17 22 6 12 18 22 22 4 21 16 21 22 3 21 12 0 3 13 20 22 0 10 20 4 21 15 2 18 22
split_gain=0.000378316 0.000306824 0.00033294 0.000929251 0.000826108 0.00121262 0.00149864 0.00070735 0.0015797 0.00078475 0.000634291 0.00101869 0.00106358 0.00110699 0.000787477 0.000927638 0.00070298 0.00104317 0.0010419 0.000884834 0.00184878 0.00140969 0.00124032 0.00100163 0.00100107 0.00100078 0.00122098 0.000704851 0.00105562 0.000690116
threshold=466.50000000000006 842.80474853515636 37.549999237060554 254.50000000000003 -268.49999999999994 -490.23353576660151 34.149999618530281 33.750000000000007 9513.0000000000018 41.250000000000007 -5.7068965435028067 39.95000076293946 39.45000076293946 1440.5000000000002 38.45000076293946 -8.4999999999999982 36.500000000000007 1891.0000000000002 110.09999847412111 43.571573257446296 44.45000076293946 110.50000000000001 95.500000000000014 8.3395843505859393 5697.5000000000009 36.049999237060554 208.90000152587893 279.50000000000006 279.77043151855474 41.649999618530281
decision_type=2 2 2 2 2 2 2 2 2 2 2 2 2 2 2 2 2 2 2 2 2 2 2 2 2 2 2 2 2 2
left_child=1 2 3 -1 -5 6 -6 8 -7 -10 -4 12 14 -14 -12 -16 17 -15 -18 20 23 22 25 -20 -21 26 -22 -28 -29 -19
right_child=-2 -3 10 4 5 7 -8 -9 9 -11 11 -13 13 16 15 -17 18 29 19 24 21 -23 -24 -25 -26 -27 27 28 -30 -31
leaf_value=-0.0820364184895708 0.051776026999589386 0.038434894839699127 0.056200566971372712 -0.086831459127567789 -0.020246712002534265 -0.099546614500460456 0.091905664881483537 -0.064432299424319425 -0.012099192048249115 0.10000953975039391 -0.033693541982673006 -0.085945935320497338 -0.087350670099246533 -0.036009418709444879 0.092708795259415847 0.0059302378783997007 -0.082176841933709888 0.10001752761346792 0.016717213313582904 -0.031638504681951035 -0.10000488034399098 0.095788188609763708 -0.095900503406995977 -0.098033762171104599 0.078252484522294705 0.073022219106306518 -0.020612375708158749 0.10000924577119903 -0.031111337625597126 0.0014120674738724885
leaf_weight=0.0018579366255604421 0.0013609558049942896 0.0018468224701932981 0.0020333235341798419 0.0011501722997753214 0.0022131998406962347 0.0010570047450499933 0.002580830427177716 0.0027705149942622853 0.0011994676019320138 0.0013022990442301818 0.001193406865551693 0.0013648086608633028 0.0015859993962901156 0.0014524093854433309 0.0029599180804371628 0.0021099380213627228 0.0017795888657392558 0.0020811689713582382 0.0010050776694008326 0.0012439470607574768 0.0012343426512657629 0.0015693713718434319 0.0013344030609232513 0.0031280543692986384 0.0024849692551924818 0.0018481068675129109 0.0034087790999137724 0.0015686546525444101 0.0010088972561508314 0.0010771216139557893
leaf_count=3259 726 2137 436 169 87 113 108 807 56 700 632 248 2475 152 193 98 287 92 127 80 228 489 29 416 124 94 116 93 77 561
internal_value=-0.000288909 -0.00161458 -0.0030479 -0.0161278 -0.00615069 0.00219186 0.0401297 -0.0265436 0.00295284 0.0462592 0.00188475 -0.00123164 0.00216152 -0.00622278 0.0393905 0.0565939 -0.00131641 0.0341323 -0.00887828 -0.00230182 -0.0124648 0.00744191 -0.00588556 -0.0701291 0.0415934 0.00735946 -0.00944669 0.00922582 0.0486864 0.0663886
internal_weight=0.0548115 0.0534505 0.0516037 0.0141314 0.0122735 0.0111233 0.00479403 0.00632929 0.00355877 0.00250177 0.0374723 0.035439 0.0340742 0.0278109 0.00626326 0.00506986 0.0262249 0.0046107 0.0216142 0.0198346 0.0161057 0.0119726 0.0104032 0.00413313 0.00372892 0.00906878 0.00722067 0.00598633 0.00257755 0.00315829
internal_count=15209 14483 12346 5299 2040 1871 195 1676 869 756 7047 6611 6363 5440 923 291 2965 805 2160 1873 1669 1126 637 543 204 608 514 286 170 653
is_linear=0
shrinkage=0.1


Tree=195
num_leaves=31
num_cat=0
split_feature=11 3 22 10 18 8 17 3 13 12 11 12 11 11 19 22 19 20 22 22 21 22 12 12 1 6 4 21 21 21
split_gain=0.000353623 0.000765294 0.000916878 0.000819471 0.000414898 0.00102784 0.000974431 0.00117988 0.000605702 0.000427749 0.00057699 0.000404505 0.000506997 0.00050409 0.000588244 0.000811542 0.000655283 0.000554322 0.0012861 0.00105481 0.00130438 0.00102932 0.00145142 0.00101718 0.000871256 0.000427017 0.000426643 0.000901001 0.0008412 0.00100191
threshold=171.50000000000003 13179.500000000002 47.049999237060554 102.50000000000001 133.17765045166018 1.0000000180025095e-35 204.2571716308594 11350.500000000002 325.30000305175787 -288.49999999999994 -75.499999999999986 -187.49999999999997 -33.499999999999993 -16.499999999999996 1.0713706612586977 35.149999618530281 1.033924460411072 25.992187500000004 50.649999618530281 38.649999618530281 39.45000076293946 40.95000076293946 -6.4999999999999991 -8.4999999999999982 240.50000000000003 439.50000000000006 8957.5000000000018 40.250000000000007 39.250000000000007 37.549999237060554
decision_type=2 2 2 2 2 2 2 2 2 2 2 2 2 2 2 2 2 2 2 2 2 2 2 2 2 2 2 2 2 2
left_child=4 2 -2 -4 5 8 7 -6 9 -1 -11 -12 -13 26 16 -16 -15 18 25 -19 21 23 -23 -21 -20 -17 27 28 29 -14
right_child=1 -3 3 -5 6 -7 -8 -9 -10 10 11 12 13 14 15 17 -18 19 24 20 -22 22 -24 -25 -26 -27 -28 -29 -30 -31
leaf_value=0.056743409529552827 0.069837645036231535 0.10000772301533555 0.028252043811568206 -0.096634171416541306 0.0086887370903154151 0.10000915316053421 0.04068520357045724 -0.098900123428665915 0.048781476331151222 -0.079524403106855601 0.036984433713561742 -0.038843692152873886 0.026352276639778034 0.0071275161828485136 -0.075543467872767001 0.08777364084355456 -0.069922661078250126 -0.10000256982042993 -0.084220795362986406 0.093459388918557804 -0.1000025207607933 -0.10000820484382329 0.043764969468566492 -0.021109457333044385 0.033791444481613378 0.01285883854382444 0.058742769932038454 -0.076463192827086413 0.082704533924988 -0.083803665451280845
leaf_weight=0.0010991104947315469 0.0012860633376945421 0.0010783953433017857 0.0010008142837119038 0.0011061202609852216 0.0017753348428044538 0.0010158666652673167 0.0015095552434658543 0.0023935494908684518 0.0022361740189285042 0.0010530279487923544 0.0022141125583914267 0.0043916414374507362 0.0032545966621775266 0.0017359490661799362 0.00136785335698164 0.0025775604965474494 0.0030309882141841271 0.0011633248920226436 0.0012980174113152998 0.0023566344485548285 0.001063882312109854 0.0013530941864527968 0.0014595883234873597 0.0011545996177613205 0.0012076143560761921 0.0010795366322327027 0.0019454923194075491 0.0011192433154292303 0.0016247843538508278 0.0011063621368059273
leaf_count=121 156 401 72 30 173 359 2658 252 1866 26 106 361 177 4608 227 113 1255 597 177 136 73 337 166 65 54 58 117 109 85 274
internal_value=-0.000262618 0.0266247 0.00330141 -0.037312 -0.00278899 0.000648052 -0.0281557 -0.053083 -0.00182027 -0.00474741 -0.0065469 -0.00444178 -0.00711661 -0.00245648 -0.0110115 -0.00186631 -0.0418637 0.00498299 0.0278465 -0.0114946 0.00244241 0.0196769 -0.0253998 0.0557857 -0.0273436 0.0656596 0.0172509 0.00588952 0.0212882 -0.00159395
internal_weight=0.0520589 0.00447139 0.003393 0.00210693 0.0475875 0.0419091 0.00567844 0.00416888 0.0408932 0.038657 0.0375579 0.0365049 0.0342908 0.0298991 0.0208486 0.0160817 0.00476694 0.0147139 0.00616273 0.00855112 0.0073878 0.00632392 0.00281268 0.00351123 0.00250563 0.0036571 0.00905048 0.00710499 0.00598574 0.00436096
internal_count=15209 659 258 102 14550 11467 3083 425 11108 9242 9121 9095 8989 8628 7866 2003 5863 1776 402 1374 777 704 503 201 231 171 762 645 536 451
is_linear=0
shrinkage=0.1


Tree=196
num_leaves=31
num_cat=0
split_feature=11 0 6 18 17 4 7 12 5 0 17 21 6 19 1 19 6 21 21 22 20 21 20 12 15 17 15 21 0 11
split_gain=0.000307129 0.000722492 0.000543449 0.000353258 0.000853829 0.000926474 0.000847335 0.00109819 0.000515572 0.000444152 0.000402051 0.00089157 0.000575462 0.00124006 0.000786069 0.000624125 0.000430305 0.00128418 0.000860562 0.00138354 0.000855917 0.000985059 0.000885148 0.000707032 0.000700688 0.000801249 0.000595114 0.000469886 0.000387412 0.000327672
threshold=175.50000000000003 96.500000000000014 2332.5000000000005 133.17765045166018 217.60556793212893 10501.000000000002 1.0000000180025095e-35 12.500000000000002 3515.5000000000005 91.500000000000014 374.90489196777349 38.649999618530281 488.50000000000006 1.1250931620597842 245.50000000000003 1.2075539231300356 404.50000000000006 37.250000000000007 37.649999618530281 41.549999237060554 58.012048721313484 39.350000381469734 41.635955810546882 -52.499999999999993 272.46667480468756 632.52520751953136 158.81666564941409 39.250000000000007 63.500000000000007 -12.499999999999998
decision_type=2 2 2 2 2 2 2 2 2 2 2 2 2 2 2 2 2 2 2 2 2 2 2 2 2 2 2 2 2 2
left_child=3 2 -2 6 5 -5 7 8 10 28 11 -1 15 -14 -15 16 17 -12 26 20 21 22 -20 24 25 -23 -19 -22 -8 -25
right_child=1 -3 -4 4 -6 -7 9 -9 -10 -11 12 -13 13 14 -16 -17 -18 18 19 -21 27 23 -24 29 -26 -27 -28 -29 -30 -31
leaf_value=-0.081526527762948456 -0.063499870587943361 0.068577936818640592 0.037130537558685547 0.0076462922702965237 0.049595590755385298 -0.086434155910955879 0.06092617303029705 -0.076856778066228107 0.053876373108707146 0.086148459623695633 -0.096427939708551375 0.017346595332255927 -0.089179851787543785 -0.042588899423758105 0.077376080609503295 -0.051761770055293678 0.04331659841407548 0.018590003077468335 -0.10000339801512531 -0.10000278442672986 0.077005585282199862 0.018420552037402102 0.002931283616558247 0.084548842348367584 0.050575235239366627 -0.095008015124240341 0.10000542903418658 0.0045337761850421541 -0.023446045148419303 0.012808174776770202
leaf_weight=0.0018965210268571111 0.0011063795925565492 0.0020234810061010577 0.0010421834173550693 0.0018003807279987063 0.0011608166872130177 0.0025005076135009574 0.0010344735850669187 0.00196140082541607 0.0016933255001907446 0.0015802394394239805 0.0011632336961326919 0.001756852043734547 0.0020320014135783984 0.0010583763011027258 0.0011286828088898915 0.001684817154909978 0.0035496273600781328 0.0019742964852014202 0.0016968437487321353 0.0012372317260798136 0.0024353684788991367 0.0011874122330937072 0.001645528460329615 0.0016449071180488746 0.0012528721765612261 0.001309618938080348 0.0016466164520920756 0.0014141529073015136 0.0011483440839406001 0.001038681928235979
leaf_count=5536 36 286 317 185 2636 278 384 1019 645 1022 232 217 91 28 74 158 208 114 301 212 224 54 83 93 55 138 66 139 200 178
internal_value=-0.000274268 0.0256968 -0.014688 -0.00264869 -0.0265103 -0.0470514 0.00059554 -0.00407362 7.06314e-05 0.0457707 -0.00271106 -0.0339799 0.00121457 -0.0329352 0.0193218 0.00700528 0.0112737 0.00548442 0.0118981 0.00124787 0.0104418 -0.005286 -0.0493262 0.0175941 -0.0104502 -0.0410694 0.0556138 0.0503825 0.0165394 0.0567816
internal_weight=0.0498052 0.00417204 0.00214856 0.0456331 0.00546171 0.00430089 0.0401714 0.0364084 0.034447 0.00376306 0.0327536 0.00365337 0.0291003 0.00421906 0.00218706 0.0248812 0.0231964 0.0196468 0.0184835 0.0148626 0.0136254 0.00977586 0.00334237 0.00643349 0.0037499 0.00249703 0.00362091 0.00384952 0.00218282 0.00268359
internal_count=15209 639 353 14570 3099 463 11471 9865 8846 1606 8201 5753 2448 193 102 2255 2097 1889 1657 1477 1265 902 384 518 247 192 180 363 584 271
is_linear=0
shrinkage=0.1


Tree=197
num_leaves=31
num_cat=0
split_feature=2 22 20 18 19 21 21 15 22 18 5 20 12 22 19 21 22 15 0 22 10 12 19 18 22 20 19 17 20 21
split_gain=0.000303632 0.000246831 0.000298818 0.000700335 0.000367799 0.000358251 0.000329382 0.00212483 0.000939497 0.000511254 0.000917688 0.000734562 0.00105645 0.000600507 0.000929813 0.000554473 0.00116838 0.000909633 0.000768171 0.000920831 0.000693418 0.000571766 0.000549949 0.00113422 0.000656509 0.000482852 0.000682288 0.000443701 0.000423586 0.000350531
threshold=900.50000000000011 53.250000000000007 8.3395843505859393 337.69085693359381 1.2075539231300356 33.850000381469734 41.649999618530281 246.44999694824222 34.350000381469734 -358.36102294921869 2965.5000000000005 11.062284469604494 41.500000000000007 38.649999618530281 1.033924460411072 37.649999618530281 41.549999237060554 158.81666564941409 86.500000000000014 36.850000381469734 -2.4999999999999996 -90.499999999999986 1.0758714079856875 -244.37347412109372 50.649999618530281 21.119676589965824 1.1368067860603335 719.81790161132824 33.47358703613282 40.149999618530281
decision_type=2 2 2 2 2 2 2 2 2 2 2 2 2 2 2 2 2 2 2 2 2 2 2 2 2 2 2 2 2 2
left_child=1 2 3 5 6 -1 8 -8 -4 15 13 -12 -13 -11 -15 17 18 20 21 -20 -10 -17 -16 24 -24 -23 28 -9 -27 -21
right_child=-2 -3 4 -5 -6 -7 7 27 9 10 11 12 -14 14 22 16 -18 -19 19 29 -22 25 23 -25 -26 26 -28 -29 -30 -31
leaf_value=0.10000769914019594 0.051490737952431587 -0.042704767499158018 -0.070102067182991445 -0.03087977152616005 -0.048016626869291382 0.027582899566713004 -0.10000901023855951 0.026716367057754698 -0.062167802437111501 -0.10000267834982586 -0.048862293376395687 0.080529770974302695 -0.019290400483261024 0.060043784913793335 -0.10000679773081614 -0.020744973521086549 -0.1000023085949478 0.09036758204252604 0.037004841488590644 -0.029428441695316707 0.047887037146139073 0.10000149501701237 -0.0089607679044354707 0.035154028520599796 -0.10000963265115087 0.031747631167386492 0.061528839988485406 0.10001169111718762 -0.058774796309968153 -0.099788626559749169
leaf_weight=0.0010120395368176096 0.0011060277269350207 0.0014113146816772107 0.0020385045717388186 0.001564716826621293 0.001737036169592975 0.0021006092465980508 0.0010356688068924305 0.0016175399611597641 0.0010287719167081377 0.0012063925913663523 0.0012899304010680632 0.0024393836590732576 0.0018753828308959442 0.0011202392507674297 0.0011913546813606679 0.0017994444417865916 0.001053798565294529 0.0020614671101242266 0.0017006345106165286 0.0019724565679091199 0.0012908434241936028 0.0012086407605238483 0.0013828892559262229 0.0019690396874683103 0.0018532212709772011 0.001018774297847358 0.0028039058673385853 0.001687625598396636 0.0010493855527506923 0.0011045839855992057
leaf_count=30 3853 305 181 71 300 589 320 111 42 3409 152 576 194 2202 377 125 188 128 131 210 139 87 167 206 90 153 134 422 266 51
internal_value=-0.000293765 -0.00152217 -0.000236699 0.0236959 -0.00299817 0.0511309 -0.000982738 0.024977 -0.0042529 -0.000112509 -0.0142239 0.0173492 0.0371436 -0.0345099 -0.0239987 0.0110625 0.00116704 0.0420325 0.00958966 -0.0220483 -0.000923352 0.0287715 -0.0387173 -0.0246894 -0.0611017 0.0434248 0.0293894 0.0641411 -0.0141835 -0.0546861
internal_weight=0.0477316 0.0466256 0.0452143 0.00467737 0.0405369 0.00311265 0.0387999 0.00434083 0.034459 0.0324205 0.0143278 0.0056047 0.00431477 0.00872314 0.00751674 0.0180927 0.0137116 0.00438108 0.0126578 0.00477768 0.00231962 0.00788015 0.0063965 0.00520515 0.00323611 0.00608071 0.00487207 0.00330517 0.00206816 0.00307704
internal_count=15209 11356 11051 690 10361 619 10061 853 9208 9027 7373 922 770 6451 3042 1654 1345 309 1157 392 181 765 840 463 257 640 553 533 419 261
is_linear=0
shrinkage=0.1


Tree=198
num_leaves=31
num_cat=0
split_feature=12 17 22 22 6 21 0 0 1 0 20 0 20 18 10 20 21 21 15 17 22 14 3 12 13 15 20 22 17 0
split_gain=0.000282728 0.000231099 0.000864797 0.000490141 0.0010683 0.000786999 0.00101835 0.000818209 0.000433911 0.000392769 0.000807201 0.000826639 0.000781947 0.000925982 0.00053826 0.000573319 0.00141738 0.00110492 0.00118607 0.000749542 0.00120749 0.000663012 0.00108581 0.0006125 0.000602954 0.000982714 0.000534587 0.00118024 0.000939549 0.000518357
threshold=466.50000000000006 789.42562866210949 36.850000381469734 36.45000076293946 334.50000000000006 42.95000076293946 100.50000000000001 109.50000000000001 254.50000000000003 100.50000000000001 46.189826965332038 148.50000000000003 20.65875339508057 -353.20252990722651 95.500000000000014 25.992187500000004 39.649999618530281 35.95000076293946 228.83332824707034 549.20916748046886 42.45000076293946 -1.944444417953491 2274.5000000000005 -28.499999999999996 115.04999923706056 115.9833335876465 971.50000000000011 39.250000000000007 403.69873046875006 109.50000000000001
decision_type=2 2 2 2 2 2 2 2 2 2 2 2 2 2 2 2 2 2 2 2 2 2 2 2 2 2 2 2 2 2
left_child=1 3 8 4 -1 6 -6 -7 -3 14 11 12 29 -14 15 17 19 18 -5 20 21 -17 26 -20 25 -19 27 28 -23 -11
right_child=-2 2 -4 9 5 7 -8 -9 -10 10 -12 -13 13 -15 -16 16 -18 24 23 -21 -22 22 -24 -25 -26 -27 -28 -29 -30 -31
leaf_value=-0.099727974621610968 0.048837216023071367 0.015893446074498253 -0.025840807140214497 -0.10000273655615244 0.044746103919753172 -0.022449474576951442 -0.076706400327922336 0.10001014536408628 0.10000551531853026 0.01793185654713058 0.096557176347347437 -0.050772451468287162 0.036595437828771289 -0.087961242643950777 -0.065699714551344351 0.07005154168585935 -0.096614011169890004 0.084428315690529027 0.061132195714294818 0.039346414772472291 -0.085184217398166381 -0.025387194765680351 -0.10000275990710793 -0.034125532702934731 0.090491505402310768 -0.049308738198971101 0.059952840567704314 -0.10000400318304958 0.10000264230962595 0.096659742151086844
leaf_weight=0.0016030685824230942 0.0011423718214902392 0.0011619557398594429 0.0022149146430709976 0.001247189918601066 0.0010091503004563407 0.0010774424909278935 0.0021854932771638858 0.0011053343911058278 0.0012989338741848933 0.0016708003485224054 0.0011690424911243724 0.0018541259520219455 0.0013827244358708413 0.0010501558877678008 0.0013991236933890141 0.0012098876299617683 0.0018110136720679302 0.0010811911486143799 0.0014824448557528846 0.0032521314524700537 0.0020041460257504973 0.0014609909635878732 0.0011190489519226077 0.0012392905500293594 0.0022028547629107109 0.0011171747141816013 0.0014571471426370053 0.0010654165888457356 0.0010111693418366485 0.0016744782604973807
leaf_count=2318 726 88 972 249 220 553 216 179 1595 124 133 345 89 117 40 64 147 33 154 255 1149 1152 654 140 844 19 320 1819 43 452
internal_value=-0.000286452 -0.00154419 0.0194903 -0.00400659 -0.0280783 -0.00671868 -0.038341 0.0395627 0.0602904 0.00109123 0.0191772 0.00732481 0.0259674 -0.0171696 -0.00549729 -0.00179665 -0.0139005 0.0190137 -0.0192467 -0.00199302 -0.016406 0.00241544 -0.0109694 0.0177584 0.0535161 0.0164653 0.00897814 -0.0120186 0.0259001 0.0573391
internal_weight=0.0457602 0.0446178 0.0046758 0.039942 0.00698049 0.00537742 0.00319464 0.00218278 0.00246089 0.0329615 0.00880133 0.00763228 0.00577816 0.00243288 0.0241602 0.0227611 0.014391 0.00837015 0.00396893 0.0125799 0.00932781 0.00732366 0.00611377 0.00272174 0.00440122 0.00219837 0.00499472 0.00353758 0.00247216 0.00334528
internal_count=15209 14483 2655 11828 3486 1168 436 732 1683 8342 1260 1127 782 206 7082 7042 5603 1439 543 5456 5201 4052 3988 294 896 52 3334 3014 1195 576
is_linear=0
shrinkage=0.1


Tree=199
num_leaves=31
num_cat=0
split_feature=20 18 20 18 16 15 22 17 21 21 21 22 18 21 4 0 16 4 20 19 13 19 7 22 6 3 2 22 12 22
split_gain=0.000273197 0.000239966 0.000445165 0.000818595 0.00157347 0.000672754 0.000544395 0.000510536 0.00101053 0.000782844 0.000728075 0.000813434 0.00147019 0.000577603 0.00164085 0.0010207 0.00105748 0.000858247 0.000992883 0.00187629 0.00113352 0.000742083 0.00140669 0.000693366 0.000519321 0.000468441 0.000375795 0.000330221 0.000306894 0.000278909
threshold=3.7438055276870732 -625.62506103515614 107.79038619995119 -340.59799194335932 -0.25862068682909006 25.683333396911625 40.750000000000007 161.60405731201175 36.049999237060554 36.45000076293946 37.45000076293946 50.649999618530281 -244.37347412109372 39.049999237060554 7252.5000000000009 134.50000000000003 -0.3275862038135528 5485.5000000000009 16.803649902343754 1.0758714079856875 228.40000152587893 1.042447626590729 6.5000000000000009 38.750000000000007 499.50000000000006 9697.0000000000018 373.50000000000006 46.750000000000007 -44.499999999999993 53.049999237060554
decision_type=2 2 2 2 2 2 2 2 2 2 2 2 2 2 2 2 2 2 2 2 2 2 2 2 2 2 2 2 2 2
left_child=-1 -2 5 4 6 -3 -4 8 -7 -10 11 27 24 14 -12 16 17 23 25 20 -20 -16 26 -15 -13 -19 -23 -9 -17 -14
right_child=1 2 3 -5 -6 7 -8 10 9 -11 13 12 29 15 21 28 -18 18 19 -21 -22 22 -24 -25 -26 -27 -28 -29 -30 -31
leaf_value=0.048436220557091708 0.03794432620678876 0.073398485902106445 -0.0056896202968371922 -0.10000553303751403 0.083112650932727225 -0.10000567472236332 -0.10000634978778133 0.03394741282635682 0.053851045323637936 -0.052533813511690945 -0.1000041600093875 -0.10000589386196049 0.097476683768885936 0.080302348631482251 0.066104829361764345 0.10000812381942047 -0.097864666457301741 0.090941497139592764 -0.048745588267874715 -0.089996124306912506 0.093463480563820575 -0.099950349771323568 0.045026686108341214 -0.0035487528646864748 -0.0027809968801713139 -0.0022195609961685311 -0.020934413966717594 0.1000134927559071 0.026042541478026329 0.026472225662349899
leaf_weight=0.0011215422661607901 0.0014833131251124057 0.0012356343460595545 0.0011931869394281591 0.0012780971661374698 0.0012695413196208705 0.0015051184771017736 0.0012563610454332519 0.0013971689838783155 0.0014137648841483497 0.0013542983043608459 0.0022520879358438606 0.0011901018272055808 0.0010508813688687724 0.0021195398664097774 0.0013317312687242122 0.0012698524836616265 0.0011273432187426423 0.0010036538732904887 0.0010149868565321185 0.003091017246276806 0.0012517412087618141 0.0015076932596045367 0.0019371623547677075 0.0018442059716221593 0.0010204744566664203 0.001167710436309477 0.0010018534242171029 0.0016500907393588449 0.0010048491383685141 0.0011681602405424485
leaf_count=3421 301 529 132 4405 150 161 327 349 77 780 530 90 82 302 409 708 204 70 86 237 67 225 172 69 99 162 39 486 337 203
internal_value=-0.000278415 -0.00156724 -0.00299991 -0.0309644 -0.00723777 0.000891462 -0.0540642 -0.00169227 -0.0340576 0.00180135 0.00285682 0.0299546 0.00259731 -0.00598082 -0.0275982 0.0056741 -0.00543964 0.00362641 -0.0162013 -0.0393195 0.0297856 0.000621307 -0.0189902 0.0412891 -0.0551237 0.0408416 -0.0684059 0.0697222 0.0673338 0.0600981
internal_weight=0.0435132 0.0423916 0.0409083 0.00499719 0.00371909 0.0359111 0.00244955 0.0346755 0.00427318 0.00276806 0.0304023 0.00747688 0.00442962 0.0229254 0.00803053 0.0148949 0.0126202 0.0114929 0.00752911 0.00535775 0.00226673 0.00577844 0.00444671 0.00396375 0.00221058 0.00217136 0.00250955 0.00304726 0.0022747 0.00221904
internal_count=15209 11788 11487 5014 609 6473 459 5944 1018 857 4926 1309 474 3617 1375 2242 1197 993 622 390 153 845 436 371 189 232 264 835 1045 285
is_linear=0
shrinkage=0.1


end of trees

feature_importances:
Column_21=832
Column_22=790
Column_17=553
Column_18=420
Column_20=412
Column_0=385
Column_15=329
Column_12=323
Column_19=273
Column_6=202
Column_2=175
Column_16=165
Column_5=139
Column_9=139
Column_3=135
Column_11=126
Column_1=108
Column_4=108
Column_10=98
Column_13=96
Column_7=73
Column_14=68
Column_8=37
Column_23=14

parameters:
[boosting: gbdt]
[objective: binary]
[metric: binary_logloss]
[tree_learner: serial]
[device_type: cpu]
[data_sample_strategy: bagging]
[data: ]
[valid: ]
[num_iterations: 200]
[learning_rate: 0.1]
[num_leaves: 31]
[num_threads: 20]
[seed: 42]
[deterministic: 0]
[force_col_wise: 0]
[force_row_wise: 0]
[histogram_pool_size: -1]
[max_depth: -1]
[min_data_in_leaf: 20]
[min_sum_hessian_in_leaf: 0.001]
[bagging_fraction: 1]
[pos_bagging_fraction: 1]
[neg_bagging_fraction: 1]
[bagging_freq: 0]
[bagging_seed: 400]
[bagging_by_query: 0]
[feature_fraction: 1]
[feature_fraction_bynode: 1]
[feature_fraction_seed: 30056]
[extra_trees: 0]
[extra_seed: 12879]
[early_stopping_round: 0]
[early_stopping_min_delta: 0]
[first_metric_only: 0]
[max_delta_step: 0]
[lambda_l1: 0]
[lambda_l2: 0]
[linear_lambda: 0]
[min_gain_to_split: 0]
[drop_rate: 0.1]
[max_drop: 50]
[skip_drop: 0.5]
[xgboost_dart_mode: 0]
[uniform_drop: 0]
[drop_seed: 17869]
[top_rate: 0.2]
[other_rate: 0.1]
[min_data_per_group: 100]
[max_cat_threshold: 32]
[cat_l2: 10]
[cat_smooth: 10]
[max_cat_to_onehot: 4]
[top_k: 20]
[monotone_constraints: ]
[monotone_constraints_method: basic]
[monotone_penalty: 0]
[feature_contri: ]
[forcedsplits_filename: ]
[refit_decay_rate: 0.9]
[cegb_tradeoff: 1]
[cegb_penalty_split: 0]
[cegb_penalty_feature_lazy: ]
[cegb_penalty_feature_coupled: ]
[path_smooth: 0]
[interaction_constraints: ]
[verbosity: -1]
[saved_feature_importance_type: 0]
[use_quantized_grad: 0]
[num_grad_quant_bins: 4]
[quant_train_renew_leaf: 0]
[stochastic_rounding: 1]
[linear_tree: 0]
[max_bin: 255]
[max_bin_by_feature: ]
[min_data_in_bin: 3]
[bin_construct_sample_cnt: 200000]
[data_random_seed: 175]
[is_enable_sparse: 1]
[enable_bundle: 1]
[use_missing: 1]
[zero_as_missing: 0]
[feature_pre_filter: 1]
[pre_partition: 0]
[two_round: 0]
[header: 0]
[label_column: ]
[weight_column: ]
[group_column: ]
[ignore_column: ]
[categorical_feature: ]
[forcedbins_filename: ]
[precise_float_parser: 0]
[parser_config_file: ]
[objective_seed: 16083]
[num_class: 1]
[is_unbalance: 0]
[scale_pos_weight: 1]
[sigmoid: 1]
[boost_from_average: 1]
[reg_sqrt: 0]
[alpha: 0.9]
[fair_c: 1]
[poisson_max_delta_step: 0.7]
[tweedie_variance_power: 1.5]
[lambdarank_truncation_level: 30]
[lambdarank_norm: 1]
[label_gain: ]
[lambdarank_position_bias_regularization: 0]
[eval_at: ]
[multi_error_top_k: 1]
[auc_mu_weights: ]
[num_machines: 1]
[local_listen_port: 12400]
[time_out: 120]
[machine_list_filename: ]
[machines: ]
[gpu_platform_id: -1]
[gpu_device_id: -1]
[gpu_use_dp: 0]
[num_gpu: 1]

end of parameters

pandas_categorical:null
