tree
version=v4
num_class=3
num_tree_per_iteration=3
label_index=0
max_feature_idx=76
objective=multiclass num_class:3
feature_names=Column_0 Column_1 Column_2 Column_3 Column_4 Column_5 Column_6 Column_7 Column_8 Column_9 Column_10 Column_11 Column_12 Column_13 Column_14 Column_15 Column_16 Column_17 Column_18 Column_19 Column_20 Column_21 Column_22 Column_23 Column_24 Column_25 Column_26 Column_27 Column_28 Column_29 Column_30 Column_31 Column_32 Column_33 Column_34 Column_35 Column_36 Column_37 Column_38 Column_39 Column_40 Column_41 Column_42 Column_43 Column_44 Column_45 Column_46 Column_47 Column_48 Column_49 Column_50 Column_51 Column_52 Column_53 Column_54 Column_55 Column_56 Column_57 Column_58 Column_59 Column_60 Column_61 Column_62 Column_63 Column_64 Column_65 Column_66 Column_67 Column_68 Column_69 Column_70 Column_71 Column_72 Column_73 Column_74 Column_75 Column_76
feature_infos=[-280.8983154296875:844.0440673828125] [-405.72494506835938:1615.503662109375] [-230.50654602050781:749.960205078125] [-331.8614501953125:1182.387939453125] [-309.82647705078125:1075.528564453125] [-323.49810791015625:596.33355712890625] [-147:268] [-222:407] [-168:168] [-204:217] [-281:257] [-244:241] [-250:394] [-467:556] [-190:178] [-366:365] [-387:361] [-248:339] [-312:468] [-1046:647] [-210:375] [-558:509] [-372:487] [-300:367] [-488:921] [-1566:1268] [-339:814] [-958:991] [-564:1161] [-379:644] [-999:120.69999694824219] [-999:55.900001525878906] [0:1] [-402.00225830078125:441.538818359375] [-1008.9915161132812:3105.31591796875] [-705.62109375:6747.2119140625] [-397.63812255859375:270.74856567382812] [-31046.970703125:3688.856689453125] [-691.13092041015625:2004.7818603515625] [-164.63774108886719:373.34857177734375] [-3068.876953125:903.58673095703125] [-252.65277099609375:792.8507080078125] [-236.79437255859375:716.091552734375] [-259.62759399414062:1495.3037109375] [-231.68768310546875:1297.543701171875] [-213.0919189453125:700.46435546875] [-200.85858154296875:635.30999755859375] [-242.27642822265625:1083.18603515625] [-228.31524658203125:968.7252197265625] [-231.87908935546875:982.727294921875] [-217.145751953125:841.01226806640625] [-153.35836791992188:542.431640625] [-132.8955078125:466.9896240234375] [-644:631] [-734:590] [-215.392822265625:592.0814208984375] [-167.4990234375:555.45245361328125] [-1775:1792] [-1850:1875] [-206.828369140625:847.8980712890625] [-162.89874267578125:514.721923828125] [-474:655] [-544:515] [-181.93658447265625:535.8782958984375] [-143.648193359375:471.52984619140625] [-1158:1153] [-1265:1406] [-205.96539306640625:758.9300537109375] [-160.93359375:568.6986083984375] [-726:704] [-831:772] [-195.3363037109375:666.92608642578125] [-154.83050537109375:633.12579345703125] [-596:399] [-487:490] [-118.34109497070312:366.2689208984375] [-90.966766357421875:364.23373413085938]
tree_sizes=3109 3113 2622 3068 2985 3147 3398 3049 3509 2447 3064 3099 3182 3090 3046 2607 3288 2669 2861 2861 2982 2498 3206 2675 2389 3017 2432 2188 3206 2705 2172 3291 3086 2449 2860 3261 2447 2794 3271 2885 3013 2877 2757 3288 3337 2777 3315 3364 2348 3426 3119 2540 3559 3155 2261 3274 2734 2705 3095 2842 3142 3473 3015 2461 2652 3240 2353 3261 3181 2407 3119 2694 2208 3130 2752 2474 3163 2963 2565 2883 2938 2061 2622 2863 2500 2562 2525 2233 2659 2806 2306 2506 2512 2239 2868 2893 2395 2484 2748 1997 2594 2946 2328 2539 3025 2041 2672 2843 1945 2498 2925 2248 2161 2551 2289 2167 2324 1681 2516 2663 1840 2580 2401 2101 2384 2594 1757 2332 2276 2187 2169 2369 1943 2269 2247 1921 2302 2427 2095 2078 2252 1635 1880 2103 2152 1740 2536 1912 2011 2003 1857 1595 2414 1753 1785 1990 1487 1801 2156 1451 1780 2091 1634 1685 2160 1954 1873 2172 1595 1682 1815 1908 1992 1819 1827 1783 1881 1584 1779 2003 1625 1681 2103 1390 1758 1886 1374 1608 1714 1255 1788 1702 1550 1522 1777 1795 1613 1892 1406 1604 1364 1695 1766 1588 1068 1412 1983 1526 1703 1708 1421 1243 1053 967 1437 2063 1461 1250 1343 1441 1788 1525 1615 1320 875 960 1434 1506 1510 1242 870 1707 970 1174 1235 1072 1178 1139 1061 789 1223 1598 227 1059 1141 792 971 1348 432 1154 1708 227 1136 879 227 957 783 618 970 1230 428 869 880 227 1247 1446 618 886 1053 227 962 1337 428 616 1264 227 869 1349 533 896 960 534 886 1345 621 872 1063 428 787 883 227 700 1253 227 1240 801 227 612 970 227 778 877 227 227 879 534 227 793 535 227 790 797 227 712 890 227 710 227 227 623 517 227 609 227 227 608 227 227 227 515 227 518 227 227 227 529 227 227 517 227 517 227

Tree=0
num_leaves=29
num_cat=0
split_feature=34 39 1 36 44 30 34 64 22 28 60 31 36 38 31 51 59 37 31 31 60 31 64 30 36 44 34 33
split_gain=589.965 425.871 296.478 223.924 232.426 162.432 102.93 101.937 85.5411 84.4231 65.4755 71.5524 42.2387 38.5791 28.1211 27.1515 21.1998 18.0423 17.8192 14.7914 14.3511 11.5473 6.77349 6.02579 6.01082 3.37498 3.24627 3.08793
threshold=1.2204573154449465 0.63063639402389537 -123.40934371948241 1.3432560563087466 18.999725341796879 37.850000381469734 0.11089514195919038 89.598846435546889 74.500000000000014 84.500000000000014 8.6736450195312518 38.149999618530281 0.50339171290397655 0.75779262185096752 41.850000381469734 -47.124954223632805 10.417236328125002 -0.4331394731998443 34.549999237060554 45.250000000000007 43.421203613281257 28.250000000000004 89.598846435546889 37.649999618530281 1.3166792392730715 4.3668212890625009 1.1979549527168276 0.8615241050720216
decision_type=2 2 2 2 2 2 2 2 2 2 2 2 2 2 2 2 2 2 2 2 2 2 2 2 2 2 2 2
left_child=6 3 -3 12 15 -6 7 16 10 20 11 -4 -2 17 22 -5 -1 -8 -15 24 -7 -12 -10 -23 -14 -17 27 -19
right_child=1 2 8 4 5 9 13 -9 14 -11 21 -13 19 18 -16 25 -18 26 -20 -21 -22 23 -24 -25 -26 -27 -28 -29
leaf_value=-1.1511635234172191 -1.1053992815788947 -1.2549991046464943 -1.2333067520584629 -1.1330075898794729 -1.2493986746499592 -1.092619540110459 -1.1738234048939888 -1.2472216859831848 -1.1729588223214207 -1.1836176581093936 -1.1224931444303274 -1.0403981035458825 -1.2556882093452277 -1.2146895583594866 -1.0720269731648842 -1.2587541054737779 -0.99511440522459305 -1.2101423688509363 -1.0896384657076628 -1.1738234048939888 -0.96977984339508905 -1.0907356905738845 -1.2373067657640993 -0.97941316392221445 -1.1738234048939888 -1.1771948522884823 -1.1862689747971262 -1.2623486621778786
leaf_weight=24.028728157281876 17.30068427324295 63.756225377321243 24.989877283573151 17.621067315340042 31.717921167612076 31.077155083417892 18.261833399534225 45.814775019884109 17.621067315340042 20.824897736310959 18.902599483728409 48.698222398757935 285.46129050850868 17.621067315340042 26.591792494058609 85.221889197826385 30.116005957126617 49.338988482952118 18.902599483728409 17.30068427324295 118.54172557592392 26.271409451961517 19.2229825258255 271.04405361413956 19.863748610019684 19.2229825258255 22.747195988893509 626.02846425771713
leaf_count=75 54 199 78 55 99 97 57 143 55 65 59 152 891 55 83 266 94 154 59 54 370 82 60 846 62 60 71 1954
internal_value=-1.17382 -1.1281 -1.06022 -1.18044 -1.122 -1.05597 -1.2371 -1.14577 -1.03149 -1.01664 -1.01377 -1.11197 -1.23757 -1.24992 -1.14958 -1.22763 -1.05193 -1.25514 -1.16116 -1.24659 -0.990436 -0.99304 -1.19608 -0.986896 -1.25176 -1.24867 -1.25775 -1.25939
internal_weight=2034.11 1181.25 517.098 664.154 324.228 202.162 852.86 99.9595 453.342 170.444 389.906 73.6881 339.926 752.9 63.4358 122.066 54.1447 716.376 36.5237 322.626 149.619 316.218 36.844 297.315 305.325 104.445 698.115 675.367
internal_count=6349 3687 1614 2073 1012 631 2662 312 1415 532 1217 230 1061 2350 198 381 169 2236 114 1007 467 987 115 928 953 326 2179 2108
is_linear=0
shrinkage=1


Tree=1
num_leaves=29
num_cat=0
split_feature=36 41 41 39 34 31 31 34 39 33 23 41 30 56 76 40 39 36 33 31 37 72 23 37 33 38 37 37
split_gain=963.002 304.179 332.398 146.874 151.825 123.043 97.1738 67.255 65.1492 66.109 64.2558 50.9172 35.0966 28.8449 59.72 27.6406 20.4515 17.5482 37.7907 17.1189 13.465 7.26334 6.89207 5.81316 5.61183 3.87519 3.81888 3.40667
threshold=1.3075960874557497 162.60708618164065 -74.156738281249986 0.46592245995998388 2.1397875547409062 46.350000381469734 27.150000572204593 2.1397875547409062 0.64343363046646129 0.75314569473266613 132.50000000000003 -43.321289062499993 37.549999237060554 120.67163085937501 58.016326904296882 0.76857736706733715 0.66401186585426342 1.4248174428939822 1.2287605404853823 33.850000381469734 -2.5334573984146114 220.54724121093753 -63.499999999999993 4.8297836780548105 1.1347188353538515 0.41281080245971685 4.0172533988952646 3.0229786634445195
decision_type=2 2 2 2 2 2 2 2 2 2 2 2 2 2 2 2 2 2 2 2 2 2 2 2 2 2 2 2
left_child=1 2 5 4 6 16 -2 13 9 -9 17 -6 -3 20 -15 -8 -1 18 27 -20 -4 -16 -19 -22 -18 -17 -24 -5
right_child=3 12 7 10 11 -7 15 8 -10 -11 -12 -13 -14 14 21 25 24 22 19 -21 23 -23 26 -25 -26 -27 -28 -29
leaf_value=-0.91840123805443385 -1.0038789935409518 -1.096693891173365 -1.1082665537295171 -1.1906134172794527 -0.93585393998987154 -1.1759231452280008 -1.0933255871341405 -1.1318504237547109 -1.1558990177008759 -0.95576455351222078 -1.0360696019809239 -1.1082665537295171 -0.91726881723891973 -0.98124210204634865 -1.1082665537295171 -1.2007141898932956 -1.106538326021681 -1.1082665537295171 -1.0289520080922046 -1.1327851011372077 -1.1822144935404686 -1.1816453588755498 -1.1998940419554918 -1.1082665537295171 -0.99754172180435197 -1.1132144997455371 -1.1393322164486099 -1.1137949360165644
leaf_weight=152.25794541835785 34.166815638542175 17.912699460983276 28.859349131584167 109.46649670600891 54.069815039634705 20.234716057777405 22.556732654571533 24.215315937995911 38.479132175445557 63.689598083496094 23.55188262462616 32.508232355117798 213.95724356174469 27.864199161529541 19.571282744407654 141.97472906112671 17.912699460983276 18.244416117668152 25.873899221420288 24.547032594680786 150.93107879161835 32.839949011802673 684.33146274089813 24.547032594680786 23.55188262462616 17.912699460983276 38.810848832130432 21.229866027832031
leaf_count=459 103 54 87 330 163 61 68 73 116 192 71 98 645 84 59 428 54 55 78 74 455 99 2063 74 71 54 117 64
internal_value=-1.10827 -1.02675 -1.0644 -1.16423 -1.10518 -0.96395 -1.14833 -1.11606 -1.05749 -1.00895 -1.18362 -0.99362 -0.928811 -1.14395 -1.09824 -1.179 -0.938793 -1.18809 -1.15318 -1.08745 -1.16415 -1.15449 -1.19579 -1.1745 -1.03096 -1.1941 -1.19742 -1.18208
internal_weight=2106.07 856.824 624.954 1249.24 303.189 213.957 216.611 410.997 126.384 87.9049 946.056 86.578 231.87 284.613 80.2754 182.444 193.723 922.504 181.117 50.4209 204.337 52.4112 741.387 175.478 41.4646 159.887 723.142 130.696
internal_count=6349 2583 1884 3766 914 645 653 1239 381 265 2852 261 699 858 242 550 584 2781 546 152 616 158 2235 529 125 482 2180 394
is_linear=0
shrinkage=1


Tree=2
num_leaves=24
num_cat=0
split_feature=30 43 42 65 56 68 45 27 30 75 40 30 51 64 68 66 56 68 64 72 45 48 19
split_gain=854.779 262.546 403.089 226.443 162.468 145.494 116.953 101.919 96.8995 80.0444 62.4332 116.838 74.3256 111.444 64.2868 63.3136 43.7002 31.2151 49.2573 26.9175 16.1477 10.5536 2.89716
threshold=36.149999618530281 -21.552886962890621 -118.45614624023436 226.50000000000003 229.3580017089844 8.6130981445312518 -49.942901611328118 -238.49999999999997 118.15000152587892 -56.362609863281243 1.6058166027069094 92.149997711181655 14.603668212890627 136.79455566406253 122.61126708984376 2.5000000000000004 209.57446289062503 52.740905761718757 47.192352294921882 137.24868774414065 -40.509216308593743 -48.205749511718743 -92.499999999999986
decision_type=2 2 2 2 2 2 2 2 2 2 2 2 2 2 2 2 2 2 2 2 2 2 2
left_child=-1 2 -2 7 -5 21 9 16 20 -7 11 22 -12 14 15 17 -3 18 -14 -19 -8 -4 -9
right_child=1 3 5 4 -6 6 8 10 -10 -11 12 -13 13 -15 -16 -17 -18 19 -20 -21 -22 -23 -24
leaf_value=-0.84089866226966759 -1.118649063516397 -0.87777898947881416 -0.84470954466969084 -0.85019931772239665 -1.087684916660516 -0.89744489953395656 -0.99687452657890452 -1.0291538233043112 -1.0928443599458211 -1.1031582730222969 -1.1105249276681775 -0.89977739248628474 -0.9321049642839262 -1.1123252804067052 -0.86453179336309083 -1.100720996818694 -1.0465714319868957 -0.87411397527938905 -1.0971111523588606 -1.0197455026221645 -0.85693098195065798 -0.9761541313276404 -1.1084493838848235
leaf_weight=235.89542543888092 152.5364847779274 33.205221176147461 143.19751632213593 77.824737131595612 39.777087867259979 20.407375514507294 19.369712352752686 19.023824632167816 21.099150955677032 85.434266984462738 140.77630227804184 24.212140440940857 31.821670293807983 94.427347719669342 35.626435220241547 50.49960720539093 18.677936911582947 39.08531242609024 35.972322940826416 22.136814117431641 85.088379263877869 19.023824632167816 750.92224138975143
leaf_count=682 441 96 414 225 115 59 56 55 61 247 407 70 92 273 103 146 54 113 104 64 246 55 2171
internal_value=-1.01975 -1.04146 -0.983167 -1.06434 -0.934295 -0.929166 -0.983442 -1.07665 -0.917957 -1.05721 -1.08262 -1.09988 -1.05084 -1.02167 -0.983509 -1.01151 -0.945924 -0.97208 -1.01975 -0.921771 -0.877271 -0.856334 -1.10715
internal_weight=2196.04 1960.15 546.157 1413.99 117.602 393.62 231.399 1296.39 125.557 105.842 1244.5 794.158 450.346 309.57 215.142 179.516 51.8832 129.016 67.794 61.2221 104.458 162.221 769.946
internal_count=6349 5667 1579 4088 340 1138 669 3748 363 306 3598 2296 1302 895 622 519 150 373 196 177 302 469 2226
is_linear=0
shrinkage=1


Tree=3
num_leaves=29
num_cat=0
split_feature=34 39 43 36 43 30 35 68 18 28 60 51 36 36 51 31 31 31 60 60 31 30 37 36 33 39 34 39
split_gain=486.03 324.216 234.786 183.29 184.857 126.719 90.5541 99.3316 68.2025 63.445 44.3049 77.511 31.7188 29.0704 26.8375 14.2615 11.4347 10.242 10.0251 16.1368 7.91911 6.74615 6.30987 5.39216 4.93617 3.26309 1.7795 0.339148
threshold=1.2204573154449465 0.63063639402389537 -112.18704223632811 1.3432560563087466 9.8269958496093768 37.850000381469734 0.21048607677221301 204.55157470703128 65.500000000000014 100.50000000000001 8.6736450195312518 -44.245513916015618 0.59597164392471325 0.59597164392471325 -47.124954223632805 45.049999237060554 28.250000000000004 41.850000381469734 43.421203613281257 29.365783691406254 33.45000076293946 41.549999237060554 1.0000000180025095e-35 1.3166792392730715 0.8615241050720216 1.2695950269699099 1.1887055635452273 0.24074207246303561
decision_type=2 2 2 2 2 2 2 2 2 2 2 2 2 2 2 2 2 2 2 2 2 2 2 2 2 2 2 2
left_child=6 3 -3 12 14 -6 7 -1 10 18 11 -4 -2 20 -5 23 -12 -10 19 -7 -8 -13 -15 -14 27 26 -26 -24
right_child=1 2 8 4 5 9 13 -9 17 -11 16 21 15 22 -16 -17 -18 -19 -20 -21 -22 -23 24 -25 25 -27 -28 -29
leaf_value=0.10855669884036541 0.043747082359621353 -0.082238950504429073 0.15946892863298173 0.036135951958515364 -0.069828848650653433 0.12803843423083769 -0.028272097828488687 -0.079132912621819623 -0.015857147153674811 -0.020011201218139787 0.036299602157264625 0 -0.077929342834015397 0 -0.078345234608890521 0 0.15619026500586186 0.060437970941490483 0.16911834479917973 0 0.05524718122948713 -0.066362956226530018 -0.027407276339053918 0 -0.085280664338640594 -0.010861175911569675 -0.022612349121698794 0
leaf_weight=60.541079580783844 20.403816431760788 59.876961588859558 35.097928166389465 18.033938884735107 32.492073565721512 19.734117031097412 17.039961516857147 46.649933785200119 33.601447850465775 18.625914752483368 20.844869315624237 18.808502554893494 268.650610268116 20.529341191053391 94.627500295639038 18.153538763523102 329.29095134139061 24.700644820928574 130.40995827317238 17.943526118993759 18.591204822063446 22.296240717172623 16.938081562519073 19.351351916790009 570.77768740057945 22.723161578178406 28.157932847738266 16.892061233520508
leaf_count=182 62 195 102 55 107 59 54 152 105 58 63 56 882 64 307 57 948 74 372 54 56 71 54 60 1883 73 90 54
internal_value=0 0.0403763 0.097338 -0.0061839 0.045174 0.0991102 -0.0593758 0.0225297 0.120811 0.131573 0.13475 0.0528886 -0.059791 -0.0724223 -0.0554575 -0.068541 0.150717 0.00963659 0.151243 0.0709125 0.00336545 -0.030816 -0.0771253 -0.0740448 -0.0789294 -0.0814175 -0.0832384 -0.0175319
internal_weight=2021.78 1202.94 544.518 658.426 331.867 219.206 818.84 107.191 484.641 186.714 426.338 76.2027 326.559 711.649 112.661 306.156 350.136 58.3021 168.088 37.6776 35.6312 41.1047 676.018 288.002 655.489 621.659 598.936 33.8301
internal_count=6349 3687 1614 2073 1012 650 2662 334 1419 543 1240 229 1061 2328 362 999 1011 179 485 113 110 127 2218 942 2154 2046 1973 108
is_linear=0
shrinkage=0.1


Tree=4
num_leaves=28
num_cat=0
split_feature=36 33 39 39 30 1 42 37 67 29 37 55 33 37 56 76 56 33 53 74 37 44 67 44 18 30 30
split_gain=779.117 232.148 238.994 129.057 101.75 91.7272 72.2127 68.8255 63.1199 55.2462 41.6281 35.4727 26.9875 24.1132 17.067 31.4656 13.0366 56.1826 14.5811 20.8117 10.9573 23.2329 8.16642 6.60559 4.15919 2.44334 1.39402
threshold=1.3075960874557497 0.96007519960403453 0.65768292546272289 0.46592245995998388 36.149999618530281 -140.8387756347656 -67.746582031249986 0.57100769877433788 -62.381378173828118 250.00000000000003 3.0229786634445195 93.130004882812514 1.1703312993049624 2.9366091489791875 113.20147705078126 60.695175170898445 229.3580017089844 1.3578599095344546 -200.49999999999997 -115.49999999999999 3.5440855026245122 -4.1591339111328116 63.571685791015632 23.453674316406254 19.500000000000004 41.049999237060554 46.049999237060554
decision_type=2 2 2 2 2 2 2 2 2 2 2 2 2 2 2 2 2 2 2 2 2 2 2 2 2 2 2
left_child=1 13 4 6 -3 -4 8 12 -2 16 -9 -7 -8 14 24 -16 18 -18 19 -5 -20 -22 -12 -15 -1 -6 -17
right_child=3 2 5 9 25 11 7 10 -10 -11 22 -13 -14 23 15 26 17 -19 20 -21 21 -23 -24 -25 -26 -27 -28
leaf_value=-0.068339595613680887 -0.03567633868206297 -0.058004056544569152 0.13328194021496803 -0.069623503626573144 0.11402729437256064 -0.073292580813179325 0 -0.083137579387805569 0.1570857863613204 0.066713405760532876 0.068178430218108585 0.047923264440404484 0.11937727785153954 0.079053016920583266 0.10042801983467989 -0.065675728145403817 -0.082172748279432939 0.10618752937109102 -0.086909456943354904 0.056542053734227563 0.038569019164806179 -0.072570403016589416 -0.003047558730197623 0 0 0.15672450756900247 0
leaf_weight=92.867477118968964 19.318857371807098 21.839698165655136 34.090542852878571 28.315895289182663 178.897556245327 102.58806473016739 29.808659553527832 132.66118055582047 46.978579699993134 22.908142298460007 20.735557049512863 24.491259098052979 34.409595221281052 21.379251390695572 20.378167241811752 20.508770704269409 50.085968166589737 19.001473695039749 699.11800035834312 17.815079748630524 21.88463482260704 48.052939206361771 17.833567708730698 18.741679042577744 17.624330639839172 312.51594546437263 17.658389240503311
leaf_count=286 61 69 99 89 513 318 90 415 133 68 61 72 99 62 59 64 158 56 2211 54 66 150 55 56 54 877 54
internal_value=0 0.0712433 0.0998226 -0.0521492 0.133078 -0.0035328 0.00298095 -0.021489 0.0946139 -0.070976 -0.0559398 -0.0457515 0.0618365 -0.0187176 -0.0368404 0 -0.075258 -0.0217942 -0.0791219 -0.0105782 -0.0825627 -0.0310016 0.0252296 0.044065 -0.0597729 0.142788 -0.0457419
internal_weight=2092.51 883.581 674.423 1208.93 513.253 161.17 301.746 235.449 66.2974 907.182 171.23 127.079 64.2183 209.158 169.037 58.5453 884.274 69.0874 815.187 46.131 769.056 69.9376 38.5691 40.1209 110.492 491.414 38.1672
internal_count=6349 2583 1948 3766 1459 489 914 720 194 2852 531 390 189 635 517 177 2784 214 2570 143 2427 216 116 118 340 1390 118
is_linear=0
shrinkage=0.1


Tree=5
num_leaves=30
num_cat=0
split_feature=30 34 36 31 56 33 34 56 42 30 76 59 68 31 34 35 2 63 28 65 30 48 3 33 2 39 36 64 37
split_gain=668.483 368.831 272.757 151.529 92.9447 91.452 75.3008 74.5349 57.2233 54.4432 32.4679 28.4314 26.6401 25.1142 24.3987 23.6315 62.5667 89.9487 30.6555 14.86 14.1611 12.1977 11.4797 10.142 6.54776 4.71375 5.11637 2.05059 1.66784
threshold=36.149999618530281 1.3130739331245425 1.3015088438987734 26.550000190734867 214.6813659667969 0.98447999358177196 0.11089514195919038 113.20147705078126 -117.39352416992186 39.750000000000007 58.935211181640632 -4.2393798828124991 297.56082153320318 38.250000000000007 1.2204573154449465 0.54988145828247081 12.077091217041017 54.738952636718757 68.500000000000014 -210.49999999999997 38.049999237060554 17.229187011718754 16.769940376281742 0.56383797526359569 57.986459732055671 0.66994702816009533 1.1270688176155093 49.804931640625007 2.3986452817916875
decision_type=2 2 2 2 2 2 2 2 2 2 2 2 2 2 2 2 2 2 2 2 2 2 2 2 2 2 2 2 2
left_child=-1 2 5 7 6 10 21 -3 -8 22 11 -2 -9 -6 28 16 -5 -18 20 -17 -19 -4 -7 -12 -16 -11 -27 -13 -10
right_child=1 3 4 15 13 9 8 12 14 25 23 27 -14 -15 24 19 17 18 -20 -21 -22 -23 -24 -25 -26 26 -28 -29 -30
leaf_value=0.15342697560697099 0.0801409060944345 0.13282273528900249 -0.068002377862830476 -0.092276099500207723 -0.083571360827200292 0 -0.033933204617589238 -0.081085153232353116 0.13940291270147606 -0.089054239030257776 0.13121303710084298 0 0.052612532002633106 0.04330135356153321 0.067526952865638742 0 0.11329340060447944 0 0.036160177474789092 -0.087167310879421062 -0.08401492972888365 0.025949846484599227 0.090489022850683387 0.0060793557650082796 0 -0.056135772055968806 0 -0.072436578408588026 0.042381530688625546
leaf_weight=249.1031436920166 22.304286330938339 53.645760029554367 23.30213862657547 162.26010802388191 36.117910712957382 20.360712498426437 18.353929698467255 34.794560134410858 276.88183301687241 192.50413566827774 34.038826704025269 18.610984086990356 18.647336512804031 18.811913311481476 19.042199552059174 18.451957553625107 44.218305200338364 18.734660387039185 27.705330342054367 600.55241072177887 98.842867851257324 18.990873008966446 19.07390633225441 18.759768515825272 18.423750281333923 32.62191766500473 20.329747974872589 25.44722843170166 19.193198829889297
leaf_count=682 63 151 70 489 106 59 54 104 763 582 94 55 53 54 54 54 126 54 80 1805 297 54 54 54 54 96 59 75 54
internal_value=0 -0.0198838 0.0288171 -0.0588575 0.0825384 -0.0298447 0.0997713 0.0505606 0.115048 -0.0611547 0.040774 0 -0.0255435 -0.0317171 0.124865 -0.0715182 -0.0469652 -0.00498549 -0.0455076 -0.0844594 -0.069109 -0.0159 0.0382039 0.0976873 0.0284682 -0.0792785 -0.032705 -0.0519991 0.135121
internal_weight=2180.13 1931.02 853.169 1077.85 449.118 404.052 394.188 107.088 351.895 284.89 119.161 66.3625 53.4419 54.9298 333.541 970.766 351.761 189.501 145.283 619.004 117.578 42.293 39.4346 52.7986 37.4659 245.456 52.9517 44.0582 296.075
internal_count=6349 5667 2454 3213 1263 1191 1103 308 979 850 341 193 157 160 925 2905 1046 557 431 1859 351 124 113 148 108 737 155 130 817
is_linear=0
shrinkage=0.1


Tree=6
num_leaves=32
num_cat=0
split_feature=34 36 43 30 49 35 64 63 59 51 64 36 38 44 51 76 28 31 59 31 31 37 21 30 70 73 33 34 37 34 34
split_gain=400.043 252.16 207.637 125.164 84.3273 80.446 88.0717 66.1764 60.4337 64.4133 33.9607 33.5849 32.0796 28.3341 106.087 24.8373 21.6847 19.7226 19.1174 18.723 18.6562 16.3669 9.67184 7.55179 7.3352 3.9284 2.97013 3.09345 2.20154 1.14106 0.581117
threshold=1.2204573154449465 1.3432560563087466 12.420806884765627 36.149999618530281 -169.5597229003906 0.21048607677221301 92.841949462890639 94.505310058593764 16.548217773437504 -40.343261718749993 88.143005371093764 1.426779627799988 0.75779262185096752 -67.573486328124986 -40.799987792968743 100.34753417968751 100.50000000000001 44.750000000000007 5.5095214843750009 32.850000381469734 40.850000381469734 0.23459760844707492 77.500000000000014 38.049999237060554 -252.49999999999997 -41.499999999999993 0.8615241050720216 0.50074473023414623 2.2757073640823369 1.1979549527168276 1.3927168846130373
decision_type=2 2 2 2 2 2 2 2 2 2 2 2 2 2 2 2 2 2 2 2 2 2 2 2 2 2 2 2 2 2 2
left_child=5 7 4 -4 -3 6 -1 8 9 24 20 16 21 -6 -15 30 28 25 -16 -14 -10 -7 23 -13 -2 -11 27 -23 -5 -28 -9
right_child=1 2 3 11 13 12 -8 15 10 17 -12 22 19 14 18 -17 -18 -19 -20 -21 -22 26 -24 -25 -26 -27 29 -29 -30 -31 -32
leaf_value=0.10845637551551775 0 0.14033805689966275 -0.070789264426149509 0.11462349021049484 -0.080626341344947228 0 -0.067130409378218084 -0.011104807402569172 0.15264360137086103 0 -0.0054778836623214054 0.039829352293273682 -0.051675925506173295 0.13199867249469563 -0.070583693218790183 0.023876057516414917 -0.0041410913783854362 0.022385188086721748 0.016357674522518045 0.067745757196274084 0.0018034156602272295 -0.049992112796557145 0.031049909805160938 0.1458804796409893 0.11747112690372744 -0.077210658782396413 -0.081964973136597952 0 0.022294758183077187 -0.012344497793014183 -0.084374674695558358
leaf_weight=56.197930872440338 17.237035870552063 33.550929605960846 31.180178731679916 31.96851059794426 61.975667029619217 27.449428498744965 50.810001701116562 17.695377498865128 43.174475431442261 17.619263142347336 23.632068067789078 22.134996831417084 21.4837327003479 41.056380748748779 95.606647551059723 17.751340091228485 28.175200134515762 18.251604706048965 21.998339653015137 24.547002971172333 18.273540407419205 16.335205852985382 21.50000873208046 338.17674821615219 23.866305887699127 109.69885328412056 548.67704808712006 17.090609669685364 21.040757536888123 19.864028066396713 151.73577377200127
leaf_count=162 54 93 106 88 210 86 172 61 122 55 77 65 70 115 316 56 86 55 65 73 55 54 65 929 68 369 1925 55 60 65 517
internal_value=0 0.0359132 0.0717686 0.109401 0 -0.0557593 0.0210332 -0.0215786 0.00842646 -0.0214701 0.0783215 0.122875 -0.0686679 -0.024617 0 -0.0672382 0.0518721 -0.0546621 -0.0503013 0.00225464 0.117094 -0.0746067 0.136298 0.141002 0.0815244 -0.0696343 -0.078037 -0.021064 0.0892339 -0.0804393 -0.0797908
internal_weight=1989.75 1207.3 748.364 494.176 254.188 782.455 107.008 458.936 271.753 186.673 85.0801 462.996 675.447 220.637 158.661 187.182 81.1845 145.57 117.605 46.0307 61.448 629.416 381.812 360.312 41.1033 127.318 601.967 33.4258 53.0093 568.541 169.431
internal_count=6349 3687 2198 1399 799 2662 334 1489 855 601 254 1293 2328 706 496 634 234 479 381 143 177 2185 1059 994 122 424 2099 109 148 1990 578
is_linear=0
shrinkage=0.1


Tree=7
num_leaves=29
num_cat=0
split_feature=39 42 31 33 60 31 31 37 31 30 31 60 37 64 56 75 39 61 56 59 20 2 38 37 41 31 60 34
split_gain=415.872 241.905 227.784 166.104 94.3454 66.1374 62.4195 47.8379 127.628 104.727 42.8624 38.3039 37.0988 32.1245 27.8666 52.3631 23.2538 21.4552 21.3823 65.2407 15.4713 14.0087 10.3498 9.84746 7.6781 1.83964 0.839795 0.800906
threshold=0.51930800080299389 -132.80599975585935 44.850000381469734 0.92455083131790172 134.4178161621094 41.049999237060554 16.050000190734867 2.967969655990601 34.750000000000007 39.049999237060554 1.6500000357627871 36.649627685546882 4.0172533988952646 45.016021728515632 209.57446289062503 120.73889160156251 0.70574828982353222 8.5000000000000018 206.98071289062503 -39.447021484374993 26.500000000000004 239.45235443115237 1.0131155848503115 1.0000000180025095e-35 110.46551513671876 29.94999980926514 42.37519836425782 1.7205260992050173
decision_type=2 2 2 2 2 2 2 2 2 2 2 2 2 2 2 2 2 2 2 2 2 2 2 2 2 2 2 2
left_child=2 -2 3 11 10 6 -6 8 18 -10 -3 13 14 -1 -12 -16 22 -8 19 -5 -4 27 -14 -21 -13 -25 -9 -11
right_child=1 4 20 7 5 -7 17 26 9 21 12 24 16 -15 15 -17 -18 -19 -20 23 -22 -23 -24 25 -26 -27 -28 -29
leaf_value=-0.021533670959867631 0.13834839350334935 0.064879007244084991 -0.087293826893813931 0.13371625421493014 -0.066185729917524014 -0.078592521750672939 0.13444148857066437 0.14014656213534549 0.11305789080932155 -0.082767447451582529 -0.079791780414142838 -0.075321817072272909 0 0.11034026502799697 0.12262923009915545 -0.0704790768348907 -0.052935778325773036 0 0.14492914464388404 0.042993398087481927 0 0.0027971126682947429 0.086120125624687238 -0.058819548525196975 0 0 0.049210652296206886 -0.01013327639719061
leaf_weight=31.166165351867676 67.385072380304337 19.470532208681107 106.90287187695503 73.460503250360489 22.634015947580338 42.584895610809326 62.146841645240784 193.48679542541504 51.3736532330513 71.409350603818893 754.68537154793739 73.642958283424377 18.325479865074158 29.916307508945465 18.366088658571243 40.135215610265732 47.35490083694458 20.750443547964096 134.01419964432716 20.71502760052681 17.133236646652222 16.594439148902893 24.121598839759827 19.025515049695969 23.065657377243042 17.222449600696564 21.713680058717728 18.898589849472046
leaf_count=96 183 57 350 201 73 138 176 529 143 235 2492 236 56 87 51 131 151 65 363 58 53 50 69 60 71 54 62 59
internal_value=0 -0.0404028 0.0499114 0.0698753 -0.052388 0.0189676 0.0636766 0.0926663 0.0699368 0 -0.0643862 -0.0192612 -0.0678709 0.037191 -0.0746216 0 -0.00116011 0.105652 0.112139 0.0728042 -0.0732395 -0.0573804 0.0455924 0 -0.0598194 -0.0379759 0.133832 -0.073425
internal_weight=2057.7 1137.96 919.741 795.705 1070.58 148.116 105.531 637.914 422.714 158.276 922.459 157.791 902.989 61.0825 813.187 58.5013 89.802 82.8973 264.438 130.423 124.036 106.902 42.4471 56.963 96.7086 36.248 215.2 90.3079
internal_count=6349 3642 2707 2304 3459 452 314 1814 1223 487 3007 490 2950 183 2674 182 276 241 736 373 403 344 125 172 307 114 591 294
is_linear=0
shrinkage=0.1


Tree=8
num_leaves=33
num_cat=0
split_feature=30 34 36 30 33 56 34 42 30 30 32 30 42 68 68 48 34 34 54 1 33 59 33 30 68 46 36 39 65 68 33 39
split_gain=535.866 309.329 212.986 117.002 75.1401 72.6076 59.2511 61.6395 51.5405 48.4504 31.0956 119.456 57.2677 28.5592 23.2711 22.9304 18.0744 15.6009 12.7083 12.406 10.4035 17.1704 8.40232 8.18148 27.4028 7.0217 3.9839 3.40666 2.78399 2.61748 2.35897 0.693866
threshold=36.149999618530281 1.3130739331245425 1.2869181632995608 54.850000381469734 0.75314569473266613 214.6813659667969 0.11089514195919038 -118.45614624023436 112.29999923706056 39.750000000000007 1.0000000180025095e-35 42.049999237060554 188.64367675781253 106.87820434570314 228.1026306152344 494.17230224609381 1.2204573154449465 2.8570084571838383 -24.499999999999996 -13.811282634735106 1.0697187185287478 35.524322509765632 0.95655545592308056 38.649999618530281 54.949890136718757 73.706573486328139 1.1936057209968569 0.58910065889358532 1.5000000000000002 106.87820434570314 1.3220255374908449 0.25331534445285803
decision_type=2 2 2 2 2 2 2 2 2 2 2 2 2 2 2 2 2 2 2 2 2 2 2 2 2 2 2 2 2 2 2 2
left_child=-1 2 4 10 13 6 19 -8 -5 18 11 20 17 -2 23 -7 31 28 -6 -4 21 -3 -11 24 -12 -18 30 -28 -13 -26 -24 -9
right_child=1 3 5 8 9 15 7 16 -10 22 14 12 -14 -15 -16 -17 25 -19 -20 -21 -22 -23 26 -25 29 -27 27 -29 -30 -31 -32 -33
leaf_value=0.13557640959925896 -0.0074210574217124948 -0.073894311923008077 0.028438078625515326 0.13382871135949834 0.085548684014051579 -0.080322148800905574 -0.059037519460392311 0.037101302791668476 -0.041243321741449561 0 -0.080008875697801046 0.14281864780168516 -0.069053094094961784 0.10073247175054621 0.0077664243918633014 0.039876899233451092 0.066088571294048604 0 -0.00085519450791740636 -0.06643672823223451 -0.08523400784941286 0.021542218196137664 -0.089156109034342623 -0.091511931861260457 0.035650661874662114 0 -0.048038234242010112 0 0.044620865831875745 0 -0.017130359131896249 0.12216426692813197
leaf_weight=254.84599348902702 31.432282835245132 32.805160403251648 19.077987045049667 43.059120357036591 23.473976254463196 35.100157529115677 17.830487996339798 20.395531475543976 19.792329221963882 24.450705766677856 94.542455226182938 37.462776392698288 25.525714010000229 49.283683151006699 19.249871909618378 19.640553832054138 20.401172935962677 18.918059200048447 21.124476671218872 23.909761250019073 217.9658482670784 27.641183197498322 166.87037670612335 435.63883247971535 20.29492250084877 19.269423574209213 25.183250308036804 18.435321688652039 25.839783161878586 20.4573954641819 23.818993628025055 288.54539954662323
leaf_count=682 93 102 54 117 66 106 54 56 60 71 296 106 82 135 56 56 57 57 62 74 686 82 532 1373 60 57 80 54 74 62 71 776
internal_value=0 -0.0182607 0.0261253 -0.0549304 -0.0279778 0.0718394 0.0865683 0.0997409 0.0718197 -0.0515706 -0.0637389 -0.038731 0.0472617 0.0538176 -0.0790645 -0.0288943 0.109584 0.0900056 0.0364128 -0.014432 -0.0738472 -0.0234257 -0.0687768 -0.0828534 -0.0503612 0.0264281 -0.074658 -0.0253584 0.113172 0.00787153 -0.0829817 0.118427
internal_weight=2142.28 1887.44 848.244 1039.19 384.073 464.17 409.43 366.442 62.8514 303.357 976.342 386.159 107.746 80.716 590.183 54.7407 348.612 82.2206 44.5985 42.9877 278.412 60.4463 258.759 570.934 135.295 39.6706 234.308 43.6186 63.3026 40.7523 190.689 308.941
internal_count=6349 5667 2454 3213 1164 1290 1128 1000 177 936 3036 1189 319 228 1847 162 946 237 128 128 870 184 808 1791 418 114 737 134 180 122 603 832
is_linear=0
shrinkage=0.1


Tree=9
num_leaves=23
num_cat=0
split_feature=31 60 64 60 30 31 64 74 30 2 75 66 36 73 63 59 74 43 46 37 42 60
split_gain=352.875 304.677 259.433 141.648 186.95 224.377 97.4347 67.0698 62.0389 56.8047 42.0284 40.959 30.6549 27.5209 22.9797 22.7513 21.3895 13.5005 12.8118 10.5199 6.17494 5.37096
threshold=27.550000190734867 7.2666320800781259 69.209167480468764 43.421203613281257 37.649999618530281 36.350000381469734 89.598846435546889 -105.49999999999999 38.95000076293946 355.22325134277349 148.77810668945315 -350.99999999999994 0.50339171290397655 94.500000000000014 26.919830322265629 -7.2857055664062491 -77.499999999999986 12.420806884765627 -105.58789062499999 1.7848477959632876 48.706237792968757 52.379730224609382
decision_type=2 2 2 2 2 2 2 2 2 2 2 2 2 2 2 2 2 2 2 2 2 2
left_child=-1 7 8 16 10 6 -6 11 14 21 -5 -2 -9 15 19 -10 -4 18 -14 -3 -16 -7
right_child=1 2 3 4 5 9 -8 12 13 -11 -12 -13 17 -15 20 -17 -18 -19 -20 -21 -22 -23
leaf_value=-0.086390014398051551 -0.056880654807668844 0 0.011389565051496861 -0.083334815020037534 0.11588006070101305 0.034717592696884521 -0.082563872183229095 0.040640358727370957 0.031811274256327481 -0.016822427344362852 0.073948507389176993 0.10081684379319832 0 0 0 0.14512960765611513 -0.085383055837153124 0 -0.081100460277492514 0.1122808209920341 -0.064233011059962999 0.14171929395879196
leaf_weight=378.62501606345177 20.113192185759544 18.861124321818352 16.515188664197922 123.90033048391342 28.683778136968613 19.211081802845001 101.90016403794289 18.784830182790756 32.460515886545181 20.340816497802734 14.492640525102614 41.873818546533585 19.618423521518707 18.688693255186081 18.070900321006775 293.98548531532288 139.21030339598656 17.765140265226364 323.71504181623459 25.730212062597275 18.722328647971153 230.01507744193077
leaf_count=1380 74 60 50 448 78 57 367 55 97 67 43 119 66 60 53 802 479 57 1175 71 60 631
internal_value=0 0.0209216 0.0488375 0.0102554 0.0351616 0.0702927 -0.0340419 -0.0486818 0.110106 0.122462 -0.0624581 0.0419464 -0.0649021 0.12891 0.0231996 0.135643 -0.0720536 -0.0719514 -0.0763774 0.0728608 -0.0254625 0.135798
internal_weight=1941.28 1562.66 1120.79 694.269 538.544 400.151 130.584 441.87 426.519 269.567 138.393 61.987 379.883 345.135 81.3846 326.446 155.725 361.099 343.333 44.5913 36.7932 249.226
internal_count=6349 4969 3423 2220 1691 1200 445 1546 1203 755 491 193 1353 959 244 899 529 1298 1241 131 113 688
is_linear=0
shrinkage=0.1


Tree=10
num_leaves=29
num_cat=0
split_feature=39 42 31 33 24 0 31 37 31 30 37 56 76 39 62 56 44 74 18 63 53 69 44 33 30 33 18 66
split_gain=344.902 198.791 186.498 134.069 78.4451 78.0937 41.9996 38.1647 109.798 88.1124 29.6777 29.8822 72.7016 20.6391 17.9319 15.7869 70.8861 15.6411 14.8115 13.8561 11.7696 9.50262 6.9056 3.36552 3.07646 2.31428 0.926147 0.876934
threshold=0.51930800080299389 -132.80599975585935 44.850000381469734 0.91104826331138622 -126.99999999999999 532.45104980468761 36.149999618530281 2.7429425716400151 34.549999237060554 39.049999237060554 4.0172533988952646 209.57446289062503 107.16439819335939 0.68329560756683361 -62.499999999999993 206.98071289062503 -59.704406738281243 -74.499999999999986 30.500000000000004 229.69824218750003 -258.49999999999994 -3.4999999999999996 2.8398437500000004 1.2497604489326479 45.649999618530281 1.4841412901878359 143.00000000000003 -51.499999999999993
decision_type=2 2 2 2 2 2 2 2 2 2 2 2 2 2 2 2 2 2 2 2 2 2 2 2 2 2 2 2
left_child=2 -2 3 14 6 10 27 8 15 -10 11 20 -13 22 17 16 -5 -1 -4 -11 -6 -16 -12 -14 -18 -9 -22 -3
right_child=1 4 18 7 5 -7 -8 25 9 19 13 12 23 -15 21 -17 24 -19 -20 -21 26 -23 -24 -25 -26 -27 -28 -29
leaf_value=-0.026375834356244545 0.12268994767862836 0.12257074470040429 -0.083767816416104354 0.12107916705965693 0 0.11629125172895841 -0.058352586683031275 0.12323723060333742 0.099816121811463307 -0.074746723669038645 0.082867461997719022 0.12096594125124936 -0.079141768037477023 -0.048585907782834239 -0.06778172534359761 0.12897148381233411 0 0.067707009331439194 0 0.0023335532887671403 -0.07729748283239532 0 0 0 -0.04307885237120334 0.030735152330583566 -0.0057104396453231156 0.02582064557712091
leaf_weight=26.511602908372879 68.272554457187653 31.839496165513992 100.85464969277382 81.653444141149521 22.6400505900383 21.357369869947433 18.772911220788956 211.29175072908401 49.862504839897156 87.137339413166046 20.815577477216721 26.154887586832047 53.539400637149811 46.737933605909348 66.723779678344727 135.33866286277771 17.951214551925659 31.164488762617111 16.505123913288116 15.630484372377394 713.76999948918819 23.055596083402634 18.106005758047104 16.944447308778763 29.351263523101807 19.203691333532333 16.887091994285583 17.913946986198425
leaf_count=86 183 88 351 220 70 58 64 570 136 298 58 71 182 154 220 362 53 91 52 48 2495 71 55 54 95 54 56 54
internal_value=0 -0.0378212 0.0453495 0.0630513 -0.0492385 -0.0568919 0.0491485 0.0827473 0.0615448 -0.00302804 -0.0616472 -0.067309 -0.00876441 0 -0.0201486 0.100335 0.0648004 0.0171097 -0.0693777 -0.058653 -0.0741297 -0.0491369 0.0467682 -0.0659211 -0.0238042 0.117997 -0.0763249 0.0997753
internal_weight=2005.99 1093.75 912.236 794.876 1025.48 956.953 68.5264 647.42 416.925 152.63 935.595 849.936 96.6387 85.6595 147.455 264.295 128.956 57.6761 117.36 102.768 753.297 89.7794 38.9216 70.4838 47.3025 230.495 730.657 49.7534
internal_count=6349 3642 2707 2304 3459 3253 206 1836 1212 482 3195 2928 307 267 468 730 368 177 403 346 2621 291 113 236 148 624 2551 142
is_linear=0
shrinkage=0.1


Tree=11
num_leaves=29
num_cat=0
split_feature=30 34 36 31 56 58 34 42 39 30 75 31 37 35 46 63 28 32 2 68 34 30 1 30 1 39 46 37
split_gain=435.112 258.901 171.853 113.335 58.8616 53.2054 47.6249 50.5485 47.2061 35.307 23.8157 22.7904 21.1852 21.1435 54.1332 74.5615 25.4363 17.2643 14.8889 13.8187 13.1345 12.2496 11.6127 11.2507 10.6447 8.58171 5.64226 0.544043
threshold=36.149999618530281 1.3130739331245425 1.2869181632995608 26.550000190734867 214.6813659667969 -164.49999999999997 0.11089514195919038 -118.45614624023436 -0.074568238109350191 40.350000381469734 -39.311553955078118 38.549999237060554 0.55983889102935802 0.54988145828247081 18.872619628906254 53.317016601562507 81.500000000000014 1.0000000180025095e-35 32.304973602294929 276.81301879882818 1.2204573154449465 102.45000076293947 -14.403868675231932 38.049999237060554 -13.811282634735106 0.57081693410873424 73.706573486328139 2.4393643140792851
decision_type=2 2 2 2 2 2 2 2 2 2 2 2 2 2 2 2 2 2 2 2 2 2 2 2 2 2 2 2
left_child=-1 2 8 5 6 10 24 -8 22 17 -3 -6 18 14 -5 -16 23 -10 -11 -15 27 -14 -2 -17 -4 -23 -22 -9
right_child=1 3 4 13 11 -7 7 20 9 12 -12 -13 21 19 15 16 -18 -19 -20 -21 26 25 -24 -25 -26 -27 -28 -29
leaf_value=0.1219046555440807 0.097847939640372528 0.054572105390816174 0.025064709187141595 -0.08433563404797946 -0.077582811861198808 0.11409973174642395 -0.055340958438693633 0.10924872889558157 -0.032043243356833062 -0.044790674594675381 -0.071724631751436188 0.044936797569285147 -0.080511275399082066 -0.07905834197195967 0.11062973896534833 0 0.04004896593201307 0.070504681664296909 0.065061014414034987 0 0.059237535873699898 -0.048438251178052283 0 -0.07370230373263463 -0.062819610547198243 0.02910570173387066 0 0.029695235567864298
leaf_weight=254.71841412782669 29.180241584777832 18.815716654062271 19.193381935358047 145.95788788795471 35.103075951337814 52.021847158670425 17.221767872571945 290.02138066291809 19.587044149637222 23.069478720426559 35.672793239355087 18.400661766529083 180.01558104157448 545.27552574872971 41.780748307704926 20.110409885644913 25.002147793769836 35.51784673333168 20.697678118944168 17.52806356549263 20.662328481674194 28.489703178405762 18.864407151937485 94.754941642284393 22.989962607622147 17.764464944601059 19.009440153837204 20.196455240249634
leaf_count=682 79 52 54 487 110 142 54 777 59 70 114 52 595 1804 115 59 72 100 58 55 57 95 56 313 74 52 57 55
internal_value=0 -0.0169952 0.0236182 -0.0515096 0.0644904 0.0425738 0.0776686 0.0893872 -0.025873 -0.0404988 -0.019174 -0.0267015 -0.0559174 -0.0633882 -0.0394614 -0.000153867 -0.0379458 0.0258536 0 -0.0762358 0.0982085 -0.068203 0.060763 -0.0595071 -0.0128222 -0.00878022 0.024139 0.10588
internal_weight=2087.62 1832.9 835.985 996.92 462.798 106.51 409.295 367.111 373.186 325.142 54.4885 53.5037 270.037 890.41 327.606 181.648 139.867 55.1049 43.7672 562.804 349.89 226.27 48.0446 114.865 42.1833 46.2542 39.6718 310.218
internal_count=6349 5667 2454 3213 1290 308 1128 1000 1164 1029 166 162 870 2905 1046 559 444 159 128 1859 946 742 135 372 128 147 114 832
is_linear=0
shrinkage=0.1


Tree=12
num_leaves=30
num_cat=0
split_feature=34 39 43 36 43 35 64 26 18 38 36 60 60 33 51 37 36 37 24 37 51 34 37 33 34 37 16 34 60
split_gain=276.463 171.971 125.741 107.194 92.7857 63.2068 62.4609 43.6125 35.1704 25.9125 23.6165 19.3951 19.3794 17.1095 15.8534 14.1203 13.0025 11.1161 10.9534 8.13774 7.17161 5.04844 4.42353 3.1325 2.43575 1.86552 1.74238 1.63018 0.294247
threshold=1.2204573154449465 0.63063639402389537 -112.18704223632811 1.3964603543281557 9.8269958496093768 0.21048607677221301 92.841949462890639 81.500000000000014 65.500000000000014 0.75779262185096752 -1.3577063083648679 51.535400390625007 8.6736450195312518 1.1881681680679324 -42.444885253906243 0.23459760844707492 1.24363648891449 3.0229786634445195 -77.499999999999986 1.1462237238883974 -37.792846679687493 1.7490077018737795 2.3473551273345952 0.8615241050720216 0.50074473023414623 2.1988599300384526 35.500000000000007 1.1979549527168276 17.836975097656254
decision_type=2 2 2 2 2 2 2 2 2 2 2 2 2 2 2 2 2 2 2 2 2 2 2 2 2 2 2 2 2
left_child=5 3 -3 10 14 6 28 18 12 15 -2 20 17 16 -5 -7 -13 -4 -6 -11 -12 -10 -23 24 -17 -20 -14 -25 -1
right_child=1 2 8 4 7 9 -8 -9 21 19 11 13 26 -15 -16 23 -18 -19 25 -21 -22 22 -24 27 -26 -27 -28 -29 -30
leaf_value=0.024153442266133668 0.05634541077423362 -0.073008206131014164 0.065203706880714016 0.017975205894483412 0 0 -0.060832721838948306 -0.042770965894994045 -0.02292984234045807 -0.028053871882657233 0 -0.012748423929763107 0.10789904024202771 -0.053443115976981731 -0.068085591964539768 -0.042870190416707497 0.077728201552451803 0 0.11622193773660948 0.049849590650869774 -0.073695982140695504 0.061900912502095722 0 -0.075909251166261807 0 0.053207115895300555 0.02375705846808385 -0.0052890424040705382 0.10757656548546023
leaf_weight=19.88923105597496 15.01527428627014 50.652118653059006 49.169267594814301 18.308489173650742 19.5977493673563 26.713122770190239 46.064487427473068 20.816361829638481 21.717682898044586 23.161650061607361 15.400311097502707 19.487322956323624 353.47556054592133 44.545808836817741 68.672095835208893 14.928808659315111 25.368036299943924 28.060570985078812 111.06221914291382 22.255119353532791 206.77083006501198 19.168355584144592 17.79048103094101 478.14089159667492 16.578726410865784 47.638937294483185 19.139078319072723 18.589332103729248 38.360078483819962
leaf_count=57 42 195 140 57 61 86 172 77 69 78 53 71 957 168 257 54 74 89 299 65 776 54 56 1925 55 138 54 65 105
internal_value=0 0.0296309 0.0696792 -0.00626508 0.0373404 -0.0495157 0.0185088 0.0756237 0.0851121 -0.0621616 -0.0459235 -0.0527813 0.0946586 -0.00685763 -0.0445799 -0.0681456 0.0295684 0.0368442 0.0924996 0.000623881 -0.0688427 0.00318442 0.0312426 -0.0717196 -0.0148682 0.101375 0.105043 -0.0742706 0.0891274
internal_weight=1876.54 1171.86 559.173 612.683 286.096 704.681 104.314 199.115 508.521 600.368 326.588 311.572 449.844 89.4012 86.9806 554.951 44.8554 77.2298 178.299 45.4168 222.171 58.6765 36.9588 528.238 31.5075 158.701 372.615 496.73 58.2493
internal_count=6349 3687 1614 2073 889 2662 334 575 1419 2328 1184 1142 1240 313 314 2185 145 229 498 143 829 179 110 2099 109 437 1011 1990 162
is_linear=0
shrinkage=0.1


Tree=13
num_leaves=29
num_cat=0
split_feature=36 31 33 39 39 56 23 42 37 67 37 56 30 72 26 33 37 0 42 31 66 66 68 63 63 39 63 31
split_gain=456.333 140.8 139.887 86.9794 82.763 56.4041 41.499 39.2699 46.2001 22.5806 22.3729 15.4255 30.8866 28.6154 11.4301 11.3621 8.84085 19.6705 8.1545 7.4391 4.04784 3.56246 2.90039 0.983417 26.2126 1.45345 1.02145 0.433418
threshold=1.3294888138771059 44.850000381469734 0.97509020566940319 0.72270750999450695 0.46592245995998388 84.346466064453139 132.50000000000003 -67.746582031249986 0.57100769877433788 -43.229980468749993 2.8466173410415654 124.04064941406251 38.649999618530281 247.11798095703128 57.500000000000007 1.1703312993049624 3.5440855026245122 -70.437995910644517 376.31204223632818 1.9499999880790713 -20.499999999999996 -86.499999999999986 51.076965332031257 115.05645751953126 -23.844024658203121 0.5592368245124818 48.192230224609382 33.350000381469734
decision_type=2 2 2 2 2 2 2 2 2 2 2 2 2 2 2 2 2 2 2 2 2 2 2 2 2 2 2 2
left_child=1 2 11 23 7 27 16 9 15 -2 -10 12 -1 -13 -3 -9 18 -18 19 -6 21 -14 -12 24 -4 26 -26 -5
right_child=4 14 3 5 6 -7 -8 8 10 -11 22 13 20 -15 -16 -17 17 -19 -20 -21 -22 -23 -24 -25 25 -27 -28 -29
leaf_value=0.069328925484766935 -0.0016886008094112979 -0.08031163949247222 0.11111338748828122 -0.00049785954855136375 0 0.10057500967285241 0.050796761226689573 0 -0.074742775927396046 0.10822435423230306 0.034317047877465534 0.086416446497281196 -0.04162811116053336 -0.035728009976890844 0 0.08285962639449751 0.047372380804528567 -0.059939279530986357 0 -0.074656155055138271 -0.078694099093098019 0 -0.0097840022905795326 0.1185662137415416 0.0064498728635362275 0.0028928151755159928 0.063602535438855565 -0.066528164636699694
leaf_weight=18.995769619941711 17.513796553015709 70.265362590551376 186.28873857855797 17.282229214906693 16.764735460281372 33.092759966850281 24.658190011978149 27.045306742191315 107.20657484233379 43.953346848487854 20.984512984752655 36.643921554088593 27.215910196304321 29.136532664299011 24.365047097206116 35.772467792034149 19.976159185171127 45.744296848773956 16.170710265636444 632.22124902904034 54.70688670873642 20.075597614049911 17.152189046144485 247.37794271111488 27.319609016180038 35.251562342047691 41.820922076702118 44.888916850090027
leaf_count=54 62 250 508 58 57 93 71 84 395 118 60 102 90 98 79 97 59 160 54 2369 189 64 55 668 76 106 115 158
internal_value=0 0.0513346 0.0649568 0.0873895 -0.0457044 0 -0.0626413 0.000116846 -0.0189355 0.0704724 -0.0513127 -0.00870376 -0.0315568 0.0258901 -0.0604354 0.0477139 -0.0672799 -0.0197226 -0.0711686 -0.0729102 -0.0561273 -0.0177758 0.0031842 0.102919 0.087095 0.0381831 0.0487347 -0.0563419
internal_weight=1939.89 914.728 820.097 633.323 1025.16 95.2639 755.535 269.628 208.161 61.4671 145.343 186.775 120.994 65.7805 94.6304 62.8178 730.877 65.7205 665.157 648.986 101.998 47.2915 38.1367 538.059 290.681 104.392 69.1405 62.1711
internal_count=6349 2708 2379 1782 3641 309 2770 871 691 180 510 597 397 200 329 181 2699 219 2480 2426 343 154 115 1473 805 297 191 216
is_linear=0
shrinkage=0.1


Tree=14
num_leaves=28
num_cat=0
split_feature=30 34 36 30 33 56 34 42 30 30 67 60 63 68 69 60 30 67 43 58 63 22 34 60 46 33 36
split_gain=356.822 218.042 139.723 85.3655 53.4774 47.555 38.4336 42.2961 36.2299 35.2178 27.322 92.1037 28.4962 57.2661 52.04 32.9473 28.0224 21.8412 21.6547 22.4094 19.1518 10.0812 10.05 9.36022 4.51317 2.87171 1.6693
threshold=36.149999618530281 1.3130739331245425 1.2869181632995608 54.850000381469734 0.98447999358177196 214.6813659667969 0.11089514195919038 -118.45614624023436 112.29999923706056 39.750000000000007 15.961517333984377 8.6736450195312518 136.98074340820315 55.747589111328132 -1.0000000180025095e-35 55.962646484375007 40.250000000000007 394.69403076171881 -8.2990112304687482 34.500000000000007 79.448120117187514 85.500000000000014 1.2204573154449465 43.421203613281257 73.706573486328139 1.3220255374908449 1.1981612443923952
decision_type=2 2 2 2 2 2 2 2 2 2 2 2 2 2 2 2 2 2 2 2 2 2 2 2 2 2 2
left_child=-1 2 4 10 18 6 23 -8 -5 -6 -3 -12 13 21 16 -16 20 -7 -2 -20 -15 -13 -9 -4 -24 26 -11
right_child=1 3 5 8 9 17 7 22 -10 25 11 12 -14 14 15 -17 -18 -19 19 -21 -22 -23 24 -25 -26 -27 -28
leaf_value=0.11134925739835398 0.075462604944633707 -0.083103076812392637 -0.057945359476516516 0.11084241291682172 0.028175356003273862 -0.074085721308924421 -0.052090597032681873 0.096081967599137785 -0.035989723516794331 -0.081719528656745755 0.11589080405329484 -0.08369623171032603 -0.08208642835829276 0.084992801224446635 0.12140776458422856 -0.010305912342327288 -0.071496234220896265 0.048787344500025191 -0.050773687277649797 0.069161244250090778 -0.034410296236288142 0 0.052874376078977894 0.025425914342703249 0 -0.01221672752914147 -0.022772760039334095
leaf_weight=249.72721183300018 53.066058963537216 299.49486817419529 23.004998624324799 43.453538566827774 37.585965543985367 34.564098358154297 16.638824343681335 306.50025627017021 18.713230729103088 144.78608664870262 30.757265716791153 142.36858038604259 215.49118539690971 23.772289037704468 46.465601950883865 20.329212963581085 73.518228307366371 17.210810869932175 42.921734124422073 20.224072098731995 18.842620521783829 17.83016312122345 20.780180215835571 18.165510505437851 18.709514260292053 29.425032198429108 32.824516236782074
leaf_count=682 148 1045 76 117 107 114 54 832 60 524 83 501 772 67 128 67 256 48 131 55 61 56 57 52 57 91 108
internal_value=0 -0.0158056 0.0216652 -0.0484512 -0.0237947 0.0586602 0.0705236 0.0810783 0.0594815 -0.050905 -0.056681 -0.0421567 -0.0521774 -0.031558 0.00431647 0.0753865 -0.0331919 -0.0239885 0.0290813 -0.00387797 0.0224682 -0.0749461 0.0891817 -0.0107204 0.0216755 -0.0677223 -0.0739535
internal_weight=2017.17 1767.44 816.408 951.037 360.833 455.574 403.799 362.629 62.1668 244.622 888.87 589.375 558.618 343.127 182.928 66.7948 116.133 51.7749 116.212 63.1458 42.6149 160.199 345.99 41.1705 39.4897 207.036 177.611
internal_count=6349 5667 2454 3213 1164 1290 1128 1000 177 830 3036 1991 1908 1136 579 195 384 162 334 186 128 557 946 128 114 723 632
is_linear=0
shrinkage=0.1


Tree=15
num_leaves=24
num_cat=0
split_feature=31 60 39 24 30 31 64 60 59 60 46 30 30 60 56 56 45 18 34 64 74 41 45
split_gain=273.934 218.807 129.323 104.907 71.5804 110.919 108.484 71.2955 52.2624 51.1088 48.8896 42.4931 26.8223 17.2097 53.212 16.68 15.3226 9.05498 7.59174 20.4942 5.50127 1.99916 1.97276
threshold=27.550000190734867 -1.1048889160156248 0.65243503451347362 65.500000000000014 37.750000000000007 36.350000381469734 89.598846435546889 41.760070800781257 8.1702575683593768 218.26556396484378 -105.58789062499999 36.149999618530281 41.149999618530281 8.6736450195312518 30.073486328125004 30.073486328125004 17.782653808593754 116.50000000000001 1.3232706189155581 70.400817871093764 -101.49999999999999 38.212829589843757 99.096343994140639
decision_type=2 2 2 2 2 2 2 2 2 2 2 2 2 2 2 2 2 2 2 2 2 2 2
left_child=-1 10 3 4 16 6 8 15 -6 11 12 -4 -2 14 -13 -7 -3 18 19 -15 -12 -17 -5
right_child=1 2 9 22 5 7 -8 -9 -10 -11 20 13 -14 17 -16 21 -18 -19 -20 -21 -22 -23 -24
leaf_value=-0.08191443008184128 0.10309238644915115 0.0027578694391677981 -0.048528796423340737 0 -0.033988920139327784 0.067531306095371932 -0.07965888976892721 0.12576566844747791 0.1154682161184705 -0.058272098922976259 -0.0018198769950924485 0.10765128490171488 -0.044717281398921976 0.086050131908721753 -0.065530919761630613 0 -0.076240187993859301 0.0026174541914191752 0.1069487820090077 -0.010853044124569458 -0.080084398994817896 -0.048490810351435619 -0.075076219338087058
leaf_weight=331.65846128761768 24.435700625181198 21.005456894636154 18.132206156849861 14.283658757805823 27.791242107748985 22.993460401892662 103.41858485341072 168.23557563126087 66.080420970916748 22.008785203099251 22.778641223907471 36.20767942070961 15.37474477291107 52.672090798616409 27.587035968899727 14.831500634551047 64.63475090265274 20.950980484485626 333.6217055618763 22.264831721782684 229.73764191567898 27.779148265719414 120.09279456734657
leaf_count=1380 66 71 70 49 97 70 413 468 181 85 83 100 65 150 96 50 253 62 909 76 969 105 481
internal_value=0 0.018344 0.0377136 0.00692159 0.0280906 0.0452799 -0.00775308 0.0916885 0.0664683 0.0742002 -0.0581786 0.0810852 0.0352901 0.0870342 0.0258172 0 -0.0518409 0.0948161 0.0983278 0.0515817 -0.0749996 -0.0336526 -0.0700258
internal_weight=1808.58 1476.92 1184.59 651.147 516.77 431.13 197.29 233.84 93.8717 533.445 292.327 511.437 39.8104 493.304 63.7947 65.6041 85.6402 429.51 408.559 74.9369 252.516 42.6106 134.376
internal_count=6349 4969 3786 2238 1708 1384 691 693 278 1548 1183 1463 131 1393 196 225 324 1197 1135 226 1052 155 530
is_linear=0
shrinkage=0.1


Tree=16
num_leaves=31
num_cat=0
split_feature=36 31 33 39 39 34 56 31 23 46 40 30 56 72 34 37 43 31 42 54 66 63 63 39 63 36 31 31 33 31
split_gain=379.501 118.611 114.693 71.6894 71.0565 51.5427 47.7323 44.8671 36.6211 17.4931 16.6208 13.5944 25.4124 23.7396 10.4704 8.16817 17.0218 7.73887 8.24769 6.48031 2.39804 0.538609 21.3036 0.833596 0.682457 0.482941 9.95636 0.465602 0.218654 0.157152
threshold=1.3294888138771059 44.850000381469734 0.97509020566940319 0.46592245995998388 0.72270750999450695 2.1397875547409062 84.346466064453139 33.649999618530281 132.50000000000003 -31.721160888671871 1.5912893414497378 38.649999618530281 124.04064941406251 247.11798095703128 2.0470989942550664 3.5440855026245122 -8.2990112304687482 1.8499999642372134 376.31204223632818 -102.49999999999999 -121.49999999999999 115.05645751953126 -23.844024658203121 0.5592368245124818 48.192230224609382 1.4334698319435122 33.750000000000007 26.050000190734867 1.4841412901878359 33.350000381469734
decision_type=2 2 2 2 2 2 2 2 2 2 2 2 2 2 2 2 2 2 2 2 2 2 2 2 2 2 2 2 2 2
left_child=1 2 11 5 21 7 29 10 15 -7 -2 -1 19 -14 -3 17 -17 -5 25 20 -13 22 -4 24 -24 26 27 -19 -9 -6
right_child=3 14 4 8 6 9 -8 28 -10 -11 -12 12 13 -15 -16 16 -18 18 -20 -21 -22 -23 23 -25 -26 -27 -28 -29 -30 -31
leaf_value=0.062064556177770527 0.069153511148763142 -0.073762057678625731 0.10136194624969921 0 -6.3360993249498792e-05 0.095466172276609793 0.091429719521363695 -0.073664697934410495 0.046020656947814216 0 -0.024678540634969909 -0.035914833243640538 0.078190278984285058 -0.033140749484201648 0 0.041241462401990378 -0.057831890024332644 -0.011840842119406581 0 -0.071908795361271094 0.0071130995263761409 0.10893034087509131 0.0041432559921397291 0.0022444069801880575 0.056407939857266047 -0.076504190791876092 -0.064947257649006537 0.0099998314524825833 0 -0.06326001589874973
leaf_weight=19.160599201917648 43.187159389257431 73.779972493648529 182.98667368292809 15.040785998106001 17.125575169920921 56.622876942157745 33.373986631631851 96.601755008101463 24.763649612665176 29.448371022939682 20.910125121474266 15.39761798083782 36.911035925149918 28.291257083415985 16.609005317091942 21.038269132375717 42.591391742229462 16.717482447624207 15.391914516687391 64.56008169054985 17.838879331946373 241.52299097180367 27.275609403848648 34.978407725691795 41.727441221475601 477.36135087907314 81.609884023666382 17.349064186215401 13.838675007224081 42.530474454164505
leaf_count=54 122 277 508 52 58 155 93 380 71 93 74 54 102 98 52 62 157 63 52 233 56 668 76 106 115 1936 320 57 47 158
internal_value=0 0.0470436 0.0595684 -0.043101 0.0800298 0 0 -0.0293486 -0.059491 0.0640556 0.0315067 -0.00776588 -0.0196722 0.0232906 -0.0577807 -0.0641402 -0.0174637 -0.0680481 -0.0697943 -0.053 -0.000368982 0.0941569 0.0792553 0.0344087 0.0433361 -0.0716637 -0.0464543 0 -0.0688595 -0.0535928
internal_weight=1866.54 894.07 803.681 972.473 621.521 260.609 93.03 174.538 711.864 86.0712 64.0973 182.159 162.999 65.2023 90.389 687.1 63.6297 623.47 608.43 97.7966 33.2365 528.491 286.968 103.981 69.0031 593.038 115.676 34.0665 110.44 59.656
internal_count=6349 2708 2379 3641 1782 871 309 623 2770 248 196 597 543 200 329 2699 219 2480 2428 343 110 1473 805 297 191 2376 440 120 427 216
is_linear=0
shrinkage=0.1


Tree=17
num_leaves=25
num_cat=0
split_feature=30 34 56 42 31 34 31 58 68 38 67 60 66 29 75 36 31 34 71 29 33 30 58 66
split_gain=300.215 184.73 112.053 150.816 83.0454 65.0405 42.4394 37.7158 28.5704 25.6559 18.4486 84.6634 38.904 24.6044 18.1375 12.538 10.9497 11.1288 11.1796 9.0709 22.627 8.39658 6.88767 1.61893
threshold=36.149999618530281 1.3130739331245425 214.6813659667969 -118.45614624023436 26.550000190734867 0.11089514195919038 40.850000381469734 -187.49999999999997 112.42031860351564 0.72779858112335216 15.961517333984377 8.6736450195312518 -69.499999999999986 -38.499999999999993 -39.311553955078118 0.64187118411064159 1.7500000000000002 1.1740347146987917 105.56201171875001 53.500000000000007 1.1016221642494204 43.649999618530281 -61.499999999999993 120.50000000000001
decision_type=2 2 2 2 2 2 2 2 2 2 2 2 2 2 2 2 2 2 2 2 2 2 2 2
left_child=-1 2 3 -2 7 8 -4 14 -5 15 -6 -12 13 -13 -3 -7 -17 -18 -19 23 -21 -11 -10 -14
right_child=1 4 6 5 10 9 -8 -9 22 21 11 12 19 -15 -16 16 17 18 -20 20 -22 -23 -24 -25
leaf_value=0.10373567538053614 -0.078832526641678766 0.042188872427416479 -0.082780497741055753 -0.061666979287124661 -0.080069987550938651 0 0.074660678669047187 0.094319729947854369 0 -0.036960782866471059 0.10712563270943543 -0.04074343334207451 -0.075467049463184013 0.081417292148525972 -0.06948922271672979 0 0.096853356165164162 0.074269944278510025 0 0.028189640002138402 -0.063973984525251548 0.046798246716862092 0.074878895130409281 0
leaf_weight=241.73552092909813 90.554330483078957 18.330802530050278 120.23008644580841 56.301494404673576 278.33695377409458 21.589922577142715 14.785176217555998 52.670209020376205 18.20198866724968 24.906261280179024 30.764184772968292 26.262303039431572 323.48064783215523 30.073392987251282 31.446814700961113 19.439369380474091 317.70331194996834 34.039656519889832 33.175877183675766 33.600450247526169 65.193349048495293 18.900995850563049 23.874676585197449 14.593328759074209
leaf_count=682 342 52 444 186 1032 63 40 146 54 76 83 93 1217 87 110 56 883 94 98 104 236 53 65 53
internal_value=0 -0.0148474 0.0199126 0.0373941 -0.0458445 0.0570185 -0.0610264 0.0354507 -0.0125999 0.0726095 -0.0568993 -0.0433653 -0.0541993 0.0169231 -0.0190738 0.0800641 0.0840163 0.0877252 0.0357997 -0.0645108 -0.0279387 0 0.0419993 -0.0735093
internal_weight=1940.19 1698.46 793.703 658.688 904.752 568.134 135.015 102.448 98.3782 469.755 802.305 523.968 493.203 56.3357 49.7776 425.948 404.358 384.919 67.2155 436.868 98.7938 43.8073 42.0767 338.074
internal_count=6349 5667 2454 1970 3213 1628 484 308 305 1323 2905 1873 1790 180 162 1194 1131 1075 192 1610 340 129 119 1270
is_linear=0
shrinkage=0.1


Tree=18
num_leaves=27
num_cat=0
split_feature=31 30 39 44 74 36 34 43 47 26 45 34 18 73 75 36 31 30 39 69 11 17 44 44 36 44
split_gain=238.805 151.594 140.678 80.7424 81.388 56.6041 48.9288 33.369 30.8444 29.3218 22.8689 22.5937 17.2672 13.0797 12.7794 10.2143 9.78462 10.5327 8.18792 3.42674 1.90182 2.01314 1.67458 5.45721 0.248471 0.0699541
threshold=27.550000190734867 36.250000000000007 0.63063639402389537 6.3010253906250009 -1.4999999999999998 1.518203139305115 1.1350529789924624 -29.290466308593746 28.316955566406254 -84.499999999999986 83.926391601562514 1.3044716715812685 107.50000000000001 -17.499999999999996 -41.42625427246093 0.38749712705612188 31.050000190734867 40.45000076293946 0.41114285588264471 146.50000000000003 23.500000000000004 23.500000000000004 17.063232421875004 0.97790527343750011 1.3465919494628908 4.3668212890625009
decision_type=2 2 2 2 2 2 2 2 2 2 2 2 2 2 2 2 2 2 2 2 2 2 2 2 2 2
left_child=-1 -2 3 14 9 10 7 -4 -9 -5 -6 -7 19 18 -3 -16 -11 -18 -12 22 21 -17 23 -8 -15 -25
right_child=1 2 6 4 5 11 12 8 -10 16 13 -13 -14 24 15 20 17 -19 -20 -21 -22 -23 -24 25 -26 -27
leaf_value=-0.079859482180087954 -0.075549185750525216 0 -0.066083498960111273 -0.019012613876152787 0.049885167899930527 -0.022524394921537877 0.080553274597414237 0.085170934301375525 -0.04092058171029575 0.0022525403671838323 -0.040836348742278185 0.089466584041999683 0 -0.072687154542984536 0 -0.075095176454760534 0.022029094775802074 0.11859748166101701 0.049759546581873135 0.0052855666806556293 0 0 0.097789441329284202 0 -0.024875944393606311 0.031187794012357956
leaf_weight=307.30486968159676 152.52582859992981 24.337736532092094 39.694948449730873 19.713478446006775 18.778434425592422 15.61580631136894 118.97051976621151 55.278460294008255 21.573499515652657 21.761172398924828 17.653544262051582 59.802628949284554 29.184365674853325 110.75356709957123 17.225116163492203 151.72930251061916 28.866993963718414 101.87505134940147 17.157214596867561 18.886561006307602 13.523147180676458 14.036834746599196 246.53981983661652 17.328199431300163 40.406740546226501 46.864816844463348
leaf_count=1380 709 90 177 72 58 68 333 154 92 73 79 170 89 488 56 626 95 290 53 56 54 55 694 55 143 140
internal_value=-9.61271e-06 0.0170366 0.028679 -0.00195718 0.0214833 -0.0103322 0.0640594 0.00155778 0.0435237 0.0754331 -0.0390005 0.0601027 0.0782176 -0.0510574 -0.051846 -0.0604924 0.09086 0.10168 0 0.0830468 -0.0675901 -0.0710554 0.0853003 0.0648425 -0.063636 0.0266287
internal_weight=1727.39 1420.08 1267.56 673.237 452.385 280.168 594.321 116.547 76.852 172.217 204.75 75.4184 477.774 185.971 220.852 196.514 152.503 130.742 34.8108 448.59 179.289 165.766 429.703 183.164 151.16 64.193
internal_count=6349 4969 4260 2470 1589 1059 1790 423 246 530 821 238 1367 763 881 791 458 385 132 1278 735 681 1222 528 631 195
is_linear=0
shrinkage=0.1


Tree=19
num_leaves=27
num_cat=0
split_feature=36 33 39 39 34 43 30 30 29 64 0 56 76 64 30 54 58 37 43 56 28 30 44 14 36 24
split_gain=316.519 86.9416 80.6751 62.1769 42.2467 36.7069 35.0573 34.3526 32.5799 26.0579 14.6692 14.2375 13.685 23.8536 13.9486 10.9061 10.4924 8.34738 14.442 6.88515 6.77232 6.33046 5.11086 1.79563 1.28911 0.398419
threshold=1.3294888138771059 0.97061881422996532 0.65768292546272289 0.46592245995998388 2.1397875547409062 -112.18704223632811 36.149999618530281 41.649999618530281 290.50000000000006 83.523803710937514 -35.330652236938469 211.07696533203128 58.016326904296882 94.230468750000014 38.45000076293946 -117.49999999999999 459.50000000000006 3.5440855026245122 -8.2990112304687482 204.16802978515628 6.5000000000000009 106.79999923706056 -10.048248291015623 60.500000000000007 1.3075960874557497 -60.499999999999993
decision_type=2 2 2 2 2 2 2 2 2 2 2 2 2 2 2 2 2 2 2 2 2 2 2 2 2 2
left_child=1 12 6 4 7 -4 -3 -2 16 -7 -6 15 13 14 20 -9 17 21 -19 -14 -1 23 -16 -5 -8 -15
right_child=3 2 5 8 10 9 24 11 -10 -11 -12 -13 19 25 22 -17 -18 18 -20 -21 -22 -23 -24 -25 -26 -27
leaf_value=-0.0021632623138809382 -0.06569636925322013 -0.037876985737448472 0.079396244814581532 -0.069502320047898219 0.087480103017506125 -0.062915685621761627 0.086809798492143264 0.047174648869325923 0.073820855725604553 0.035205548838359087 0 0.08669922149165038 -0.066622238418777055 0.09524846090022325 0 -0.045430271479299567 0 0.03711479932541744 -0.054498653428316661 0 0.064157105373214299 0 -0.068663160287756111 0 0.012744500009875004 0.011919141384017732
leaf_weight=16.645736113190651 98.403341263532639 17.468361839652061 37.331836864352226 544.35593213140965 55.560615509748459 82.404772832989693 477.7064066529274 17.445738434791565 13.472920700907705 31.057966202497482 28.530080825090408 21.062917917966843 50.281997039914131 19.972288221120834 19.892082646489143 29.036719754338264 21.893388882279396 21.107756555080414 40.31321020424366 15.935170397162436 18.169033259153366 14.808504313230513 42.460053831338882 11.977272838354109 18.791448101401329 18.056859508156776
leaf_count=61 411 78 106 2339 157 315 1370 50 37 94 91 58 189 54 66 104 76 62 157 53 53 52 158 47 57 54
internal_value=0 0.0434515 0.0609669 -0.0407094 0 -0.000251611 0.0797794 -0.0273112 -0.0565949 -0.0317224 0.0585877 0.0220526 -0.0120293 0.00313126 -0.0195265 -0.000199933 -0.060274 -0.0626375 -0.0152481 -0.049035 0.0214001 -0.0668079 -0.0497705 -0.0685192 0.085048 0.0706683
internal_weight=1784.14 866.174 664.761 917.968 250.039 150.795 513.966 165.949 667.929 113.463 84.0907 67.5454 201.413 135.196 97.1669 46.4825 654.456 632.563 61.421 66.2172 34.8148 571.142 62.3521 556.333 496.498 38.0291
internal_count=6349 2708 2020 3641 871 515 1505 623 2770 409 248 212 688 446 338 154 2733 2657 219 242 114 2438 224 2386 1427 108
is_linear=0
shrinkage=0.1


Tree=20
num_leaves=28
num_cat=0
split_feature=30 34 56 42 43 47 30 30 30 68 26 72 32 30 42 30 68 35 40 30 73 69 30 58 33 38 30
split_gain=250.131 156.625 102.425 132.081 60.5749 110.731 59.5145 33.9788 31.549 34.7151 26.9903 22.2898 21.6431 75.7764 27.1239 20.8999 18.213 11.5573 9.21058 11.4993 6.67393 4.41004 3.99686 9.2622 1.5513 0.851338 0.298312
threshold=36.149999618530281 1.3554849028587344 214.6813659667969 -118.45614624023436 -17.590118408203121 176.36517333984378 54.850000381469734 39.350000381469734 39.049999237060554 40.126007080078132 -143.49999999999997 46.207153320312507 1.0000000180025095e-35 42.049999237060554 188.64367675781253 111.45000076293947 230.5863952636719 0.72507727146148693 1.6314949393272402 38.649999618530281 -30.499999999999996 -161.49999999999997 38.649999618530281 -35.499999999999993 1.0545045733451845 0.7204553782939912 37.750000000000007
decision_type=2 2 2 2 2 2 2 2 2 2 2 2 2 2 2 2 2 2 2 2 2 2 2 2 2 2 2
left_child=-1 2 3 -2 10 8 12 -4 9 -6 -5 -10 13 18 17 -8 22 -15 -3 -20 -11 -13 23 26 -21 -12 -14
right_child=1 6 7 4 5 -7 15 -9 11 20 25 21 16 14 -16 -17 -18 -19 19 24 -22 -23 -24 -25 -26 -27 -28
leaf_value=0.096982568458448548 -0.076359289062580049 -0.075094500308991619 0.053058828922155105 0 -0.056755686122377969 0.099518864462428025 0.093748008343385411 -0.080223624498566792 0.024548276198672513 0 0.10075740604133594 0 -0.010617952891761111 0.090871578425431296 -0.049156672204391974 -0.016262859607085099 0.014377675566422679 0 -0.064263558985565794 0.031876787812346707 0.10376882631212288 -0.087758104809629936 -0.079137876612640934 -0.063726784373559872 0 0.02141981200808599 0.0035435035338700752
leaf_weight=230.72680073976517 87.966974556446075 161.27506186068058 16.448496520519257 22.453257858753204 27.557464838027954 109.64284780621529 37.055111050605774 118.89352494478226 17.983425825834274 19.294023469090462 226.64699845016003 18.202759236097336 21.496203303337097 59.700162455439568 17.945235431194305 18.384167283773422 15.897949561476706 17.000718116760254 28.26941591501236 18.243155255913734 30.341802984476089 81.709900692105293 327.07300825417042 67.335133701562881 15.046882227063177 18.855817496776581 20.585628375411034
leaf_count=682 357 633 47 67 86 314 104 473 54 55 648 56 76 171 77 63 48 59 109 55 84 269 1325 264 55 54 64
internal_value=0 -0.0137857 0.0174069 0.0341271 0.0521849 0.0193673 -0.0444162 -0.0598818 -0.0239003 0.0210348 0.0872191 -0.0571624 -0.051957 -0.0288082 0.0424867 0.0497713 -0.0669042 0.0708655 -0.0613608 -0.0163726 0.0741158 -0.0768135 -0.0710258 -0.0412851 0.0123755 0.0968756 0
internal_weight=1852.03 1621.31 795.997 660.655 572.688 304.732 825.308 135.342 195.089 77.1933 267.956 117.896 769.869 317.481 94.6461 55.4393 452.388 76.7009 222.835 61.5595 49.6358 99.9127 436.49 109.417 33.29 245.503 42.0818
internal_count=6349 5667 2564 2044 1687 918 3103 520 604 225 769 379 2936 1159 307 167 1777 230 852 219 139 325 1729 404 110 702 140
is_linear=0
shrinkage=0.1


Tree=21
num_leaves=23
num_cat=0
split_feature=31 60 64 31 30 60 60 64 30 46 2 44 56 5 53 64 56 47 71 67 74 43
split_gain=208.484 157.572 90.9313 127.405 129.537 74.5265 56.2115 60.3451 56.3757 38.0995 30.7994 29.1025 27.9161 26.5479 21.8944 26.8731 19.1438 17.8779 11.967 6.77823 5.39626 1.56335
threshold=27.550000190734867 -1.1048889160156248 89.598846435546889 36.549999237060554 37.649999618530281 44.953552246093757 9.9990234375000018 20.754852294921879 38.95000076293946 -105.58789062499999 343.77734375000006 -10.048248291015623 257.18066406250006 -46.97308158874511 -90.499999999999986 26.066375732421879 -101.16961669921874 132.30273437500003 -10.509307861328123 -30.873626708984371 -101.49999999999999 -11.092407226562498
decision_type=2 2 2 2 2 2 2 2 2 2 2 2 2 2 2 2 2 2 2 2 2 2
left_child=-1 9 6 -4 12 -6 7 18 14 16 -7 13 -5 -10 -8 -16 -2 -13 19 -3 -11 -9
right_child=1 2 3 4 5 10 8 21 11 20 -12 17 -14 -15 15 -17 -18 -19 -20 -21 -22 -23
leaf_value=-0.078003528420723278 -0.039485356619926262 0.061327303628384344 -0.080202918693968062 -0.075796856094671849 -0.061825459728418547 0.10395583259236565 0.078410279209442463 0 0.081267510405482107 0 -0.0079061683181068342 0.10959839483552676 0.053205391420201836 -0.048419010840564977 0.065364275034157079 -0.063765347880640019 0.08732860136613374 0 0.11282485712860842 -0.012147615269814623 -0.07626248972755563 -0.075581591050220831
leaf_weight=283.50917479395866 13.951311036944388 15.655507624149321 137.53417380154133 97.858737528324127 30.666129320859909 205.98497502505779 26.830784812569618 14.715921029448507 29.451825350522995 21.081357404589653 18.626105353236198 302.74257257580757 13.826911598443983 25.402779519557953 17.707129657268524 52.23692612349987 23.693798661231995 18.271768122911453 31.101143136620522 19.641050398349762 195.70179452002048 51.665129140019417
leaf_count=1380 65 46 609 451 135 602 83 52 84 83 68 866 41 86 52 188 66 62 87 73 969 201
internal_value=-6.01239e-05 0.0158923 0.0324408 9.15814e-05 0.0318167 0.0717478 0.0584971 0 0.0745764 -0.0540497 0.09257 0.0920567 -0.0548154 0.0132778 0.00123623 -0.0233245 0.028742 0.103829 0.067148 0.0094836 -0.0707841 -0.0652926
internal_weight=1647.86 1364.35 1109.92 504.497 366.963 255.277 605.423 132.779 472.644 254.428 224.611 375.869 111.686 54.8546 96.7748 69.9441 37.6451 321.014 66.3977 35.2966 216.783 66.3811
internal_count=6349 4969 3786 1906 1297 805 1880 459 1421 1183 670 1098 492 170 323 240 131 928 206 119 1052 253
is_linear=0
shrinkage=0.1


Tree=22
num_leaves=31
num_cat=0
split_feature=36 31 33 39 39 56 34 31 56 35 46 40 54 74 48 76 56 30 18 56 37 44 34 31 41 41 33 41 62 31
split_gain=263.147 89.6528 81.2847 53.7268 46.4198 35.3184 34.7453 33.1461 29.6776 46.5439 12.4625 11.2446 10.6522 33.4784 14.3427 10.5687 19.4501 16.6873 9.5071 6.90564 5.43791 3.87745 1.8571 1.09265 4.51995 11.3321 0.73937 0.590572 0.386385 0.155565
threshold=1.3294888138771059 44.850000381469734 0.97509020566940319 0.46592245995998388 0.72270750999450695 84.346466064453139 2.1397875547409062 33.649999618530281 229.3580017089844 0.82793071866035473 -31.721160888671871 1.5912893414497378 -161.49999999999997 -104.49999999999999 -35.679290771484368 58.935211181640632 104.01785278320314 38.649999618530281 57.500000000000007 204.16802978515628 4.3142850399017343 -7.0455932617187491 2.3378423452377324 35.750000000000007 167.79046630859378 -70.131011962890611 1.497139632701874 95.287200927734389 -66.499999999999986 33.350000381469734
decision_type=2 2 2 2 2 2 2 2 2 2 2 2 2 2 2 2 2 2 2 2 2 2 2 2 2 2 2 2 2 2
left_child=1 2 15 6 23 29 7 11 12 -10 -8 28 13 22 -15 16 17 -1 -3 -17 -14 -19 -5 -4 25 -25 -9 -27 -2 -6
right_child=3 18 4 8 5 -7 10 26 9 -11 -12 -13 20 14 -16 19 -18 21 -20 -21 -22 -23 -24 24 -26 27 -28 -29 -30 -31
leaf_value=0.050770382383952012 0.075375184971566256 -0.071816488943822851 0.090358948963951774 -0.068923747126452925 0 0.079703898445040181 0.081600492025937318 -0.06811796186514342 -0.060376934424810486 0.095084179956221981 0 -0.019129785293118092 -0.073643514177941849 0 0.10190229003431164 -0.062692616376134824 0.068169228256541869 0 0 0 -0.0033702485201513484 -0.067338252804608395 0 0.077077072142620939 0.08984129632138714 0.011863819300264242 0 0 0.0033802968940503195 -0.056759392251373046
leaf_weight=19.117912530899048 24.26879957318306 65.207736000418663 320.07292883098125 79.722529143095016 16.096078440546989 33.115696609020233 52.938142657279968 83.592118769884109 42.561439231038094 30.947573944926262 28.91925898194313 19.334728568792343 397.2093081921339 18.472698539495468 18.293668448925018 42.140266850590706 36.612699016928673 24.226576387882233 18.264699697494507 14.831846892833708 26.525720849633217 35.150933593511581 12.373553514480589 44.818867638707161 61.784360229969025 47.536889269948006 12.58307373523712 20.402639776468277 17.652272522449493 37.668650656938553
leaf_count=54 68 266 962 352 58 93 155 382 185 86 93 74 1866 75 60 167 104 83 63 49 99 140 47 132 181 139 45 59 54 158
internal_value=0 0.0401106 0.0513508 -0.0384193 0.0692366 0 0 -0.0254567 -0.0537851 0 0.0537985 0.0261136 -0.061731 -0.0287203 0.0427224 -0.00644676 0.00767498 -0.015768 -0.0543468 -0.0422554 -0.0704198 -0.0461379 -0.0627052 0.0810286 0.0601987 0.0382335 -0.0630299 0.00399626 0.0577649 -0.047652
internal_weight=1702.44 837.049 753.576 865.395 581.496 86.8804 239.288 157.431 626.106 73.509 81.8574 61.2558 552.597 128.862 36.7664 172.08 115.108 78.4954 83.4724 56.9721 423.735 59.3775 92.0961 494.616 174.543 112.758 96.1752 67.9395 41.9211 53.7647
internal_count=6349 2708 2379 3641 1782 309 871 623 2770 271 248 196 2499 534 135 597 381 277 329 216 1965 223 399 1473 511 330 427 198 122 216
is_linear=0
shrinkage=0.1


Tree=23
num_leaves=25
num_cat=0
split_feature=30 34 56 41 31 43 47 31 30 68 68 60 60 24 67 59 66 29 33 31 64 48 65 71
split_gain=210.62 134.787 87.4131 113.293 59.2414 51.9421 94.5682 35.1718 28.2517 29.9062 27.3315 26.1197 19.8629 18.574 14.7432 70.3448 18.3356 9.27023 16.1425 8.92497 5.18261 5.14039 2.78291 0.705705
threshold=36.149999618530281 1.3554849028587344 214.6813659667969 -126.66491699218749 27.550000190734867 -16.906585693359371 176.36517333984378 46.350000381469734 39.049999237060554 41.261444091796882 116.21542358398439 8.6736450195312518 259.51226806640631 -153.49999999999997 15.961517333984377 12.387969970703127 -80.499999999999986 53.500000000000007 1.1016221642494204 45.049999237060554 -69.830505371093736 13.871307373046877 -88.499999999999986 112.05636596679689
decision_type=2 2 2 2 2 2 2 2 2 2 2 2 2 2 2 2 2 2 2 2 2 2 2 2
left_child=-1 2 3 -2 10 13 8 -4 9 -7 -3 -10 -12 -5 -6 21 -17 -18 -19 -11 -15 -16 -13 -20
right_child=1 4 7 5 14 6 -8 -9 11 19 12 22 -14 20 15 16 17 18 23 -21 -22 -23 -24 -25
leaf_value=0.091525081747349094 -0.0710829895540811 0.090863398124152089 -0.078027365207718469 0 -0.075345386081396321 -0.052996947128868266 0.093621402154420996 0.066413366076683092 0.040310271027688985 0.10370956259238107 -0.054310454466028946 -0.0032303140580121799 0.066303575908289225 0 0 0.0083552350313132323 -0.069541081669693458 0.023960126363208767 0 0 0.094666640093660381 0.096562340817122561 -0.086675084322117318 -0.065121421699838866
leaf_weight=218.32020583748817 85.842063635587692 39.319632232189178 112.76884396374226 20.476749867200851 237.71819223463535 26.445402771234512 105.61098672449589 14.249527394771574 16.204910784959793 29.066876083612442 39.497787147760391 17.58748771250248 15.967063516378401 15.540443658828734 16.568673461675644 30.149086400866508 283.85794231295586 32.264310628175735 14.141632437705992 19.540257319808006 221.55579435825348 29.333915144205093 78.281373724341393 43.034511506557465
leaf_count=682 365 113 481 61 1003 85 314 39 47 81 148 56 46 53 55 103 1221 102 54 56 654 81 272 177
internal_value=0 -0.0128931 0.0165289 0.032158 -0.0421895 0.0493739 0.018158 -0.0571653 -0.0225354 0.0200698 0.0281254 -0.0551012 -0.00994436 0.082501 -0.0526533 -0.0392443 -0.0533393 -0.0596269 -0.021916 0.0698994 0.0903542 0.0711476 -0.0767268 -0.0558191
internal_weight=1763.34 1545.02 763.171 636.152 781.853 550.31 292.737 127.018 187.126 75.0525 94.7845 112.074 55.4649 257.573 687.068 449.35 403.447 373.298 89.4405 48.6071 237.096 45.9026 95.8689 57.1761
internal_count=6349 5667 2564 2044 3103 1679 911 520 597 222 307 375 194 768 2796 1793 1657 1554 333 137 707 136 328 231
is_linear=0
shrinkage=0.1


Tree=24
num_leaves=22
num_cat=0
split_feature=31 60 64 60 30 31 64 74 75 30 21 50 63 74 31 31 45 59 64 46 31
split_gain=181.839 134.205 111.513 78.9308 89.7577 98.8742 50.9329 36.691 32.4836 29.1775 27.6987 20.821 44.636 19.9354 18.6049 15.0145 13.0121 12.9554 10.421 8.71692 0.266235
threshold=27.550000190734867 7.2666320800781259 69.209167480468764 43.421203613281257 37.750000000000007 36.350000381469734 89.598846435546889 -105.49999999999999 163.47085571289065 38.95000076293946 94.500000000000014 -23.140594482421871 10.490264892578127 -92.499999999999986 38.149999618530281 45.350000381469734 133.8571472167969 -7.2857055664062491 36.303253173828132 -105.58789062499999 46.95000076293946
decision_type=2 2 2 2 2 2 2 2 2 2 2 2 2 2 2 2 2 2 2 2 2
left_child=-1 7 9 13 8 6 -6 14 -5 15 -7 19 -13 -4 -2 18 17 -11 -3 -9 -17
right_child=1 2 3 4 5 10 -8 11 -10 16 -12 12 -14 -15 -16 20 -18 -19 -20 -21 -22
leaf_value=-0.07630958047400703 -0.044014442737204867 0.019032740957502417 0.025032917394251366 -0.074472833247700307 0.078498308529626082 0.098442410353413029 -0.073199174888720742 0 0.065091637563533769 0.0097505684710206368 0 0.098232583943460253 -0.067488712758997219 -0.07890009030899614 0.069196996675110339 0.083920360271314165 0 0.10117564667093076 -0.067157778886411987 -0.074022006253064751 0.0057504837454974891
leaf_weight=260.51404920220375 14.745567560195921 15.61609163880348 13.039052739739416 94.579766556620598 26.500724017620087 213.29627358913422 74.149481251835823 16.769287884235382 14.550594687461851 29.655066251754761 25.278854474425316 24.167201459407806 39.303539499640465 110.53014385700226 40.124087437987328 17.444958537817001 17.055785238742828 267.57048223912716 23.99438314139843 201.45351086556911 17.254104271531105
leaf_count=1380 66 50 39 467 78 652 367 67 41 97 86 66 162 490 127 49 61 801 83 1058 62
internal_value=-0.000163343 0.0148722 0.0341651 0.00509522 0.0254021 0.051428 -0.0276798 -0.0386173 -0.0505396 0.0754225 0.0867462 -0.0537772 0 -0.063837 0.0297834 0.0108332 0.0889735 0.0938145 -0.0225562 -0.0683205 0.0609367
internal_weight=1557.59 1297.08 960.516 571.925 448.356 339.225 100.65 336.563 109.13 388.591 238.575 281.694 63.4707 123.569 54.8697 74.3095 314.281 297.226 39.6105 218.223 34.6991
internal_count=6349 4969 3423 2220 1691 1183 445 1546 508 1203 738 1353 228 529 193 244 959 898 133 1125 111
is_linear=0
shrinkage=0.1


Tree=25
num_leaves=29
num_cat=0
split_feature=36 31 31 30 41 41 56 54 74 30 56 31 72 5 54 56 26 31 66 37 35 41 61 36 34 34 53 53
split_gain=219.758 69.6544 52.7008 79.8141 47.7826 86.053 46.734 50.8814 48.4957 43.0179 47.1902 32.8177 25.3315 9.8967 9.43183 11.1659 9.41875 7.53713 5.97055 4.03207 2.84485 1.94346 2.57479 1.78879 1.74696 0.611766 0.251774 0.0011585
threshold=1.3075960874557497 44.850000381469734 42.250000000000007 39.049999237060554 162.60708618164065 -71.640808105468736 214.6813659667969 -179.49999999999997 -105.49999999999999 37.750000000000007 120.67163085937501 38.049999237060554 235.67376708984378 -58.940822601318352 -148.49999999999997 -34.467498779296868 57.500000000000007 30.349999427795414 -128.49999999999997 3.5440855026245122 0.74672865867614757 -118.25079345703124 -61.499999999999993 1.6376395225524905 4.152916908264161 1.8371608853340151 -137.49999999999997 -92.499999999999986
decision_type=2 2 2 2 2 2 2 2 2 2 2 2 2 2 2 2 2 2 2 2 2 2 2 2 2 2 2 2
left_child=1 4 3 25 5 -1 7 8 13 -7 14 -8 17 -5 18 -16 -3 -12 -11 21 -13 -9 26 -21 -4 -2 -23 -28
right_child=2 16 24 6 -6 9 11 19 -10 10 12 20 -14 -15 15 -17 -18 -19 -20 23 -22 22 -24 -25 -26 -27 27 -29
leaf_value=0.081789488963536716 0.0085764127724096521 -0.07121576723225731 -0.077256560583428655 -0.062805834200275287 0.090010372912229061 0.088369894593340381 0.096611471848233849 0 0.096240778305961588 -0.048430227260228942 0.095348959613596851 -0.049194623518304864 -0.045196433442218117 0 0 -0.074486438686284157 0 0 0.024286874033284292 0 0 -0.041415317372726822 -0.073663721513437516 -0.035111071451861937 0 0.094024256289052241 0 -0.00082353193170476126
leaf_weight=191.5591239631176 14.986036404967306 52.446672514081001 228.61790455877781 44.423971638083458 209.47605153918266 40.234407991170883 42.278325200080872 11.489401921629904 42.207206875085831 16.614212974905968 42.949400573968887 19.681772530078891 18.610688015818596 27.945969954133034 15.723740026354788 114.85228005051613 21.202095448970795 19.948926612734795 23.19637268781662 20.423405587673187 10.868933007121084 15.032758519053457 262.44433529675007 15.073381692171095 10.832658141851423 50.365207433700562 16.065025851130486 14.678464367985727
leaf_count=600 54 231 1137 207 666 114 120 49 130 62 122 98 75 104 50 453 73 59 78 72 44 63 1296 59 46 152 68 67
internal_value=0 0.0389213 -0.0348533 -0.0180076 0.0491136 0.0300526 -0.0313133 -0.0433628 0.010934 -0.00262647 -0.0197549 0.038905 0.0388362 -0.0338638 -0.0507245 -0.0636594 -0.0491866 0.0718324 0 -0.0621811 -0.0275432 -0.0663807 -0.0680585 -0.00982321 -0.0750267 0.0825456 -0.0238428 0
internal_weight=1614.23 766.814 847.415 607.964 693.165 483.689 542.613 469.784 114.577 292.13 251.896 72.829 81.509 72.3699 170.387 130.576 73.6488 62.8983 39.8106 355.207 30.5507 319.71 308.221 35.4968 239.451 65.3512 45.7762 30.7435
internal_count=6349 2583 3766 2583 2279 1613 2377 2115 441 1013 899 262 256 311 643 503 304 181 140 1674 142 1543 1494 131 1183 206 198 135
is_linear=0
shrinkage=0.1


Tree=26
num_leaves=23
num_cat=0
split_feature=30 43 41 65 40 30 52 56 30 38 68 64 27 68 50 39 25 72 62 41 22 59
split_gain=177.548 81.8018 129.154 69.076 39.5799 47.0767 46.1759 37.7688 36.4124 33.1637 28.9507 23.2736 25.5399 19.4373 21.8469 16.4497 11.933 7.61303 7.04132 8.90164 5.04341 4.53895
threshold=36.149999618530281 -21.552886962890621 -126.66491699218749 220.50000000000003 1.6255897283554079 65.65000152587892 12.472534179687502 231.17678833007815 115.79999923706056 0.76460924744606029 282.44686889648443 136.79455566406253 -261.99999999999994 56.251525878906257 59.460327148437507 0.39771854877471929 -130.49999999999997 162.67297363281253 -321.49999999999994 -119.07879638671874 22.500000000000004 -19.467590332031246
decision_type=2 2 2 2 2 2 2 2 2 2 2 2 2 2 2 2 2 2 2 2 2 2
left_child=-1 2 -2 4 5 16 -6 -5 9 18 21 13 -13 14 -8 -15 -3 -17 -4 -20 -16 -11
right_child=1 3 8 7 6 -7 11 -9 -10 10 -12 12 -14 15 20 17 -18 -19 19 -21 -22 -23
leaf_value=0.086917632245522694 -0.070635521326383566 0 0 0.085591271916507145 -0.069452939839781166 0.065348480336884243 0.063802361611454778 -0.040744163291876218 -0.060506444413891761 0 0.083408433651278618 0.053248974721240461 -0.06516004989262103 -0.0044114189061275084 -0.065798249097487146 0.08881100339491127 -0.063789197832910177 0 0 0.092058031993316844 0 -0.060064849912685452
leaf_weight=204.66629591584206 104.43498931825161 25.498076155781746 16.880782842636108 74.9734206199646 93.49130779504776 25.936342060565948 23.94080251455307 26.496183946728706 19.710039287805557 14.096265926957129 27.010326743125916 19.095011934638023 62.060420572757721 20.400090560317039 35.119926869869232 75.825081542134285 507.5521564334631 17.751712039113045 16.356712907552719 207.01223640143871 14.226724222302435 33.703625753521919
leaf_count=682 472 86 60 236 398 78 71 118 71 52 78 57 281 67 148 228 2204 65 59 644 51 143
internal_value=0 -0.0120091 0.0234101 -0.0277148 -0.0366582 -0.0534855 -0.00916287 0.0477805 0.054473 0.0635885 0 0.0104859 -0.0307988 0.0310834 -0.00323284 0.0569031 -0.0604354 0.0750694 0.0815894 0.0864085 -0.0465256 -0.0411177
internal_weight=1666.24 1461.57 439.205 1022.37 920.898 558.987 361.911 101.47 334.77 315.06 74.8102 268.42 81.1554 187.264 73.2875 113.977 533.05 93.5768 240.25 223.369 49.3467 47.7999
internal_count=6349 5667 1579 4088 3734 2368 1366 354 1107 1036 273 968 338 630 270 360 2290 293 763 703 199 195
is_linear=0
shrinkage=0.1


Tree=27
num_leaves=20
num_cat=0
split_feature=31 60 64 31 30 60 60 64 30 46 0 75 45 48 37 60 67 59 44
split_gain=158.97 113.811 65.0765 97.3791 91.5504 54.2737 42.4783 96.8198 31.7601 30.5237 27.0597 25.6904 16.8309 16.2536 11.9461 5.93792 5.57018 2.7724 0.366939
threshold=27.550000190734867 -1.1048889160156248 89.598846435546889 36.549999237060554 37.649999618530281 44.953552246093757 19.233673095703129 29.407806396484379 38.750000000000007 -105.58789062499999 404.03793334960943 169.56019592285159 32.995941162109382 -19.281372070312496 1.2049002051353457 1.4088745117187502 102.83605957031251 17.275512695312504 -10.048248291015623
decision_type=2 2 2 2 2 2 2 2 2 2 2 2 2 2 2 2 2 2 2
left_child=-1 9 6 -4 11 -6 7 15 12 14 -7 -5 -8 -9 -2 -3 18 -15 -10
right_child=1 2 3 4 5 10 8 13 16 -11 -12 -13 -14 17 -16 -17 -18 -19 -20
leaf_value=-0.074766224034059178 -0.024303919959093017 0.0028186565010721257 -0.076784749846154965 -0.071987203705136824 -0.056996060510718788 0.09254341300813218 0.051955335870261923 0.01513373900268445 0.028787156877914846 -0.067142738417878392 -0.015456552605736782 0.061426336157373418 -0.056881857958178274 -0.081225777156736581 0.074443017662948738 0.082355421488787675 0 0 0.096886875106378861
leaf_weight=238.45963029563427 13.308831721544264 24.535285875201225 118.44341546297073 85.291069224476814 26.964708104729652 189.1044125854969 29.312915995717049 15.558992519974707 24.434999793767929 183.84467077255249 17.237629577517509 11.47433280944824 23.155239269137383 72.748398587107658 21.593446105718613 112.71433681249619 15.755633160471914 12.726824849843977 231.04650469124317
leaf_count=1380 67 86 609 459 135 604 98 53 79 1052 66 33 86 292 64 351 56 55 724
internal_value=-0.000146362 0.0140551 0.0285257 0 0.0280338 0.0627083 0.0511214 0.0161903 0.0750473 -0.0501952 0.0811372 -0.0501997 0 -0.0547162 0.024724 0.071883 0.088728 -0.072984 0.0925724
internal_weight=1467.71 1229.25 1010.5 448.516 330.072 233.307 561.989 238.284 323.705 218.747 206.342 96.7654 52.4682 101.034 34.9023 137.25 271.237 85.4752 255.482
internal_count=6349 4969 3786 1906 1297 805 1880 837 1043 1183 670 492 184 400 131 437 859 347 803
is_linear=0
shrinkage=0.1


Tree=28
num_leaves=31
num_cat=0
split_feature=36 33 45 41 37 40 56 2 59 51 30 63 59 64 50 52 76 63 24 30 56 75 55 56 69 44 54 37 75 40
split_gain=184.265 52.241 27.4553 50.9122 24.7245 33.89 55.494 22.1891 15.1682 31.1746 15.1139 14.4178 19.921 17.2652 12.7358 22.5152 9.35909 29.1365 8.40951 7.70416 6.5611 6.50707 5.31962 4.87336 3.65235 2.83059 1.75508 1.59417 0.516257 0.0264634
threshold=1.3294888138771059 0.97061881422996532 155.02774047851565 -71.640808105468736 3.5440855026245122 1.1685782074928286 225.77648925781253 -34.489723205566399 12.387969970703127 -41.535369873046868 37.45000076293946 48.192230224609382 22.655212402343754 119.48770141601564 -9.5502624511718732 -18.598846435546871 58.016326904296882 45.351104736328132 -197.49999999999997 101.70000076293947 -41.193420410156243 -27.942047119140621 -31.573669433593746 204.16802978515628 12.500000000000002 21.949127197265629 -187.49999999999997 3.0229786634445195 -31.160354614257809 -0.81544700264930714
decision_type=2 2 2 2 2 2 2 2 2 2 2 2 2 2 2 2 2 2 2 2 2 2 2 2 2 2 2 2 2 2
left_child=1 16 3 10 5 6 8 21 9 19 -3 14 -13 -14 15 -5 17 20 -7 28 -1 -6 -11 -18 -9 -19 -10 -20 -2 -28
right_child=4 2 -4 11 7 18 -8 24 26 22 -12 12 13 -15 -16 -17 23 25 27 -21 -22 -23 -24 -25 -26 -27 29 -29 -30 -31
leaf_value=0 -0.064910364367161799 -0.0050175769494166141 0.082686349130173475 -0.057789774990777511 0 0 0.08467849083254568 -0.049467846308988268 0 0.065697635728121748 0.077543268753636527 0.080058082659065666 -0.05309908913631927 0.042217301006464203 -0.066679333745883723 0.065686815275037877 -0.059369551427530892 0.085506070163810927 -0.06899366752019713 0 -0.053728418505536814 0.07981777145897756 0 0 0 0.0087793987114557961 0 -0.0068218690996135513 0 -0.068227609762706726
leaf_weight=15.99300095438957 66.726579889655113 12.758822053670881 187.47979289293289 26.991025418043137 15.750762537121771 10.607567667961119 42.529970556497574 36.035718783736229 12.59988898038864 35.902955383062363 175.83498395979404 37.559769511222839 37.620069324970245 31.502964243292809 45.724843963980675 27.027075037360191 42.746483728289604 28.34940193593502 315.75910131633282 10.412166431546209 52.668263390660286 34.630357295274734 24.806555762887001 15.187542304396628 12.332794412970541 26.130012437701225 11.763310715556143 22.510327950119972 10.398574426770208 98.298171788454056
leaf_count=60 378 67 643 115 55 41 126 154 54 119 579 112 136 100 187 81 189 82 1705 38 212 108 97 53 46 92 53 105 46 516
internal_value=0 0.0348574 0.0495412 0.0321921 -0.0345616 -0.0416427 -0.0155101 0.00802538 -0.0336092 -0.00792397 0.0694404 0 0.022969 -0.00295822 -0.0291216 0 -0.00978132 0.00242299 -0.0634813 -0.0482128 -0.0362467 0.0568952 0.0421524 -0.0427767 -0.0336644 0.0591082 -0.0600478 -0.0663491 -0.0599794 -0.0645427
internal_weight=1524.64 763.574 582.499 395.02 761.065 662.315 313.438 98.7496 270.908 148.247 188.594 206.426 106.683 69.123 99.7429 54.0181 181.075 123.141 348.877 87.5373 68.6613 50.3811 60.7095 57.934 48.3685 54.4794 122.661 338.269 77.1252 110.061
internal_count=6349 2708 2020 1377 3641 3278 1427 363 1301 678 646 731 348 236 383 196 688 446 1851 462 272 163 216 242 200 174 623 1810 424 569
is_linear=0
shrinkage=0.1


Tree=29
num_leaves=25
num_cat=0
split_feature=30 34 56 42 31 34 31 58 76 43 62 31 24 48 67 59 66 52 55 27 63 63 41 34
split_gain=150.165 98.7509 64.3859 83.8508 44.2463 36.523 27.6333 24.0409 17.0338 15.6604 48.1875 21.9114 20.1355 17.9413 14.0157 55.3101 15.7186 7.67254 6.23284 22.704 18.5179 5.54301 3.52427 1.83039
threshold=36.149999618530281 1.3554849028587344 214.6813659667969 -118.45614624023436 27.550000190734867 0.11089514195919038 46.350000381469734 -187.49999999999997 61.377532958984382 -17.590118408203121 -1.0000000180025095e-35 40.850000381469734 -117.49999999999999 105.12222290039064 15.961517333984377 12.387969970703127 -80.499999999999986 -70.037063598632798 138.56628417968753 74.500000000000014 110.31179809570314 1.0000000180025095e-35 28.614746093750004 -0.80432194471359242
decision_type=2 2 2 2 2 2 2 2 2 2 2 2 2 2 2 2 2 2 2 2 2 2 2 2
left_child=-1 2 3 -2 7 8 -4 17 23 12 11 21 -7 -12 -6 22 -17 -3 19 20 -18 -11 -16 -5
right_child=1 4 6 5 14 9 -8 -9 -10 10 13 -13 -14 -15 15 16 18 -19 -20 -21 -22 -23 -24 -25
leaf_value=0.082946636074830521 -0.069426602629303322 0.010474315329612511 -0.073830193127996005 -0.059761729592030279 -0.071342692225552923 -0.0042519883466712394 0.055480201960557876 0.075667893962616195 0.039489375996915904 0 0 0.033266601051838929 0.087356217385332599 0.089155325618327411 0 0.0094121509674826645 -0.068847916075497922 -0.058752284614211087 -0.071688292788305838 0.037140103331125454 0.015927781758545548 -0.078206497725786792 0.087424748177474143 0
leaf_weight=190.30703338980675 70.060450181365013 16.048409759998322 96.694225117564201 38.884934797883034 207.55145306885242 15.940208882093428 13.655812442302702 45.496701031923294 30.606414452195168 15.336932480335234 19.304276004433632 36.359044194221497 187.88938976824284 106.70421513915062 16.01039420068264 28.645825088024139 113.51609393954277 25.151715651154518 164.27380073070526 27.786303713917732 21.13863168656826 40.44299940764904 27.758805811405182 16.917839527130127
leaf_count=682 357 54 481 155 1003 52 39 145 91 52 60 106 617 347 56 103 551 108 837 89 77 148 80 59
internal_value=0 -0.0112674 0.0150302 0.0289478 -0.038046 0.0437116 -0.0527101 0.0246783 -0.0107656 0.056001 0.0327383 -0.0179354 0.077888 0.0731886 -0.0478631 -0.0340987 -0.0480115 -0.0216375 -0.0545434 -0.0334875 -0.0519755 -0.0595932 0.065035 -0.0471056
internal_weight=1572.48 1382.17 688.797 578.447 693.378 508.386 110.35 86.6968 86.4092 421.977 218.147 92.139 203.83 126.008 606.681 399.13 355.361 41.2001 326.715 162.441 134.655 55.7799 43.7692 55.8028
internal_count=6349 5667 2564 2044 3103 1687 520 307 305 1382 713 306 669 407 2796 1793 1657 162 1554 717 628 200 136 214
is_linear=0
shrinkage=0.1


Tree=30
num_leaves=20
num_cat=0
split_feature=31 60 64 31 30 60 60 64 30 46 0 75 45 48 3 50 74 39 44
split_gain=139.333 96.6035 55.8403 85.2097 76.4889 47.0488 36.5701 87.7888 27.6209 26.6326 25.2721 23.0328 14.9149 12.5422 9.66321 5.54608 5.13159 4.7634 3.88217
threshold=27.550000190734867 -1.1048889160156248 89.598846435546889 36.549999237060554 37.649999618530281 46.804779052734382 17.836975097656254 29.407806396484379 38.750000000000007 -105.58789062499999 413.66215515136724 169.56019592285159 32.995941162109382 -19.281372070312496 -148.79914093017575 249.86828613281253 -101.49999999999999 0.48668263852596289 -10.048248291015623
decision_type=2 2 2 2 2 2 2 2 2 2 2 2 2 2 2 2 2 2 2
left_child=-1 9 6 -4 11 -6 7 17 12 14 -7 -5 -8 -9 -2 18 -11 -3 -10
right_child=1 2 3 4 5 10 8 13 15 16 -12 -13 -14 -15 -16 -17 -18 -19 -20
leaf_value=-0.073402015870659643 -0.018701247932207402 0.0042848172722449182 -0.075305746013766717 -0.070117795839643865 -0.051790197874754265 0.088252593446712435 0.047583534780751599 0 0.020151332320870526 0 -0.019885076582710028 0.057259480128352053 -0.053008843331492798 -0.077034685545374404 0.069436840011983594 0 -0.071425070280050171 0.077352286248296057 0.092443169462069
leaf_weight=218.23972526937723 13.244776576757429 25.988626673817635 109.70163533091545 78.352234773337841 26.836788684129715 178.34400804340839 31.761850163340569 12.923872992396353 27.633250534534454 18.964453488588333 15.689174920320509 11.141454666852949 23.146045163273811 74.101129963994026 20.108246207237244 15.300865337252615 150.12194091826677 103.73963917791843 224.20044472813606
leaf_count=1380 69 94 609 459 139 603 107 46 91 83 63 33 88 324 62 56 969 331 743
internal_value=-0.000205172 0.0132593 0.0268457 0 0.026301 0.0587304 0.0480818 0.0132842 0.0697446 -0.0482988 0.0769178 -0.0479303 0 -0.0606155 0.0220467 0.0829456 -0.065101 0.066708 0.0866728
internal_weight=1379.54 1161.3 958.861 420.065 310.364 220.87 538.796 216.753 322.042 202.439 194.033 89.4937 54.9079 87.025 33.353 267.135 169.086 129.728 251.834
internal_count=6349 4969 3786 1906 1297 805 1880 795 1085 1183 666 492 195 370 131 890 1052 425 834
is_linear=0
shrinkage=0.1


Tree=31
num_leaves=32
num_cat=0
split_feature=36 31 30 33 31 56 54 74 31 31 37 51 46 0 68 56 37 64 68 30 76 63 33 34 37 25 72 34 60 64 37
split_gain=155.359 55.8318 59.4613 47.9517 41.0403 40.5495 51.2211 44.7528 27.4938 13.3092 15.5627 10.2972 10.7397 7.14996 18.1123 5.69394 6.35025 6.25295 5.36485 6.45238 5.19076 16.0634 4.53497 3.40033 3.26891 2.69954 1.67319 1.40617 0.70242 0.293077 0.198483
threshold=1.2561126947402956 42.250000000000007 39.049999237060554 0.90475705265998851 44.850000381469734 209.57446289062503 -179.49999999999997 -110.49999999999999 37.95000076293946 34.049999237060554 3.1077269315719609 -63.063858032226555 -41.626770019531243 202.52213287353518 4.4483947753906259 -86.203674316406236 3.0229786634445195 91.407897949218764 54.030639648437507 41.350000381469734 58.016326904296882 49.566345214843757 0.5018744468688966 4.152916908264161 2.967969655990601 56.500000000000007 8.6164245605468768 1.7898344993591311 35.401000976562507 31.725402832031254 -1.236879765987396
decision_type=2 2 2 2 2 2 2 2 2 2 2 2 2 2 2 2 2 2 2 2 2 2 2 2 2 2 2 2 2 2 2
left_child=3 2 27 20 9 6 7 11 -7 30 13 -4 -13 14 -11 -8 22 29 19 -12 21 26 -17 -3 -6 -10 -1 -2 -23 -18 -5
right_child=1 23 5 4 24 8 15 -9 25 10 18 12 -14 -15 -16 16 17 -19 -20 -21 -22 28 -24 -25 -26 -27 -28 -29 -30 -31 -32
leaf_value=0 0.0010350869404774322 -0.074015342766636669 -0.06289944871417022 0.0072081897851302536 -0.057912282445227205 0.087441893110932964 0 0.083265141375905016 -0.045935490070829338 0.042343436014613135 0.078178652444986466 0.060539276754712858 -0.044381694654843484 0.054246059601414154 -0.060856977784108625 0 0 0.018297707087967966 0 0 -0.044112158836911823 0.068286578389360988 -0.067360701031045064 0 0 0 -0.049631010264705441 0.085909108211576546 0 -0.052645338110541562 0.080244936786365045
leaf_weight=13.426338404417036 14.680584639310835 209.86400225013494 41.802067801356316 15.671821266412733 25.099021852016449 48.458983242511749 10.085292160511015 56.380985751748085 18.814151540398601 22.172507002949715 81.911813512444496 17.513248950242996 15.0620981156826 16.760455101728439 38.683160915970802 10.401091903448103 12.870609655976294 18.130393773317337 15.939233899116514 14.795251682400702 38.479949191212654 18.483206793665886 261.26237423717976 11.603918462991713 12.334219977259634 9.4013156294822675 32.913898065686226 51.765994846820831 15.813725247979162 21.791538879275322 246.41806147992611
leaf_count=52 55 1209 209 54 121 151 40 184 111 72 276 56 71 54 156 42 49 61 55 63 176 54 1482 51 47 40 142 171 56 109 880
internal_value=0 -0.027875 -0.0111666 0.0385166 0.0525418 -0.0228821 -0.0345653 0.0154894 0.0408153 0.061314 0.0354063 -0.0306054 0 0 -0.0154538 -0.0555315 -0.057906 -0.0123887 0.0587539 0.0674425 -0.0150833 0 -0.0648058 -0.0710101 -0.0386631 -0.0240941 -0.0379668 0.0748513 0.0496226 -0.0415942 0.0778059
internal_weight=1438.79 829.889 608.421 608.903 489.786 541.974 465.3 130.758 76.6745 452.352 190.262 74.3774 32.5753 77.6161 60.8557 334.541 324.456 52.7925 112.646 96.7071 119.117 80.6372 271.663 221.468 37.4332 28.2155 46.3402 66.4466 34.2969 34.6621 262.09
internal_count=6349 4091 2831 2258 1778 2605 2303 520 302 1610 676 336 127 282 228 1783 1743 219 394 339 480 304 1524 1260 168 151 194 226 110 158 934
is_linear=0
shrinkage=0.1


Tree=32
num_leaves=29
num_cat=0
split_feature=30 34 56 42 31 43 47 30 24 51 68 30 59 67 71 46 39 51 55 56 69 37 55 54 46 15 40 65
split_gain=128.894 82.7419 53.8055 71.3012 38.0072 31.6452 59.8034 24.6389 21.8945 18.5397 17.2628 16.5702 16.9375 13.3809 47.2498 17.5466 12.1452 9.87589 8.3626 18.254 17.0921 2.00819 1.46241 1.14108 5.65977 0.419655 0.300786 0.0708975
threshold=36.149999618530281 1.3554849028587344 214.6813659667969 -118.45614624023436 27.550000190734867 -17.590118408203121 176.36517333984378 38.350000381469734 -126.99999999999999 14.603668212890627 116.21542358398439 38.750000000000007 21.727020263671879 15.961517333984377 79.074096679687514 18.872619628906254 0.98961555957794201 40.390426635742195 136.27258300781253 101.86853027343751 -1.4999999999999998 0.65652704238891613 100.09844970703126 -107.49999999999999 7.7597351074218759 28.500000000000004 1.8785349726676943 -36.499999999999993
decision_type=2 2 2 2 2 2 2 2 2 2 2 2 2 2 2 2 2 2 2 2 2 2 2 2 2 2 2 2
left_child=-1 2 3 -2 10 8 9 -4 -5 23 -3 27 -13 25 15 21 -12 -17 19 26 22 -15 -21 -7 -25 -6 -16 -11
right_child=1 4 7 5 13 6 -8 -9 -10 11 16 12 -14 14 18 17 -18 -19 -20 20 -22 -23 -24 24 -26 -27 -28 -29
leaf_value=0.079751372814453658 -0.067346535073639163 0.076389858694039747 0.051134404942237192 0 -0.071338123978978416 -0.071266266727910171 0.080631803822607984 -0.071811249719863121 0.080632049655533208 0.07949478768140239 -0.04643535701319948 0.044811291858243292 -0.06726375790566369 0 -0.067079164970062596 0.095310537700840456 0.052330672505515569 0 -0.069426741563584943 0 0.059423582475514762 -0.043128811715243472 -0.050221628766479537 -0.054251444131014175 0.0021177848270029442 0 0 0.0060553474040464499
leaf_weight=176.99476842582226 64.547795161604881 34.423744827508926 13.323269531130789 28.627314314246178 182.66195673495531 43.187726944684982 89.20845402777195 88.690010547637939 196.31496420502663 21.208154156804085 34.43033854663372 14.833389014005659 32.928618535399437 12.518261060118677 60.224064558744431 35.481918141245842 13.943718165159224 18.74049186706543 154.16159896552563 12.822983503341673 33.225896015763283 15.087238088250158 21.859446793794632 21.327485024929047 19.436324000358582 10.018915832042692 10.505261480808256 17.613894253969193
leaf_count=682 357 113 39 92 953 155 314 481 677 63 149 49 137 56 323 104 45 71 851 52 108 71 107 80 63 50 50 57
internal_value=0 -0.0106514 0.0139911 0.0269791 -0.0360368 0.0408011 0.0143918 -0.0503289 0.0687009 -0.0181097 0.0229842 0.00984662 -0.0223656 -0.0455578 -0.0316897 0.0312736 -0.00734085 0.0658303 -0.0510306 -0.0263213 0.00456286 -0.0203704 -0.0354371 -0.0519981 -0.0175827 -0.0693272 -0.0617425 0.0601665
internal_weight=1478.35 1301.35 651.247 549.234 650.106 484.686 259.744 102.013 224.942 170.536 82.7978 86.5841 47.762 567.308 374.627 81.8279 48.3741 54.2224 292.799 138.638 67.9083 27.6055 34.6824 83.9515 40.7638 192.681 70.7293 38.822
internal_count=6349 5667 2564 2044 3103 1687 918 520 769 604 307 306 186 2796 1793 302 194 175 1491 640 267 127 159 298 143 1003 373 120
is_linear=0
shrinkage=0.1


Tree=33
num_leaves=23
num_cat=0
split_feature=31 60 64 31 30 60 59 63 30 46 26 75 39 61 60 47 0 37 52 40 0 62
split_gain=121.919 82.0873 48.6803 74.0758 64.5125 40.7762 31.9565 53.453 25.7407 23.6064 23.6009 20.3563 13.9846 12.2288 11.1058 10.6849 8.54748 8.49656 3.8948 1.95833 1.22156 0.37168
threshold=27.550000190734867 -1.1048889160156248 89.598846435546889 36.549999237060554 37.649999618530281 44.085662841796882 16.548217773437504 20.769500732421879 38.750000000000007 -105.58789062499999 100.50000000000001 169.56019592285159 0.59770998358726513 174.50000000000003 21.669464111328129 32.890625000000007 -33.413373947143548 1.2049002051353457 -28.561553955078121 4.2197923660278329 413.66215515136724 -226.49999999999997
decision_type=2 2 2 2 2 2 2 2 2 2 2 2 2 2 2 2 2 2 2 2 2 2
left_child=-1 9 6 -4 11 -6 7 12 15 17 -7 -5 16 -10 -9 -8 18 -2 -3 -11 -12 -14
right_child=1 2 3 4 5 10 8 14 13 19 20 -13 21 -15 -16 -17 -18 -19 -20 -21 -22 -23
leaf_value=-0.072094264050213297 -0.019109101520600066 0 -0.073748647180131535 -0.068452182918609397 -0.054917785766470689 0.089560613988074661 0.051267447989955084 -0.071927889213156931 0.088670469134919799 -0.066830764708460805 0.01527832317673266 0.052160126259389476 0.0027718128244184678 0 0 -0.045778730570331209 0.060583386989888716 0.0647706710106499 -0.050596094601102162 0 -0.01907276644721359 0.071951453115977476
leaf_weight=198.94301420450211 11.955950975418093 12.922376945614809 101.46289726346731 72.229801893234253 23.147912986576557 147.92081771790981 17.718892559409142 56.919186860322952 214.60480603575706 143.44371062517166 22.173491597175598 10.742629170417784 16.150133460760117 16.509835705161095 16.663463935256004 23.345075577497482 15.025937750935553 19.885908260941505 21.210783198475841 11.608719952404497 15.406474754214285 103.06328125298023
leaf_count=1380 67 48 609 459 132 538 55 256 763 991 72 33 63 63 53 104 43 64 98 61 63 334
internal_value=-0.00020951 0.012551 0.0253395 0 0.0244552 0.0550269 0.0455319 0.0161718 0.0695058 -0.0465133 0.0718395 -0.0461597 0.0485528 0.0823583 -0.0507692 0 0 0.0200645 -0.0242599 -0.0633458 0 0.0667843
internal_weight=1293.06 1094.11 907.218 393.084 291.621 208.649 514.134 241.955 272.179 186.894 185.501 82.9724 168.373 231.115 73.5827 41.064 49.1591 31.8419 34.1332 155.052 37.58 119.213
internal_count=6349 4969 3786 1906 1297 805 1880 895 985 1183 673 492 586 826 309 159 189 131 146 1052 135 397
is_linear=0
shrinkage=0.1


Tree=34
num_leaves=27
num_cat=0
split_feature=31 56 41 37 51 41 43 47 31 41 30 56 54 30 64 60 55 27 48 42 40 41 50 18 20 34
split_gain=121.249 60.7736 76.0234 58.1327 29.5778 44.5762 29.3469 35.9437 26.4718 23.5082 15.3538 12.5986 14.9444 12.2503 15.1992 31.0639 13.771 9.08166 5.80898 19.6798 5.29599 5.11049 2.2076 1.01259 3.90044 0.384562
threshold=44.850000381469734 209.57446289062503 -71.640808105468736 3.0229786634445195 -63.063858032226555 -142.5731506347656 17.296600341796879 -27.379730224609371 37.95000076293946 162.60708618164065 38.049999237060554 120.67163085937501 -179.49999999999997 38.250000000000007 62.397583007812507 36.261657714843757 112.88577270507814 -124.49999999999999 -53.160156249999993 -110.69024658203124 1.1156440377235415 -48.604736328124993 284.52603149414068 57.500000000000007 80.500000000000014 1.3657689094543459
decision_type=2 2 2 2 2 2 2 2 2 2 2 2 2 2 2 2 2 2 2 2 2 2 2 2 2 2
left_child=1 2 4 6 5 -1 7 -4 -3 10 -5 12 -12 -9 21 -16 -17 -7 19 -6 -10 -15 -22 -2 -25 -24
right_child=23 8 3 9 18 17 -8 13 20 -11 11 -13 -14 14 15 16 -18 -19 -20 -21 22 -23 25 24 -26 -27
leaf_value=0.070330853826911996 -0.072855756583289938 0.086205688369621752 -0.065691513977853139 0.058221974907991164 0.0757507902172741 0 -0.064551357800758352 0.071358968677475987 0.052032053559310933 0.074408722386548595 0.031514770002812012 0.041870668442059333 -0.063470516818854211 0 0.10575480385353053 -0.063035749130419469 0.026326036581366393 -0.062838381252053474 0.089074463645437904 -0.035802692218472112 0 -0.063510807772703917 0 0 -0.050711380003405838 -0.043328968398330808
leaf_weight=61.019054606556892 185.07549545168877 142.441415771842 78.69705630838871 32.750764951109886 35.040076106786728 19.093894347548485 206.7640371248126 28.455961883068085 12.689236819744108 67.366283014416695 13.086119517683981 17.445410579442978 62.042512953281403 11.524608626961706 29.937720209360123 28.616335213184357 28.747451066970825 55.071801692247391 110.72066639363766 18.799220897257328 9.7011822387576085 33.518487527966499 9.8264904767274874 16.152278266847134 19.605843067169189 17.848530724644661
leaf_count=235 1146 534 429 108 126 76 1219 92 37 254 45 58 288 53 89 130 106 293 376 113 43 163 48 72 103 113
internal_value=0 0.0136071 0.00251301 -0.0164316 0.0443018 0.00544966 -0.036669 -0.0102021 0.0645322 0.0278398 0 -0.0190237 -0.0402425 0.0145679 0 0.0254719 -0.0109272 -0.0421654 0.0727928 0.0283606 0 -0.0444608 -0.0174401 -0.0670164 -0.0214727 -0.0337077
internal_weight=1352.04 1131.2 938.697 638.953 299.745 135.185 446.262 239.498 192.507 192.691 125.325 92.574 75.1286 160.801 132.345 87.3015 57.3638 74.1657 164.56 53.8393 50.0654 45.0431 37.3762 220.834 35.7581 27.675
internal_count=6349 5028 4253 3034 1219 604 2281 1062 775 753 499 391 333 633 541 325 236 369 615 239 241 216 204 1321 175 161
is_linear=0
shrinkage=0.1


Tree=35
num_leaves=31
num_cat=0
split_feature=30 34 56 41 30 34 30 32 30 68 46 76 43 47 74 30 40 37 30 30 66 55 35 66 46 30 30 68 34 56
split_gain=110.209 70.8528 45.5427 60.9313 28.9618 28.3634 21.8644 14.3026 44.621 15.2843 13.2853 12.5039 12.4208 34.3444 11.9922 10.1519 7.9935 7.28856 6.09558 5.63143 10.3985 5.00173 4.32929 3.99771 3.0371 2.40553 2.11836 1.98769 1.52645 0.583355
threshold=36.149999618530281 1.3554849028587344 214.6813659667969 -126.66491699218749 54.850000381469734 0.11089514195919038 38.250000000000007 1.0000000180025095e-35 42.049999237060554 270.18783569335943 158.32202148437503 61.377532958984382 -17.590118408203121 188.40505981445315 -59.499999999999993 111.45000076293947 1.6314949393272402 1.8810095191001894 38.649999618530281 38.649999618530281 -61.499999999999993 31.020996093750004 0.72507727146148693 -516.49999999999989 -97.307586669921861 44.149999618530281 37.750000000000007 90.746856689453139 -0.80432194471359242 120.67163085937501
decision_type=2 2 2 2 2 2 2 2 2 2 2 2 2 2 2 2 2 2 2 2 2 2 2 2 2 2 2 2 2 2
left_child=-1 2 3 -2 7 11 -4 8 16 19 22 28 21 14 -14 -6 -3 25 -18 20 26 24 -10 -21 -7 -16 -9 -19 -5 -20
right_child=1 4 6 5 15 12 -8 9 10 -11 -12 -13 13 -15 17 -17 18 27 29 23 -22 -23 -24 -25 -26 -27 -28 -29 -30 -31
leaf_value=0.076783429802189884 -0.062112876136865128 -0.064397397049103758 0.047619902100580008 -0.055261591124264743 0.071040931167776142 0 -0.069915973539323592 0 0.073767452007075116 0.034460530147011843 -0.029452333209438627 0.032577999525953881 -0.053548367873643844 0.078618626889538426 -0.028432907226818932 -0.0060193065856024401 -0.049616941195770203 0 0.025865114596502026 0 -0.056002745066348697 0 0 -0.072644547276239951 0.082079842768768785 0.0068986542915554609 0.034925807996863532 0.064908220809611367 0 0
leaf_weight=163.16007398068905 63.163407757878304 114.91895088553429 12.6580174267292 35.29584988951683 29.818390160799026 13.916234672069548 81.274112224578857 19.818261310458183 50.825620725750923 9.9501563161611539 11.962177902460096 28.932400837540627 33.665825426578522 79.598070830106735 28.129407480359077 14.788963332772253 19.979841440916061 17.775137394666672 16.018701091408733 8.2615137100219709 50.072003379464149 15.813134446740149 13.419146016240118 221.81919357925653 147.81448705494404 15.600128576159475 15.398439779877661 23.28467920422554 16.270504549145699 12.506516993045805
leaf_count=682 365 633 38 155 104 58 482 83 171 30 77 91 126 301 102 63 109 59 56 36 273 54 59 1307 549 50 48 75 59 54
internal_value=0 -0.0101404 0.0132757 0.0255062 -0.0344437 0.038954 -0.0482791 -0.041004 -0.0189593 -0.0555128 0.0400305 -0.00987316 0.0506906 0.0285899 -0.00193306 0.0362342 -0.0495562 0.0139419 -0.00354257 -0.0601081 -0.0264016 0.0719536 0.0607982 -0.0701266 0.077336 -0.00567387 0.00375777 0.0450858 -0.0430157 0.0144868
internal_weight=1385.91 1222.75 613.191 519.259 609.558 456.096 93.9321 564.951 239.631 325.32 76.2069 80.4988 375.597 198.053 118.455 44.6074 163.424 84.7894 48.5051 315.369 85.2887 177.544 64.2448 230.081 161.731 43.7295 35.2167 41.0598 51.5664 28.5252
internal_count=6349 5667 2564 2044 3103 1679 520 2936 1159 1777 307 305 1374 713 412 167 852 286 219 1747 404 661 230 1343 607 152 131 134 214 110
is_linear=0
shrinkage=0.1


Tree=36
num_leaves=23
num_cat=0
split_feature=31 39 44 28 30 30 31 64 34 44 3 18 51 59 38 49 46 37 31 45 3 48
split_gain=106.813 60.3507 38.4605 48.772 32.1185 32.1027 29.3134 47.9121 16.8243 10.2128 10.608 10.1582 9.29978 14.4289 8.30586 7.26314 10.5232 5.1486 6.40541 4.29563 3.43798 0.531672
threshold=27.550000190734867 0.65243503451347362 6.3010253906250009 81.500000000000014 37.750000000000007 36.350000381469734 36.350000381469734 106.18756103515626 1.1350529789924624 -11.849060058593748 41.015813827514656 151.50000000000003 -46.138366699218743 -86.817413330078111 0.91576001048088085 -44.473510742187493 1.0000000180025095e-35 2.994152426719666 37.45000076293946 121.84732055664064 27.562814712524418 8.1500549316406268
decision_type=2 2 2 2 2 2 2 2 2 2 2 2 2 2 2 2 2 2 2 2 2 2
left_child=-1 2 12 4 20 21 7 -6 9 -7 -11 17 13 -2 -8 -14 -17 -10 -19 -5 -4 -3
right_child=1 5 3 19 6 8 14 -9 11 10 -12 -13 15 -15 -16 16 -18 18 -20 -21 -22 -23
leaf_value=-0.070883461139975054 -0.049954045403480175 -0.052362363203005469 0 0 0.069925432196808163 -0.045800722563842371 0.080228224208612031 -0.065207245701523586 0.070219898966688732 0.056271582250689782 -0.025431038781596794 0 -0.069349963166127751 0.061487771933389314 0 0.04385251932329709 -0.047760527906485738 0 0.048837664366365802 -0.062844354214550979 -0.058482320550115867 0
leaf_weight=181.1944472938776 24.687939636409283 25.561527952551842 9.4795811027288419 9.8295563459396345 49.725468993186951 23.461255021393299 132.46025916188955 50.332859486341476 248.22567442059517 43.02006334066391 13.245271459221838 18.281303629279137 114.32689456641674 17.879819251596928 17.48843664675951 14.650632828474043 30.398650974035263 27.128468081355095 41.082242161035538 74.846272945404053 32.815362699329853 9.099804759025572
leaf_count=1380 191 189 44 40 176 163 501 348 940 139 82 59 765 61 89 46 150 117 139 475 212 43
internal_value=-0.000229656 0.0118917 -0.00877164 0.00906427 0.0295166 0.0395008 0.0441438 0 0.0478435 0.000110831 0.0285656 0.0577008 -0.0441414 0 0.0717812 -0.0550998 -0.00709334 0.0619587 0.0237003 -0.0548662 -0.0438826 -0.0438774
internal_weight=1209.22 1028.03 578.922 376.978 292.302 449.106 250.007 100.058 414.444 79.7266 56.2653 334.718 201.944 42.5678 149.949 159.376 45.0493 316.436 68.2107 84.6758 42.2949 34.6613
internal_count=6349 4969 3098 1885 1370 1871 1114 524 1639 384 221 1255 1213 252 590 961 196 1196 256 515 256 232
is_linear=0
shrinkage=0.1


Tree=37
num_leaves=27
num_cat=0
split_feature=36 31 33 39 39 56 43 36 42 22 34 23 34 31 45 16 31 45 64 30 39 62 31 31 31 75
split_gain=115.843 64.4441 46.2377 27.3175 25.1923 33.6648 11.81 9.00153 10.8067 8.68982 7.74372 6.73229 6.4617 5.23833 5.14502 3.445 3.00466 2.59813 3.5443 2.5366 1.51342 0.981007 0.950311 2.42414 1.13605 0.568434
threshold=1.4248174428939822 44.850000381469734 1.008553206920624 0.28801590204238897 0.64604583382606517 91.688964843750014 -183.40551757812497 1.1403318643569949 75.802917480468764 -48.499999999999993 2.418185949325562 132.50000000000003 2.1098785400390629 36.149999618530281 -31.784942626953121 -38.499999999999993 40.45000076293946 -26.916687011718746 97.528442382812514 41.850000381469734 0.37593841552734381 -49.499999999999993 35.95000076293946 38.95000076293946 37.750000000000007 -20.165527343749996
decision_type=2 2 2 2 2 2 2 2 2 2 2 2 2 2 2 2 2 2 2 2 2 2 2 2 2 2
left_child=1 2 7 17 22 6 -6 8 14 13 -9 15 -3 21 -1 -11 -8 25 -19 -16 -17 -5 -4 24 -24 -2
right_child=3 12 4 9 5 -7 16 10 -10 11 -12 -13 -14 -15 19 20 -18 18 -20 -21 -22 -23 23 -25 -26 -27
leaf_value=0.022860493058892123 0 -0.064319081308935766 0.075048614333408592 0.038109973817359165 0.03825320940947749 0.075392644690262578 -0.053316286031302618 -0.05173274055372519 0.051923338846143585 0 0.0011456936956677119 0 0 -0.038631198802015952 0 0 0 -0.03523101836587382 0.021115692689045562 -0.039135523801799355 -0.060608490482878141 0 0.024587632134822082 0.056109357080307079 0 0.04983424121677793
leaf_weight=21.442551016807556 13.558645606040956 74.523616969585419 223.66300179809332 12.370515942573549 14.186403095722197 49.566601693630219 59.940558075904846 56.486690782010555 41.202263191342354 16.951101943850517 21.371598027646542 11.334436833858488 15.654047667980192 24.892981082201004 12.647559612989424 17.662520959973335 10.235398411750792 16.656007140874863 24.030450031161308 41.95844954252243 314.17807077616453 14.798386268317698 24.078869514167309 94.020216599106789 22.336034990847111 16.181371092796326
leaf_count=79 65 448 911 46 53 160 316 272 156 97 92 44 63 171 44 100 43 76 95 206 2138 74 103 342 95 60
internal_value=4.42821e-05 0.0241435 0.0349338 -0.0380019 0.0511233 0.00942158 -0.0247967 -0.00406888 0.0104575 -0.048098 -0.0316106 -0.0537153 -0.0523402 0 -0.00676444 -0.0563041 -0.0450307 0.0141045 0 -0.0273288 -0.0586003 0.0198457 0.0649848 0.0445879 0.00975906 0.035483
internal_weight=1265.93 783.314 693.136 482.614 498.027 133.929 84.3624 195.109 117.251 412.188 77.8583 360.126 90.1777 52.0619 76.0486 348.792 70.176 70.4265 40.6865 54.606 331.841 27.1689 364.098 140.435 46.4149 29.74
internal_count=6349 3383 2872 2966 2023 572 412 849 485 2670 364 2379 511 291 329 2335 359 296 171 250 2238 120 1451 540 198 125
is_linear=0
shrinkage=0.1


Tree=38
num_leaves=31
num_cat=0
split_feature=34 56 46 34 68 56 31 69 68 31 43 47 31 31 21 76 74 68 39 31 31 50 41 72 71 47 32 40 40 47
split_gain=74.8622 54.5699 61.7662 29.0948 23.3773 40.0003 21.7303 20.4243 16.5152 15.4445 17.4355 34.8508 13.7043 11.4669 11.2025 10.453 7.69799 5.80342 5.05454 4.94084 13.2065 2.77477 3.18325 2.40861 1.29489 0.988812 2.28456 3.33904 4.0807 0.481622
threshold=1.3729907870292666 211.07696533203128 -105.58789062499999 1.0000000180025095e-35 55.747589111328132 137.55303955078128 46.149999618530281 -1.4999999999999998 310.71847534179693 1.4499999880790713 -17.590118408203121 136.83923339843753 47.45000076293946 46.549999237060554 42.500000000000007 61.377532958984382 -66.499999999999986 98.167236328125014 0.43480312824249273 19.44999980926514 43.049999237060554 118.42382812500001 18.499420166015629 75.894866943359389 52.793426513671882 -56.790130615234368 1.0000000180025095e-35 0.28654769062995916 2.3169599771499638 -83.928924560546861
decision_type=2 2 2 2 2 2 2 2 2 2 2 2 2 2 2 2 2 2 2 2 2 2 2 2 2 2 2 2 2 2
left_child=1 2 -1 15 12 7 -3 19 13 -5 -11 16 14 -7 25 24 -12 -15 -18 -6 -21 22 -20 -16 -4 29 27 -27 -29 -2
right_child=4 6 3 9 5 8 -8 -9 -10 10 11 -13 -14 17 23 -17 18 -19 21 20 -22 -23 -24 -25 -26 26 -28 28 -30 -31
leaf_value=-0.065118403944245493 -0.020541877312460724 -0.069396103128156389 0 -0.027489070615030083 0.049547508436304316 -0.066430389575212384 0.043699299603676849 0.083018147710331572 0.036493593128758571 0.076695000144090808 -0.051809592205078796 0.071753850390773574 0.013629857478996652 0.043007677167930809 0.035129174932848548 0.031333650096637203 -0.019040837157022893 -0.03881500996147097 0 -0.055577830003182283 0.029458246439868829 0 0.062670377795112461 -0.015933578545845928 -0.056888893060133311 0 -0.070998702135258815 -0.050404990625115366 0 0
leaf_weight=51.361700966954231 14.452893510460855 77.888569049537182 19.133746832609177 13.485871925950049 15.095575675368307 107.37685509771109 14.260789975523947 52.161414377391338 16.807438373565674 246.99334766715765 25.749886035919189 108.09390207380056 23.818498224020004 15.318107739090921 14.025205940008165 25.029011681675911 27.818308129906654 14.359872192144392 17.197755560278893 33.922253929078579 27.912672758102417 15.4003639370203 23.663339108228683 12.613050952553747 27.553198248147964 10.791336409747599 160.03496355563402 59.275453671813011 11.945496931672094 13.417481720447539
leaf_count=337 81 503 75 52 56 679 48 173 58 1043 99 446 104 70 53 81 106 90 58 198 97 61 73 56 130 45 1036 325 50 66
internal_value=0 0.0225413 0.0340019 0.044372 -0.025535 -0.00267235 -0.0461283 0.0361476 -0.0383833 0.0534261 0.0569343 0.031757 -0.0440632 -0.0514939 -0.0503822 -0.00929491 -0.00400514 0 0.0060927 0 -0.0100199 0.0270101 0.0403805 0 -0.041366 -0.0565512 -0.0599475 -0.0312634 -0.039676 -0.00870981
internal_weight=1296.96 693.63 601.48 550.119 603.329 282.954 92.1494 129.092 153.862 478.403 464.917 217.924 320.374 137.055 296.556 71.716 109.83 29.678 84.0798 76.9305 61.8349 56.2615 40.8611 26.6383 46.6869 269.918 242.047 82.0123 71.221 27.8704
internal_count=6349 3112 2561 2224 3237 1421 551 524 897 1938 1886 843 1816 839 1712 286 397 160 298 351 295 192 131 109 205 1603 1456 420 375 147
is_linear=0
shrinkage=0.1


Tree=39
num_leaves=28
num_cat=0
split_feature=60 64 37 68 59 63 34 62 50 46 68 26 74 24 54 76 34 51 49 54 36 24 72 59 49 40 60
split_gain=68.0241 67.2922 36.4861 44.0488 31.7135 38.8286 21.423 19.898 19.5926 15.2476 10.9706 10.5979 10.4078 9.3033 9.21628 8.76451 8.55961 6.45391 27.5985 3.58781 3.55531 3.43756 2.36961 2.31802 1.89224 1.72516 0.119879
threshold=-1.1048889160156248 89.598846435546889 0.8931231200695039 80.522094726562514 16.548217773437504 20.769500732421879 1.2204573154449465 -242.49999999999997 -161.5882873535156 160.05825805664065 86.179534912109389 61.500000000000007 -92.499999999999986 137.50000000000003 -1.0000000180025095e-35 117.82565307617189 1.1511224508285525 -37.068786621093743 -31.719238281249996 -102.49999999999999 1.2793269753456118 384.00000000000006 163.81082153320315 1.3320312500000002 -150.77691650390622 4.2197923660278329 48.268310546875007
decision_type=2 2 2 2 2 2 2 2 2 2 2 2 2 2 2 2 2 2 2 2 2 2 2 2 2 2 2
left_child=8 4 -3 26 5 7 14 24 16 10 13 20 -7 -6 19 -13 -1 -9 23 -5 -8 -17 -22 -19 -2 -10 -4
right_child=1 2 3 6 9 12 11 17 25 -11 -12 15 -14 -15 -16 21 -18 18 -20 -21 22 -23 -24 -25 -26 -27 -28
leaf_value=-0.030851606173144416 0 -0.063142316389424635 -0.069583037481422028 0 0.08022115961619343 0.0006937672564752091 0 0.082567404079924508 -0.066787518212775912 -0.0092089342213445852 0 -0.042664636258537864 -0.069076621828511361 0 -0.054543123947248265 0.055404286352296821 0.059218087220927113 -0.056840078908374073 0.073285724993762333 0.052143044787179231 0 0 0.0673199339909612 0 -0.04493231312187014 0 0
leaf_weight=12.615937620401384 8.9059386923909205 119.17181488126516 64.758666962385178 11.140796609222891 202.56653070449829 13.187350265681742 11.903996780514715 58.283092811703682 172.10497803241014 15.255317650735376 14.71705402433872 21.9471784979105 57.510901153087616 12.667672060430048 39.763771720230579 22.907869562506676 18.715478733181953 19.523120835423473 49.212895296514034 11.91282197833061 13.909274980425833 14.523591339588164 99.016464941203594 12.414404094219206 19.168600812554359 11.359388150274752 10.155383579432963
leaf_count=92 56 888 424 81 808 52 74 208 1432 84 61 128 267 53 341 80 66 90 158 38 54 57 463 55 121 64 54
internal_value=-0.000365611 0.0110121 -0.0164388 0 0.0370109 0.00846884 0.0216119 0.0362868 -0.0511376 0.0624394 0.069314 0.0397194 -0.0498713 0.0750559 -0.023601 0 0.00904302 0.0529773 0.0241907 0.0109387 0.0560967 0.0329773 0.0614811 -0.0372538 -0.0284273 -0.0639933 -0.0647328
internal_weight=1139.32 924.525 441.112 321.94 483.413 238.206 247.026 167.508 214.796 245.207 229.951 184.208 70.6983 215.234 62.8174 59.3786 31.3314 139.434 81.1504 23.0536 124.83 37.4315 112.926 31.9375 28.0745 183.464 74.9141
internal_count=6349 4695 2682 1794 2013 1007 1316 688 1654 1006 922 856 319 861 460 265 158 511 303 119 591 137 517 145 177 1496 478
is_linear=0
shrinkage=0.1


Tree=40
num_leaves=29
num_cat=0
split_feature=36 31 33 39 39 56 22 43 37 56 54 30 55 39 37 20 22 31 37 5 31 31 37 31 31 62 64 74
split_gain=98.2351 55.1807 39.585 23.6283 20.5759 28.6825 7.98306 7.95766 7.62559 7.48927 6.3219 7.09803 6.49887 5.65784 5.62674 4.81459 4.59322 4.38335 3.67905 2.27694 1.46965 1.95163 1.33021 1.15074 0.853219 0.813808 0.252622 0.164178
threshold=1.4248174428939822 44.850000381469734 1.008553206920624 0.28801590204238897 0.66401186585426342 91.688964843750014 -48.499999999999993 -172.7534484863281 2.967969655990601 209.57446289062503 -101.49999999999999 39.149999618530281 56.208984375000007 0.44324475526809698 3.6817525625228886 49.500000000000007 215.50000000000003 36.149999618530281 0.60698083043098461 -15.695389747619627 35.95000076293946 38.95000076293946 4.0172533988952646 39.850000381469734 37.750000000000007 -49.499999999999993 62.397583007812507 110.50000000000001
decision_type=2 2 2 2 2 2 2 2 2 2 2 2 2 2 2 2 2 2 2 2 2 2 2 2 2 2 2 2
left_child=1 2 8 18 20 7 17 -6 9 10 12 -12 -1 -10 16 -3 27 25 -2 -16 -4 24 -20 26 -22 -5 -9 -8
right_child=3 15 4 6 5 -7 14 23 13 -11 11 -13 -14 -15 19 -17 -18 -19 22 -21 21 -23 -24 -25 -26 -27 -28 -29
leaf_value=-0.028123372752883947 0.035025078440765758 -0.06356299968510197 0.071096409383029469 0.034942591610491812 0.023428929682525041 0.071446134294630564 -0.059841786190656443 -0.057019741691498031 0.051395370535718202 0.031714844117208922 0 -0.058924318117473312 0.043737011898503438 0 0.0070789208554045959 0 0 -0.036270350006875451 -0.024404991567319474 -0.033050261399215033 0.020700625044997447 0.05076133966407418 0.0038458467680166745 0 0 0 0 0
leaf_weight=28.844062425196171 36.741213396191597 63.394360430538654 215.92959571629763 12.363055542111399 11.56570217758417 44.323888942599297 277.53759980946779 40.720135159790516 32.613081827759743 16.14823867380619 11.870698019862173 64.715956151485443 18.650467425584793 14.036559015512465 20.211558938026428 21.02584046125412 11.911581888794897 23.397519417107105 19.588545091450218 17.4077408015728 23.501533634960651 92.340062163770199 11.372607320547102 10.220134645700453 21.862300500273705 14.272280693054197 9.8369976580142957 7.404103346168994
leaf_count=130 141 418 946 46 45 146 2102 236 122 65 42 358 66 66 78 93 56 171 110 98 105 352 45 47 96 74 50 45
internal_value=7.67256e-05 0.0228541 0.0331015 -0.0361398 0.0485953 0.00707446 -0.0460032 -0.0269437 -0.00346457 -0.0172843 -0.0279548 -0.0452956 0 0.0270593 -0.0516486 -0.0500731 -0.0564883 0 0.0126567 -0.000312054 0.0607988 0.0402674 -4.64108e-05 -0.0446878 0.00733283 0.0184562 -0.0509868 -0.0590174
internal_weight=1193.81 741.6 657.179 452.208 470.3 116.667 384.505 72.343 186.879 140.229 124.081 76.5867 47.4945 46.6496 334.473 84.4202 296.853 50.0329 67.7024 37.6193 353.633 137.704 30.9612 60.7773 45.3638 26.6353 50.5571 284.942
internal_count=6349 3383 2872 2966 2023 524 2670 378 849 661 596 400 196 188 2379 511 2203 291 296 176 1499 553 155 333 201 120 286 2147
is_linear=0
shrinkage=0.1


Tree=41
num_leaves=28
num_cat=0
split_feature=30 34 42 43 31 30 73 68 66 24 58 67 71 42 60 74 55 56 51 56 56 52 66 5 56 28 27
split_gain=82.6973 51.5518 33.8742 47.5951 23.4926 21.9632 32.1542 24.0499 22.0291 16.9649 14.0025 11.7138 35.6699 11.667 10.5055 7.8071 7.36697 13.6881 13.2425 6.46732 4.49138 4.27076 3.85466 2.80062 1.54684 0.810523 0.430055
threshold=36.149999618530281 1.3729907870292666 -118.45614624023436 -16.906585693359371 27.550000190734867 38.95000076293946 80.500000000000014 41.261444091796882 296.50000000000006 -126.99999999999999 -187.49999999999997 15.961517333984377 77.618682861328139 26.055603027343754 8.6736450195312518 -84.499999999999986 138.56628417968753 98.468688964843764 75.952056884765639 171.43460083007815 206.98071289062503 -70.037063598632798 -63.499999999999993 42.965841293334968 76.607879638671889 -85.499999999999986 -53.499999999999993
decision_type=2 2 2 2 2 2 2 2 2 2 2 2 2 2 2 2 2 2 2 2 2 2 2 2 2 2 2
left_child=-1 2 -2 9 10 7 8 -5 14 -4 21 25 13 24 -7 -9 17 -14 22 -8 -10 -3 -19 -15 -13 -6 -18
right_child=1 4 3 5 11 6 19 15 20 -11 -12 12 16 23 -16 -17 26 18 -20 -21 -22 -23 -24 -25 -26 -27 -28
leaf_value=0.072164243480600659 -0.061745981792731899 0 0 -0.040937783706136807 0 0 0.06789722911757913 0 0.053128544911397825 0.07097756362233798 0.062757403499607387 -0.030481290845144355 -0.058428336020291675 0.083502877588287672 -0.070552141412987684 0.078291723138810054 0 0 0.057328607990349445 0 0 -0.049287963499106427 -0.047945060699860542 0 0 -0.067072309175796083 -0.067827124862377852
leaf_weight=139.1066877245903 51.385397359728813 12.870228871703146 26.577004969120026 22.893809750676155 8.8573985993862134 9.8829461783170682 33.484653383493423 13.472189739346502 18.664840385317806 166.70386883616447 35.860816657543182 15.502259239554407 52.590870223939419 28.840226620435715 125.51790256053209 61.6802117228508 7.678276725113391 10.489076338708399 29.028185583651066 11.374802604317663 11.186167515814303 20.092431545257568 27.349185101687908 16.301050998270512 10.589180216193197 145.24862332642078 109.05283761024475
leaf_count=682 363 52 92 85 48 33 143 45 74 689 141 95 353 91 722 223 53 38 100 68 70 108 159 66 39 947 770
internal_value=0 -0.00910696 0.0116102 0.0203431 -0.031562 -0.00264949 -0.022247 0.0340749 -0.0440927 0.0590478 0.0178207 -0.0400196 -0.0256611 0.0317747 -0.062115 0.0637038 -0.0451498 -0.0205745 0.00323101 0.0461753 0.0212422 -0.0183754 -0.0272338 0.0631904 -0.00640185 -0.0647481 -0.0653293
internal_weight=1222.28 1083.17 552.824 501.438 530.351 308.158 210.111 98.0462 165.252 193.281 68.8235 461.527 307.421 71.2327 135.401 75.1524 236.188 119.457 66.8664 44.8595 29.851 32.9627 37.8383 45.1413 26.0914 154.106 116.731
internal_count=6349 5667 2607 2244 3060 1463 1110 353 899 781 301 2759 1764 291 755 268 1473 650 297 211 144 160 197 157 134 995 823
is_linear=0
shrinkage=0.1


Tree=42
num_leaves=26
num_cat=0
split_feature=31 60 30 63 60 31 74 43 31 0 50 63 30 31 76 30 75 31 51 46 76 66 60 62 0
split_gain=83.8022 53.1068 41.711 32.3582 41.2945 30.6738 18.6983 17.8538 32.0732 13.459 13.0888 20.3833 12.11 14.2588 10.4714 9.98665 9.26892 7.57692 7.29369 5.28939 3.76196 3.07243 2.13105 1.76314 1.68505
threshold=27.550000190734867 7.2666320800781259 37.45000076293946 99.634552001953139 44.085662841796882 36.549999237060554 -105.49999999999999 -5.1935119628906241 33.95000076293946 425.14208984375006 -23.140594482421871 10.490264892578127 38.750000000000007 45.250000000000007 74.565124511718764 37.850000381469734 151.06033325195315 38.45000076293946 -37.068786621093743 -105.58789062499999 22.877685546875004 -66.499999999999986 69.577392578125014 -159.49999999999997 157.50221252441409
decision_type=2 2 2 2 2 2 2 2 2 2 2 2 2 2 2 2 2 2 2 2 2 2 2 2 2
left_child=-1 6 16 7 -5 14 17 8 -4 15 19 -12 13 21 -6 -7 20 -2 -10 -8 -3 -9 -17 -20 -14
right_child=1 2 3 4 5 9 10 12 18 -11 11 -13 24 -15 -16 22 -18 -19 23 -21 -22 -23 -24 -25 -26
leaf_value=-0.068916463739258846 -0.018826983914424996 0 -0.068809464610096169 -0.068195691360472849 0.026888321530651432 0 0 -0.051824374951067002 0.076320893735489559 -0.017892008618642232 0.067599940760527624 -0.055148724029638177 0.082200081513229273 0.072469379685647442 -0.060550709190166897 0 0.020889718132743637 0.053392395592183228 -0.0088636890409676452 -0.066827462819537081 -0.065098664771665898 0 0.078261883774991062 0.02415894327578285 0
leaf_weight=152.90202258527279 11.937656238675116 7.0246960446238509 28.345067404210567 55.653690986335278 9.7196874618530256 15.196983106434343 12.725037634372709 15.140448823571205 43.348133072257042 12.990787804126738 21.866684645414352 28.150286786258221 191.68939366936684 23.074956133961678 39.819579184055328 11.850421547889708 7.8673353791236869 29.877521798014641 12.694201938807963 123.04978523403406 59.697360016405582 14.012919202446938 102.88119414448738 25.975057199597359 13.022256225347517
leaf_count=1380 73 36 134 385 42 73 67 59 162 59 66 162 816 75 325 42 32 120 61 1058 456 54 469 90 53
internal_value=-0.000553761 0.0104637 0.0246571 0.0336779 0.00357247 0.0273855 -0.030276 0.0525544 0.0128195 0.0520706 -0.0447267 0 0.0674853 0.0118053 -0.0336617 0.0629074 -0.042236 0.0219675 0.0478978 -0.0605957 -0.0571223 -0.0227929 0.0729612 0.00169429 0.0790611
internal_weight=1070.51 917.611 690.004 615.415 248.112 192.459 227.607 367.302 110.362 142.919 185.792 50.017 256.94 52.2283 49.5393 129.929 74.5894 41.8152 82.0174 135.775 66.7221 29.1534 114.732 38.6693 204.712
internal_count=6349 4969 3423 2899 1395 1010 1546 1504 447 643 1353 228 1057 188 367 584 524 193 313 1125 492 113 511 151 869
is_linear=0
shrinkage=0.1


Tree=43
num_leaves=32
num_cat=0
split_feature=31 36 33 39 39 56 16 36 44 36 41 34 0 37 23 20 18 45 37 46 31 31 31 42 42 39 54 28 61 34 64
split_gain=85.1261 63.5393 33.7116 20.3206 18.4462 24.8207 8.04205 7.58771 6.65726 6.54871 7.82295 6.21223 6.00028 8.40127 5.11468 4.50537 3.4617 3.18346 2.14479 1.81454 1.59686 1.49638 2.31554 2.96211 4.45234 1.13597 1.0568 1.77994 0.45336 0.0702164 0.0689598
threshold=44.850000381469734 1.4334698319435122 1.008553206920624 0.46592245995998388 0.66401186585426342 91.688964843750014 -33.499999999999993 1.0624266266822817 -167.6969299316406 1.1403318643569949 69.755950927734389 2.418185949325562 -58.205894470214837 0.71437153220176708 88.500000000000014 -57.499999999999993 33.500000000000007 -29.384063720703121 4.3142850399017343 71.520874023437514 40.250000000000007 35.95000076293946 38.95000076293946 -67.746582031249986 179.56985473632815 2.1742709875106816 -107.49999999999999 6.5000000000000009 -60.499999999999993 0.67962181568145763 62.397583007812507
decision_type=2 2 2 2 2 2 2 2 2 2 2 2 2 2 2 2 2 2 2 2 2 2 2 2 2 2 2 2 2 2 2
left_child=1 2 9 12 21 8 -5 16 -6 10 17 29 -3 19 15 -8 -2 -1 25 -14 30 -4 23 -23 -25 -17 -19 -28 -15 -11 -10
right_child=7 3 4 6 5 -7 14 -9 20 11 -12 -13 13 28 -16 18 -18 26 -20 -21 -22 22 -24 24 -26 -27 27 -29 -30 -31 -32
leaf_value=0.019812115895235537 -0.038395950925989714 0.045285772474206495 0.068180273728503202 0 0.0178073895510216 0.066484389536575247 0 -0.071023730704486407 -0.054792537267631981 0 0.050000781062321288 4.9818164665059626e-05 0 0 0 -0.059641347735054487 0.027817205109690542 0 0 0.0463255821950532 0 0.042620789519713348 0.048198157339674398 -0.046752872164422178 0.018188123955189952 0 -0.045915931841869623 0 -0.045092327548276606 -0.052378610590466161 0
leaf_weight=20.555229306221008 14.09743841737509 31.507672287523746 202.68956819921732 20.497202210128307 11.308054700493811 43.552319973707199 6.6414984911680213 151.78547564893961 40.217721603810787 10.857384391129015 32.622279196977615 20.280894294381142 16.980882406234741 9.3196658641099912 6.7567685246467581 158.41360414773226 10.89560032635927 22.597340822219849 13.441632471978663 18.285885192453861 8.9303805381059629 14.348642721772192 90.455295287072659 15.356450378894808 14.936959110200403 7.8231329619884482 22.174445815384388 9.9789219424128515 28.244055882096291 41.308210596442223 9.9871199429035169
leaf_count=81 80 138 951 106 47 149 35 1204 250 53 134 94 67 49 32 1295 37 102 66 71 41 58 361 76 73 48 128 40 202 228 53
internal_value=0.000205512 0.0125242 0.0311524 -0.0229678 0.0457674 0.00586256 -0.0409748 -0.0625883 -0.0259553 -0.00293614 0.00950304 -0.0276197 0.00946695 -0.000571381 -0.0476065 -0.0511717 0 -0.0028393 -0.0544196 0.0264002 -0.0425278 0.0576804 0.0375042 0.004231 -0.00100165 -0.0576604 -0.0202555 -0.031375 -0.038023 -0.0467417 -0.0491851
internal_weight=1126.85 950.069 632.157 317.912 451.783 113.996 213.574 176.779 70.4433 180.375 107.928 72.4465 104.338 72.8305 193.077 186.32 24.993 75.3059 179.678 35.2668 59.1352 337.787 135.097 44.6421 30.2934 166.237 54.7507 32.1534 37.5637 52.1656 50.2048
internal_count=6349 5028 2919 2109 2059 540 1582 1321 391 860 485 375 527 389 1476 1444 117 351 1409 138 344 1519 568 207 149 1343 270 168 251 281 303
is_linear=0
shrinkage=0.1


Tree=44
num_leaves=32
num_cat=0
split_feature=30 34 56 42 31 34 30 58 67 71 46 68 31 67 40 30 55 68 69 44 30 30 46 75 47 68 76 27 28 48 15
split_gain=71.7072 44.1423 29.421 39.9258 20.5031 18.701 15.1755 11.9345 11.0665 31.4778 10.4663 9.18186 8.47595 8.67597 7.58312 7.44611 6.84276 12.5257 17.1027 6.2822 9.96477 23.0373 4.78962 4.26469 3.06936 2.19895 0.996666 0.987354 0.754051 0.384176 0.143507
threshold=36.149999618530281 1.3729907870292666 214.6813659667969 -118.45614624023436 27.550000190734867 0.21121697872877124 38.049999237060554 -187.49999999999997 15.961517333984377 79.074096679687514 18.872619628906254 343.67218017578131 45.350000381469734 99.004272460937514 0.30794578790664678 111.90000152587892 136.27258300781253 50.311889648437507 -1.4999999999999998 -15.436828613281248 44.95000076293946 39.049999237060554 44.428192138671882 -38.330383300781243 146.74267578125003 102.60110473632814 38.217254638671882 -59.499999999999993 -85.499999999999986 106.97088623046876 27.500000000000004
decision_type=2 2 2 2 2 2 2 2 2 2 2 2 2 2 2 2 2 2 2 2 2 2 2 2 2 2 2 2 2 2 2
left_child=-1 2 3 -2 7 11 -4 23 28 10 26 14 15 -14 -5 19 17 -11 25 -7 21 -21 -12 -3 -23 -19 -10 -18 -6 -22 -30
right_child=1 4 6 5 8 12 -8 -9 9 16 22 -13 13 -15 -16 -17 27 18 -20 20 29 24 -24 -25 -26 -27 -28 -29 30 -31 -32
leaf_value=0.070105390433592332 -0.059867875279532995 0.0027593035888497522 0.034472213723010618 -0.056328424972606622 0 0.073348677427159878 -0.065153505725574309 0.059714772093493275 -0.028619102217756476 -0.057152466778639811 0.078653223025764343 0.051100103506999929 -0.053822629297206381 0.042347600006635629 0 0 0 -0.051436954727616363 0.063884248524736911 0.061312665679115336 0.00092312318554040604 -0.05250425723788954 0 -0.04812614938742954 0 0 0 -0.065938729145691058 -0.067783068379257697 0.070649579894503184 0
leaf_weight=128.12285329401493 47.22406043857336 11.495976433157923 11.239627718925474 37.471847206354141 8.7141648307442647 124.18050368130207 64.584818229079247 33.921478912234306 13.242115914821627 46.989774279296398 32.082568913698196 14.443333536386488 15.716597080230711 16.705601513385773 25.544519573450089 13.306208923459051 6.492178998887538 22.295714646577835 29.209004767239094 39.832799464464188 16.101517252624035 34.952930323779583 16.477599911391735 19.827080346643925 10.579284220933912 10.873143561184405 8.9193483069539052 103.11369518190622 126.39010998606682 49.436666920781136 8.3544065952301008
leaf_count=682 363 47 38 176 48 572 497 141 85 333 107 49 51 81 103 51 46 141 102 133 62 162 67 113 52 54 40 789 894 217 53
internal_value=0 -0.00859831 0.0110567 0.0216229 -0.0300745 0.03279 -0.0436166 0.0168167 -0.0382985 -0.0238934 0.0294982 -0.00598456 0.0436188 0 -0.0278356 0.0490531 -0.0434483 -0.0182992 0.00456048 0.0528198 0.0318961 0.0028023 0.0569767 -0.0162878 -0.0388328 -0.0349125 -0.0107671 -0.0633068 -0.0632089 0.0612547 -0.0656064
internal_weight=1147.84 1019.72 521.32 445.496 498.398 398.272 75.8244 65.2445 433.154 289.695 70.7216 77.4597 320.812 32.4222 63.0164 288.39 218.974 109.368 62.3779 275.084 150.903 85.365 48.5602 31.3231 45.5322 33.1689 22.1615 109.606 143.459 65.5382 134.745
internal_count=6349 5667 2607 2072 3060 1709 535 301 2759 1764 299 328 1381 132 279 1249 1465 630 297 1198 626 347 174 160 214 195 125 835 995 279 947
is_linear=0
shrinkage=0.1


Tree=45
num_leaves=26
num_cat=0
split_feature=31 60 56 31 52 59 31 2 59 31 72 60 52 65 67 60 26 31 62 31 42 43 0 41 31
split_gain=73.9991 46.0694 35.1425 38.1186 15.7086 23.372 21.0418 15.5541 15.933 20.8149 15.2147 20.3835 11.503 10.1637 9.54092 7.09859 6.71163 6.55167 6.05286 5.63912 3.92965 1.05442 1.69026 0.616553 0.261217
threshold=27.550000190734867 7.2666320800781259 114.89904785156251 36.549999237060554 -45.648071289062493 -86.817413330078111 47.250000000000007 131.50901794433597 15.494262695312502 34.049999237060554 160.18670654296878 211.34890747070315 2.8070983886718754 95.500000000000014 -1.6472778320312498 36.261657714843757 95.500000000000014 43.850000381469734 -194.49999999999997 45.350000381469734 99.837097167968764 98.448944091796889 385.88249206542974 -103.10107421874999 45.750000000000007
decision_type=2 2 2 2 2 2 2 2 2 2 2 2 2 2 2 2 2 2 2 2 2 2 2 2 2
left_child=-1 4 7 -4 5 -2 -6 8 9 -3 20 13 18 16 -8 -9 -12 -10 23 -19 -5 -18 -23 -11 -15
right_child=1 2 3 10 6 -7 14 15 17 12 11 -13 -14 24 -16 -17 21 19 -20 -21 -22 22 -24 -25 -26
leaf_value=-0.067942495527512067 -0.05146545414478762 -0.063327468296740394 -0.06735692516907632 0 -0.067880601126517753 0.062130409367406464 -0.028697058067205995 -0.045537180592018736 0.077412347038837745 0.021502437000768756 0.070518638808366424 -0.045918160364709915 -0.015049568272618774 0 0.065582051817388839 0.033102839374979036 0 -0.01877984733290888 0.070571704364214186 0.051979879148121522 -0.052877723955743416 0.037311128502285011 0 0 -0.015589946397529003
leaf_weight=139.60206793993711 29.134721510112286 19.972221076488495 67.302299857139587 9.6427207365632039 115.80027683079243 36.937595933675766 12.893762923777105 24.857865326106548 172.52347545325756 10.931709274649622 96.969253778457642 21.560364343225956 18.486972019076347 5.4589116498827961 18.098791599273682 12.438741125166414 10.634623445570467 14.060290738940241 63.905983164906502 16.79282720386982 27.359377540647984 18.191039353609089 10.83950589597225 16.261109083890915 10.804029323160647
leaf_count=1380 306 87 562 41 870 159 154 148 795 47 491 136 72 32 57 48 59 57 249 57 191 93 51 86 121
internal_value=-0.000601207 0.00990729 0.023552 -0.001652 -0.0292518 0.00495015 -0.04771 0.0437113 0.0508097 0.0176272 0.0175275 0.0313594 0.0377294 0.0459032 0.0126784 -0.00674812 0.0555002 0.0691522 0.0537085 0.00620772 -0.0333858 0.00539177 0.0193481 0 -0.00565929
internal_weight=1001.46 861.858 648.993 278.762 212.865 66.0723 146.793 370.231 332.935 129.558 211.46 174.458 109.586 152.897 30.9926 37.2966 136.634 203.377 91.0988 30.8531 37.0021 39.6652 29.0305 27.1928 16.2629
internal_count=6349 4969 3423 1777 1546 465 1081 1646 1450 541 1215 983 454 847 211 196 694 909 382 114 232 203 144 133 153
is_linear=0
shrinkage=0.1


Tree=46
num_leaves=32
num_cat=0
split_feature=31 39 56 1 42 41 34 41 37 40 71 75 34 34 39 59 56 61 56 59 18 31 60 42 64 60 76 37 75 50 31
split_gain=74.4194 43.8628 29.6656 33.6687 23.4568 28.5119 16.081 9.61864 8.95648 7.95075 7.09269 6.79382 6.71836 5.86863 5.52197 5.50571 7.14758 4.00536 3.46281 2.3477 1.61843 4.3011 1.55771 1.585 1.47497 1.84288 1.22483 1.10044 0.945024 0.652485 0.3211
threshold=44.850000381469734 0.57081693410873424 176.10858154296878 -142.97937011718747 -67.746582031249986 162.60708618164065 2.2902520895004277 -130.55746459960935 3.6817525625228886 1.2408424615859988 403.23492431640631 -47.453216552734368 0.54053351283073436 1.625430762767792 0.47859065234661108 11.640960693359377 114.89904785156251 -95.499999999999986 58.295959472656257 2.7556762695312504 57.500000000000007 46.049999237060554 35.886444091796882 72.940643310546889 123.02972412109376 28.323638916015629 217.06265258789065 -1.4706832170486448 -7.0573730468749991 -143.50057983398435 38.250000000000007
decision_type=2 2 2 2 2 2 2 2 2 2 2 2 2 2 2 2 2 2 2 2 2 2 2 2 2 2 2 2 2 2 2
left_child=1 4 3 7 29 6 12 -3 17 -4 14 -9 22 27 -7 28 -17 18 -5 -10 -2 -22 -6 -24 25 -15 -12 -14 -8 -1 -21
right_child=20 2 9 8 5 10 15 11 19 -11 26 -13 13 24 -16 16 -18 -19 -20 30 21 -23 23 -25 -26 -27 -28 -29 -30 -31 -32
leaf_value=0 -0.068012997751909568 0.06659309691055465 0.06328043490985677 -0.039441241227050713 0.023808080729621539 0.067375157390122148 0 -0.044070166507501951 0.028113372930295866 0 -0.024592889023427933 0.037504800420937401 0 0 0 -0.037539463820530333 0.047070702591276534 -0.060851207686044455 0.0074574322717477805 -0.027690457614666115 0.011348380261197989 -0.045834741436038801 -0.032732358084589561 0 0.023180781480687029 -0.039508506905524654 0.019250920955420772 -0.057579374938460173 0.061471429215408491 0.075667067432145976 0
leaf_weight=11.434105053544043 132.96415396779776 33.812609180808067 50.906948752701283 20.209683433175087 23.718905732035637 116.16600646078587 13.229270100593565 19.272259414196014 14.720142066478727 15.397895582020281 10.864021942019464 15.967245221137999 10.696452818810938 10.503118477761747 21.42819731682539 19.993800707161427 15.610971279442309 166.78916012495756 17.736732475459576 14.752260513603689 10.092424452304842 19.412163257598877 13.109308749437334 11.518908485770224 11.773695006966589 13.971891984343527 8.9946096837520582 63.170396782457829 36.136020347476006 105.56068252772093 9.0126072168350202
leaf_count=62 1146 158 196 141 84 624 54 150 56 108 84 62 40 43 134 116 55 1299 85 90 32 143 74 52 54 84 52 394 147 482 48
internal_value=0.000241033 0.0120184 -0.0129198 -0.0268158 0.0311507 0.0178023 -0.00184955 0.0300253 -0.0450524 0.0441568 0.0507727 0 -0.0223739 -0.0362322 0.0587382 0.0304706 0 -0.0532843 -0.0064315 0 -0.0610464 -0.0117813 0 -0.00533857 0 -0.016289 0 -0.0520206 0.0512889 0.071572 -0.0194929
internal_weight=1058.93 896.458 378.578 312.273 517.88 400.886 243.433 69.0521 243.221 66.3048 157.453 35.2395 158.463 110.116 137.594 84.9701 35.6048 204.736 37.9464 38.485 162.469 29.5046 48.3471 24.6282 36.2487 24.475 19.8586 73.8668 49.3653 116.995 23.7649
internal_count=6349 5028 2393 2089 2635 2091 1197 370 1719 304 894 212 825 615 758 372 171 1525 226 194 1321 175 210 126 181 127 136 434 201 544 138
is_linear=0
shrinkage=0.1


Tree=47
num_leaves=33
num_cat=0
split_feature=30 34 41 43 31 52 30 56 47 67 71 58 59 24 46 55 76 63 51 30 70 56 59 66 27 76 28 15 1 24 34 41
split_gain=61.0852 38.406 26.1461 36.7808 17.9855 16.7362 24.2963 22.2113 22.9049 10.3177 27.7162 10.1348 9.71278 9.68034 9.13279 6.44841 11.0467 10.6045 5.69221 3.84385 3.37159 2.59479 1.22182 1.14534 0.965856 0.855111 0.755932 0.775074 0.596396 0.545041 0.514888 0.00931089
threshold=36.149999618530281 1.3729907870292666 -126.66491699218749 -16.906585693359371 27.550000190734867 9.0487365722656268 38.95000076293946 209.57446289062503 191.76586914062503 15.961517333984377 79.074096679687514 -164.49999999999997 17.275512695312504 -153.49999999999997 18.872619628906254 138.56628417968753 63.846557617187507 99.634552001953139 40.390426635742195 38.850000381469734 -389.49999999999994 -85.140716552734361 -6.2894592285156241 41.500000000000007 -57.499999999999993 39.154632568359382 -85.499999999999986 29.500000000000004 -23.685787200927731 21.500000000000004 -0.16092515736818311 -130.55746459960935
decision_type=2 2 2 2 2 2 2 2 2 2 2 2 2 2 2 2 2 2 2 2 2 2 2 2 2 2 2 2 2 2 2 2
left_child=-1 2 31 13 11 22 29 8 12 26 14 20 -8 -4 25 16 19 -18 -16 -12 -3 -15 -5 -14 -17 -11 -6 -28 -24 -7 -23 -2
right_child=1 4 3 5 9 6 7 -9 -10 10 15 -13 23 21 18 24 17 -19 -20 -21 -22 30 28 -25 -26 -27 27 -29 -30 -31 -32 -33
leaf_value=0.06788052144066932 -0.059947963186583589 6.8134185263536766e-05 0 0 0 0.068103190762450097 0.032546574228694725 -0.06277778512113856 0.067548529040158539 -0.026370660882165976 0 0.057919648541029337 -0.061507849883193091 0 0.078174437423731466 0 -0.024348939815374018 0.064439763610483244 0 -0.056964452672566925 -0.043018400372005265 0 0 0 -0.065055997594302292 0 -0.066578403377086204 0 -0.061022193908644211 0 0.07153534751340164 0
leaf_weight=116.66374582052231 40.524880468845367 11.832429036498072 17.039330214262009 9.6255342960357648 8.5229429081082326 52.067781783640385 10.905361235141752 52.706715628504753 45.347272098064423 12.680513277649881 15.462332434952257 30.96803717315197 30.975171826779842 10.631260395050047 30.643371224403381 6.3893841058015814 17.199546381831169 22.877316318452358 16.462201192975044 49.714574076235294 18.853061534464359 13.986340120434759 7.9779306203126898 9.8009971752762777 92.663467802107334 8.5185960605740529 118.01560571789742 7.1316038444638243 42.287858635187149 13.957726821303366 126.44359283149242 6.895765244960784
leaf_count=682 331 53 61 36 48 194 36 432 222 86 65 137 174 58 103 47 115 77 71 385 111 51 33 45 776 39 901 46 223 68 603 40
internal_value=0 -0.00804423 0.0107614 0.0191982 -0.0287631 -0.00169593 0.00955722 -0.0101588 0.0144014 -0.0367765 -0.0223567 0.0159142 -0.0242459 0.0558295 0.0280529 -0.0416727 -0.0169056 0.0157623 0.0541245 -0.0439741 -0.0130335 0.0639828 -0.0487809 -0.0515678 -0.0622137 -0.00906236 -0.0617269 -0.064219 -0.0551945 0.0601028 0.0676769 -0.0556283
internal_weight=1075.77 959.109 491.174 443.753 467.935 275.652 215.761 149.736 97.0288 406.281 272.611 61.6535 51.6815 168.101 68.3047 204.307 105.254 40.0769 47.1056 65.1769 30.6855 151.061 59.8913 40.7762 99.0529 21.1991 133.67 125.147 50.2658 66.0255 140.43 47.4206
internal_count=6349 5667 2607 2236 3060 1463 1171 909 477 2759 1764 301 255 773 299 1465 642 192 174 450 164 712 292 219 823 125 995 947 256 262 654 371
is_linear=0
shrinkage=0.1


Tree=48
num_leaves=22
num_cat=0
split_feature=31 60 64 60 30 31 64 26 30 74 74 75 50 75 31 45 59 31 54 49 2
split_gain=65.1431 39.5808 37.3012 32.0097 33.8279 29.6826 16.7672 16.3743 14.978 14.2949 12.9589 12.83 11.1152 14.0576 7.73971 7.33055 7.58415 6.65652 4.36608 4.19394 0.116977
threshold=27.550000190734867 7.2666320800781259 69.209167480468764 43.421203613281257 37.850000381469734 36.350000381469734 89.598846435546889 100.50000000000001 38.95000076293946 -101.49999999999999 -100.49999999999999 163.47085571289065 -23.140594482421871 12.573608398437502 45.350000381469734 145.31024169921878 -7.2857055664062491 38.149999618530281 -1.0000000180025095e-35 -169.5597229003906 365.38865661621099
decision_type=2 2 2 2 2 2 2 2 2 2 2 2 2 2 2 2 2 2 2 2 2
left_child=-1 9 8 10 11 6 -6 -7 14 17 -4 -5 19 -14 18 16 -10 -2 -3 -11 -9
right_child=1 2 3 4 5 7 -8 20 15 12 -12 -13 13 -15 -16 -17 -18 -19 -20 -21 -22
leaf_value=-0.066963620079387262 -0.025580527928772336 -0.057284258694217209 0.019300051369624649 -0.061375437605625596 0.047001471077608888 0.078705913574768638 -0.058257836114252906 0 0 0 -0.069368292064178716 0.024728059638929389 0.056812460990210902 -0.049802524941293252 0.042743695916342431 0 0.076548557293422456 0.046540903587839494 0 -0.065340811124975279 -0.0089081117054404194
leaf_weight=127.28001204505563 10.187434062361715 18.104735553264618 10.094732582569121 56.809305481612682 17.905024707317352 121.4329390078783 38.057866811752319 15.594135016202928 21.629118479788303 11.064977966248987 71.940217688679695 13.549347743391989 20.621654227375984 24.310921423137188 27.022063389420509 10.922937229275702 164.43307633697987 29.745711714029312 13.004265643656256 101.87725729122758 12.337750867009161
leaf_count=1380 73 74 33 476 78 593 367 65 97 64 496 51 67 161 111 55 807 134 59 1047 61
internal_value=-0.000679548 0.00930188 0.0222897 3.09235e-05 0.0177173 0.039314 -0.0157707 0.0630527 0.0513367 -0.0283124 -0.052508 -0.0378981 -0.0426922 0 0 0.0644594 0.0691721 0.0163449 -0.0265575 -0.0591292 0
internal_weight=937.925 810.645 612.838 357.721 275.686 205.328 55.9629 149.365 255.116 197.808 82.035 70.3587 157.875 44.9326 58.1311 196.985 186.062 39.9331 31.109 112.942 27.9319
internal_count=6349 4969 3423 2220 1691 1164 445 719 1203 1546 529 527 1339 228 244 959 904 207 133 1111 126
is_linear=0
shrinkage=0.1


Tree=49
num_leaves=34
num_cat=0
split_feature=31 39 56 54 33 31 30 37 42 63 34 60 40 30 39 64 40 37 43 56 74 37 42 18 31 56 75 34 31 68 73 50 76
split_gain=64.8859 37.1156 24.697 29.5831 20.7258 17.3603 12.2544 9.56349 8.8124 17.4885 12.67 8.081 6.95684 6.78061 6.55157 6.22652 5.16134 4.95085 4.27029 3.54004 2.07665 1.89008 1.8764 1.76153 3.72867 1.32021 1.21606 0.722715 0.706436 0.678612 0.408377 0.0916567 0.0521977
threshold=44.850000381469734 0.57081693410873424 176.10858154296878 -148.49999999999997 0.91104826331138622 34.049999237060554 38.149999618530281 0.63011541962623607 -67.746582031249986 119.04571533203126 2.2902520895004277 36.649627685546882 1.2408424615859988 92.649997711181655 0.46418084204196935 71.617980957031264 0.83648806810379039 2.5985004901885991 15.563354492187502 205.63479614257815 -108.49999999999999 3.8787093162536626 -74.488708496093736 57.500000000000007 46.049999237060554 131.73352050781253 152.3870544433594 2.5257732868194585 40.250000000000007 327.52587890625006 -1.0000000180025095e-35 -143.50057983398435 138.31060791015628
decision_type=2 2 2 2 2 2 2 2 2 2 2 2 2 2 2 2 2 2 2 2 2 2 2 2 2 2 2 2 2 2 2 2 2
left_child=1 4 3 5 11 7 -5 20 31 10 16 15 29 -9 26 28 -10 -7 -12 27 -3 -18 -8 -2 -25 -24 -11 -13 -1 -4 -16 -6 -14
right_child=23 2 12 6 8 17 22 13 9 14 18 19 32 -15 30 -17 21 -19 -20 -21 -22 -23 25 24 -26 -27 -28 -29 -30 -31 -32 -33 -34
leaf_value=-0.020556591994144779 -0.066689404223007537 -0.030729307555701597 0.070259997879483851 0.0044346216283598786 0 -0.056548335254665086 0 0.081468110205293834 0 0.062045791030490266 0.051104746530502287 -0.057078440492172478 0 0 -0.0033262293984564748 0.060662080607077333 -0.054648576543874977 0 0 0 0.017053123054851706 0 -0.068955940264263105 0.01007481050134397 -0.043403438602156008 0 0 0 0 0 0.012607770376750572 0.072234042357299202 -0.0072468655143863095
leaf_weight=14.314113430678846 121.30787185579538 16.135160438716415 35.243951387703419 17.408710069954395 10.144247353076933 32.045365139842033 14.118678808212278 40.708580709993839 20.531069986522198 121.27159320563078 40.340135499835014 33.426597148180008 7.4271142035722715 15.771639391779898 10.522243022918699 17.978818267583847 40.551889583468437 8.9426052123308164 12.535849928855894 9.3969166725873929 8.8093741461634618 9.429988428950308 129.85282691568136 10.035571537911894 18.10885813087225 8.3031233325600606 10.445575244724749 9.3517748415470106 10.79694654047489 13.4837050139904 22.388188578188419 93.508036948740482 7.5358470529317856
leaf_count=91 1146 115 132 83 58 235 105 188 76 706 176 215 44 85 88 58 267 39 66 37 38 36 1125 32 143 76 74 48 40 64 132 467 64
internal_value=0.000308935 0.0116014 -0.0119533 -0.0253102 0.0297717 0.00883426 -0.052524 0.0382577 0.0401404 0.0277442 0 -0.00785971 0.0407011 0.0608919 0.0488404 0.0167337 -0.0281475 -0.037386 0.0353121 -0.0368478 0 -0.0456953 -0.0621208 -0.059367 -0.00925754 -0.0661824 0.0588149 -0.0492306 0 0.0591773 0 0.0686297 0
internal_weight=992.173 842.721 355.787 292.096 486.934 122.413 169.683 81.4248 391.669 288.017 123.389 95.2652 63.6906 56.4802 164.628 43.0899 70.5129 40.988 52.876 52.1753 24.9445 49.9819 152.275 149.452 28.1444 138.156 131.717 42.7784 25.1111 48.7277 32.9104 103.652 14.963
internal_count=6349 5028 2393 2089 2635 700 1389 426 2146 1621 621 489 304 273 1000 189 379 274 242 300 153 303 1306 1321 175 1201 780 263 131 196 220 525 108
is_linear=0
shrinkage=0.1


Tree=50
num_leaves=29
num_cat=0
split_feature=30 34 42 56 68 56 74 68 34 30 21 31 30 43 74 31 76 24 71 48 72 30 60 44 47 34 31 47
split_gain=53.2764 32.7299 22.1037 30.0073 16.3388 28.6767 14.8694 14.8412 13.5417 13.3747 9.81331 7.79383 6.89414 8.46581 18.9069 6.87657 6.19134 4.07405 3.89699 2.3171 1.97941 1.65694 18.5073 1.56286 1.42165 0.819453 0.445352 0.165245
threshold=36.149999618530281 1.3729907870292666 -118.45614624023436 211.07696533203128 55.747589111328132 140.53942871093753 -2.4999999999999996 310.71847534179693 1.0000000180025095e-35 38.049999237060554 42.500000000000007 46.049999237060554 113.20000076293947 -17.590118408203121 -28.499999999999996 40.850000381469734 61.377532958984382 -53.499999999999993 98.409179687500014 129.38345336914065 70.190612792968764 42.049999237060554 7.2666320800781259 26.055877685546879 -56.790130615234368 -0.80432194471359242 33.149999618530281 -97.023071289062486
decision_type=2 2 2 2 2 2 2 2 2 2 2 2 2 2 2 2 2 2 2 2 2 2 2 2 2 2 2 2
left_child=-1 2 -2 8 10 6 17 -7 16 -5 21 12 13 -10 15 26 25 -6 -19 23 -12 24 -23 -16 27 -4 -15 -3
right_child=1 4 3 9 5 7 -8 -9 11 -11 20 -13 -14 14 19 -17 -18 18 -20 -21 -22 22 -24 -25 -26 -27 -28 -29
leaf_value=0.066072498402413943 -0.056104637058204933 -0.012417874588590318 -0.044699180406326783 0.030652436708120373 -0.037935083035138151 -0.061905404567678027 0.067912558769450487 0.027094176732574332 0.069901913193455942 -0.062636698702585522 0.035553067368504249 -0.0075281365718784382 -7.214092883303418e-06 0 0.030202871697742991 0.014840143612481087 0.023195421729637393 0.041249807221773155 -0.0075629205617516867 0.070003726246642473 -0.0084757020109658913 0.044903950394201017 -0.059258828138118627 0 -0.068018356179144757 0 -0.055613795394443714 0
leaf_weight=107.46062488853931 40.063836000859737 8.3224789947271365 27.310337066650391 11.446591272950171 21.147666849195957 85.001217529177666 49.719279639422894 13.942317396402357 119.45015046000481 55.964086189866066 12.471984356641771 15.092941388487814 12.072988674044607 10.321595221757887 21.155897743999958 20.720317453145981 22.118988171219826 24.069543264806271 11.12883301079273 56.590531170368195 11.396979257464407 18.392385393381119 49.551118761301041 15.100037284195421 123.46068229526281 11.017106398940085 23.569274909794331 9.947275832295416
leaf_count=682 363 65 155 45 125 750 213 55 624 504 50 64 48 40 69 71 81 96 79 291 60 78 469 74 960 47 131 60
internal_value=0 -0.0076718 0.0101301 0.0178378 -0.0274718 -0.00409681 0.0290761 -0.0442614 0.0302602 -0.0393793 -0.0456964 0.0393808 0.0436748 0.0474235 0.0251681 -0.0146304 -0.00624887 0 0.0134961 0.0534179 0 -0.0527817 -0.0236367 0.0123144 -0.0627809 -0.0354456 -0.0457232 -0.000270794
internal_weight=1008.01 900.546 461.995 421.931 438.552 205.009 106.065 98.9435 354.52 67.4107 233.543 294.074 278.981 266.908 147.458 54.6112 60.4464 56.346 35.1984 92.8465 23.869 209.674 67.9435 36.2559 141.73 38.3274 33.8909 18.2698
internal_count=6349 5667 2607 2244 3060 1318 513 805 1695 549 1742 1412 1348 1300 676 242 283 300 175 434 110 1632 547 143 1085 202 171 125
is_linear=0
shrinkage=0.1


Tree=51
num_leaves=24
num_cat=0
split_feature=31 60 64 60 60 26 52 43 31 31 74 76 31 67 24 31 31 59 43 31 72 74 65
split_gain=57.5344 34.1345 31.5176 27.9154 22.9272 14.5896 12.9122 17.7468 17.3803 12.4469 12.0021 10.0131 9.23228 6.3874 5.69039 5.51406 4.53729 5.99945 5.3701 6.49082 2.36974 2.5404 2.19082
threshold=27.550000190734867 7.2666320800781259 69.209167480468764 43.421203613281257 211.34890747070315 61.500000000000007 -45.648071289062493 -93.536407470703111 47.250000000000007 44.149999618530281 -100.49999999999999 117.82565307617189 32.549999237060554 -1.6472778320312498 151.50000000000003 42.850000381469734 40.850000381469734 -7.2857055664062491 22.816192626953129 45.750000000000007 172.6208190917969 -52.499999999999993 33.500000000000007
decision_type=2 2 2 2 2 2 2 2 2 2 2 2 2 2 2 2 2 2 2 2 2 2 2
left_child=-1 6 14 10 5 9 7 -2 -8 12 -4 -7 -5 -10 16 -13 17 -3 19 -18 21 -11 -22
right_child=1 2 3 4 -6 11 8 -9 13 20 -12 15 -14 -15 -16 -17 18 -19 -20 -21 22 -23 -24
leaf_value=-0.06599402740531865 -0.04678609073749336 0 0.017459965231956514 0 -0.053266863035785372 -0.046437579082663966 -0.065406860463516223 0.057739369368242283 -0.020901964871022242 0 -0.067556480462721932 0 0.075681535603661643 0.05705513208286659 0 0.060228597012020393 -0.039018656795095349 0.070975479900691543 0.050752449876387308 0.036468734934029232 0.044831436842037928 -0.040274277890500601 0
leaf_weight=115.79846537485719 25.022302385419607 21.193047009408474 9.9884490817785245 10.493155896663664 32.887106791138649 32.751144982874393 99.378444164991379 33.24662971124053 10.71597044914961 11.552710376679899 67.105051059275866 13.27566661685705 97.000008523464203 16.551604926586151 10.37655249238014 19.681936427950859 22.634392395615578 140.37751471996307 27.329717829823494 17.739481903612614 17.858834579586986 16.268115974962711 7.1655649356544009
leaf_count=1380 306 97 33 88 296 298 870 159 154 56 496 64 501 57 49 82 98 749 137 73 103 125 78
internal_value=-0.000574818 0.00892964 0.0213986 0.000119871 0.0172954 0.0301245 -0.0270913 0.00483062 -0.0453313 0.0465444 -0.0502812 -0.00309168 0.0658841 0.010956 0.0489453 0.0265752 0.0524267 0.0634079 0.0180677 0 0 -0.0127086 0.0261919
internal_weight=876.392 760.593 575.678 336.028 258.934 226.047 184.915 58.2689 126.646 160.338 77.0935 65.7087 107.493 27.2676 239.651 32.9576 229.274 161.571 67.7036 40.3739 52.8452 27.8208 25.0244
internal_count=6349 4969 3423 2220 1691 1395 1546 465 1081 951 529 444 589 211 1203 146 1154 846 308 171 362 181 181
is_linear=0
shrinkage=0.1


Tree=52
num_leaves=36
num_cat=0
split_feature=31 36 33 39 39 36 33 36 33 40 39 39 34 64 36 0 37 22 54 18 34 31 60 22 44 31 46 39 14 61 24 16 9 41 67
split_gain=57.2435 41.5278 23.1281 12.4601 11.999 7.47966 6.48578 5.94497 6.1049 4.21157 10.0357 4.18962 3.90559 3.73161 3.51831 3.49562 4.9773 2.11958 1.93216 1.90722 1.87002 1.63126 1.71701 1.45507 1.06457 1.43645 1.03726 0.873941 0.783351 0.680735 0.558594 0.525515 0.395214 0.185161 0.0718928
threshold=44.850000381469734 1.4334698319435122 1.0261451601982119 0.46592245995998388 0.81951597332954418 1.0624266266822817 1.3466269969940188 1.1904628276824953 0.75314569473266613 1.368863642215729 0.58910065889358532 0.48937118053436285 2.5753270387649541 83.523803710937514 1.7716801762580874 -58.205894470214837 0.71437153220176708 -48.499999999999993 -107.49999999999999 33.500000000000007 2.6430593729019169 43.049999237060554 -11.446136474609373 -51.499999999999993 -22.143890380859371 36.149999618530281 71.520874023437514 0.50811782479286205 3.5000000000000004 -97.499999999999986 -64.499999999999986 -18.499999999999996 -28.499999999999996 -52.790527343749993 1.0758056640625002
decision_type=2 2 2 2 2 2 2 2 2 2 2 2 2 2 2 2 2 2 2 2 2 2 2 2 2 2 2 2 2 2 2 2 2 2 2
left_child=1 2 7 15 9 19 20 8 18 32 21 -10 23 34 24 -3 26 -16 -1 -2 29 22 -11 -9 -8 -26 -17 -24 -20 -5 -18 -19 -4 -12 -6
right_child=5 3 4 6 13 -7 14 12 11 10 33 -13 -14 -15 17 16 30 31 28 -21 -22 -23 27 -25 25 -27 -28 -29 -30 -31 -32 -33 -34 -35 -36
leaf_value=0 -0.028728541483176585 0.036622096488451474 0 0 0 -0.067905142699192206 0 0 0.047559921902471214 0 0 0 0 0.02579905354305383 0 0 0 0 -0.038170735940041722 0.024361842705401326 0 0 0.057650028159541081 -0.050949021886888823 0.040500440695239733 0 0.035736180251949211 0 0 -0.062073565792079205 -0.040363048668409472 -0.0459228505874828 0.061928479866647762 -0.027669739133266757 -0.036704072861453267
leaf_weight=21.877132512629032 11.539499629288914 26.15356008708477 10.369676694273947 8.3466738164424878 8.5819001570343989 116.13473555073142 9.5759840682148916 9.5870742052793485 47.511854112148285 10.713570378720759 10.148298233747484 17.206086255609989 12.613471455872057 15.424040317535399 7.2602845206856719 14.984694592654707 7.8181858360767391 6.4572959616780272 18.731318019330505 10.342658050358294 12.642127782106398 11.147989481687544 58.832264646887779 35.911497592926025 14.63417434692383 9.7891519293189031 15.3981776535511 10.918420553207396 9.6362113803625089 79.651880506426096 23.990461103618145 26.417971946299076 189.37770093232393 13.458713613450525 17.021784208714962
leaf_count=105 80 138 54 63 50 1204 72 54 230 59 59 94 70 56 36 67 47 47 128 37 118 45 342 240 68 74 71 50 47 844 204 260 1026 79 131
internal_value=0.000349496 0.0112605 0.0277545 -0.0200398 0.0422803 -0.0579645 -0.0358636 0 0.010764 0.048957 0.0246088 0.0325258 -0.027526 0 -0.00521765 0.00607231 -0.000194728 -0.0284085 -0.00831292 0 -0.0531108 0.0414202 0.0462956 -0.0421013 0.00898098 0.0225007 0.0194172 0.0519566 -0.0273158 -0.0584985 -0.0330696 -0.0396729 0.0601569 -0.0198925 -0.0301449
internal_weight=930.207 792.19 529.069 263.121 355.994 138.017 174.776 173.075 114.963 314.967 115.219 64.7179 58.112 41.0277 74.1349 88.3451 62.1915 40.1356 50.2447 21.8822 100.641 91.6122 80.4643 45.4986 33.9993 24.4233 30.3829 69.7507 28.3675 87.9986 31.8086 32.8753 199.747 23.607 25.6037
internal_count=6349 5028 2919 2109 1951 1321 1582 968 604 1714 634 324 364 237 557 527 389 343 280 117 1025 496 451 294 214 142 138 392 175 907 251 307 1080 138 181
is_linear=0
shrinkage=0.1


Tree=53
num_leaves=31
num_cat=0
split_feature=30 34 41 43 68 56 52 30 56 62 68 74 21 24 47 24 71 38 63 30 60 47 59 59 24 34 1 57 39 47
split_gain=46.0012 27.8441 19.6942 27.2709 14.6978 24.1885 13.7352 18.4371 17.1075 16.9304 13.3667 12.5417 8.95652 8.3782 4.70303 3.30255 3.2685 3.22335 3.2619 1.47399 16.0056 1.27422 1.04695 1.02603 0.912736 0.507086 0.455878 0.1789 0.174939 0.134052
threshold=36.149999618530281 1.3729907870292666 -126.66491699218749 -16.906585693359371 55.747589111328132 140.53942871093753 9.0487365722656268 38.95000076293946 209.57446289062503 -1.0000000180025095e-35 310.71847534179693 -2.4999999999999996 42.500000000000007 -153.49999999999997 139.58929443359378 -53.499999999999993 98.409179687500014 0.78775718808174144 -88.676849365234361 42.049999237060554 7.2666320800781259 -56.790130615234368 30.209167480468754 -6.2894592285156241 23.500000000000004 1.8638085722923281 -23.685787200927731 -2.4999999999999996 0.72270750999450695 -97.023071289062486
decision_type=2 2 2 2 2 2 2 2 2 2 2 2 2 2 2 2 2 2 2 2 2 2 2 2 2 2 2 2 2 2
left_child=-1 2 28 13 12 11 23 24 9 22 -7 15 19 -4 -11 -6 -17 18 -15 21 -21 29 -9 -5 -8 -14 -25 -13 -2 -3
right_child=1 4 3 6 5 10 7 8 -10 14 -12 27 25 17 -16 16 -18 -19 -20 20 -22 -23 -24 26 -26 -27 -28 -29 -30 -31
leaf_value=0.064170033565772569 -0.056719516813405646 -0.011271598820285524 0 0 -0.035172693633279788 -0.060246172210480557 0.06261436310967787 0 -0.059535184668478972 0 0.024577160562369235 0 0.018466668783533226 0 0.064224020890976175 0.038138470043394622 -0.0049598706748905297 0 0.068557114469690775 0.041701860937859818 -0.057342068753865584 -0.066770577689516414 -0.050959324812710663 0 0 0 -0.057740701233650063 0.074330740980263141 0 0
leaf_weight=98.058681055903435 34.64236207306385 8.1478967145085353 16.370535209774971 9.1905497387051565 19.95911880582571 77.776017643511295 48.59620825946331 9.3320526182651538 44.656706757843494 14.15548577159643 13.550114989280699 12.712098829448221 12.466421119868757 8.0947249159216863 42.225989118218422 23.533160835504532 10.595115691423414 11.673982948064802 112.29531524330378 17.501869827508926 45.021585665643215 113.65921518951654 19.739322252571583 7.5799880847334853 12.195795617997645 10.941366910934446 38.295374110341072 34.563939675688744 6.1155646145343772 9.8654669448733312
leaf_count=682 333 65 61 36 125 750 198 49 432 79 55 79 48 49 233 96 79 45 618 78 469 960 116 33 64 62 223 134 38 60
internal_value=0 -0.00739211 0.00940596 0.0172609 -0.0263276 -0.00331451 -0.0013809 0.00936565 -0.00890467 0.0129708 -0.042209 0.0272477 -0.0442554 0.0508782 0.048285 0 0.0121135 0.0593869 0.0642231 -0.051452 -0.0216733 -0.0613538 -0.0386558 -0.0458608 0.0549501 0 -0.0521163 0.0638379 -0.0521607 0
internal_weight=943.512 845.453 435.16 394.402 410.293 192.69 245.967 190.902 130.11 85.4528 91.3261 101.363 217.604 148.435 56.3815 54.0874 34.1283 132.064 120.39 194.196 62.5235 131.673 29.0714 55.0659 60.792 23.4078 45.8754 47.276 40.7579 18.0134
internal_count=6349 5667 2607 2236 3060 1318 1463 1171 909 477 805 513 1742 773 312 300 175 712 667 1632 547 1085 165 292 262 110 256 213 371 125
is_linear=0
shrinkage=0.1


Tree=54
num_leaves=21
num_cat=0
split_feature=31 60 64 60 30 31 26 64 30 51 43 31 74 75 47 59 30 31 70 0
split_gain=51.0403 29.7103 27.6938 24.1839 27.3059 22.5509 14.0694 12.9575 12.8704 11.3441 15.5825 15.2654 11.2518 10.0413 7.04875 6.23394 5.87676 5.651 3.38179 0.134973
threshold=27.550000190734867 7.2666320800781259 69.209167480468764 43.421203613281257 37.850000381469734 36.350000381469734 100.50000000000001 89.598846435546889 38.95000076293946 -47.124954223632805 -93.536407470703111 46.750000000000007 -100.49999999999999 163.47085571289065 109.64831542968751 -7.2857055664062491 36.250000000000007 45.350000381469734 -1.0000000180025095e-35 425.14208984375006
decision_type=2 2 2 2 2 2 2 2 2 2 2 2 2 2 2 2 2 2 2 2
left_child=-1 9 8 12 13 7 -7 -6 17 10 -2 -11 -4 -5 15 -10 -13 18 -3 -8
right_child=1 2 3 4 5 6 19 -9 14 11 -12 16 -14 -15 -16 -17 -18 -19 -20 -21
leaf_value=-0.065057525517386736 -0.044783524860813606 -0.0527405368925742 0.016079675727087694 -0.058625239927958255 0.041970525270584001 0.075241099894259894 0 -0.054629829278020452 0 -0.063953959868733271 0.056070166467852234 -0.022187668786239411 -0.066016180570910535 0.017390715356267544 0 0.072887965877746499 0.053855264615002243 0.036819257579390419 0 -0.0098947752624162066
leaf_weight=105.64247466623783 23.37092100828886 16.712461590766907 9.9197249859571439 49.812958549708128 16.390714034438133 106.17409013956785 14.483701802790167 32.602749858051538 21.027281366288662 91.141679227352142 31.038241527974606 11.149329822510483 62.815151005983353 12.358973190188406 9.6978518739342672 142.49335245788097 16.085155636072159 25.00479981303215 12.368952713906767 11.382522523403166
leaf_count=1380 312 74 33 476 78 593 66 367 97 848 154 174 496 51 52 810 58 111 59 60
internal_value=-0.000438384 0.00861004 0.0205896 0 0.0165088 0.0373926 0.0593763 -0.0124793 0.0470385 -0.0260677 0.0042003 -0.0437787 -0.0482463 -0.0359624 0.0602236 0.0652969 0.00718061 0 -0.0247933 0
internal_weight=821.673 716.031 543.245 315.941 243.206 181.034 132.04 48.9935 227.305 172.785 54.4092 118.376 72.7349 62.1719 173.218 163.521 27.2345 54.0862 29.0814 25.8662
internal_count=6349 4969 3423 2220 1691 1164 719 445 1203 1546 466 1080 529 527 959 907 232 244 133 126
is_linear=0
shrinkage=0.1


Tree=55
num_leaves=32
num_cat=0
split_feature=31 36 33 39 63 42 36 40 33 39 76 63 56 42 51 48 64 36 67 64 60 31 18 26 3 34 54 44 31 61 59
split_gain=49.8256 34.7824 20.0191 10.7557 10.3393 24.0245 6.91803 6.13416 5.89157 4.34808 3.7465 8.42595 6.03572 3.67979 3.65372 3.0278 2.95738 2.86254 2.65916 2.51851 3.56601 3.0445 2.30585 1.94554 1.77699 1.7215 1.71138 0.90213 1.17725 0.596383 0.32375
threshold=44.850000381469734 1.4334698319435122 1.008553206920624 0.46592245995998388 119.04571533203126 -67.746582031249986 1.0624266266822817 1.3486348986625674 1.3466269969940188 0.73429766297340404 58.016326904296882 45.351104736328132 211.07696533203128 -66.165985107421861 9.2070922851562518 -30.742675781249996 95.693023681640639 1.7716801762580874 21.550201416015629 58.895385742187507 32.496826171875007 40.049999237060554 -66.499999999999986 57.500000000000007 -44.532047271728509 2.6430593729019169 -168.49999999999997 -22.143890380859371 36.149999618530281 -97.499999999999986 13.277496337890627
decision_type=2 2 2 2 2 2 2 2 2 2 2 2 2 2 2 2 2 2 2 2 2 2 2 2 2 2 2 2 2 2 2
left_child=1 2 10 14 5 9 23 19 25 -4 11 13 -12 -1 15 -3 -13 27 24 21 -21 -7 -16 -2 -9 29 -19 -10 -29 -5 -17
right_child=6 3 4 8 -6 7 -8 18 17 -11 12 16 -14 -15 22 30 -18 26 -20 20 -22 -23 -24 -25 -26 -27 -28 28 -30 -31 -32
leaf_value=0.0030259459320579889 -0.028500767918676836 0 0.064750333195046472 0 0.065806398418098086 -0.03376947855169584 -0.06679268506078731 -0.032536212057693706 0 0 -0.04755093615930836 0 0.0098761546957973397 -0.03605641081576242 0 0.049746152131247084 0.056859047924514489 0 -0.054875208865498015 0.05661837322326007 0 0.02039542981439307 -0.033127022862476145 0.025976683800410957 0.0089143283999165001 0 -0.040593055348940782 0.037277343231942164 0 -0.060584553685565048 0
leaf_weight=16.421078488230705 11.58979842439294 13.306027464568613 95.981491528451443 8.2269724756479246 117.11129336059093 17.987243197858334 105.84219702333212 12.76036784052849 9.3502241894602758 10.084279775619505 38.88047743216157 15.7303409576416 11.384144775569437 35.394385635852814 10.450182717293499 25.193812780082226 30.047289527952671 13.195746771991251 23.240742690861225 20.117281593382359 21.731403604149818 14.886190287768839 22.65386064723134 9.5839780494570714 19.20977571606636 12.159743431955574 24.781162016093731 14.114386022090914 9.5399585738778097 72.329218953847885 12.293702892959116
leaf_count=89 84 93 569 63 734 122 1204 83 72 55 267 95 60 220 57 122 129 86 135 86 107 69 195 33 99 118 257 68 74 844 60
internal_value=0.000192503 0.0106112 0.0261354 -0.0188201 0.0391018 0.0232976 -0.0565405 -0.00219304 -0.0341248 0.0583264 -0.00175179 0.00599346 -0.0255323 -0.0151922 0.00557336 0.025569 0.0395429 -0.00406829 -0.0296442 0.0121299 0.0287326 0 -0.0111813 0 0 -0.0513821 -0.0261821 0.00780913 0.020714 -0.0568736 0.040384
internal_weight=875.579 748.563 500.968 247.595 353.11 235.999 127.016 129.933 163.697 106.066 147.858 97.5931 50.2646 51.8155 83.8976 50.7935 45.7776 70.9815 55.2109 74.7221 41.8487 32.8734 33.104 21.1738 31.9701 92.7159 37.9769 33.0046 23.6543 80.5562 37.4875
internal_count=6349 5028 2919 2109 2059 1325 1321 701 1582 624 860 533 327 309 527 275 224 557 317 384 193 191 252 117 182 1025 343 214 142 907 182
is_linear=0
shrinkage=0.1


Tree=56
num_leaves=26
num_cat=0
split_feature=30 34 42 43 31 68 56 51 56 68 74 21 69 30 25 74 34 63 45 38 30 60 52 44 37
split_gain=39.9143 23.7854 16.5044 23.1048 14.2408 13.3257 20.5041 12.6064 15.372 12.1419 11.0859 8.34018 8.18453 5.99563 4.12625 3.85202 4.28995 2.90636 4.80104 2.37384 1.3782 14.0354 1.06366 0.675855 0.16402
threshold=36.149999618530281 1.3729907870292666 -117.39352416992186 -17.590118408203121 1.4499999880790713 55.747589111328132 140.53942871093753 14.603668212890627 220.57812500000003 310.71847534179693 -2.4999999999999996 42.500000000000007 -296.49999999999994 38.049999237060554 -349.49999999999994 -53.499999999999993 -0.16092515736818311 70.914093017578139 25.888427734375004 0.78775718808174144 42.049999237060554 7.2666320800781259 -53.48832702636718 24.928100585937504 0.74951115250587474
decision_type=2 2 2 2 2 2 2 2 2 2 2 2 2 2 2 2 2 2 2 2 2 2 2 2 2
left_child=-1 2 24 4 -4 11 10 12 15 -8 17 20 -5 -10 -6 -9 -17 18 22 -16 -3 -22 -7 -13 -2
right_child=1 5 3 7 14 6 9 8 13 -11 -12 23 -14 -15 19 16 -18 -19 -20 -21 21 -23 -24 -25 -26
leaf_value=0.062430058873897201 0 -0.059971415103110465 -0.034945783082834796 0.012229458407612789 0 0 -0.058626767870032181 0 0.0065320451775213763 0.022571159912960759 0.061065625264939583 0.022078487456470241 -0.049808850474701433 -0.05376535450347996 0.068751195887390024 0 0.049424608208032933 -0.036353371804886257 0.057466550839585073 0 0.039123067809413659 -0.055542819542691038 -0.02717892540219255 0 -0.054298486980167454
leaf_weight=90.013093709945679 5.3658240512013426 122.77634730190039 10.084190279245375 13.54425075650215 10.295890852808951 10.201386660337446 71.387081921100616 13.517876401543615 7.4786761403083792 13.199943751096724 45.012798465788364 11.461484767496588 68.639615423977375 33.24543310329318 108.13666999340057 9.7886701971292478 88.126278877258301 16.855762124061584 13.203779481351374 10.876051247119902 16.779964171350002 41.117735397070646 12.105203039944174 11.582564033567904 31.458089299499989
leaf_count=682 38 1085 39 70 38 51 750 73 31 55 213 47 379 371 642 68 478 119 42 44 78 469 88 63 336
internal_value=0 -0.00698347 0.00889649 0.0162672 0.0482663 -0.0250804 -0.00240903 -0.00102677 0.0138204 -0.0401392 0.0257099 -0.0427276 -0.0338273 -0.0317648 0.0589358 0.0350346 0.0421521 0 0.00975979 0.0640922 -0.0501098 -0.0196446 -0.00180796 0 -0.0500322
internal_weight=886.255 796.242 410.558 373.734 139.393 385.684 181.966 234.341 152.157 84.587 97.3789 203.718 82.1839 40.7241 129.309 111.433 97.9149 52.3661 35.5104 119.013 180.674 57.8977 22.3066 23.044 36.8239
internal_count=6349 5667 2607 2233 763 3060 1318 1470 1021 805 513 1742 449 402 724 619 546 300 181 686 1632 547 139 110 374
is_linear=0
shrinkage=0.1


Tree=57
num_leaves=26
num_cat=0
split_feature=31 60 64 60 60 26 74 31 50 74 68 31 60 64 76 63 31 46 31 18 61 72 74 65 64
split_gain=45.3365 26.1856 21.6646 21.2051 17.982 11.6056 10.4847 9.88883 9.82561 9.72187 8.47983 7.54605 7.51405 16.5274 7.28782 5.85844 4.36862 3.63371 3.03222 1.98282 1.40655 1.3083 1.85043 1.47872 0.643693
threshold=27.550000190734867 5.7810058593750009 70.400817871093764 43.421203613281257 211.34890747070315 61.500000000000007 -101.49999999999999 44.149999618530281 3.3923645019531254 -100.49999999999999 59.909576416015632 32.45000076293946 13.617523193359377 24.249176025390629 117.82565307617189 10.490264892578127 42.850000381469734 -105.58789062499999 38.549999237060554 78.500000000000014 -54.499999999999993 172.6208190917969 -52.499999999999993 33.500000000000007 38.330810546875007
decision_type=2 2 2 2 2 2 2 2 2 2 2 2 2 2 2 2 2 2 2 2 2 2 2 2 2
left_child=-1 6 10 9 5 7 18 11 17 -4 12 -5 13 -3 -7 -10 -16 -8 -2 -14 -12 22 -9 -23 -15
right_child=1 2 3 4 -6 14 8 21 15 -11 20 -13 19 24 16 -17 -18 -19 -20 -21 -22 23 -24 -25 -26
leaf_value=-0.064132966890299625 -0.0012755879964602679 0.060891613411587067 0.010443918000219751 0 -0.049895563497963785 -0.043314444806265645 0 0 0.050560994221302481 -0.065224354438908255 0 0.072152223406523913 0.064171284345525617 0 0 -0.031585857357374444 0.054479350249341654 -0.064708370535312407 0.038391415897042237 0 -0.03227920701336745 0.038236771281475124 -0.035072664589539948 0 -0.050817167929738172
leaf_weight=96.407880261540413 9.5308704674243945 31.034172214567661 9.0033376812934858 9.1150946021079999 28.722246710211039 28.095118559896946 9.5286162644624692 10.696418803185226 13.961999729275705 56.613277532160282 10.609770685434343 83.931241169571877 141.31008738279343 9.5446458980441111 12.412871509790422 14.383612170815466 17.671936333179474 79.820012591779232 22.04052072763443 10.566828571259974 11.095891140401362 15.234373785555364 14.333040058612822 6.1539726331830016 17.207659728825092
leaf_count=1380 81 153 30 85 296 297 64 55 53 484 53 498 830 46 64 113 82 1046 115 52 62 103 125 78 104
internal_value=-0.000287016 0.00834561 0.0194211 0 0.0157787 0.0282178 -0.0270001 0.0440359 -0.0417851 -0.0477508 0.0421309 0.0625957 0.0485444 0.00695468 -0.00198374 0 0.0221207 -0.0579335 0.0129811 0.0608883 0 0 -0.00871379 0.0215023 -0.0389386
internal_weight=769.025 672.618 523.352 291.983 226.366 197.644 149.266 139.464 117.694 65.6166 231.369 93.0463 209.663 57.7865 58.1799 28.3456 30.0848 89.3486 31.5714 151.877 21.7057 46.4178 25.0295 21.3883 26.7523
internal_count=6349 4969 3497 2197 1683 1387 1472 944 1276 514 1300 583 1185 303 443 166 146 1110 196 882 115 361 180 181 150
is_linear=0
shrinkage=0.1


Tree=58
num_leaves=31
num_cat=0
split_feature=39 54 34 56 41 74 56 34 76 51 40 25 42 39 39 29 75 37 37 66 35 50 56 6 64 52 66 24 41 18
split_gain=32.3226 18.8061 17.6853 20.0122 19.4938 16.8021 16.3803 9.29579 8.91113 8.50894 7.69647 5.38073 4.50248 3.94571 2.75458 2.18795 2.15167 1.56295 1.57438 1.45361 1.38376 1.372 1.0483 0.999535 0.633246 0.607465 0.428142 0.255254 0.189248 0.126766
threshold=0.53486958146095287 -161.49999999999997 1.6146001815795901 214.6813659667969 -120.00741577148436 -100.49999999999999 209.57446289062503 -0.80432194471359242 58.935211181640632 -99.692642211914048 1.2048930525779726 -274.49999999999994 -74.488708496093736 -0.24542788416147229 0.64173045754432689 -42.499999999999993 137.17277526855472 5.5467503070831308 -2.5334573984146114 -128.49999999999997 1.6472059488296511 -140.27972412109372 -45.715667724609368 46.500000000000007 39.247375488281257 -32.210052490234368 430.50000000000006 69.500000000000014 -125.02865600585936 151.50000000000003
decision_type=2 2 2 2 2 2 2 2 2 2 2 2 2 2 2 2 2 2 2 2 2 2 2 2 2 2 2 2 2 2
left_child=2 5 3 4 -1 9 12 -6 13 -2 -8 -11 21 -4 -13 -15 -12 18 -9 -16 -20 28 -14 29 -7 -17 -5 -10 -3 -24
right_child=1 6 8 26 7 24 10 17 27 11 16 14 22 15 19 25 -18 -19 20 -21 -22 -23 23 -25 -26 -27 -28 -29 -30 -31
leaf_value=0.051096280921069152 0.038697672987411717 0 0 0.048290342662276574 0.0065196346018510229 0 0.048130020797342153 0 -0.011188859123286186 0.0087940068344722899 0 0 0 0 -0.056630188866172375 0 -0.040061851796433762 0 -0.058392325672778127 0 0 0.012322218573714162 -0.057639257769603575 0 0.073663200459346767 0.0617713358590593 0 0 -0.029442784839959643 0
leaf_weight=25.79739847406745 16.553274065256119 4.2403876669704941 12.215042866766451 62.247744895517826 21.693663224577904 15.173792086541651 27.678095817565918 9.1564582213759405 17.985926531255249 9.0535575598478299 5.6710482686758068 10.364326637238262 8.6483474746346456 10.482584677636622 49.255769670009613 10.171867068856953 17.757753744721413 6.6061325222253791 89.128869976848364 8.841038338840006 6.0261052399873725 12.362872276455162 165.87677669525146 6.7142001166939727 28.750688768923283 129.66823403537273 7.3355313390493384 7.8531133420765391 13.020312227308752 6.6797943338751784
leaf_count=174 112 47 68 467 97 111 136 40 167 41 37 58 95 62 425 55 180 32 825 61 33 93 1720 48 111 729 56 52 175 42
internal_value=8.14183e-05 -0.0193187 0.0201819 0 -0.0182634 0.00785443 -0.0350011 -0.035997 0.0426739 -0.0120315 0.0081563 -0.0297361 -0.0473106 0.0514452 -0.0417613 0.0558268 -0.0204858 -0.0485295 -0.0514525 -0.0499807 -0.0552921 0 -0.0531343 -0.0549122 0.0592647 0.0591619 0.0451093 0 -0.0241599 -0.0564641
internal_weight=823.011 406.642 416.369 227.992 158.409 137.992 268.65 132.611 188.377 94.068 51.1069 77.5147 217.543 162.538 68.4611 150.323 23.4288 110.918 104.311 58.0968 95.155 29.6236 187.919 179.271 43.9245 139.84 69.5833 25.839 17.2607 172.557
internal_count=6349 3492 2857 1724 1201 919 2573 1027 1133 697 353 585 2220 914 544 846 217 930 898 486 858 315 1905 1810 222 784 523 219 222 1762
is_linear=0
shrinkage=0.1


Tree=59
num_leaves=27
num_cat=0
split_feature=30 34 56 41 68 44 54 56 61 68 30 31 60 42 60 30 60 62 50 31 68 31 31 47 48 47
split_gain=34.4918 20.8875 20.6531 26.71 15.296 11.2307 19.6696 10.7418 11.5415 9.61954 9.15134 8.9946 8.61474 6.36481 6.22929 5.47519 14.0219 3.77688 14.1527 2.43513 1.70791 1.51238 1.12785 0.786102 1.37237 0.417332
threshold=36.149999618530281 1.625430762767792 214.6813659667969 -127.80523681640624 54.030639648437507 -18.926361083984371 -119.49999999999999 138.87222290039065 -34.499999999999993 23.532623291015629 37.049999237060554 1.5500000119209292 211.34890747070315 -116.64587402343749 -11.446136474609373 42.049999237060554 9.3675537109375018 -1.0000000180025095e-35 120.41436767578126 40.850000381469734 96.905670166015639 42.049999237060554 43.350000381469734 113.39715576171876 69.433135986328139 -65.711608886718736
decision_type=2 2 2 2 2 2 2 2 2 2 2 2 2 2 2 2 2 2 2 2 2 2 2 2 2 2
left_child=-1 2 3 -2 15 11 19 8 20 14 -4 -5 -9 -13 -8 25 -17 18 21 -7 -6 -11 -15 24 -19 -3
right_child=1 4 10 5 7 6 9 12 -10 17 -12 13 -14 22 -16 16 -18 23 -20 -21 -22 -23 -24 -25 -26 -27
leaf_value=0.060650466795730801 -0.055216464684412006 0 0.013276885543966581 -0.011372734686312599 -0.032753507323950597 -0.058267388539067648 0.033754556410387777 -0.055223668038296439 0.060593323293706675 0 -0.060938929861973613 0 0.015725760953871272 0.06889186269257612 -0.039949138172931296 0.046945714615233558 -0.053173293280176205 0.03216829602117189 -0.048154657291375469 0 0 0.068314153828028246 0 0.062220268084370145 0 -0.064372792894052733
leaf_weight=82.365335278213024 41.69706803932786 5.3576052188873282 8.8158026412129384 8.0205322057008726 16.771578166633848 31.659166447818279 10.492248259484766 46.176594838500023 39.515010036528111 13.163407705724238 56.613740317523479 8.5603438913822156 11.473903328180311 98.754548028111458 29.191708393394947 17.782016932964325 32.743896882981062 11.958520226180555 19.333092525601387 17.898296318948269 12.296271204948424 20.724736720323563 8.8673904389142972 65.137156795710325 13.29268032312393 102.71495291218162
leaf_count=682 431 41 39 32 123 179 42 492 184 74 679 59 53 622 183 79 420 50 136 76 73 71 50 407 103 969
internal_value=0 -0.00663688 0.00559779 0.0151047 -0.028134 0.0249726 0.00919616 0 0.0243188 0.0259758 -0.0437148 0.0500051 -0.0330095 0.058453 -0.00819076 -0.0486021 -0.00829589 0.0386989 0.00550807 -0.0419163 -0.0105331 0.0505705 0.0652769 0.0523966 0.00641479 -0.062491
internal_weight=831.378 749.012 464.18 398.751 284.832 357.054 232.851 126.233 68.5829 183.294 65.4295 124.203 57.6505 116.182 39.684 158.598 50.5259 143.61 53.2212 49.5575 29.0678 33.8881 107.622 90.3884 25.2512 108.073
internal_count=6349 5667 3233 2515 2434 2084 1321 925 380 1066 718 763 545 731 225 1509 499 841 281 255 196 145 672 560 153 1010
is_linear=0
shrinkage=0.1


Tree=60
num_leaves=31
num_cat=0
split_feature=31 30 39 36 28 43 44 31 74 30 31 34 37 18 56 30 51 69 44 51 4 68 44 39 28 63 0 31 71 68
split_gain=40.206 22.1028 17.4374 11.4894 6.64948 8.78353 6.46561 5.69589 7.14832 5.00974 4.86963 5.68291 6.17462 6.28837 3.40746 3.31422 2.96384 2.84785 1.60145 1.43571 1.09843 0.843093 0.983915 0.570624 0.364532 0.340783 0.337402 0.250476 0.148187 0.089237
threshold=27.550000190734867 36.250000000000007 0.65472313761711132 1.518203139305115 45.500000000000007 -8.2990112304687482 6.3010253906250009 34.45000076293946 1.0000000180025095e-35 37.850000381469734 45.850000381469734 1.3130739331245425 2.994152426719666 151.50000000000003 73.679718017578139 37.850000381469734 -46.138366699218743 160.50000000000003 -7.0455932617187491 -42.444885253906243 -49.537298202514641 82.157653808593764 -10.048248291015623 1.4165595173835757 289.50000000000006 56.067810058593757 -91.456146240234361 35.95000076293946 64.517974853515639 96.905670166015639
decision_type=2 2 2 2 2 2 2 2 2 2 2 2 2 2 2 2 2 2 2 2 2 2 2 2 2 2 2 2 2 2
left_child=-1 24 3 4 5 16 19 14 9 29 11 21 13 23 -7 -8 -3 -17 -18 -5 -21 22 26 -13 -2 -6 -4 -24 -14 -9
right_child=1 2 10 6 25 7 15 8 -10 -11 -12 12 28 -15 -16 17 18 -19 -20 20 -22 -23 27 -25 -26 -27 -28 -29 -30 -31
leaf_value=-0.063214152072470692 -0.057355807848712026 0 0 0.0076836122769870664 0 0.0011866534282288295 0 0 -0.017828680999192624 0.055735562089509555 0.066549811071021939 0.053508346470974612 -0.0084417320906867658 0 -0.04104855844318879 0.056356624509654618 -0.056347549456654204 0 0 -0.036305154866980299 0 -0.023282434699363398 0.024223684316715045 0 0 -0.049988025755999616 -0.015859554323905459 0 0 -0.0093892138378820003
leaf_weight=88.266764579340816 43.300560761243105 12.753606311976908 5.0225978642702094 7.0352129489183453 5.9728130139410487 8.0716359615325945 8.465487062931059 9.6671231463551539 13.446735601872204 54.797657590359449 49.779039099812508 100.01896709948778 18.391111381351948 9.3645171821117383 23.385048232972622 58.982770096510649 35.543485578149557 7.8586380407214156 6.7896165512502185 16.417998906224973 5.6829913780093149 12.702255640178917 19.046539671719078 8.7847414985299093 3.5185469575226298 43.821405053138733 11.010900966823103 12.123526304960249 14.404899820685385 7.7191288396716109
leaf_count=1380 653 89 31 36 50 45 55 51 150 306 251 670 112 36 286 385 374 69 41 178 31 113 99 53 56 401 135 52 88 73
internal_value=-0.000299273 0.0079094 0.0139144 -8.29344e-05 -0.0143468 -0.00182096 0.0253595 0.0106623 0.0263556 0.0413604 0.0331169 0.0223027 0.0325921 0.0431658 -0.0166557 0.0414239 -0.0360779 0.0490341 -0.0483239 -0.000865699 -0.0237513 0 0.00221146 0.0508494 -0.0545937 -0.046342 0 0.0173289 0 0
internal_weight=722.146 633.88 587.06 326.411 221.968 172.174 104.443 117.087 85.6306 72.1839 260.649 210.87 150.964 118.168 31.4567 75.3069 55.0867 66.8414 42.3331 29.1362 22.101 59.9058 47.2036 108.804 46.8191 49.7942 16.0335 31.1701 32.796 17.3863
internal_count=6349 4969 4260 2620 1866 1415 754 911 580 430 1640 1389 959 759 331 509 504 454 415 245 209 430 317 723 709 451 166 151 200 124
is_linear=0
shrinkage=0.1


Tree=61
num_leaves=35
num_cat=0
split_feature=31 36 33 39 39 36 33 36 55 34 58 40 39 51 30 41 48 36 56 34 22 22 34 31 18 9 44 31 16 61 39 59 0 70
split_gain=40.4177 26.3554 15.6792 8.13091 7.86162 5.77559 5.11789 3.76765 4.37214 3.90242 3.11293 2.77216 6.66204 2.45225 2.45122 2.61092 2.23328 1.93486 1.57155 1.54372 1.50103 1.2976 1.13975 1.13736 0.845571 0.755193 0.678915 0.737669 0.625332 0.621436 0.479839 0.203571 0.128491 0.0230449
threshold=44.850000381469734 1.4334698319435122 1.0261451601982119 0.81951597332954418 0.46592245995998388 1.0624266266822817 1.3466269969940188 1.1270688176155093 97.430511474609389 2.418185949325562 16.500000000000004 1.368863642215729 0.58910065889358532 9.2070922851562518 38.149999618530281 -66.805603027343736 -30.742675781249996 1.7716801762580874 85.209716796875014 2.6430593729019169 -48.499999999999993 -49.499999999999993 0.65140730142593395 43.049999237060554 33.500000000000007 -29.499999999999996 -22.143890380859371 36.149999618530281 -19.499999999999996 -97.499999999999986 0.50811782479286205 13.277496337890627 -51.947303771972649 -8.4999999999999982
decision_type=2 2 2 2 2 2 2 2 2 2 2 2 2 2 2 2 2 2 2 2 2 2 2 2 2 2 2 2 2 2 2 2 2 2
left_child=1 2 7 11 13 24 19 8 14 22 -10 25 23 16 -1 -16 -3 26 -5 29 -19 -15 -9 30 -2 -4 -8 -28 -22 -6 -13 -18 -14 -11
right_child=5 4 3 18 6 -7 17 9 10 33 -12 12 32 21 15 -17 31 20 -20 -21 28 -23 -24 -25 -26 -27 27 -29 -30 -31 -32 -33 -34 -35
leaf_value=0.02872881775611141 -0.021889220090410538 0 0 -0.022178328687882994 0 -0.065079035292148493 0 0 0.055396475138367873 0.0044461278308436719 0 0.046071946110279843 0 0 0 -0.032872533441990474 0.043970536325467963 0 0.015349962456189005 0 0 -0.026666817823925798 -0.045721865519325555 0 0.014455827096739739 0.056322642965918539 0.032103114044035479 0 -0.040172472881781607 -0.058000879515185566 0 0 -0.021515382526366065 0
leaf_weight=10.121408365666865 10.027601800858976 11.963750444352625 8.5070281773805601 21.343543320894241 7.7116724960505953 90.485133212059736 8.5945545993745345 7.7065965682268134 25.451682649552822 9.254305377602579 9.6280096247792226 52.669837404042482 8.6277466081082839 10.569073319435121 8.3711077272891981 34.87591315433383 22.368547685444355 6.8052206113934508 14.721098020672796 10.853376079350708 5.3324364982545402 19.020425245165825 34.654085490852594 9.9057682752609235 9.5579802319407445 156.20629209280014 12.959486089646818 8.8282405473291856 21.801049139350653 60.902563318610191 12.868705049157141 11.404620718210934 11.864350099116562 8.1705688200891
leaf_count=44 80 93 48 178 63 1204 72 48 145 49 66 381 59 68 43 235 122 36 59 118 43 184 275 45 37 1032 68 74 264 844 70 60 79 63
internal_value=0.000170674 0.0101416 0.0245309 0.0377381 -0.0168508 -0.0546285 -0.0309739 0 0.0108168 -0.0208545 0.0380792 0.0439148 0.0200232 0.00402932 0 -0.0176213 0.0221063 -0.00132291 0 -0.0483405 -0.0221301 -0.0084026 -0.0384185 0.0359709 0 0.054457 0.00713112 0.0186967 -0.0333281 -0.0539564 0.0406197 0.0356038 -0.015243 0
internal_weight=774.134 664.063 444.948 296.714 219.115 110.071 143.789 148.234 88.4481 59.7856 35.0797 260.65 95.9364 75.3264 53.3684 43.247 45.7369 64.321 36.0646 79.4676 33.9387 29.5895 42.3607 75.4443 19.5856 164.713 30.3823 21.7877 27.1335 68.6142 65.5385 33.7732 20.4921 17.4249
internal_count=6349 5028 2919 1951 2109 1321 1582 968 533 435 211 1714 634 527 322 278 275 557 237 1025 343 252 323 496 117 1080 214 142 307 907 451 182 138 112
is_linear=0
shrinkage=0.1


Tree=62
num_leaves=29
num_cat=0
split_feature=30 34 56 41 68 44 54 30 56 61 68 31 68 60 30 60 64 70 50 68 3 31 48 48 3 58 55 66
split_gain=30.3255 17.5853 17.1989 23.3047 13.7412 10.0378 17.4153 9.701 8.96709 9.98977 8.7301 7.88466 7.83927 5.40438 5.07606 12.0496 4.29103 3.84851 14.7587 1.46985 1.42948 1.31613 0.997211 0.794461 0.34906 0.221558 0.0931743 0.0655868
threshold=36.149999618530281 1.625430762767792 211.07696533203128 -126.66491699218749 54.030639648437507 -18.926361083984371 -125.49999999999999 37.049999237060554 138.87222290039065 -34.499999999999993 23.532623291015629 1.5500000119209292 310.71847534179693 -11.446136474609373 42.049999237060554 9.3675537109375018 -70.498474121093736 -1.0000000180025095e-35 118.42382812500001 96.905670166015639 36.608934402465827 43.549999237060554 103.30050659179689 69.433135986328139 -62.966386795043938 -592.49999999999989 258.40408325195318 -67.499999999999986
decision_type=2 2 2 2 2 2 2 2 2 2 2 2 2 2 2 2 2 2 2 2 2 2 2 2 2 2 2 2
left_child=26 2 3 25 14 11 20 -4 9 19 13 -5 -10 -8 24 -16 -13 18 27 -6 -7 -18 23 -19 -3 -2 -1 -12
right_child=1 4 7 5 8 6 10 -9 12 -11 17 16 -14 -15 15 -17 21 22 -20 -21 -22 -23 -24 -25 -26 -27 -28 -29
leaf_value=0.061614544873875958 0 0 0.017512197801287144 -0.0058187469922817807 -0.030546659425480495 -0.052035824138357223 0.03008841161054562 -0.060017014852539588 -0.053467128254740537 0.057420060146178065 0.064611420422251806 0 0.014692692094197594 -0.0384237492613827 0.04418800854027001 -0.051195259246093541 0.066774411647428575 0.024053164791698702 -0.0476161089205367 0 0 0 0.061327290936722678 0 -0.062976946452287283 -0.054768606520857105 0 0
leaf_weight=69.991558715701103 5.7451561763882628 5.4084955230355254 9.6755379140377027 7.4562490582466117 16.0248017013073 33.600825052708387 10.057587556540964 53.370232585817575 43.018903624266386 37.854226361960173 20.823231287300587 7.1966270431876174 10.949898511171339 28.285411264747381 16.988810792565346 29.887183044105768 90.143450051546097 11.474418237805368 20.742954403162003 12.035413384437559 10.649199470877646 8.244269020855425 61.263909000903368 10.422885112464426 94.401675339788198 36.378734514117241 6.1458483338356009 12.064543370157478
leaf_count=631 56 44 46 31 123 185 42 689 496 184 75 51 49 185 79 420 611 51 155 73 51 48 409 84 966 397 51 67
internal_value=0 -0.00644506 0.00498342 0.0141358 -0.0268754 0.0240866 0.00864304 -0.0405453 0 0.022741 0.02461 0.0490781 -0.0310476 -0.00790412 -0.0471673 -0.00637261 0.0574633 0.0371669 0.00462674 -0.00905318 -0.0422286 0.0629566 0.0517974 0.00186407 -0.0610089 -0.0506243 0.0590544 0.0522391
internal_weight=780.302 704.165 437.595 374.549 266.569 332.426 219.385 63.0458 119.883 65.9144 175.135 113.041 53.9688 38.343 146.686 46.876 105.584 136.792 53.6307 28.0602 44.25 98.3877 83.1612 21.8973 99.8102 42.1239 76.1374 32.8878
internal_count=6349 5667 3233 2498 2434 2045 1304 735 925 380 1068 741 545 227 1509 499 710 841 297 196 236 659 544 135 1010 453 682 142
is_linear=0
shrinkage=0.1


Tree=63
num_leaves=23
num_cat=0
split_feature=30 60 64 60 30 30 30 24 52 44 68 50 63 56 59 66 27 53 64 51 0 29
split_gain=30.1969 19.7298 21.9331 17.635 16.2383 18.1931 14.2778 13.3769 8.80256 10.8161 8.386 8.30447 7.9302 7.77597 6.19611 5.19171 5.13262 2.40943 6.49251 1.83181 0.019289 0.140708
threshold=48.750000000000007 7.2666320800781259 76.229400634765639 43.421203613281257 37.750000000000007 41.649999618530281 38.95000076293946 93.500000000000014 -45.648071289062493 -89.778472900390611 70.007202148437514 -23.140594482421871 10.490264892578127 251.01660156250003 -7.2857055664062491 -104.49999999999999 112.50000000000001 -98.499999999999986 29.407806396484379 -39.788238525390618 432.36347961425787 132.50000000000003
decision_type=2 2 2 2 2 2 2 2 2 2 2 2 2 2 2 2 2 2 2 2 2 2
left_child=1 8 6 15 13 7 17 -6 9 -1 -7 -10 -13 -5 19 -4 -16 -3 -19 -8 21 -9
right_child=-2 2 3 4 5 10 14 20 11 -11 -12 12 -14 -15 16 -17 -18 18 -20 -21 -22 -23
leaf_value=-0.040319243575831755 -0.061575326604952678 0.028005856454913103 0 -0.058072781596923854 0.070478612714159922 0.027739996405951924 0.027273396591383156 0 -0.063649848566374984 0.049512900728545979 -0.05423970388687499 0.044138078309606969 -0.043124047800555509 0.012505451877416985 0.06718897374213495 -0.064158819190024668 0 0.021361124433820357 -0.04675610920951466 -0.025882211367625654 -0.0042326698619894092 0.010173722644145308
leaf_weight=19.282600790262222 71.045920863747597 14.635922096669672 6.0672315061092368 38.448982669040561 82.037447921931744 10.151889726519583 11.768656112253668 8.6792214848101192 61.514301236718893 27.45982450991869 29.131956312805414 16.578830733895302 20.354011040180922 8.7661828324198705 132.15543442219496 47.93373890966177 7.8703387081623069 12.098552346229551 29.176503907889128 9.20515578240156 8.3632981032133085 11.191014833748339
leaf_count=338 1184 67 20 459 565 52 67 76 840 160 404 66 175 49 889 492 44 62 165 66 53 56
internal_value=-0.00033924 0.00618854 0.0168001 -0.0015755 0.0104356 0.0283711 0.0400273 0.0503522 -0.0244432 0.00248379 -0.0211096 -0.0417638 0 -0.0352801 0.0549925 -0.0524702 0.0624863 0 -0.0156734 0 0 0
internal_weight=683.917 612.871 467.682 250.771 196.77 149.555 216.911 110.271 145.19 46.7424 39.2838 98.4471 36.9328 47.2152 161 54.001 140.026 55.911 41.2751 20.9738 28.2335 19.8702
internal_count=6349 5165 3586 2226 1714 1206 1360 750 1579 498 456 1081 241 508 1066 512 933 294 227 133 185 132
is_linear=0
shrinkage=0.1


Tree=64
num_leaves=26
num_cat=0
split_feature=31 36 56 42 30 54 45 61 30 43 58 36 66 62 39 42 39 60 56 31 55 59 54 26 42
split_gain=35.4061 22.248 12.2333 26.6014 20.938 10.9287 10.1581 7.20921 9.13275 7.11117 6.39562 5.2354 5.06664 4.32291 4.28308 3.78424 3.59164 2.87863 3.82498 2.40946 1.86825 1.69216 0.91993 0.904784 0.0865356
threshold=44.850000381469734 1.4334698319435122 129.69256591796878 -67.746582031249986 38.149999618530281 -129.49999999999997 182.4101257324219 -64.499999999999986 38.549999237060554 -21.552886962890621 105.50000000000001 1.0624266266822817 275.50000000000006 -69.499999999999986 0.66097888350486766 -66.165985107421861 -0.24542788416147229 30.055206298828129 69.137054443359389 41.850000381469734 45.525787353515632 -81.056396484374986 -10.499999999999998 57.500000000000007 -101.27395629882811
decision_type=2 2 2 2 2 2 2 2 2 2 2 2 2 2 2 2 2 2 2 2 2 2 2 2 2
left_child=1 2 3 14 22 17 -7 9 19 21 15 23 16 -11 -1 24 -4 18 -6 -9 -18 -3 -5 -2 -10
right_child=11 7 12 4 5 6 -8 8 10 13 -12 -13 -14 -15 -16 -17 20 -19 -20 -21 -22 -23 -24 -25 -26
leaf_value=0.060708154802812941 -0.022406405894281251 0 0 0 0 -0.065484702732283101 0.0081370456477028053 0.041201900565589193 -0.0077200372971543314 0.061674011369357518 0 -0.063998510366669217 0 0 0 -0.059446103539526424 0 -0.027267659272878234 0.055559619149398054 0 0.059035044556222341 -0.03620015327498588 0.057747485464972714 0.015573596196438534 0
leaf_weight=78.187676686793566 10.187833480536939 11.253017179667951 7.829498663544654 10.79123520106077 16.846158131957054 82.389176391065121 9.37035323679447 14.881604932248594 12.116292536258699 25.305489365011454 12.491340469568966 82.476217713207006 12.377288602292536 9.1965027563273889 19.317673344165087 85.070205766707659 7.3450467064976683 13.359507501125334 15.516414850950239 7.786166761070489 123.48812992498279 19.297514870762825 26.164957948029041 8.8381260186433774 10.528230410069225
leaf_count=560 84 84 49 53 109 653 67 91 142 123 101 1204 111 74 128 1158 35 100 59 63 863 165 132 33 108
internal_value=0.000108286 0.00963343 0.0232291 0.00818589 -0.0130706 -0.0331284 -0.05283 -0.015681 -0.0288884 0.00617387 -0.0411204 -0.0533101 0.046619 0.0410425 0.0504399 -0.0496336 0.0521842 0 0.022156 0.0144685 0.0561497 -0.018694 0.0467627 0 0
internal_weight=732.412 630.909 422.983 271.943 174.438 137.482 91.7595 207.926 142.874 65.0525 120.206 101.502 151.04 34.502 97.5054 107.715 138.663 45.7221 32.3626 22.6678 130.833 30.5505 36.9562 19.026 22.6445
internal_count=6349 5028 2919 1861 1173 988 720 2109 1663 446 1509 1321 1058 197 688 1408 947 268 168 154 898 249 185 117 250
is_linear=0
shrinkage=0.1


Tree=65
num_leaves=32
num_cat=0
split_feature=30 34 41 43 68 73 30 46 66 60 55 31 51 30 60 31 42 60 33 25 64 24 31 38 22 31 31 75 38 44 60
split_gain=25.7242 15.2777 14.7039 18.6118 12.5064 8.99747 13.9554 8.91185 8.39214 8.06916 7.60644 6.8121 6.62122 5.63808 10.2749 5.22668 4.71263 4.31108 3.8982 3.22135 2.96703 2.75263 2.70827 1.51834 1.21076 0.951836 0.760629 0.538596 1.14705 0.387772 0.289761
threshold=36.149999618530281 1.625430762767792 -127.80523681640624 -17.590118408203121 52.010223388671882 67.500000000000014 38.95000076293946 7.7597351074218759 296.50000000000006 7.2666320800781259 136.27258300781253 1.5500000119209292 18.263732910156254 42.049999237060554 9.3675537109375018 45.250000000000007 -116.64587402343749 211.34890747070315 0.91104826331138622 -349.49999999999994 170.68884277343753 18.500000000000004 44.750000000000007 0.72779858112335216 80.500000000000014 12.400000095367433 22.300000190734867 62.533843994140632 0.42963229119777685 -31.420745849609371 112.89202880859376
decision_type=2 2 2 2 2 2 2 2 2 2 2 2 2 2 2 2 2 2 2 2 2 2 2 2 2 2 2 2 2 2 2
left_child=30 2 -2 11 13 6 7 -5 9 -8 12 -4 17 29 -15 21 -13 -6 -12 -18 -7 -9 -21 -14 25 -11 -10 -17 -29 -3 -1
right_child=1 4 3 5 10 20 8 15 26 24 18 16 23 14 -16 27 19 -19 -20 22 -22 -23 -24 -25 -26 -27 -28 28 -30 -31 -32
leaf_value=0.061808540943955971 -0.051733058505746936 0 -0.0083627210792630875 -0.038188086330441885 -0.036225333400508916 0.053585723758276832 0.0056421543313826868 0.071681966748058143 0 0 0 0 0 0.042653929575238496 -0.04865298805031032 -0.013003032027780324 0 0.024146466993891138 -0.050102826812451408 0.063673999725100003 0 0 0 0.057442884799964317 0 -0.06250021018755765 0.026187982829361595 0.0304980507670864 0 -0.062629021719266473 0
leaf_weight=59.60167720168829 36.151406981050968 5.3116529621183863 7.673465594649314 15.984881810843943 23.684970695525408 28.399476617574692 8.7104589417576772 28.64042966067791 6.8518455438315895 5.6071766614913932 6.0561643391847602 8.0025220960378629 9.4745053052902204 16.572537824511528 26.545407149940729 12.111881025135515 9.4360722005367261 13.152365162968634 34.155621606856585 99.285606939345598 7.9459390081465235 11.673497423529623 8.0708431154489499 29.258535295724869 5.1158575341105452 84.530345566570759 10.638784378767012 13.080752342939379 6.8818944767117491 87.05261928960681 9.7201066985726339
leaf_count=599 431 45 32 85 187 202 40 114 75 64 39 59 66 79 403 54 38 62 445 699 81 65 46 148 39 886 66 74 83 960 83
internal_value=0 -0.00589916 0.00493975 0.0119083 -0.0255704 -0.00261967 -0.0124512 0.0138515 -0.0353802 -0.0472651 0 0.042047 0.0172762 -0.0459335 -0.00256724 0.0326479 0.0490369 -0.00222369 -0.0351966 0.054419 0.0389474 0.0555856 0.0592411 0.0465897 -0.0570605 -0.0597221 0.00820144 0 0.011449 -0.0605114 0.0571155
internal_weight=735.379 666.058 414.793 378.642 251.264 246.173 209.828 88.3733 121.454 103.964 115.782 132.469 75.5704 135.482 43.1179 72.3885 124.795 36.8373 40.2118 116.793 36.3454 40.3139 107.356 38.733 95.2534 90.1375 17.4906 32.0745 19.9626 92.3643 69.3218
internal_count=6349 5667 3233 2802 2434 1928 1645 475 1170 1029 947 874 463 1487 482 390 842 249 484 783 283 179 745 214 989 950 141 211 157 1005 682
is_linear=0
shrinkage=0.1


Tree=66
num_leaves=22
num_cat=0
split_feature=31 60 64 60 30 26 31 30 52 31 43 74 56 31 47 31 30 62 54 26 39
split_gain=31.552 17.5818 17.3683 14.6554 18.1739 13.9006 15.6646 9.37618 9.23255 11.866 9.3624 8.75179 6.58623 5.05425 5.0141 3.11504 2.66748 1.99442 1.74261 0.280694 0.190388
threshold=27.550000190734867 7.9487609863281259 69.209167480468764 43.421203613281257 37.850000381469734 59.500000000000007 32.350000381469734 38.95000076293946 -45.648071289062493 47.250000000000007 -93.536407470703111 -100.49999999999999 247.52563476562503 41.45000076293946 115.60839843750001 45.350000381469734 36.250000000000007 -10.499999999999998 -257.49999999999994 100.50000000000001 1.1670096516609194
decision_type=2 2 2 2 2 2 2 2 2 2 2 2 2 2 2 2 2 2 2 2 2
left_child=-1 8 7 11 12 6 -6 15 10 20 -2 -4 -5 19 18 17 -11 -3 -9 -7 -10
right_child=1 2 3 4 5 13 -8 14 9 16 -12 -13 -14 -15 -16 -17 -18 -19 -20 -21 -22
leaf_value=-0.061336133513437641 -0.03491696810033771 -0.043859966575548359 0.010354745200386444 -0.054060712873874484 -0.022503475005135453 0 0.069468379659229904 0 -0.062203249894319558 -3.0535373516838221e-06 0.049374781159059307 -0.061182483426857261 0.0045366561054140169 0.023777323203708026 0 0.02924506163880258 0.042099753970192944 0 0.063242382166735139 -0.046277707488156239 0
leaf_weight=74.050919815897942 16.635517168790102 14.232316568493843 9.3352219834923726 38.567676100879908 12.840848252177237 5.7346421070396927 91.232270933687687 8.8250274583697301 69.520988222211599 6.9447040930390385 27.413247849792242 49.444534070789814 10.729100473225115 11.632624641060827 7.9781212210655204 19.920072712004185 13.520535901188849 10.53003504127264 115.00079710036516 19.914628680795431 4.7861186787486067
leaf_count=1380 306 70 33 467 192 55 657 51 847 155 166 496 60 70 50 107 59 56 845 190 37
internal_value=-0.000350107 0.00702247 0.0177243 0 0.0141641 0.034014 0.0533403 0.0415099 -0.0221405 -0.0404853 0.0070013 -0.0419797 -0.0323628 -0.00774856 0.0547301 0 0.00822874 -0.021068 0.0598492 -0.040047 -0.0600251
internal_weight=638.79 564.739 425.918 249.432 190.652 141.355 104.073 176.486 138.821 94.7723 44.0488 58.7798 49.2968 37.2819 131.804 44.6824 20.4652 24.7624 123.826 25.6493 74.3071
internal_count=6349 4969 3399 2220 1691 1164 849 1179 1570 1098 472 529 527 315 946 233 214 126 896 245 884
is_linear=0
shrinkage=0.1


Tree=67
num_leaves=33
num_cat=0
split_feature=31 36 33 33 34 36 31 39 34 55 36 22 56 40 30 30 18 62 18 8 76 37 56 1 42 36 37 18 9 31 31 54
split_gain=31.5223 19.0985 11.2297 9.36214 11.2886 8.65244 5.57262 8.87338 4.91369 5.76317 4.75279 4.06874 2.75626 2.71029 2.69355 2.65645 1.97142 1.17549 0.915364 0.869649 0.830604 0.660199 0.594934 0.564069 0.537434 0.531015 0.540511 0.477821 0.352284 0.283287 0.239689 0.00285324
threshold=44.850000381469734 1.2561126947402956 0.90475705265998851 1.2179340720176699 2.418185949325562 1.5214778780937197 34.049999237060554 0.57081693410873424 0.62159880995750438 362.67285156250006 1.0624266266822817 -37.499999999999993 -41.193420410156243 1.3209550380706789 42.549999237060554 38.549999237060554 38.500000000000007 -138.49999999999997 -27.499999999999996 -8.4999999999999982 54.064483642578132 0.34368877112865454 93.199157714843764 -22.668137550354 118.03811645507814 1.8571513891220095 3.8787093162536626 33.500000000000007 -16.499999999999996 40.250000000000007 3.1499999761581425 -56.499999999999993
decision_type=2 2 2 2 2 2 2 2 2 2 2 2 2 2 2 2 2 2 2 2 2 2 2 2 2 2 2 2 2 2 2 2
left_child=1 2 20 4 8 13 21 18 -3 25 27 23 -13 19 -6 -9 17 -14 -8 -5 22 -4 29 -7 -22 26 30 -2 -20 -1 -10 -16
right_child=10 3 6 5 14 11 7 15 9 -11 -12 12 16 -15 31 -17 -18 -19 28 -21 24 -23 -24 -25 -26 -27 -28 -29 -30 -31 -32 -33
leaf_value=-0.012182926016388511 -0.018209485436742164 0 0 0 0.0369646063500947 0 0 0 0 0 -0.062994298311473462 0 0 0 0 -0.039172605448224956 0 -0.051682745204832785 0 0.05606836466970027 -0.027345870816103447 0.061006980973916061 0.020629226244502773 0.026518669968606398 0 0 0 0.0088151527901124214 0.045557331484299871 0 -0.059760373727017146 -0.0016674190369824874
leaf_weight=16.683021381497387 9.314882270991804 13.862660948187111 13.277437537908552 11.808877192437647 23.590063784271479 9.2619943805038947 9.5145309939980489 7.9061905816197422 4.7347982078790656 5.3321104645729056 75.70247408002615 10.12413891404867 14.903978761285542 16.588314656168222 5.7515543438494205 23.149742860347033 9.0788021720945817 33.615936610847712 8.3201740980148298 39.084343478083611 16.243699438869957 100.73801078274846 11.576523922383783 16.94255505874753 6.8615539744496337 5.0150875821709624 4.8369978368282309 9.0836855694651586 51.291113577783108 9.2968508303165418 86.320906646549702 7.8590456359088403
leaf_count=128 80 97 82 77 173 56 62 35 47 27 1204 95 132 130 28 185 79 441 44 234 137 852 56 114 44 44 34 37 350 42 1100 103
internal_value=0.000139178 0.00941411 0.0289387 -0.00601299 -0.0240892 0.00875485 0.039865 0.0148681 -0.0400989 -0.0475959 -0.0521463 -0.00680154 -0.0230257 0.0367967 0.0147201 -0.0194414 -0.0328481 -0.0407247 0.0371586 0.0477907 -0.0020453 0.0569269 0 0.016685 -0.0183292 -0.054223 -0.0560729 0 0.0417158 0 -0.0580063 0
internal_weight=687.672 593.571 274.859 318.712 157.303 161.409 214.197 100.182 120.103 106.24 94.101 93.9274 67.7229 67.4815 37.2007 31.0559 57.5987 48.5199 69.1258 50.8932 60.6616 114.015 37.5564 26.2045 23.1053 100.908 95.8927 18.3986 59.6113 25.9799 91.0557 13.6106
internal_count=6349 5028 2017 3011 1653 1358 1610 676 1349 1252 1321 917 747 441 304 220 652 573 456 311 407 934 226 170 181 1225 1181 117 394 170 1147 131
is_linear=0
shrinkage=0.1


Tree=68
num_leaves=31
num_cat=0
split_feature=30 34 56 42 68 54 44 30 30 55 61 30 60 31 34 33 59 34 60 45 51 74 31 30 44 47 59 37 56 4
split_gain=22.0486 13.4312 13.4387 17.0822 11.1512 8.52579 9.4118 7.02369 6.36225 6.21857 6.74221 5.15208 8.56199 5.01219 4.00136 3.49305 3.26915 6.92583 2.55144 2.43633 2.10187 1.07602 0.911987 0.780608 0.625225 0.58071 0.580367 0.527125 0.467347 0.381502
threshold=36.149999618530281 1.625430762767792 214.6813659667969 -117.39352416992186 52.010223388671882 -132.49999999999997 -14.317596435546873 37.049999237060554 36.549999237060554 136.27258300781253 -24.499999999999996 42.049999237060554 9.3675537109375018 1.5500000119209292 -1.4654294848442075 0.91104826331138622 28.608154296875004 1.1152716279029848 211.34890747070315 -55.143310546874993 14.603668212890627 -1.0000000180025095e-35 40.850000381469734 90.649997711181655 39.403656005859382 -68.358459472656236 79.498596191406264 0.71437153220176708 205.63479614257815 168.55750274658206
decision_type=2 2 2 2 2 2 2 2 2 2 2 2 2 2 2 2 2 2 2 2 2 2 2 2 2 2 2 2 2 2
left_child=28 2 3 27 11 6 13 -4 -7 10 18 25 -13 -5 -10 -11 -16 26 20 23 -6 24 -8 -15 -19 -3 -18 -2 -1 -23
right_child=1 4 7 5 9 8 22 -9 14 15 -12 12 -14 19 16 -17 17 21 -20 -21 -22 29 -24 -25 -26 -27 -28 -29 -30 -31
leaf_value=0.058226890840575307 0 0 0.0058504509198625708 -0.01790177562189953 -0.042641532837934509 -0.0097896355458946902 -0.05332331043823399 -0.057137370227151207 0 0 0.052532852141110822 0.039409890806046372 -0.046437084094881453 -0.0041135851747713557 0.061030281169826485 -0.048107709978813681 0 0 0.02143935208142507 0.05458034325461613 0 0 0 0.024479187064555232 -0.032325397521007909 -0.061403707712077531 0.053594860026976915 -0.052098262973759961 0 0.015344156943686092
leaf_weight=58.235231913626194 4.0051060169935218 4.7576141878962508 7.9363458827137938 9.2515418976545316 19.37455748394132 12.668456256389616 23.908690813928843 44.66325156763196 12.68298453837633 5.7998217642307273 28.780237957835197 15.726565733551977 24.262547239661217 13.283088479191067 85.802007369697094 31.507186632603407 11.018996357917784 6.0785219557583359 12.682892724871634 30.887158248573542 11.251738488674162 10.763958532363178 12.036391735076903 10.180522426962851 13.681608479470013 80.805693253874779 37.347558461129665 30.070140086114407 5.1318917050957671 14.670096207410095
leaf_count=635 32 39 39 42 167 75 152 679 107 39 152 79 403 98 571 445 68 28 62 185 82 85 56 71 150 966 275 409 47 111
internal_value=0 -0.00558134 0.00477018 0.0132214 -0.0247108 0.0219325 0 -0.0390268 0.0335242 0 0.0158165 -0.044768 -0.00098143 0.0207512 0.0389469 -0.0331165 0.0429283 0.0201901 0 0.0363061 -0.0237176 0 -0.0413897 0 -0.0218232 -0.0591649 0.0462025 -0.0476626 0.05527 0.00271244
internal_weight=689.252 625.885 390.936 338.337 234.949 304.262 99.5474 52.5996 204.714 109.396 72.0894 125.552 39.9891 63.6023 192.046 37.307 179.363 93.5607 43.3092 54.3508 30.6263 45.1942 35.9451 23.4636 19.7601 85.5633 48.3666 34.0752 63.3671 25.4341
internal_count=6349 5667 3233 2515 2434 2074 604 718 1470 947 463 1487 482 396 1395 484 1288 717 311 354 249 374 208 169 178 1005 343 441 682 196
is_linear=0
shrinkage=0.1


Tree=69
num_leaves=23
num_cat=0
split_feature=31 60 64 31 30 24 30 52 31 43 64 75 72 27 59 62 31 30 31 62 71 17
split_gain=27.92 15.2876 14.9548 13.4858 21.7303 12.6928 8.35191 7.43774 10.1991 7.65523 7.01355 6.74184 5.25269 4.69594 4.28929 3.62297 3.21912 2.13947 2.10137 1.57914 1.36799 0.157509
threshold=27.550000190734867 7.2666320800781259 66.697387695312514 36.350000381469734 37.649999618530281 76.500000000000014 38.95000076293946 -46.227661132812493 47.250000000000007 -93.536407470703111 89.598846435546889 169.56019592285159 122.21994018554689 112.50000000000001 -7.2857055664062491 44.500000000000007 42.049999237060554 36.250000000000007 45.350000381469734 -18.499999999999996 93.796722412109389 31.500000000000004
decision_type=2 2 2 2 2 2 2 2 2 2 2 2 2 2 2 2 2 2 2 2 2 2
left_child=-1 7 6 10 11 15 18 9 21 -2 12 -5 -4 14 -8 20 -7 -10 19 -3 -6 -9
right_child=1 2 3 4 5 16 13 8 17 -11 -12 -13 -14 -15 -16 -17 -18 -19 -20 -21 -22 -23
leaf_value=-0.06034721448362676 -0.032086472215219888 -0.040186263651335555 -0.039939289446028231 -0.056827829350817219 0 -0.03629683603300192 0 -0.060011809455034648 0 0.047867794501321843 -0.059318864121629102 0.0099838953942248294 0.041825820056612895 0 0.066789341686775708 0 0.014427419313754287 0.038400215950010433 0.024561951081529219 0 0.06664136345086312 0
leaf_weight=67.807759586721659 15.308984518051146 12.517005771398544 11.710858918726446 38.982775740325451 7.2548028007149687 19.245887827128172 17.364921659231186 63.734980003908277 6.5937197804451015 23.411734133958817 43.181958720088005 6.1007381379604331 14.752621233463286 7.0041122734546652 95.700697481632233 6.8694426566362372 15.491166476160286 12.556130364537237 18.664038106799126 10.434993661940098 81.268937692046165 4.3786682821810237
leaf_count=1380 305 63 57 518 38 140 95 843 158 143 599 33 84 44 771 86 113 57 105 56 621 40
internal_value=-0.000337861 0.00663863 0.0167478 0 0.0158447 0.0383395 0.0401301 -0.0219302 -0.0388433 0.00450348 -0.0353957 -0.0375851 0 0.0532877 0.058468 0.0573527 -0.00122357 0.00555132 0 -0.0180971 0.0627398 -0.0579263
internal_weight=600.337 532.529 406.545 244.859 175.214 130.13 161.686 125.984 87.2635 38.7207 69.6454 45.0835 26.4635 120.07 113.066 95.3932 34.7371 19.1499 41.616 22.952 88.5237 68.1136
internal_count=6349 4969 3423 2289 1549 998 1134 1546 1098 448 740 551 141 910 866 745 253 215 224 119 659 883
is_linear=0
shrinkage=0.1


Tree=70
num_leaves=30
num_cat=0
split_feature=31 36 33 53 30 58 55 41 36 51 76 64 62 31 36 34 41 31 42 34 48 53 26 45 60 18 63 8 54
split_gain=28.0326 16.0675 10.8431 5.66912 5.80646 5.70309 5.18697 15.6148 4.34172 4.20898 3.49684 4.24883 3.34052 3.30545 2.61774 3.03907 3.00948 2.10415 1.95194 1.39367 1.29922 0.753503 0.512414 0.420999 0.665732 0.336058 0.155654 0.031194 0.00180856
threshold=44.850000381469734 1.4334698319435122 1.0336170196533205 -90.499999999999986 38.549999237060554 105.50000000000001 128.4009704589844 -70.908264160156236 1.0624266266822817 -64.331710815429673 31.733245849609379 51.196655273437507 -109.49999999999999 39.45000076293946 1.1403318643569949 2.418185949325562 64.841217041015639 42.45000076293946 -66.165985107421861 0.59005457162857067 -66.919799804687486 -68.499999999999986 57.500000000000007 -29.384063720703121 35.401000976562507 -71.499999999999986 34.263122558593757 -15.499999999999998 -21.499999999999996
decision_type=2 2 2 2 2 2 2 2 2 2 2 2 2 2 2 2 2 2 2 2 2 2 2 2 2 2 2 2 2
left_child=1 2 14 9 17 18 7 27 22 -3 11 13 -11 -9 16 19 23 -5 20 -16 -6 -20 -2 -1 26 -23 -25 -4 -17
right_child=8 3 6 4 5 -7 -8 10 -10 12 -12 -13 -14 -15 15 28 -18 -19 21 -21 -22 25 -24 24 -26 -27 -28 -29 -30
leaf_value=0.0069112147478453817 -0.018569465254890543 -0.023170614280048248 0 0.036676479557648238 -0.025084908143509822 0 0.058819223959266358 -0.037903760264329706 -0.06199344816563266 0.051221914377805947 -0.037937245508019642 0.040617229106847223 0 0.0034596596395930928 0 0.0012822823483449389 0.036351141580481486 0 0 -0.042316344238978967 0.010845559509786733 0 0.0098265592964574353 -0.0041258964423235732 -0.023105397255710206 -0.058250789935462226 0.010520306942037174 0.053863234553200072 0
leaf_weight=16.002748195081949 9.4376320131123084 11.359985381364821 11.305891688913105 13.952316116541626 16.422886453568939 12.479996256530283 77.174866080284119 24.24480702355504 69.583994843065739 25.087781526148316 24.679200943559408 20.060221735388041 13.508146546781065 14.148767925798891 5.6996706947684279 8.5959488749504072 26.494378861039877 7.6612775810062876 8.1981641687452775 32.451752200722694 7.3371687009930602 3.466300092637538 8.3780884370207769 11.28140849620104 16.30597822368145 65.501951862126589 9.5556914545595628 70.672490417957306 7.2192271873354903
leaf_count=98 84 95 83 96 246 109 668 212 1204 142 167 120 105 80 36 52 202 66 82 300 45 36 33 91 137 1087 42 566 65
internal_value=0.000140839 0.00914389 0.0214822 -0.0133096 -0.024996 -0.0351355 0.0340088 0.0188562 -0.0509635 0.00876473 -0.00684676 0 0.0307323 -0.0115356 0 -0.0179125 0.00993056 0.00632099 -0.0439947 -0.0345739 0 -0.0525243 0 0 -0.00917745 -0.0564028 0 0.0500882 0
internal_weight=648.269 560.869 375.893 184.976 135.02 113.406 242.286 165.111 87.3997 49.9559 83.133 58.4538 38.5959 38.3936 133.607 53.9666 79.6402 21.6136 100.926 38.1514 23.7601 77.1664 17.8157 53.1458 37.1431 68.9683 20.8371 81.9784 15.8152
internal_count=6349 5028 2919 2109 1767 1605 1896 1228 1321 342 579 412 247 292 1023 453 570 162 1496 336 291 1205 117 368 270 1123 133 649 117
is_linear=0
shrinkage=0.1


Tree=71
num_leaves=26
num_cat=0
split_feature=30 56 68 27 60 41 68 74 63 30 2 31 64 76 59 47 64 68 33 39 39 31 75 44 48
split_gain=19.1357 10.7999 17.1036 12.8562 10.1122 18.1376 13.1214 8.60614 8.52872 7.43412 7.1604 5.28605 4.48048 12.7725 8.2789 6.00889 4.14549 2.97924 2.02745 2.20638 1.82669 1.63328 1.23383 0.755597 0.461004
threshold=36.149999618530281 211.07696533203128 306.13510131835943 74.500000000000014 -12.675872802734373 -119.07879638671874 68.825958251953139 -1.0000000180025095e-35 79.448120117187514 36.850000381469734 -35.806390762329094 27.550000190734867 54.315917968750007 20.375396728515629 16.548217773437504 -56.790130615234368 133.53973388671878 88.178253173828139 1.226344168186188 0.4815696924924851 0.71693655848503124 46.649999618530281 -60.630676269531243 -38.845001220703118 13.077301025390627
decision_type=2 2 2 2 2 2 2 2 2 2 2 2 2 2 2 2 2 2 2 2 2 2 2 2 2
left_child=21 2 3 4 5 20 11 8 10 -3 22 -6 13 15 24 23 -9 -12 19 -5 -2 -1 -8 -13 -15
right_child=1 9 -4 18 6 -7 7 16 -10 -11 17 12 -14 14 -16 -17 -18 -19 -20 -21 -22 -23 -24 -25 -26
leaf_value=0 -0.042176317015839904 0 0.060481098822485049 0 0.0069632984519493726 0.058317986463056616 0 0.055703238091256581 -0.052181847116195258 -0.059372101671724908 0 -0.014881398629688389 -0.063391349096993163 0 -0.030118160371521475 -0.058410566005616907 0 0.056613559512016659 0 0.05737261646463454 0 0.05816145101246363 -0.041696007045018676 0.019712939868520615 0.059675796484352152
leaf_weight=4.3757697194814673 26.57108623161912 9.832288593053816 39.888248309493065 7.4491832144558421 7.7877361588180056 47.740648679435253 6.5713951662182835 32.930797811597586 35.320537950843573 54.053089130669832 12.788600869476793 9.0079576373100299 74.172824874520302 10.972292482852938 13.77410516515374 68.957017671316862 15.367917232215403 22.788721047341824 7.5096083097159854 34.734943985939026 6.043417051434516 54.065053530037403 16.845013085752726 10.537648700177668 20.450285106897354
leaf_count=36 357 61 212 63 61 440 73 207 314 856 72 94 839 64 238 796 182 106 55 245 49 646 132 61 90
internal_value=0 -0.00529548 0 -0.0057695 -0.0121391 0.0164657 -0.0199586 0.000421581 -0.0136063 -0.0433672 0.00277456 -0.0355031 -0.0394486 -0.0217381 0.0134897 -0.0449136 0.0366709 0.0366263 0.0391638 0.0474009 -0.0308254 0.0535821 -0.0286044 0 0.0476419
internal_weight=650.536 592.095 528.21 488.322 438.628 80.3552 358.273 142.613 94.3143 63.8854 58.9937 215.66 207.872 133.699 45.1967 88.5026 48.2987 35.5773 49.6937 42.1841 32.6145 58.4408 23.4164 19.5456 31.4226
internal_count=6349 5667 4750 4538 4175 846 3329 1086 697 917 383 2243 2182 1343 392 951 389 178 363 308 406 682 205 155 154
is_linear=0
shrinkage=0.1


Tree=72
num_leaves=21
num_cat=0
split_feature=31 60 64 60 30 31 51 31 24 43 30 64 56 74 45 59 30 31 61 39
split_gain=24.665 13.3672 14.8305 11.4146 12.6265 11.2409 8.78173 9.88685 8.74456 8.38184 7.99784 6.44296 6.06993 4.63589 3.51619 3.88035 2.29937 1.45065 1.39683 0.333272
threshold=27.550000190734867 9.9990234375000018 71.617980957031264 40.660217285156257 37.750000000000007 36.350000381469734 -47.124954223632805 46.750000000000007 76.500000000000014 -93.536407470703111 38.95000076293946 89.598846435546889 251.01660156250003 -100.49999999999999 168.30578613281253 -4.2393798828124991 36.250000000000007 45.350000381469734 -4.4999999999999991 1.1246030330657961
decision_type=2 2 2 2 2 2 2 2 2 2 2 2 2 2 2 2 2 2 2 2
left_child=-1 6 10 13 12 11 9 19 -7 -2 17 -6 -5 -4 15 -12 -9 18 -3 -8
right_child=1 2 3 4 5 8 7 16 -10 -11 14 -13 -14 -15 -16 -17 -18 -19 -20 -21
leaf_value=-0.059328145465497688 -0.030139312676953384 -0.036353667837915611 0 -0.05432351817743114 0.027325182206823576 0.064595441868144962 -0.05751726396542528 0 0 0.050256117552688641 0 -0.04622194564178056 0.0065814049243971334 -0.058778530824869904 0 0.066441595390357641 0.038991249704205921 0.021176404117677728 0 0
leaf_weight=62.187253443524241 14.520790304988621 12.239769853651524 5.4227169975638381 32.100557804107666 12.486434519290922 70.502619184553623 68.139516616240144 6.948405638337138 23.727118574082851 26.706815335899591 17.270248010754585 23.807789299637079 7.7565267682075492 37.588568182662129 6.6476570665836325 89.600505132228136 13.201594069600104 17.939550995826721 9.907388411462307 4.4087918736040583
leaf_count=1380 312 66 20 469 74 593 883 175 151 174 95 417 49 401 47 789 64 104 52 34
internal_value=-0.000399063 0.00620707 0.0167711 0 0.0113698 0.0283767 -0.0189899 -0.0372419 0.0473616 0.0107882 0.0402072 -0.00833335 -0.0313609 -0.0449621 0.0535312 0.0579801 0.0056924 0 -0.0148088 -0.0554001
internal_weight=563.111 500.923 366.997 213.392 170.381 130.524 133.926 92.6983 94.2297 41.2276 153.605 36.2942 39.8571 43.0113 113.518 106.871 20.15 40.0867 22.1472 72.5483
internal_count=6349 4969 3327 2174 1753 1235 1642 1156 744 486 1153 491 518 421 931 884 239 222 118 917
is_linear=0
shrinkage=0.1


Tree=73
num_leaves=31
num_cat=0
split_feature=31 56 41 39 34 61 39 31 62 39 44 60 60 64 56 38 37 51 75 18 64 37 50 37 59 31 64 16 75 72
split_gain=24.5129 13.9666 16.3576 13.2325 10.4 7.67744 6.36222 5.96664 4.22587 4.15777 3.44265 2.57538 2.40528 2.28036 2.21558 1.80015 2.40903 1.78249 4.1276 1.68924 1.55183 1.45579 1.22272 0.605474 0.50456 0.406646 0.367455 0.237576 0.0602604 0.0160976
threshold=44.850000381469734 209.57446289062503 -71.640808105468736 0.61968049407005321 2.1397875547409062 -95.499999999999986 0.47593392431735998 37.95000076293946 -72.499999999999986 0.4158348441123963 -13.733398437499998 44.085662841796882 19.704467773437504 45.839080810546882 124.04064941406251 0.47770200669765478 -2.2016481161117549 -99.692642211914048 -32.038238525390618 57.500000000000007 52.918670654296882 5.7415230274200448 -144.37188720703122 2.8466173410415654 -7.2857055664062491 46.049999237060554 -28.372314453124996 63.500000000000007 -80.749938964843736 23.210876464843754
decision_type=2 2 2 2 2 2 2 2 2 2 2 2 2 2 2 2 2 2 2 2 2 2 2 2 2 2 2 2 2 2
left_child=1 2 3 22 5 8 11 -3 10 15 -4 20 13 29 -14 16 -7 -5 -19 -2 26 27 28 -18 -20 -21 -6 -11 -1 -8
right_child=19 7 4 17 6 9 12 -9 -10 21 -12 -13 14 -15 -16 -17 23 18 24 25 -22 -23 -24 -25 -26 -27 -28 -29 -30 -31
leaf_value=0.0077910664461087039 -0.058222157257147612 0.064247577260776345 0 0.02133096332099205 0.017656198212790585 0 0 0 -0.028599434496444788 -0.054492489448554282 0.051176216990169415 0 -0.044650451570014543 0.042875622543623822 0 0.010267648481248811 -0.040509080696036343 -0.043182173276848743 0.020650466238704909 0 0.053836939698482938 0 0.060671551535388168 0 0 -0.018244636500265862 0 0 0 -0.0091681454983662397
leaf_weight=7.5241195783019066 63.023627998307347 55.591559119522572 8.7575873732566851 10.645233452320097 9.3838326930999774 8.3468499109148961 5.0172867178916949 24.997829016298056 12.557036466896532 86.923645548522472 22.280002020299435 9.6816351786255819 23.255172237753872 9.6316800415515882 3.4702579267323008 14.581392042338846 26.224825661629442 26.107218578457829 9.4285129234194773 8.0887021422386187 36.140325121581554 7.5507655031979075 70.879487130790949 5.4354237020015708 10.596899665892126 9.8131429925560933 7.785293534398078 4.3561865426599971 5.4468521140515787 7.5942628439515829
leaf_count=69 1146 534 74 92 78 38 50 241 106 1117 104 75 377 40 24 121 281 309 45 32 281 54 555 30 87 143 56 38 62 90
internal_value=2.44636e-05 0.0086918 0.000630398 0.0295865 -0.011127 -0.0256092 0.0101436 0.0465351 0.00207022 -0.0364795 0.030061 0.0328209 -0.00981199 0 -0.031552 -0.00330495 -0.0199227 0 -0.0156501 -0.0495868 0.0415531 -0.0495268 0.0546417 -0.0346611 0 0 0 -0.0529717 0 -0.00672655
internal_weight=611.117 530.191 449.602 140.628 308.973 197.014 111.96 80.5894 43.5946 153.419 31.0376 62.9911 48.9687 22.2432 26.7254 54.5885 40.0071 56.7779 46.1326 80.9255 53.3095 98.8306 83.8505 31.6602 20.0254 17.9018 17.1691 91.2798 12.971 12.6115
internal_count=6349 5028 4253 1219 3034 1963 1071 775 284 1679 178 490 581 180 401 470 349 533 441 1321 415 1209 686 311 132 175 134 1155 131 140
is_linear=0
shrinkage=0.1


Tree=74
num_leaves=27
num_cat=0
split_feature=30 34 41 56 68 31 34 30 56 61 68 30 60 30 43 45 64 72 72 31 68 31 59 48 36 21
split_gain=16.429 10.6031 10.0901 14.1044 9.33843 6.82434 6.81553 6.4436 4.70926 6.28203 5.14739 4.57415 5.89605 2.86242 3.2949 6.14455 4.68063 1.82489 1.6582 1.55582 0.926159 0.890336 0.876602 0.588495 0.203707 0.142052
threshold=36.149999618530281 1.625430762767792 -127.80523681640624 211.07696533203128 52.010223388671882 46.049999237060554 -0.80432194471359242 37.049999237060554 138.87222290039065 -36.499999999999993 310.71847534179693 42.049999237060554 9.3675537109375018 114.25000000000001 -17.590118408203121 20.823791503906254 -71.607177734374986 61.395355224609382 161.3346862792969 46.649999618530281 96.905670166015639 45.250000000000007 4.4566650390625009 -53.160156249999993 1.6982795596122744 56.500000000000007
decision_type=2 2 2 2 2 2 2 2 2 2 2 2 2 2 2 2 2 2 2 2 2 2 2 2 2 2
left_child=19 2 -2 5 11 6 18 -5 9 20 -10 23 -13 14 16 17 -8 -16 -4 -1 -6 24 -18 -3 -17 -25
right_child=1 4 3 7 8 -7 13 -9 10 -11 -12 12 -14 -15 15 21 22 -19 -20 -21 -22 -23 -24 25 -26 -27
leaf_value=0 -0.046410070257172545 0 -0.030085613322111834 0.005796310386397681 -0.025612865202437003 -0.025337730104079904 0 -0.054764418446129809 -0.04722048701225097 0.04783893992265615 0.0061690500482591212 0.034122082599423217 -0.041767683677338067 0 0 0.037382655964353702 0.064132625923840877 -0.037127372715821887 0 0.056644579658502107 0 0 0 -0.061889593587913676 0 0
leaf_weight=4.2945283949375144 29.323759712278843 4.4561748653650275 17.93702590093017 8.1431424245238286 13.11341528221965 17.165915034711361 6.0242006815969935 38.757573889568448 32.940517390146852 33.08311490342021 9.3474386110901815 14.188620835542677 20.320214902982116 6.9627105966210356 16.873080343008045 77.990098245441914 74.811032395809889 13.449741147458552 10.284831084311007 49.571592535823584 9.8893325924873334 13.085269562900065 8.6147153154015523 64.899465795606375 10.086867311969398 5.7299972251057616
leaf_count=36 431 38 144 46 128 128 56 689 499 199 49 79 403 36 93 583 647 99 53 646 72 94 54 932 80 35
internal_value=0 -0.00483363 0.0046935 0.0111794 -0.0230076 0.0210359 0.0262158 -0.0346998 0 0.0181702 -0.0249328 -0.0427564 0 0.0325498 0.0349383 0.0180383 0.0534086 -0.0104935 -0.00772803 0.0518385 -0.0060101 0.0312914 0.0599836 -0.0568554 0.0349164 -0.0592482
internal_weight=611.344 557.478 349.51 320.186 207.968 273.285 256.12 46.9007 98.3738 56.0859 42.288 109.594 34.5088 227.898 220.935 131.485 89.4499 30.3228 28.2219 53.8661 23.0027 101.162 83.4257 75.0856 88.077 70.6295
internal_count=6349 5667 3233 2802 2434 2067 1939 735 947 399 548 1487 482 1742 1706 949 757 192 197 682 200 757 701 1005 663 967
is_linear=0
shrinkage=0.1


Tree=75
num_leaves=24
num_cat=0
split_feature=31 60 64 60 64 31 52 31 43 31 60 72 65 44 31 24 2 60 75 68 68 55 27
split_gain=21.81 11.8165 11.7731 13.2411 12.9976 12.2903 5.53153 8.46378 5.18055 4.65661 4.14619 6.72649 3.14969 3.11478 2.80956 2.73421 2.40155 1.88083 2.14091 1.33784 1.09936 0.85111 0.672912
threshold=27.550000190734867 5.7810058593750009 36.303253173828132 19.704467773437504 100.86737060546876 36.549999237060554 -47.854949951171868 46.649999618530281 -93.536407470703111 40.850000381469734 211.34890747070315 160.18670654296878 95.500000000000014 41.198516845703132 44.45000076293946 -51.499999999999993 355.22325134277349 25.329437255859379 88.153762817382827 -6.2216796874999991 47.128906250000007 110.75656127929689 -50.499999999999993
decision_type=2 2 2 2 2 2 2 2 2 2 2 2 2 2 2 2 2 2 2 2 2 2 2
left_child=-1 6 22 14 9 -6 8 -8 -2 17 11 21 13 -13 -4 -11 -15 -5 -19 -9 -17 -7 -3
right_child=1 2 3 4 5 10 7 19 -10 15 -12 12 -14 16 -16 20 -18 18 -20 -21 -22 -23 -24
leaf_value=-0.05821048139299595 -0.026049845293135494 0 -0.061631060584293323 0 -0.055116769669797831 0 -0.057909845716929031 0 0.045611114885068499 0.037865712614794961 -0.027797480880744876 0 0 0.055906099860871965 0 0 0 0.062638882592847528 0 0.031142117712859293 -0.029830439304781839 -0.030091299411695319 0.056997984803978531
leaf_weight=56.834404347464442 12.961789069697263 8.5456707254052144 28.023764159530401 11.314441021531819 35.031779866665602 4.536233268678191 54.26599046587944 6.2419886235147741 17.496031727641821 13.548221442848442 13.13499774225056 9.7093121688812953 7.2843969650566569 57.504458770155907 7.3618780076503745 7.4128227271139648 5.9410144463181487 65.624918680638075 6.6739832311868659 11.39129179343581 14.974944710731505 14.518424589186905 60.139731246978045
leaf_count=1380 296 56 201 113 586 36 838 170 110 53 137 67 153 594 54 62 40 525 51 58 111 192 466
internal_value=-0.000166676 0.00604413 0.0151214 0.00469289 0.0138408 -0.00315286 -0.0218707 -0.0376643 0.000766564 0.0384328 0.009632 0.0198445 0.0348443 0.0418095 -0.0481136 0 0.0497875 0.0513375 0.057328 4.8529e-05 -0.0134287 -0.0178165 0.0525697
internal_weight=530.472 473.638 371.281 302.596 267.21 147.661 102.357 71.8993 30.4578 119.549 112.629 99.4938 80.4392 73.1548 35.3856 35.936 63.4455 83.6133 72.2989 17.6333 22.3878 19.0547 68.6854
internal_count=6349 4969 3497 2975 2720 1805 1472 1066 406 915 1219 1082 854 701 255 226 634 689 576 228 173 228 522
is_linear=0
shrinkage=0.1


Tree=76
num_leaves=32
num_cat=0
split_feature=31 36 33 33 34 36 55 34 31 39 36 47 39 30 64 64 54 27 54 30 37 8 18 9 66 37 33 36 26 35 18
split_gain=21.7683 12.605 8.2407 6.76328 9.67486 5.8451 4.45498 4.6834 4.27271 5.65426 3.93935 2.77351 2.31266 1.46807 1.16835 2.50772 1.60588 1.4523 1.00727 2.40479 0.98755 0.929027 0.728706 0.796878 0.658619 0.442531 0.348155 0.259395 0.223352 0.0703595 0.0240515
threshold=44.850000381469734 1.2561126947402956 0.90475705265998851 1.2671931982040407 2.418185949325562 1.5214778780937197 362.67285156250006 0.62159880995750438 34.049999237060554 0.57081693410873424 1.0624266266822817 -150.63653564453122 0.66656139492988598 44.049999237060554 69.209167480468764 -28.372314453124996 -192.49999999999997 -20.499999999999996 -102.49999999999999 38.649999618530281 3.6817525625228886 -8.4999999999999982 -27.499999999999996 -17.499999999999996 -104.49999999999999 4.0885775089263925 1.8314007520675661 1.8571513891220095 57.500000000000007 0.72287857532501232 -28.499999999999996
decision_type=2 2 2 2 2 2 2 2 2 2 2 2 2 2 2 2 2 2 2 2 2 2 2 2 2 2 2 2 2 2 2
left_child=1 2 18 4 6 21 7 -3 26 22 28 -9 13 -6 15 -7 -17 30 24 -20 -11 -5 -10 -24 -1 27 -4 -13 -2 -23 -16
right_child=10 3 8 5 12 14 -8 11 9 20 -12 25 -14 -15 17 16 -18 -19 19 -21 -22 29 23 -25 -26 -27 -28 -29 -30 -31 -32
leaf_value=0 -0.012984548895489998 0 0.055010101202884444 0 0.043032487350891983 0 0 0 0 -0.028265465614123832 -0.059997595342904358 -0.056629318808298038 0 0 0 0 -0.043783113806952892 0.030691622798229623 0 -0.035867522773921044 0 0 0 0.040895066300043935 0.021069059066509806 0 0 0 0.0062058248082628329 0.053590959478732103 -0.0043742671099114656
leaf_weight=10.229261897504331 8.4729795679450053 12.610062269493936 87.417331919074059 9.5829541180282813 23.206809267401699 8.4732135534286481 5.8618326783180228 3.9615861326456061 8.2414791136980039 18.355198334902529 59.248244656249881 83.142165005207062 6.1045526936650267 7.6339406073093405 7.9175907932221916 7.158085566014047 25.006081620231274 13.451176689937709 6.751768663525584 24.050499986857176 8.5895420573651773 9.1125540249049646 6.5346377938985816 43.346485424786806 12.69477942585945 3.7298447825014582 5.4587044045329085 5.2141244132071725 7.9773607775568953 25.951334770768881 10.166540905833246
leaf_count=75 84 101 904 76 180 78 33 41 62 155 1204 1275 116 57 51 68 395 102 30 233 65 82 37 357 69 32 30 58 33 165 101
internal_value=0 0.00836468 0.0257033 -0.00492155 -0.0199215 0.0104921 -0.0356015 -0.0416592 0.0362527 0.0114277 -0.0483439 -0.0493304 0.0156338 0.0313841 -0.00134502 -0.0162795 -0.0324876 0.00348257 -0.000702307 -0.0173403 -0.0151198 0.0389665 0.031813 0.0362074 0.00213961 -0.0531888 0.0530679 -0.054718 0 0.0464188 0
internal_weight=575.653 499.954 231.67 268.284 151.465 116.82 114.52 108.658 177.943 85.0673 75.6986 96.0477 36.9453 30.8407 72.1727 40.6374 32.1642 31.5353 53.7263 30.8023 26.9447 44.6468 58.1226 49.8811 22.924 92.0861 92.876 88.3563 16.4503 35.0639 18.0841
internal_count=6349 5028 2017 3011 1893 1118 1540 1507 1610 676 1321 1406 353 237 795 541 463 254 407 263 220 323 456 394 144 1365 934 1333 117 247 152
is_linear=0
shrinkage=0.1


Tree=77
num_leaves=29
num_cat=0
split_feature=30 34 41 56 68 31 34 30 30 60 55 51 30 44 55 45 33 60 72 46 31 72 22 38 47 67 67 31
split_gain=14.3129 9.07405 8.7063 11.6191 8.3166 5.99257 5.93166 5.75184 4.29612 4.85485 3.90971 4.02555 2.67537 3.03343 5.15392 5.12169 2.59336 2.18622 2.15564 1.87401 1.49924 1.43379 1.28969 0.802222 0.635981 0.257154 2.1355 0.0510671
threshold=36.149999618530281 1.625430762767792 -127.80523681640624 211.07696533203128 52.010223388671882 46.049999237060554 -0.80432194471359242 37.049999237060554 42.049999237060554 9.3675537109375018 136.27258300781253 18.263732910156254 114.25000000000001 -17.854309082031246 -106.55267333984374 31.900451660156254 0.91104826331138622 211.34890747070315 62.003234863281257 7.7597351074218759 46.649999618530281 161.3346862792969 116.50000000000001 0.72779858112335216 -68.358459472656236 121.38723754882814 65.780120849609389 38.549999237060554
decision_type=2 2 2 2 2 2 2 2 2 2 2 2 2 2 2 2 2 2 2 2 2 2 2 2 2 2 2 2
left_child=20 2 -2 5 8 6 21 -5 22 -10 11 17 13 14 -8 18 -12 -6 19 -15 -1 -4 24 -13 -3 26 -17 -28
right_child=1 4 3 7 10 -7 12 -9 9 -11 16 23 -14 15 -16 25 -18 -19 -20 -21 -22 -23 -24 -25 -26 -27 27 -29
leaf_value=0 -0.044532673649296445 0 -0.028106062126533979 0.0031045055776225596 -0.029444221651178035 -0.023640352464506423 0 -0.052955188193904268 0.031614571804 -0.039325325553579232 0 0 0 0 0.061925089883630158 0.035357179441140647 -0.043105516541538866 0.014535816751390835 -0.030385331739238054 0.039831051255278388 0.055180177514035603 0 0 0.047932588082523292 -0.061383990676744327 0.045810723815165683 -0.004934809680832878 0
leaf_weight=4.1811875551939002 27.435368496924639 4.4476951621472827 17.256703905761245 7.8255424052476874 19.506945591419939 16.536944832652807 4.708828914910554 35.234215352684259 13.586463488638399 18.655447421595454 5.1456453725695637 8.1113628298044187 6.8639943227171889 13.445633303374054 68.723189976066351 18.455226637423038 25.885209182277322 11.164867036044596 20.036980157718062 9.9689020514488202 45.72086164727807 10.035914249718187 3.5351590178906909 24.036253415048122 61.758173143491149 42.515191830694675 18.566728098317981 14.065046634525059
leaf_count=36 431 39 144 46 187 128 44 689 79 403 39 66 36 97 645 90 445 62 134 37 646 53 22 148 944 389 192 78
internal_value=0 -0.00467686 0.00422195 0.0105055 -0.0220492 0.0196629 0.0247433 -0.0325355 -0.0414726 0 0 0.0138261 0.0308669 0.033304 0.0540092 0.0180132 -0.0282216 0 -0.00105123 0.00586684 0.050148 -0.00633708 -0.0555351 0.0390636 -0.058575 0.0316904 0.00939455 0
internal_weight=577.41 527.508 331.674 304.239 195.833 261.179 244.642 43.0598 101.983 32.2419 93.8503 62.8194 217.35 210.486 73.432 137.054 31.0309 30.6718 43.4515 23.4145 49.902 27.2926 69.741 32.1476 66.2059 93.6022 51.087 32.6318
internal_count=6349 5667 3233 2802 2434 2067 1939 735 1487 482 947 463 1742 1706 689 1017 484 249 268 134 682 197 1005 214 983 749 360 270
is_linear=0
shrinkage=0.1


Tree=78
num_leaves=25
num_cat=0
split_feature=30 30 39 24 59 64 30 30 51 49 60 60 67 39 64 18 30 63 16 2 28 72 43 16
split_gain=16.2348 10.1872 8.36562 5.94894 9.57721 5.41747 7.17133 5.25758 3.62084 4.18042 3.30537 3.4779 3.02034 2.32623 2.12698 1.78572 1.39566 1.35275 1.26853 0.785946 0.528876 0.385963 0.119808 0.0133234
threshold=48.750000000000007 36.250000000000007 0.65768292546272289 66.500000000000014 12.387969970703127 106.18756103515626 41.649999618530281 37.95000076293946 -46.138366699218743 -44.473510742187493 211.34890747070315 9.9990234375000018 89.396148681640639 1.9897122383117678 20.754852294921879 151.50000000000003 41.149999618530281 14.944244384765627 11.500000000000002 131.50901794433597 289.50000000000006 -20.768341064453121 6.6133422851562509 -37.499999999999993
decision_type=2 2 2 2 2 2 2 2 2 2 2 2 2 2 2 2 2 2 2 2 2 2 2 2
left_child=1 20 3 4 8 18 7 -7 16 22 11 14 -9 15 21 23 -3 -11 -6 -5 -1 -4 -10 -13
right_child=-2 2 10 19 5 6 -8 12 9 17 -12 13 -14 -15 -16 -17 -18 -19 -20 -21 -22 -23 -24 -25
leaf_value=-0.049542839091437113 -0.055977384143842512 0.033009849027716996 0 0 0.051273762669783646 -0.011890759964258708 -0.04323459968813867 0 -0.054305031385808493 0.02755730544451104 -0.0019165332771991558 0 0.055704335926658959 0 -0.024700112934402108 0 0 -0.017644549541930368 0 -0.046086023885197148 0 0.024899009356658904 0 0.045588141241984709
leaf_weight=28.799207102507356 46.26969126611948 10.404944971203806 8.0956109222024697 5.3161753416061392 47.571710243821144 8.4704837873578054 20.591132197529078 5.0824348460882893 35.943991987034678 9.1323089972138423 7.3568399958312503 5.9339735284447661 33.037865910679102 10.415384788066147 13.970579888671635 9.749787971377371 6.1844722442328921 12.909318301826714 10.360842332243918 28.158022003248334 2.3133269920945159 22.017161931842566 3.4894356019794932 109.68469022773206
leaf_count=665 1184 53 96 48 339 115 389 63 615 37 75 45 349 65 133 41 110 130 84 404 56 185 38 1030
internal_value=-0.000235744 0.00464299 0.00973933 -0.000892202 0.00357621 0.0224945 0 0.0242162 -0.0205183 -0.0331235 0.0255615 0.0293413 0.0443675 0.0372455 0 0.0410167 0 0 0.0443543 -0.0398766 -0.0461225 0.0186255 -0.0517149 0.0444146
internal_weight=501.259 454.99 423.877 236.653 203.179 125.114 67.1819 46.5908 78.0645 61.4751 187.224 179.867 38.1203 135.784 44.0834 125.368 16.5894 22.0416 57.9326 33.4742 31.1125 30.1128 39.4334 115.619
internal_count=6349 5165 4444 2774 2322 1339 916 527 983 820 1670 1595 412 1181 414 1116 163 167 423 452 721 281 653 1075
is_linear=0
shrinkage=0.1


Tree=79
num_leaves=29
num_cat=0
split_feature=36 34 40 41 43 59 56 34 54 39 24 52 37 36 30 34 64 37 63 44 64 2 39 37 60 39 33 39
split_gain=15.7019 7.44693 11.3132 6.97379 10.3615 6.43625 5.5524 3.51475 3.04218 2.66118 2.24104 2.21424 2.19179 1.97568 1.64233 1.53476 1.35466 1.26276 0.783611 0.722275 0.525567 0.472003 0.3592 0.317428 0.288204 0.279098 0.242221 0.172823
threshold=1.24363648891449 2.3550854921340947 1.1933673024177553 150.49420166015628 -92.166107177734361 2.0660095214843754 225.77648925781253 1.6652703881263735 -183.49999999999997 0.52268582582473766 -235.99999999999997 -67.389236450195298 2.8466173410415654 0.64187118411064159 41.850000381469734 1.0000000180025095e-35 -53.278533935546868 -0.85226657986640919 -90.887054443359361 14.013732910156252 -1.3453063964843748 147.0605392456055 1.3190576434135439 1.8810095191001894 37.021331787109382 0.56212550401687633 0.64170917868614208 0.32407627999782568
decision_type=2 2 2 2 2 2 2 2 2 2 2 2 2 2 2 2 2 2 2 2 2 2 2 2 2 2 2 2
left_child=3 2 6 4 -1 -3 8 13 11 24 -4 -2 27 -6 -13 -15 -12 -10 -19 -14 -17 -11 -18 26 -7 -5 -20 -9
right_child=1 5 10 25 7 9 -8 12 17 21 16 14 19 15 -16 20 22 18 23 -21 -22 -23 -24 -25 -26 -27 -28 -29
leaf_value=0.053528476032373554 -0.020834748751360186 0.046071149249338451 0 0.056069766654955534 0 0.013986640350141327 0.043025497064145608 0 0 -0.037165495596794579 0 0 0.034605964283672151 0 0.037107337753256295 0 -0.050720625814679156 0 0 0 -0.045219960393175759 0 0 0 0 0 -0.047345396334800255 -0.0087689075329985319
leaf_weight=37.182862946763635 10.103840991854666 29.639638047665358 4.3983377926051608 48.048789799213409 34.042298533022404 14.448016189038755 21.559993591159582 12.325548298656939 6.9499845746904603 21.466550456359986 8.11447457782924 6.2004277352243689 28.656018201261759 6.9885235056281081 21.661669304594398 6.4718732871115199 107.26327468268573 3.5340466182678929 3.5688962489366558 6.6533170305192462 30.801048224791884 4.8893688432872286 4.2744236923754206 5.726818159222602 6.7466518860310307 4.6084479317069045 27.774048510938883 20.072159191593528
leaf_count=381 110 224 37 598 248 106 163 103 68 386 126 114 223 48 143 75 1820 62 23 52 239 80 50 65 67 39 522 177
internal_value=0 -0.0139744 -0.0235433 0.0201086 0.00743377 0.00846537 0 -0.00173246 -0.0112679 -0.00641161 -0.0437985 0 0.0107188 -0.0184718 0.0234993 -0.0318355 -0.0465945 -0.0288516 -0.0355042 0.0281918 -0.0397345 -0.031342 -0.0494424 -0.0396475 0.00419122 0.0531977 -0.043963 0
internal_weight=544.171 308.32 231.13 235.851 183.194 77.1902 107.08 146.011 85.5197 47.5506 124.051 37.9659 67.707 78.3037 27.8621 44.2614 119.652 47.5538 40.6038 35.3093 37.2729 26.3559 111.538 37.0698 21.1947 52.6572 31.3429 32.3977
internal_count=6349 4166 3303 2183 1546 863 1270 1165 1107 639 2033 367 555 610 257 362 1996 740 672 275 314 466 1870 610 173 637 545 280
is_linear=0
shrinkage=0.1


Tree=80
num_leaves=30
num_cat=0
split_feature=43 52 41 76 31 71 39 35 1 66 24 63 37 29 31 68 71 31 54 68 54 52 58 67 24 60 33 52 38
split_gain=9.29608 19.3785 17.6523 7.87865 7.7655 5.68831 8.06351 6.1641 5.69935 5.192 2.99409 2.83026 2.67562 2.50596 2.25451 1.43167 1.31015 1.03942 0.936516 1.47777 0.936367 0.579576 0.470889 0.445264 0.361349 1.04579 0.356475 0.204037 0.0246166
threshold=-21.552886962890621 6.6158752441406259 -126.66491699218749 121.22521972656251 1.4499999880790713 323.62866210937506 0.52268582582473766 0.72507727146148693 23.385777473449711 1.0000000180025095e-35 -126.99999999999999 -91.315307617187486 2.994152426719666 50.500000000000007 44.350000381469734 17.914886474609379 57.596649169921882 44.149999618530281 -104.49999999999999 27.400665283203129 -477.49999999999994 40.71662902832032 -611.99999999999989 121.38723754882814 -98.499999999999986 -11.911743164062498 1.1016221642494204 113.86306762695314 1.417625427246094
decision_type=2 2 2 2 2 2 2 2 2 2 2 2 2 2 2 2 2 2 2 2 2 2 2 2 2 2 2 2 2
left_child=2 13 22 5 -4 6 8 9 18 15 -6 -12 20 24 27 -8 -9 26 -3 -20 -13 -21 -1 -11 -2 -26 -18 -10 -17
right_child=1 3 4 -5 10 -7 7 16 14 23 11 12 -14 -15 -16 28 17 -19 19 21 -22 -23 -24 -25 25 -27 -28 -29 -30
leaf_value=0 0 -0.0098050855454589452 -0.02085655544213201 -0.047876825419642687 0 0.048470604703545202 0 0 -0.052176841298824155 -0.018749525629951955 0 0 0 0 0 0.052303104478027364 0 0 0 0.037610419305924014 0.056373901132871863 0 -0.045153467021485302 0 0 -0.063707293589697692 -0.036943483959868427 0 0
leaf_weight=3.9011223241686848 7.0205356441438189 13.716175150126217 10.13303207978606 24.123331135138869 15.149139434099196 29.734577141702175 6.1139248199760905 10.457840550690888 39.623699180781841 10.262582221999766 4.7634655460715285 6.2654048465192309 6.1471147611737242 5.0864872783422461 9.9739792682230455 61.662417970597744 7.2484353408217492 3.7058920040726653 9.0944244265556318 17.665960259735588 107.82415119931102 8.4529451876878721 27.655662789940834 6.4942998476326457 4.3876065313816062 61.974840605631471 18.024975370615721 3.7750103343278161 6.9925992228090754
leaf_count=52 64 78 75 513 109 333 56 68 659 156 53 58 69 33 80 506 126 42 91 93 1173 76 443 40 55 785 335 59 69
internal_value=0 -0.0089028 0.0186077 0.0016589 0.0346899 0.00841171 0.000817101 0.0189626 -0.017709 0.0340304 0.0423724 0.04737 0.0506147 -0.0524116 -0.0401316 0.0456323 -0.00442848 -0.0210624 0 0.0144141 0.0540991 0.0281447 -0.0408163 0 -0.0571139 -0.0603952 -0.0296409 -0.0495327 0.0496281
internal_weight=547.432 365.593 181.839 287.123 150.282 263 233.265 130.963 102.302 91.5258 140.149 125 120.237 78.4695 53.3727 74.7689 39.4371 28.9793 48.9295 35.2133 114.09 26.1189 31.5568 16.7569 73.383 66.3624 25.2734 43.3987 68.655
internal_count=6349 4317 2032 3380 1537 2867 2534 1398 1136 827 1462 1353 1300 937 798 631 571 503 338 260 1231 169 495 196 904 840 461 718 575
is_linear=0
shrinkage=0.1


Tree=81
num_leaves=20
num_cat=0
split_feature=31 30 31 30 31 64 60 67 26 37 76 44 44 57 36 60 29 36 74
split_gain=17.1011 8.9955 9.4988 18.7811 15.3557 10.8464 18.2526 7.71351 5.46438 5.53794 3.61516 2.66914 2.11592 1.94667 1.52336 1.02303 0.588267 0.125364 0.0332263
threshold=27.550000190734867 36.250000000000007 45.250000000000007 38.95000076293946 36.350000381469734 89.598846435546889 19.233673095703129 174.12820434570315 100.50000000000001 2.994152426719666 73.344009399414077 -10.048248291015623 -6.2177734374999991 47.500000000000007 2.3760447502136235 -44.684112548828118 114.50000000000001 0.6811407506465913 -1.0000000180025095e-35
decision_type=2 2 2 2 2 2 2 2 2 2 2 2 2 2 2 2 2 2 2
left_child=-1 16 3 10 5 6 12 -4 9 15 14 -8 -5 -13 17 -6 -2 -3 -14
right_child=1 2 7 4 8 -7 11 -9 -10 -11 -12 13 18 -15 -16 -17 -18 -19 -20
leaf_value=-0.056095036842336 -0.047802751909055204 0 0.058200320154750587 -0.054495195425595326 0 -0.054507802775561033 0 -0.0023255081078457493 0 0 0 0.059363422595817644 0 0 0 0.062425959730610804 0 -0.059837368331964493 -0.0050505339534180523
leaf_weight=48.391128985211253 26.595740996301178 4.4064504858106366 60.270950220525265 24.087277054786682 8.460901400074361 33.472909117117524 5.1545351557433596 10.072901863604782 14.393015012145041 19.907397581264377 13.566212069243191 47.787408147007227 5.6039366610348251 4.9192273356020442 7.0270979553461066 82.704392289742827 2.0698381494730702 47.683623125776649 10.622552812099455
leaf_count=1380 660 28 415 311 177 599 37 126 119 241 99 489 53 59 48 786 49 563 110
internal_value=-0.000346126 0.00510455 0.0100685 0.0013075 0.0154168 -0.005343 0.00752765 0.0431146 0.0406613 0.048421 -0.0410775 0.0465727 -0.0366922 0.0534436 -0.0514498 0.0586113 -0.0440854 -0.0571662 0
internal_weight=477.197 428.806 400.141 329.797 257.114 131.648 98.1749 70.3439 125.466 111.073 72.6834 57.8612 40.3138 52.7066 59.1172 91.1653 28.6656 52.0901 16.2265
internal_count=6349 4969 4260 3719 2981 1658 1059 541 1323 1204 738 585 474 548 639 963 709 591 163
is_linear=0
shrinkage=0.1


Tree=82
num_leaves=26
num_cat=0
split_feature=31 56 41 51 30 64 60 36 54 1 68 31 36 55 26 30 31 39 64 68 1 36 26 37 48
split_gain=17.8683 9.98688 11.5039 10.1734 9.35809 16.4577 20.0561 6.72164 6.46968 5.39256 5.13116 3.67878 3.41359 3.23066 2.85813 2.66766 2.08039 1.54363 0.969413 0.552998 0.437567 0.181092 0.119061 0.111629 0.0732322
threshold=44.850000381469734 209.57446289062503 -71.640808105468736 -63.063858032226555 38.149999618530281 77.483093261718764 43.421203613281257 1.24363648891449 -179.49999999999997 -72.534336090087876 15.082336425781252 37.95000076293946 1.0624266266822817 -59.807403564453118 46.500000000000007 47.250000000000007 2.5499999523162846 0.74199435114860546 72.670227050781264 -27.118865966796871 -173.83492279052732 1.4694988131523135 57.500000000000007 2.0717208385467534 -137.86975097656247
decision_type=2 2 2 2 2 2 2 2 2 2 2 2 2 2 2 2 2 2 2 2 2 2 2 2 2
left_child=1 2 3 7 10 8 14 20 23 -8 -4 -3 22 -10 15 -7 -9 -11 -15 24 -1 -13 -2 -6 -5
right_child=12 11 4 19 5 6 9 16 13 17 -12 21 -14 18 -16 -17 -18 -19 -20 -21 -22 -23 -24 -25 -26
leaf_value=0.041324765747469433 -0.010237555428416045 0.059994523215041097 0.05039759299880836 0.0085601458867084184 0 0.065165272601178256 0 0 0 -0.055252281014590114 0 0.010181240771164097 -0.058106590344117526 -0.065785594069135075 0 0 -0.046991494347223273 0 0 0.060346347135099426 0 0 0.0030740915809759953 0.0098774424232768859 0
leaf_weight=16.733379133045677 8.0493775997310859 44.096160642802715 32.119833281263709 7.5906661972403526 6.8197210785001507 41.625522214919329 10.79969038069248 6.1137383952736881 5.1400306969881049 43.190055595710874 9.5362745970487577 15.066862508654596 51.476283492520452 78.884937319904566 10.985821144655345 8.5510401986539346 24.639250263571739 4.7214626856148234 5.1703096311539403 52.024277448654175 5.366212271153926 6.6568775754421941 7.6587985157966605 9.0382729955017549 5.8750724010169488
leaf_count=183 84 534 222 92 82 309 68 51 85 645 70 105 1204 1220 113 76 312 44 47 426 58 136 33 53 97
internal_value=0.000102552 0.00825862 0.000711222 0.0274443 -0.00950282 -0.018934 0.00282591 0 -0.0477587 -0.0338016 0.0287329 0.0437494 -0.0460834 -0.0581557 0.0455198 0.0552137 -0.0342575 -0.0495938 -0.0629032 0.0532724 0.0339876 0 0 0 0
internal_weight=517.93 450.745 384.926 118.343 266.583 224.927 119.874 52.8526 105.053 58.7112 41.6561 65.8199 67.1845 89.1953 61.1624 50.1766 30.753 47.9115 84.0552 65.49 22.0996 21.7237 15.7082 15.858 13.4657
internal_count=6349 5028 4253 1219 3034 2742 1255 604 1487 757 292 775 1321 1352 498 385 363 689 1267 615 241 241 117 135 189
is_linear=0
shrinkage=0.1


Tree=83
num_leaves=29
num_cat=0
split_feature=30 60 56 56 34 54 66 39 76 31 66 68 66 67 1 38 42 62 31 30 38 42 54 9 54 8 3 68
split_gain=11.1996 7.11855 8.9088 8.58796 9.83031 10.0812 4.78542 4.63191 3.17305 2.88223 2.95286 2.45574 2.18713 2.50235 4.11746 1.95234 1.84501 1.75806 1.34048 1.14543 1.0279 0.851795 0.734494 0.499321 0.349061 0.105071 0.0588303 0.0239556
threshold=36.149999618530281 211.34890747070315 239.19567871093753 176.10858154296878 2.2902520895004277 -131.49999999999997 -531.49999999999989 0.52268582582473766 55.150909423828132 45.250000000000007 1.0000000180025095e-35 65.009124755859389 -51.499999999999993 119.04904174804689 -13.811282634735106 1.417625427246094 -74.488708496093736 -104.49999999999999 46.649999618530281 40.45000076293946 0.28766109049320226 174.77688598632815 -150.49999999999997 -24.499999999999996 -388.49999999999994 -27.499999999999996 501.66149902343756 116.21542358398439
decision_type=2 2 2 2 2 2 2 2 2 2 2 2 2 2 2 2 2 2 2 2 2 2 2 2 2 2 2 2
left_child=18 3 8 4 5 6 24 12 -3 10 15 23 19 14 -14 16 -9 22 -1 -7 -18 -22 25 -6 -2 -8 -5 -11
right_child=1 2 -4 26 11 7 17 9 -10 27 -12 -13 13 -15 -16 -17 20 -19 -20 -21 21 -23 -24 -25 -26 -27 -28 -29
leaf_value=0 0 0 -0.025827387477842197 -0.055970730604918389 0 0.036314281545182091 0 0 0.059896527114733013 -0.0050346894323699733 0 0 0 0.0032853371470197763 -0.047058348082011758 0 0 0 0.052549006141152023 0 0.059289081567472916 0 0 -0.046172208233301149 0.02180887537451107 -0.043140954014029814 0 0
leaf_weight=3.9616830088198176 5.9084245171397916 8.2963939011096937 12.488906523212789 36.516860423609614 3.3679903000593177 15.50665917992592 4.4897659402340642 9.8561587911099178 39.529525652527809 7.0472978986799699 17.636793196201324 18.308685528114438 11.254310287535189 9.7548989877104741 31.814106658101082 8.0645905956625921 5.5452952980995169 6.7041107900440684 39.781755894422531 9.9344797264784557 60.889058401808143 9.7534402571618539 10.036942187696694 58.392953651025891 8.9790951795876008 59.388222755864263 2.9036498069763175 5.3707823120057583
leaf_count=36 87 64 302 680 49 96 44 135 269 62 237 153 98 95 391 68 73 55 646 116 470 131 96 1049 52 694 35 66
internal_value=0 -0.00430794 0.0251128 -0.00982698 -0.00365587 0.00332879 -0.0209799 0.0172634 0.048614 0.0291252 0.0345407 -0.0348316 0 -0.0132578 -0.0275844 0.0414372 0.0457639 -0.0327463 0.0472636 0.0209012 0.0509092 0.0541223 -0.0373748 -0.0440698 0.0105464 -0.0414635 -0.0538625 0
internal_weight=521.483 477.739 60.3148 417.425 378.004 297.934 95.5066 202.428 47.8259 124.163 111.745 80.0696 78.2645 52.8233 43.0684 94.1085 86.044 80.619 43.7434 25.4411 76.1878 70.6425 73.9149 61.7609 14.8875 63.878 39.4205 12.4181
internal_count=6349 5667 635 5032 4317 3066 1028 2038 333 1242 1114 1251 796 584 489 877 809 889 682 212 674 601 834 1098 139 738 715 128
is_linear=0
shrinkage=0.1


Tree=84
num_leaves=25
num_cat=0
split_feature=31 60 30 31 26 74 45 44 30 52 31 76 76 37 31 30 37 30 63 68 30 16 7 31
split_gain=15.1387 7.6343 9.11742 7.49903 6.69091 4.88672 4.71372 9.20832 4.28331 4.20055 6.69914 2.75289 2.66657 2.29865 1.65833 1.30077 1.95325 1.71321 0.760879 0.76 0.736954 0.289976 0.139272 0.0205352
threshold=27.550000190734867 5.7810058593750009 37.45000076293946 34.850000381469734 100.50000000000001 14.500000000000002 106.97726440429689 -7.0455932617187491 42.549999237060554 -47.854949951171868 46.649999618530281 170.67823791503909 13.199554443359377 1.2049002051353457 42.049999237060554 38.95000076293946 3.1077269315719609 38.45000076293946 84.574188232421889 64.158569335937514 36.250000000000007 15.500000000000002 22.500000000000004 43.95000076293946
decision_type=2 2 2 2 2 2 2 2 2 2 2 2 2 2 2 2 2 2 2 2 2 2 2 2
left_child=-1 9 11 6 5 15 7 -4 -9 13 22 12 -3 -2 19 17 -17 21 -10 -6 -12 -5 -11 -16
right_child=1 2 3 4 14 -7 -8 8 18 10 20 -13 -14 -15 23 16 -18 -19 -20 -21 -22 -23 -24 -25
leaf_value=-0.054996127469801905 -0.010622650734401266 0 -0.041438025301181854 0.029954585878897835 0 0 -0.04275572355562543 0 0.053367679204365782 -0.05661647744700489 0 0 -0.051197599794101822 0.035670583188642156 0 0.062977407353860704 0 0 0 -0.037512335371384632 0.024504045045563288 0 0 0.015746386739271753
leaf_weight=44.87194337323308 10.804678935557606 4.5542778819799414 16.58173561654985 33.307934388518333 6.2805678360164192 8.2577766422182304 20.656869696453214 5.4831173475831738 37.94183798879385 42.457821052521467 5.0713517591357222 3.6018746495246878 29.721245486289263 14.490895371884106 6.4817359112203112 79.27161879837513 17.462806107476354 11.282810397446154 7.8730756994336835 13.021447379142044 9.8700531199574453 8.2280638329684717 3.2160712555050841 8.4186297748237831
leaf_count=1380 295 37 136 256 53 122 416 46 451 781 172 25 503 111 68 818 161 75 94 109 56 66 57 61
internal_value=-0.000562016 0.00458266 0.0126667 0.0199521 0.0310659 0.039859 0 0.00841921 0.0346475 -0.01945 -0.0345935 -0.0272951 -0.0396071 0 0 0.044684 0.0554121 0.014748 0.0471728 -0.0254923 0 0.0257538 -0.0544246 0.0119667
internal_weight=449.21 404.338 318.427 280.55 192.013 157.811 88.5366 67.8798 51.298 85.9109 60.6153 37.8774 34.2755 25.2956 34.2024 149.553 96.7344 52.8188 45.8149 19.302 14.9414 41.536 45.6739 14.9004
internal_count=6349 4969 3497 2932 1789 1498 1143 727 591 1472 1066 565 540 406 291 1376 979 397 545 162 228 322 838 129
is_linear=0
shrinkage=0.1


Tree=85
num_leaves=25
num_cat=0
split_feature=31 36 0 41 30 31 56 62 55 61 60 31 39 41 43 60 48 43 63 33 58 46 15 36
split_gain=15.4183 10.1625 5.46575 11.3981 6.83814 8.30234 7.07788 4.64662 5.65597 3.38327 3.53003 3.76759 2.43988 2.39616 2.06632 2.03996 1.49081 1.39206 0.866892 0.61441 0.542084 0.519067 0.437508 0.0613376
threshold=45.850000381469734 1.4731848239898684 185.12436676025393 -70.908264160156236 37.350000381469734 34.45000076293946 -41.193420410156243 -50.499999999999993 51.667358398437507 -62.499999999999993 4.9623718261718759 24.94999980926514 0.65768292546272289 124.57687377929689 -21.552886962890621 36.649627685546882 -38.000305175781243 -17.590118408203121 106.69110107421876 1.008553206920624 -225.49999999999997 128.49694824218753 71.500000000000014 1.4177653789520266
decision_type=2 2 2 2 2 2 2 2 2 2 2 2 2 2 2 2 2 2 2 2 2 2 2 2
left_child=1 2 3 12 -5 7 -7 8 17 14 16 -12 -1 -9 20 -16 -11 -6 -4 -20 -3 -8 -13 -21
right_child=-2 9 18 4 5 6 21 13 -10 10 11 22 -14 -15 15 -17 -18 -19 19 23 -22 -23 -24 -25
leaf_value=0.049923194971432737 -0.055185097996635728 0 0 0.041145521849406397 -0.030176960758878792 0 -0.062610010033684799 -0.04070206723763814 0.052033630683429401 -0.020774728299860028 0 -0.053152436910937954 0 0 0.044911014170167074 0 0.021641230993498625 0.0052548756100660246 0 0.053287409770939223 -0.024600623480193425 0 0 0
leaf_weight=57.237841544672847 41.764483567327261 9.0313096046447772 4.5301140286028376 20.301915034651756 12.453121496364476 10.630698015913365 46.843435227870941 22.772162778303031 29.095260199159384 13.222665356472136 5.2284033000469199 47.106879288330674 23.311216320842505 8.1719783842563611 15.769180886447431 10.303554719313977 15.028399851173161 11.776937361806629 7.0432265885174266 49.829166922718287 13.838843749836085 4.5377207193523637 2.2609767168760291 5.6673010196536771
leaf_count=621 1069 78 41 123 121 115 512 283 190 294 48 1041 217 91 82 127 135 82 91 639 174 63 48 64
internal_value=0.000104042 0.00662492 0.0171032 0.00759133 -0.00493465 -0.0151347 -0.0426329 0.000158406 0.0227025 -0.0146221 -0.0270816 -0.0414274 0.0387015 -0.0230682 0 0.0238916 0 0 0.0437359 0.0466877 -0.0132077 -0.0590997 -0.0511595 0.0505076
internal_weight=487.757 445.992 314.202 247.132 166.583 146.281 62.0119 84.2695 53.3253 131.79 82.8473 54.5963 80.5491 30.9441 48.9429 26.0727 28.2511 24.2301 67.0698 62.5397 22.8702 51.3812 49.3679 55.4965
internal_count=6349 5280 3253 2418 1580 1457 690 767 393 2027 1566 1137 838 374 461 209 429 203 835 794 252 575 1089 703
is_linear=0
shrinkage=0.1


Tree=86
num_leaves=25
num_cat=0
split_feature=56 76 60 42 51 43 50 68 64 48 56 75 27 66 31 58 0 55 66 66 55 16 70 59
split_gain=8.31209 11.2518 10.8184 12.8511 7.1954 9.89244 8.49789 7.69207 4.03348 3.67959 3.43642 2.92607 2.82284 3.37208 3.31877 2.4874 2.42518 2.75133 2.57682 1.34026 0.712656 0.439588 0.33973 0.000724147
threshold=211.07696533203128 62.457626342773445 -12.675872802734373 -117.39352416992186 14.603668212890627 -23.263183593749996 77.152923583984389 16.697479248046879 105.04248046875001 544.10525512695324 15.079406738281252 94.324188232421889 112.50000000000001 -80.499999999999986 27.550000190734867 -11.499999999999998 -90.243091583251939 28.481536865234379 -546.99999999999989 -141.49999999999997 -109.17999267578124 40.500000000000007 -194.49999999999997 37.843658447265632
decision_type=2 2 2 2 2 2 2 2 2 2 2 2 2 2 2 2 2 2 2 2 2 2 2 2
left_child=1 2 3 20 5 16 7 -6 23 -2 -5 12 13 -8 -15 22 18 19 -4 -18 -1 -7 -10 -3
right_child=9 8 4 10 6 21 11 -9 15 -11 -12 -13 -14 14 -16 -17 17 -19 -20 -21 -22 -23 -24 -25
leaf_value=-0.03484908257094254 -0.053258004293329102 -0.00089351086312579569 0 0.059769191312917413 -0.0065984799680384523 -0.054166584693502211 0 0.057090908712062571 0.014804001097957407 0 0 0.005446855542745657 0 0 -0.056146313722606568 0.050694302816580931 0.047120779533850722 0 -0.041667647230052528 0 0 0 0 0
leaf_weight=15.564084451645614 36.518635641783476 6.6670613475143892 8.6210240013897437 55.52675848454237 12.466941403225063 75.254801206290722 5.6981635615229598 39.647331537678838 13.09820342436433 8.5977444406598789 3.9466450810432425 6.7356952875852576 7.1437813490629187 3.2068392150104037 44.650142412632704 69.223730262368917 21.138544443994761 6.5778688937425605 19.866216465830803 7.2587370872497585 5.1409540735185137 3.9834522213786832 13.442376162856815 4.2360830269753933
leaf_count=307 797 105 104 837 141 980 35 224 104 123 29 48 52 32 819 821 154 60 229 71 81 40 117 39
internal_value=0 0.00459138 -0.00303189 0.026676 -0.0140963 -0.0292953 0.000312015 0.0333912 0.0330123 -0.039356 0.0528123 -0.018617 -0.0290344 -0.0381453 -0.0478639 0.0402707 0 0.01743 -0.0204322 0.035524 -0.0252166 -0.0523165 0 0
internal_weight=494.212 449.095 342.428 80.1784 262.25 142.701 119.549 52.1143 106.667 45.1164 59.4734 67.4346 60.6989 53.5551 47.857 95.7643 63.4624 34.9752 28.4872 28.3973 20.705 79.2383 26.5406 10.9031
internal_count=6349 5429 4243 1254 2989 1638 1351 365 1186 920 866 986 938 886 851 1042 618 285 333 225 388 1020 221 144
is_linear=0
shrinkage=0.1


Tree=87
num_leaves=22
num_cat=0
split_feature=31 30 31 30 31 64 60 60 26 76 74 44 53 44 60 36 48 29 63 36 74
split_gain=13.2873 6.52446 7.92652 14.6543 12.5659 8.16529 14.2607 6.04133 4.54917 3.23737 2.5665 2.19605 1.89898 1.51839 1.47457 1.25649 0.647545 0.551947 0.462024 0.202932 0.00446666
threshold=27.550000190734867 36.250000000000007 45.250000000000007 38.95000076293946 36.350000381469734 89.598846435546889 19.233673095703129 226.85919189453128 100.50000000000001 73.344009399414077 6.5000000000000009 -10.048248291015623 55.500000000000007 -6.2177734374999991 4.9623718261718759 2.3760447502136235 146.67987060546878 114.50000000000001 -72.065277099609361 0.64187118411064159 -1.0000000180025095e-35
decision_type=2 2 2 2 2 2 2 2 2 2 2 2 2 2 2 2 2 2 2 2 2
left_child=-1 17 3 9 5 6 13 16 10 15 14 -8 -13 -5 18 19 -4 -2 -6 -3 -15
right_child=1 2 7 4 8 -7 11 -9 -10 -11 -12 12 -14 20 -16 -17 -18 -19 -20 -21 -22
leaf_value=-0.05379068020030843 -0.044247006014339854 0 0.05725369174297517 -0.050931213995624947 0.019566371140870988 -0.051437944036726781 0 -0.0010428324747354899 0 0 0 0.056309783079561596 0 0 0.056403380417914352 0 0 0 0 -0.057490488521607791 -0.001911977869392908
leaf_weight=41.43097823113203 23.013536443933848 3.9484024792909613 50.50344018265605 21.545288112014532 9.6649020649492758 29.171840388327837 4.7273392230272284 6.9094925858080378 13.573809836059807 12.921546466648577 5.3124396968632928 41.380982104688883 4.4297067038714877 5.0395916551351538 76.367644939571619 6.7313111424446097 6.6202914193272582 1.8578882720321406 6.4451020043343297 43.092736430466175 9.8151262961328012
leaf_count=1380 660 24 328 311 79 599 37 88 119 99 107 488 60 53 832 48 125 49 186 567 110
internal_value=-0.000748886 0.00403655 0.00869835 0 0.0136989 -0.00588423 0.00497664 0.0400471 0.038048 -0.0386845 0.0458018 0.0429983 0.0498559 -0.0347801 0.0498574 -0.0491631 0.0529589 -0.040275 0 -0.0547739 0
internal_weight=424.503 383.072 358.201 294.168 227.474 116.11 86.938 64.0332 111.364 66.694 97.7901 50.538 45.8107 36.4 92.4776 53.7725 57.1237 24.8714 16.11 47.0411 14.8547
internal_count=6349 4969 4260 3719 2981 1658 1059 541 1323 738 1204 585 548 474 1097 639 453 709 265 591 163
is_linear=0
shrinkage=0.1


Tree=88
num_leaves=27
num_cat=0
split_feature=31 36 33 31 22 45 71 43 39 16 36 41 34 34 11 14 16 37 34 40 31 62 37 37 72 39
split_gain=13.8265 8.98082 4.96488 4.37044 2.95179 2.82214 4.16371 2.90114 2.60456 2.69198 2.05011 2.14482 1.66409 1.62262 1.55539 1.48577 0.959693 0.784181 0.73432 0.549514 0.545882 0.286873 0.153022 0.0978458 0.00243531 0.343276
threshold=45.850000381469734 1.4731848239898684 1.0336170196533205 34.549999237060554 -41.499999999999993 152.93814086914065 -26.190856933593746 -28.260040283203121 0.37593841552734381 -21.499999999999996 1.1403318643569949 64.841217041015639 2.9087336063385014 2.418185949325562 -33.499999999999993 49.500000000000007 51.500000000000007 0.34368877112865454 0.59005457162857067 1.4498902559280398 36.149999618530281 -43.499999999999993 4.0885775089263925 -2.5334573984146114 37.805755615234382 0.80765497684478771
decision_type=2 2 2 2 2 2 2 2 2 2 2 2 2 2 2 2 2 2 2 2 2 2 2 2 2 2
left_child=1 2 10 14 20 6 7 -5 -6 -10 11 24 16 18 -4 22 -8 -16 -12 -19 21 -3 23 -11 -1 -26
right_child=-2 4 3 5 8 -7 12 -9 9 15 13 -13 -14 -15 17 -17 -18 19 -20 -21 -22 -23 -24 -25 25 -27
leaf_value=0 -0.053930259178769674 0.02229923449090826 0 0 0 0.03304196674872472 -0.041483462653571161 0.043811824358999385 0 0 0 0.034249454997156037 0 0 0 0 0 0.054692836858979299 -0.03585853268681137 0 0 0 0 -0.048644458007587439 -0.011564859775586328 0
leaf_weight=12.573075845837591 38.749819245189428 14.624626403674487 4.4767107535153619 5.2151595689356354 23.13862419500947 25.239982333034277 28.756432188674808 20.136242175474763 12.210647307336329 2.7027778010815373 4.8468460403382805 22.60094316676259 8.43210028298199 12.602575974538921 8.1774203144013864 2.7418742757290593 5.3762836940586558 66.079565593972802 25.740282312035561 16.580575380474329 7.5469876565039149 6.6304583735764036 5.6492127887904635 49.808777974918485 23.445026334375147 7.3228374924510709
leaf_count=95 1069 94 48 70 246 263 317 201 162 42 40 219 83 125 80 29 30 791 369 232 114 82 64 1194 226 64
internal_value=0.000237354 0.00661477 0.0167895 0.0265174 -0.013676 0.00452752 0 0.0226611 -0.0232255 -0.0323976 0 0.0107393 -0.0246774 -0.0166363 0.042435 -0.0409547 -0.0347128 0.045321 -0.0295692 0.0484112 0.00211594 0.0153831 -0.0447051 -0.0472441 0 -0.000856834
internal_weight=461.406 422.656 297.602 188.47 125.054 93.1562 67.9162 25.3514 96.2519 73.1133 109.132 65.9419 42.5648 43.1897 95.3143 60.9026 34.1327 90.8376 30.5871 82.6601 28.8021 21.2551 58.1608 52.5116 43.3409 30.7679
internal_count=6349 5280 3253 2115 2027 964 701 271 1737 1491 1138 604 430 534 1151 1329 347 1103 409 1023 290 176 1300 1236 385 290
is_linear=0
shrinkage=0.1


Tree=89
num_leaves=28
num_cat=0
split_feature=30 34 68 46 43 31 51 72 48 30 72 60 24 31 38 22 31 43 61 68 51 48 33 42 69 34 34
split_gain=8.05294 5.67535 6.01145 5.17105 6.06709 5.61566 4.17484 4.7019 4.26486 3.43001 2.64802 2.38031 1.89572 2.53914 1.83394 1.25861 1.17771 0.844718 1.98875 0.974626 1.37867 0.653269 0.601857 0.4896 0.439847 0.35182 0.23301
threshold=36.149999618530281 1.625430762767792 52.010223388671882 -100.20410156249999 -17.590118408203121 1.4499999880790713 14.603668212890627 174.01733398437503 494.17230224609381 42.049999237060554 276.34298706054693 9.3675537109375018 -126.99999999999999 45.149999618530281 0.27835729718208319 118.50000000000001 46.649999618530281 68.222900390625014 -24.499999999999996 310.71847534179693 14.603668212890627 -53.160156249999993 1.1246604919433596 406.49468994140631 332.50000000000006 1.2788710594177248 1.4583926200866701
decision_type=2 2 2 2 2 2 2 2 2 2 2 2 2 2 2 2 2 2 2 2 2 2 2 2 2 2 2
left_child=16 3 9 -2 5 -5 10 14 24 15 25 -11 -7 -14 -8 21 -1 18 19 20 -4 -3 -20 -10 -9 -6 -16
right_child=1 2 17 4 6 12 7 8 23 11 -12 -13 13 -15 26 -17 -18 -19 22 -21 -22 -23 -24 -25 -26 -27 -28
leaf_value=0 -0.037946984482025117 0 -0.034969718029360025 -0.0145463687615321 -0.039516726962328053 0 0 -0.041172146278583413 0.023027379606838289 0.024018365194819792 0 -0.030687824234107028 0.052070042935399068 0 0.040818203374944961 0 0.049078365034934734 -0.020992422277884282 0.034229766524423881 0.0082013354790132463 0 -0.058003205350677434 0 0 0 0 0
leaf_weight=3.7268995046615592 20.467939205467701 3.8247264996170989 16.19909189268947 7.6881055608391753 37.72839936427772 11.440183717757462 11.084601849317549 25.203308796510104 13.160982672125103 11.612666964530947 8.7998088262975198 14.286478184163569 64.687686985358596 4.937938328832387 41.80656847730279 3.076907366514205 33.702902913093567 11.871846571564673 21.547294002026323 9.2589087784290296 12.604492498561738 48.583511751145124 6.3372342549264422 4.4584648441523305 2.2786810155957928 7.304114554077386 10.764137545600532
leaf_count=36 418 38 193 49 313 77 99 603 151 79 113 403 724 37 336 19 646 297 184 60 141 948 72 101 41 70 101
internal_value=0 -0.00350937 -0.0189454 0.00386012 0.00949208 0.0302715 0 0.00903701 -0.00808774 -0.0375467 -0.0241029 0 0.0405952 0.0466144 0.0283225 -0.0513127 0.0434472 0 0.00561682 0 -0.0169462 -0.0548673 0.026978 0.0129486 -0.0376659 -0.0353123 0.0360209
internal_weight=468.444 431.014 159.203 271.811 251.343 88.7539 162.589 108.757 45.1014 81.3843 53.8323 25.8991 81.0658 69.6256 63.6553 55.4851 37.4298 77.8189 65.947 38.0625 28.8036 52.4082 27.8845 17.6194 27.482 45.0325 52.5707
internal_count=6349 5667 2434 3233 2815 887 1928 1432 896 1487 496 482 838 761 536 1005 682 947 650 394 334 986 256 252 644 383 437
is_linear=0
shrinkage=0.1


Tree=90
num_leaves=22
num_cat=0
split_feature=31 60 64 60 30 24 31 30 51 31 43 56 65 74 59 31 30 39 46 47 26
split_gain=11.641 5.68434 8.37361 6.15221 7.57115 6.75678 8.25083 5.5369 5.17549 5.79379 3.562 3.08546 3.00358 2.98669 2.91808 1.96924 0.580794 0.516555 0.460813 0.0258146 0.0224393
threshold=27.550000190734867 9.9990234375000018 71.617980957031264 40.660217285156257 37.850000381469734 69.500000000000014 32.149999618530281 38.95000076293946 -47.124954223632805 46.750000000000007 -93.536407470703111 247.52563476562503 189.50000000000003 -100.49999999999999 -4.2393798828124991 41.45000076293946 36.250000000000007 1.2243299484252932 18.872619628906254 -16.063690185546871 178.50000000000003
decision_type=2 2 2 2 2 2 2 2 2 2 2 2 2 2 2 2 2 2 2 2 2
left_child=-1 8 7 13 11 6 -6 18 10 17 -2 20 14 -4 -9 -7 -11 -10 19 -3 -5
right_child=1 2 3 4 5 15 -8 12 9 16 -12 -13 -14 -15 -16 -17 -18 -19 -20 -21 -22
leaf_value=-0.052553875685985012 -0.012709288740563086 0 0 -0.045816293475330505 -0.0099294879507851545 -0.033111210590776229 0.059003412083526642 0 -0.051333250831319732 0 0.040246221161042844 0 0 -0.051898511244271021 0.060735810308101934 0.00078887249160566235 0.021914501884687573 0 -0.013626718934683875 0.011807347743283006 0
leaf_weight=38.33316745609045 9.4400732945650834 8.1410398073494417 4.5970456898212424 23.666168879717592 8.3974088057875615 16.069143945351247 57.046748222783208 13.279345840215681 49.01843255199492 4.5964099187403908 19.696795016527176 7.4967860020697108 4.6082750707864752 29.130853476002812 61.770336527377367 7.6231167800724497 9.690351873636244 3.0020915418863288 15.191921845078467 9.0664951354265231 3.0987324975430957
leaf_count=1380 312 65 20 403 221 241 686 95 889 175 174 60 39 401 797 67 64 28 106 51 75
internal_value=-0.000992989 0.00342248 0.0118923 -0.000169666 0.00716464 0.0252851 0.0430131 0.0326665 -0.0152425 -0.0324602 0.00814016 -0.0253944 0.0465095 -0.0390402 0.0517652 -0.00465801 0 -0.048937 0 0.00826895 -0.0432254
internal_weight=402.961 364.628 269.183 157.126 123.398 89.1364 65.4442 112.057 95.4442 66.3073 29.1369 34.2617 79.658 33.7279 75.0497 23.6923 14.2868 52.0205 32.3995 17.2075 26.7649
internal_count=6349 4969 3327 2174 1753 1215 907 1153 1642 1156 486 538 931 421 892 308 239 917 222 116 478
is_linear=0
shrinkage=0.1


Tree=91
num_leaves=25
num_cat=0
split_feature=31 56 59 72 56 30 41 64 39 31 60 45 36 42 43 21 36 71 36 75 62 23 62 26
split_gain=12.1192 7.91992 16.3343 7.14684 7.33059 5.53472 7.13748 6.97382 5.34891 4.57335 3.99257 3.57119 3.00472 1.94014 1.84259 1.51952 1.49014 0.63794 0.348017 1.31989 0.251091 0.01934 0.00657663 0.000777768
threshold=44.850000381469734 120.67163085937501 17.275512695312504 224.36822509765628 245.60144042968753 38.149999618530281 -70.908264160156236 51.196655273437507 0.61968049407005321 35.750000000000007 29.750030517578129 174.8811950683594 1.0624266266822817 -64.699157714843736 -16.317810058593746 59.500000000000007 1.4731848239898684 -132.17657470703122 1.2385262846946719 -29.523162841796871 -161.49999999999997 21.500000000000004 -161.49999999999997 57.500000000000007
decision_type=2 2 2 2 2 2 2 2 2 2 2 2 2 2 2 2 2 2 2 2 2 2 2 2
left_child=1 2 5 9 -5 14 8 13 17 15 -9 22 23 -8 -1 -3 -6 -7 -10 -20 -15 -19 -4 -2
right_child=12 3 11 4 16 6 7 10 18 -11 -12 -13 -14 20 -16 -17 -18 21 19 -21 -22 -23 -24 -25
leaf_value=0 -0.0009191353532184062 0.062320923627918884 0 -0.040860650271364859 0.041828824089820908 0 0 0.040177334431241607 0 0 -0.019241211515541395 0 -0.054513615190947107 0 0.05626133169579256 0 0 0.051648534160952032 -0.030240256703410448 0 -0.055309758194562145 0 -0.058257741319696556 0
leaf_weight=6.802325375378131 6.8030785620212537 58.022852957248688 3.196822725236415 23.471479507163167 23.320027085021142 8.3681233022361976 4.0927192773669949 20.358313784003261 8.1613005734980124 17.375470078550279 9.5882968511432392 8.3395643401890975 40.652830223552883 5.1013641469180575 28.91035883128643 6.1352581307291976 6.4714645203202954 36.723153404891491 15.835674872621896 5.5833305567502967 35.992141725495458 4.8385828342288724 48.873139248229563 7.1820886544883251
leaf_count=65 84 542 39 341 328 120 70 108 102 281 98 154 1204 54 242 95 121 421 285 39 519 52 952 33
internal_value=0.000371339 0.00775769 -0.00100472 0.0273051 0 0.0114668 0 -0.0186829 0.0232582 0.0454987 0.00623141 -0.0469151 -0.0414291 -0.0448075 0.0460111 0.0574249 0.0305795 0.0432295 0 -0.0120867 -0.0514068 0.0486785 -0.0565118 0
internal_weight=440.2 385.562 250.765 134.797 53.263 190.356 154.643 75.1328 79.5102 81.5336 29.9466 60.4095 54.638 45.1862 35.7127 64.1581 29.7915 49.9299 29.5803 21.419 41.0935 41.5617 52.07 13.9852
internal_count=6349 5028 3320 1708 790 2175 1868 849 1019 918 206 1145 1321 643 307 637 449 593 426 324 573 473 991 117
is_linear=0
shrinkage=0.1


Tree=92
num_leaves=25
num_cat=0
split_feature=56 76 60 41 51 44 46 67 67 64 30 66 27 0 58 66 71 52 55 63 16 56 70 31
split_gain=6.77208 8.99343 8.21901 10.3039 6.04656 8.78621 6.17344 7.08429 3.53781 3.51662 2.71053 2.91564 2.69815 1.89809 1.84417 1.73195 1.1996 0.630268 0.630104 0.488658 0.460637 0.311341 0.239183 0.0808772
threshold=211.07696533203128 62.457626342773445 -12.675872802734373 -120.91571044921874 14.603668212890627 -18.926361083984371 57.437896728515632 15.961517333984377 438.07565307617193 105.04248046875001 45.250000000000007 -80.499999999999986 112.50000000000001 -81.121406555175767 -11.499999999999998 -586.49999999999989 43.294586181640632 -29.286895751953121 -109.17999267578124 84.574188232421889 39.500000000000007 1.7782897949218752 -194.49999999999997 47.45000076293946
decision_type=2 2 2 2 2 2 2 2 2 2 2 2 2 2 2 2 2 2 2 2 2 2 2 2
left_child=1 2 3 18 5 13 7 23 -2 -3 11 -8 -13 15 22 -4 17 -15 -1 -12 -7 -5 -11 -6
right_child=8 9 4 21 6 20 10 -9 -10 14 19 12 -14 16 -16 -17 -18 -19 -20 -21 -22 -23 -24 -25
leaf_value=-0.02816707269433092 -0.053351582500143407 0 0 0.055602736675959955 -0.012236392166143965 -0.051001077250542981 0 0.054707680639010797 0 0.012743977052439865 0 -0.052001491387962506 0 0 0.048073456993075928 -0.032292651962620871 0 0.043255974081626125 0 0.018372005588156486 0 0 0 0
leaf_weight=12.936137350276114 30.926140192896128 10.109099239110945 7.0291902720928219 44.548882570117712 8.5316493287682516 71.478050263598561 4.4552365504205218 36.454525373876095 9.4883139412850124 12.323845725506546 4.9951992407441166 34.106218300759792 5.2654218673706046 6.1947316266596362 62.420460490509868 19.920647917315364 6.215866118669509 14.335267629474401 9.7170470058917982 12.074089843779801 3.7918811831623307 3.4925631396472445 12.492946084588764 3.4761294052004805
leaf_count=298 763 144 93 765 159 1026 28 228 157 104 133 626 35 66 821 245 55 109 147 108 44 44 117 34
internal_value=0 0.00448709 -0.00250921 0.0247775 -0.0127729 -0.0275494 0.000556192 0.0301652 -0.0372745 0.0310556 -0.0156404 -0.0303521 -0.041442 0 0.0382821 -0.0142498 0.021135 0.0330279 -0.0153047 0 -0.0491409 0.053065 0 -0.00758231
internal_weight=446.78 406.365 309.019 70.6946 238.324 128.966 109.358 48.4623 40.4145 97.3464 60.8962 43.8269 39.3716 53.6957 87.2373 26.9498 26.7459 20.53 22.6532 17.0693 75.2699 48.0414 24.8168 12.0078
internal_count=6349 5429 4243 1254 2989 1638 1351 421 920 1186 930 689 661 568 1042 338 230 175 445 241 1070 809 221 193
is_linear=0
shrinkage=0.1


Tree=93
num_leaves=22
num_cat=0
split_feature=31 30 31 30 70 37 26 68 37 52 60 30 31 35 34 31 22 53 41 45 37
split_gain=10.5188 9.30749 11.1148 9.20089 7.60807 6.47065 5.26265 3.50332 1.93365 1.92882 1.77767 1.69099 1.41111 1.14397 0.817624 0.804074 0.51937 0.487442 0.299908 0.221755 0.193988
threshold=34.049999237060554 39.049999237060554 44.850000381469734 37.250000000000007 1.0000000180025095e-35 2.7766885757446294 95.500000000000014 68.825958251953139 -0.85226657986640919 109.49313354492189 -44.684112548828118 36.250000000000007 45.250000000000007 1.0972878932952883 0.6086903214454652 47.250000000000007 170.50000000000003 124.50000000000001 -69.104827880859361 121.84732055664064 9.6238088607788104
decision_type=2 2 2 2 2 2 2 2 2 2 2 2 2 2 2 2 2 2 2 2 2
left_child=4 2 9 11 8 6 10 -6 -1 13 -3 16 -5 14 -2 -13 -4 -12 -7 -20 -10
right_child=1 5 3 12 7 18 -8 -9 20 -11 17 15 -14 -15 -16 -17 -18 -19 19 -21 -22
leaf_value=0 0 0 -0.038076026684762211 0 0.035891736372878617 -0.015999778927317534 0 -0.02179873048237619 -0.051969072554959056 0 0.057272923269633784 -0.013582689621528563 0.053028996799159712 0 -0.0573161094360524 0.019791411850159091 0 0 0.011180947340599382 0 0
leaf_weight=9.0206019468605501 4.5123506486415854 8.558793234638868 18.521717002615336 7.8305900469422332 19.74729106575251 9.3121304325759393 11.69469798915088 11.285327826626597 66.037673530168831 4.421494908630847 72.115941092371941 8.853876397013666 36.721878957003355 6.6260786261409512 41.626878937706351 12.822341497987507 1.5118838325142849 4.4193501099944106 15.335105653852226 7.460569178685545 2.0822232514619818
leaf_count=158 32 237 652 82 325 128 119 359 1719 37 880 114 323 71 549 104 40 46 184 166 24
internal_value=-0.00103878 0.0081182 -0.00679238 0.0116994 -0.0281292 0.0282052 0.0412962 0.000432046 -0.0453467 -0.0421245 0.0503465 -0.0136616 0.0451951 -0.0476058 -0.0530219 0 -0.0334755 0.055089 0 0 -0.0509268
internal_weight=380.519 272.346 143.449 86.2623 108.173 128.897 96.7888 31.0326 77.1405 57.1868 85.0941 41.7098 44.5525 52.7653 46.1392 21.6762 20.0336 76.5353 32.1078 22.7957 68.1199
internal_count=6349 3764 2004 1315 2585 1760 1282 684 1901 689 1163 910 405 652 581 218 692 926 478 350 1743
is_linear=0
shrinkage=0.1


Tree=94
num_leaves=29
num_cat=0
split_feature=31 36 33 34 40 59 39 56 24 54 74 38 42 37 40 39 11 64 9 39 20 40 34 36 37 54 26 31
split_gain=10.8868 6.97361 4.05437 3.35221 7.04366 3.80359 2.65374 2.38763 1.348 1.23639 2.43379 1.04926 1.12906 1.03821 0.871552 0.776484 0.648462 0.55356 0.553361 0.527944 0.468478 0.275668 0.21106 0.10456 0.09491 0.0699466 0.534165 0.0247322
threshold=45.850000381469734 1.24363648891449 0.75314569473266613 2.2902520895004277 1.2868252396583559 2.0660095214843754 0.81951597332954418 211.07696533203128 -210.49999999999997 -183.49999999999997 -119.49999999999999 1.3087673783302309 -114.39620971679686 -2.2016481161117549 3.3350833654403691 0.6056419610977174 37.500000000000007 -53.278533935546868 -36.499999999999993 0.61108094453811657 -59.499999999999993 -0.97264671325683583 2.1242274045944218 1.8324680924415591 6.0524773597717294 -102.49999999999999 27.500000000000004 33.45000076293946
decision_type=2 2 2 2 2 2 2 2 2 2 2 2 2 2 2 2 2 2 2 2 2 2 2 2 2 2 2 2
left_child=1 2 25 4 7 -5 14 9 -6 10 19 12 -11 -14 16 23 18 -10 -4 -3 -19 -20 24 -7 -22 -1 -27 -8
right_child=-2 3 6 5 8 15 27 -9 17 11 -12 -13 13 -15 -16 -17 -18 20 21 -21 22 -23 -24 -25 -26 26 -28 -29
leaf_value=0 -0.051187556342556763 0 0 0.043051477633326923 0 0.0080447237618245324 0 0.032618011442001445 0 0 0.035308864900804073 0 0 -0.042020895455930241 0 -0.021446491831407261 0 0 0 -0.022400403196666641 -0.048542156773095889 0.041835958500521964 0 0 0 -0.02009887107991138 0 -0.0044234707370672767
leaf_weight=14.198877133429052 33.304780674166977 4.3642255999147919 4.3317997362464657 22.948641180992126 2.9647910892963401 13.752927940338852 10.538686273619534 19.614979594945908 4.0350005254149428 2.4457189161330488 16.056099966168404 4.4364033192396155 3.5825831983238485 23.085152895189822 8.8416302502155286 14.478503800928591 4.5202854126691809 3.4615125320851794 7.8812465555965892 10.77372597530484 50.80421301163733 95.870964992791414 3.5331127103418103 5.421370167285203 2.5591752845793954 12.551223689690234 4.7303620316088191 10.23635941930115
leaf_count=122 1069 39 40 219 28 131 79 200 45 29 111 35 38 493 92 366 41 48 68 148 1161 1256 69 70 28 167 28 129
internal_value=0.000283543 0.0063171 0.0215037 -0.00415852 -0.0135301 0.0123175 0.0290414 0.000638912 -0.037598 -0.00268927 0.000497434 -0.0188988 -0.0272096 -0.0345112 0.0346288 0 0.0369746 -0.0409654 0.0384934 -0.00871579 -0.0432926 0.0399291 -0.0454165 0 -0.0472354 0 -0.00596096 0
internal_weight=415.324 382.02 173.701 208.318 151.717 56.6014 142.221 84.3589 67.3578 64.7439 31.1941 33.5499 29.1135 26.6677 121.446 33.6528 112.604 64.393 108.084 15.138 60.358 103.752 56.8965 19.1743 53.3634 31.4805 17.2816 20.775
internal_count=6349 5280 2022 3258 2472 786 1705 1093 1379 893 298 595 560 531 1497 567 1405 1351 1364 187 1306 1324 1258 201 1189 317 195 208
is_linear=0
shrinkage=0.1


Tree=95
num_leaves=29
num_cat=0
split_feature=30 60 40 56 60 66 42 74 64 68 30 3 56 62 31 31 48 30 72 56 72 50 48 8 30 39 39 43
split_gain=5.88939 4.81604 6.10281 5.88721 3.63864 3.45021 2.70432 2.54523 3.12809 2.56757 1.95407 2.11231 1.69334 1.2944 1.28781 1.19317 0.985743 1.29938 1.12732 1.88679 0.574686 0.393494 0.635976 0.335635 0.262923 0.208685 0.175963 0.156019
threshold=36.049999237060554 211.34890747070315 1.4655285477638247 239.19567871093753 -12.675872802734373 -586.49999999999989 -117.39352416992186 -73.499999999999986 135.6304626464844 57.497619628906257 67.449996948242202 607.75338745117199 13.460845947265627 -321.49999999999994 46.649999618530281 32.549999237060554 -38.000305175781243 38.549999237060554 83.820953369140639 35.671081542968757 167.27825927734378 147.30471801757815 350.76235961914068 -29.499999999999996 117.34999847412111 0.68329560756683361 0.39771854877471929 -31.908264160156246
decision_type=2 2 2 2 2 2 2 2 2 2 2 2 2 2 2 2 2 2 2 2 2 2 2 2 2 2 2 2
left_child=14 2 4 13 6 -6 25 15 9 16 11 23 -8 -3 -1 -4 -9 -18 19 -19 26 -10 -23 -7 -12 -2 -11 -17
right_child=1 3 7 -5 5 10 12 8 21 20 24 -13 -14 -15 -16 27 17 18 -20 -21 -22 22 -24 -25 -26 -27 -28 -29
leaf_value=0 -0.025862214440838988 0 0 -0.015592102241944523 0 0 0.041805375302801706 0.025034413690745872 0 0 0.012358404313604946 0 0 0.052875978982641125 0.047792414691745749 0 -0.029219954922712434 0 -0.0062459552989897575 0.040590817630271198 0 -0.027949993324396336 0 -0.040225093306128876 -0.010287238636920633 0 0.046614317397088628 -0.034678546011652232
leaf_weight=3.0545459315180805 12.101119676604865 7.5821416787803164 3.9690332300961044 9.7609662041068059 9.208799744024871 6.8357942625880233 18.402474466711286 13.325211789458988 2.8045126833021667 5.752347031608223 7.9423816055059415 4.6776990368962279 3.8849077448248854 32.464701034128666 27.719838941469789 4.5472452417016074 12.815391486510633 8.9525552522391099 10.565356142818926 15.583379488438366 6.0865410324186078 13.897143127396705 2.2696517212316385 118.38006345275789 7.5101881921291351 2.3890826217830172 35.501194037497044 15.563754688948389
leaf_count=28 296 67 46 302 82 92 260 213 22 47 69 88 31 274 621 65 182 144 210 108 92 356 43 2005 66 28 313 199
internal_value=0 -0.00274015 -0.00807137 0.023416 -0.0203875 -0.0272922 0 0.00441451 0.0125102 0.0210505 -0.0320126 -0.0359473 0.0280514 0.044627 0.0410569 -0.0175053 0 0 0 0.0199922 0.0387923 -0.0106827 -0.018527 -0.0387955 0 -0.0212305 0.0429684 -0.0298398
internal_weight=423.548 392.774 342.966 49.8078 191.333 154.555 36.7776 151.633 127.553 108.582 145.346 129.894 22.2874 40.0468 30.7744 24.08 61.2419 47.9167 35.1013 24.5359 47.3401 18.9713 16.1668 125.216 15.4526 14.4902 41.2535 20.111
internal_count=6349 5700 5057 643 3017 2402 615 2040 1730 1309 2320 2185 291 341 649 310 857 644 462 252 452 421 399 2097 135 324 360 264
is_linear=0
shrinkage=0.1


Tree=96
num_leaves=24
num_cat=0
split_feature=31 43 64 74 43 58 64 50 2 49 66 76 0 46 65 64 73 60 44 44 16 72 54
split_gain=9.14366 7.13484 9.98685 5.87222 4.33894 2.95407 2.92288 4.63072 2.73072 2.52091 2.05606 1.80771 2.57976 1.15904 1.02814 1.01797 1.52023 0.763823 0.612342 0.403638 0.250139 0.185681 0.0988299
threshold=34.049999237060554 -5.1935119628906241 89.598846435546889 -74.499999999999986 21.932830810546879 -244.49999999999997 29.407806396484379 -32.259307861328118 131.50901794433597 192.81494140625003 -99.499999999999986 117.82565307617189 446.44982910156256 -105.58789062499999 -53.499999999999993 74.743743896484389 -3.4999999999999996 19.704467773437504 5.8713684082031259 -2.0892028808593746 31.500000000000004 9.6983947753906268 -196.49999999999997
decision_type=2 2 2 2 2 2 2 2 2 2 2 2 2 2 2 2 2 2 2 2 2 2 2
left_child=1 -1 9 5 6 -2 7 13 14 17 -7 15 -13 -5 -6 -10 -17 -3 21 -8 -16 -15 -12
right_child=3 2 -4 4 8 10 19 -9 11 -11 22 12 -14 18 20 16 -18 -19 -20 -21 -22 -23 -24
leaf_value=-0.057547400519154336 0 0 -0.047654336395919178 0 0 0.049567877683860687 0 0.032159412106864162 0 0 0 0.037212917169211587 0 -0.040738493697130507 0.040017143929966636 0 -0.036977803463879716 0.047830991076527461 0 -0.048989471326668664 0 0 0.0082620535351384163
leaf_weight=42.433170625008643 5.4221988879144183 3.4963249098509577 26.626759396865964 2.1138442456722286 4.7879468575119963 47.889221829362214 6.8418770395219353 19.616412993520498 9.7845266629010421 3.7071113418787709 5.7924869619309929 22.58842479065061 5.6812129188328973 23.569006493315108 31.177631629630923 5.8935257047414806 22.936006279662251 26.79073909856379 1.9029695000499476 23.834064764901996 4.1532768029719582 3.9437743090093127 12.074774853885172
leaf_count=1164 106 59 903 13 70 428 51 148 103 39 64 295 64 847 427 113 525 420 24 244 49 48 145
internal_value=-0.00110267 -0.0270453 0 0.00749587 0 0.0315979 -0.0187795 0 0.0111844 0.0305379 0.0388749 0 0.0169487 -0.0263351 0.0310489 -0.0150301 -0.024952 0.0425378 -0.0332245 -0.0422085 0.0368622 -0.0371318 0
internal_weight=363.057 103.054 60.6209 260.003 188.825 71.1787 81.8219 51.146 107.003 33.9942 65.7565 66.8837 28.2696 31.5296 40.1189 38.6141 28.8295 30.2871 29.4158 30.6759 35.3309 27.5128 17.8673
internal_count=6349 2585 1421 3764 3021 743 1375 1080 1646 518 637 1100 359 932 546 741 638 479 919 295 476 895 209
is_linear=0
shrinkage=0.1


Tree=97
num_leaves=25
num_cat=0
split_feature=31 37 30 24 37 34 55 43 64 76 60 39 75 30 68 16 37 45 50 68 7 72 26 35
split_gain=9.8024 11.7056 6.14514 5.03651 6.42416 3.81926 3.19236 8.70129 3.1076 4.02951 2.22156 2.19972 2.07877 1.64548 1.64506 1.22826 1.14366 1.16807 0.549513 0.427063 0.353892 0.0460915 0.0195334 0.00427443
threshold=33.750000000000007 3.1077269315719609 43.45000076293946 319.50000000000006 -1.236879765987396 1.8962029814720156 96.225097656250014 -101.11257934570311 111.79431152343751 92.359680175781264 259.51226806640631 0.71693655848503124 -58.170715332031243 44.049999237060554 51.076965332031257 90.500000000000014 2.7766885757446294 367.79962158203131 -2.8666381835937496 3.0759582519531254 -18.499999999999996 312.00488281250006 39.500000000000007 0.83243611454963695
decision_type=2 2 2 2 2 2 2 2 2 2 2 2 2 2 2 2 2 2 2 2 2 2 2 2
left_child=2 3 -1 4 19 18 7 10 -8 22 12 14 -4 -9 20 16 17 -6 -3 -2 -7 -11 -10 -5
right_child=1 5 6 23 15 11 8 13 9 21 -12 -13 -14 -15 -16 -17 -18 -19 -20 -21 -22 -23 -24 -25
leaf_value=0.058794675037248306 0.016250698077502252 0 0 0 -0.054892070434027565 0 0 0 0.054641543639214821 -0.0058453518120793408 0 0 0.047635106787550757 -0.047587551413370364 0 0 0 0 -0.020224491289357799 0 0.049361301737667673 0 0 0.0043472836574732212
leaf_weight=32.016764879226685 13.768056398257615 8.0736486529931444 12.013862630352376 5.8632498625665885 92.346559307537973 4.7510696835815898 6.275701265782117 7.2351691843941799 33.744400411844254 11.086272139102222 4.6593917533755294 7.5027910266071549 26.294580806046724 33.724474831484258 5.6667410042136899 2.7663472443819037 10.664861238561569 2.2536211945116511 12.85481005348265 9.0877856481820327 37.191199172288179 6.5000707637518635 4.8259882256388655 6.8737429594621062
leaf_count=287 160 99 233 61 2229 53 112 76 363 187 51 112 310 632 82 28 174 53 159 113 456 161 107 51
internal_value=0.000163396 -0.0126622 0.0185833 -0.0304751 -0.0373409 0.0147387 0.00573785 -0.0023123 0.0236812 0.0339347 0.0220778 0.030779 0.0329984 -0.0388235 0.0391063 -0.0475882 -0.049365 -0.0531293 -0.00565417 0 0.0457787 0 0.0512764 0.0029592
internal_weight=398.041 219.664 178.377 143.624 130.887 76.0403 146.36 83.9275 62.4324 56.1567 42.9678 55.1118 38.3084 40.9596 47.609 108.031 105.265 94.6002 20.9285 22.8558 41.9423 17.5863 38.5704 12.737
internal_count=6349 3830 2519 2869 2757 961 2232 1302 930 818 594 703 543 708 591 2484 2456 2282 258 273 509 348 470 112
is_linear=0
shrinkage=0.1


Tree=98
num_leaves=28
num_cat=0
split_feature=56 76 53 66 63 72 39 63 64 67 60 38 68 30 58 36 30 57 68 59 37 62 68 47 60 68 70
split_gain=5.56142 7.08861 6.52397 7.59229 6.02911 3.57963 3.45388 3.32774 3.01581 2.89943 2.51946 2.27314 2.18468 1.91293 1.38341 1.2434 1.71995 1.44979 0.916207 0.855856 0.739079 0.546423 0.313242 0.262771 0.407715 0.0285945 0.0163503
threshold=211.07696533203128 62.457626342773445 -102.49999999999999 -50.499999999999993 -92.080902099609361 38.767486572265632 0.52268582582473766 77.930236816406264 105.04248046875001 438.07565307617193 -13.371429443359373 0.85315778851509105 297.56082153320318 46.149999618530281 -11.499999999999998 1.5536465644836428 38.45000076293946 -1.4999999999999998 322.08532714843756 36.562011718750007 5.5467503070831308 -74.499999999999986 67.701049804687514 146.74267578125003 8.6736450195312518 149.50344848632815 -212.49999999999997
decision_type=2 2 2 2 2 2 2 2 2 2 2 2 2 2 2 2 2 2 2 2 2 2 2 2 2 2 2
left_child=1 2 5 4 -4 26 10 11 -3 -2 -5 20 21 -12 18 16 -8 -18 25 -19 -6 -7 -16 24 -17 -10 -1
right_child=9 8 3 6 7 12 15 -9 14 -11 13 -13 -14 -15 22 23 17 19 -20 -21 -22 -23 -24 -25 -26 -27 -28
leaf_value=0 -0.05080993835640249 0 -0.020747539680540383 0 0.050017275140339074 -0.054861795708053822 0 0 0 0 -0.047315095748388325 0 0 0 0 0 0 0.044902174768786898 0.025909157671222496 0 0 0 0.047987108774431374 0 -0.026937081211030237 -0.0071297661508197292 0.004283064493087848
leaf_weight=4.9372207820415497 27.382456795312464 9.3008130956441146 11.25954228825867 6.035500379279255 71.235672498121858 39.0352863073349 10.628509540110825 5.7317529246211043 4.8739227987825888 8.6256665550172311 39.051086815074086 17.001557286828756 4.8702945187687865 4.0506759844720355 4.2871521841734639 3.8463570587337079 5.1009776322171083 21.704462298192087 10.958935931324957 5.7512996960431328 5.184027846902608 4.4888811390846959 51.841336332261562 2.5516625754535189 12.464883019216357 7.0023237969726324 6.5095035526901466
leaf_count=111 763 144 284 103 1036 471 122 62 49 157 771 249 40 49 75 41 106 203 86 70 52 53 746 29 326 86 65
internal_value=0 0.0045525 -0.00168941 0.00444936 0.0242633 -0.0314625 -0.0110789 0.0344925 0.0292907 -0.035314 -0.0306698 0.040102 -0.0437908 -0.0402375 0.0364233 0 0.013534 0.0270339 0 0.0366227 0.0473649 -0.0509575 0.0456134 -0.0138573 -0.0189371 -0.00366856 0
internal_weight=405.712 369.704 281.439 221.598 110.413 59.8412 111.185 99.153 88.2645 36.0081 49.1373 93.4213 48.3945 43.1018 78.9637 62.0482 43.1852 32.5567 22.8352 27.4558 76.4197 43.5242 56.1285 18.8629 16.3112 11.8762 11.4467
internal_count=6349 5429 4243 3503 1683 740 1820 1399 1186 920 923 1337 564 820 1042 897 501 379 221 273 1088 524 821 396 367 135 176
is_linear=0
shrinkage=0.1


Tree=99
num_leaves=19
num_cat=0
split_feature=31 30 31 30 31 64 59 2 26 37 24 56 56 60 68 31 31 30
split_gain=7.96977 3.88649 6.8888 7.48247 8.53709 5.02344 9.20009 4.35125 3.40399 3.35344 2.78317 1.75503 2.43477 1.23368 0.655072 0.442478 0.259001 0.209276
threshold=27.550000190734867 37.250000000000007 45.250000000000007 38.95000076293946 36.350000381469734 89.598846435546889 5.8669128417968759 144.36492156982425 100.50000000000001 2.994152426719666 26.500000000000004 1.7782897949218752 257.18066406250006 20.739166259765629 -78.284454345703111 42.049999237060554 35.549999237060554 36.250000000000007
decision_type=2 2 2 2 2 2 2 2 2 2 2 2 2 2 2 2 2 2
left_child=-1 11 3 10 5 6 13 -8 9 14 -3 17 -13 16 -6 -12 -5 -2
right_child=1 2 -4 4 8 -7 7 -9 -10 -11 15 12 -14 -15 -16 -17 -18 -19
leaf_value=-0.048577251766753586 -0.0042824288393502816 -0.048901519142915503 0.049521706401975715 -0.045349195408885379 0 -0.045568874349188417 0.05196628972043299 0 0 0 -0.01775216727714236 -0.04701567267391199 0 0 0.054599535382325953 0.008577567911911178 0 0.01344309073895264
leaf_weight=30.689786394126713 7.7579894196242085 30.222669769078493 33.475901061668992 20.109839808195836 5.0525318477302781 23.061501220799983 36.26766711473465 5.0636291354894629 12.067664839327334 15.625738551840184 7.9688857719302204 26.367574308998886 2.8145895898342124 4.2809303328394881 58.379357506521046 13.309694718569515 5.3386954525485626 8.1458171606063825
leaf_count=1380 405 430 327 334 154 599 555 47 119 241 54 539 25 43 809 151 80 57
internal_value=-0.000977335 0.00247041 0.0083711 9.70547e-05 0.0114585 -0.00551347 0.00198777 0.0373217 0.0338354 0.0416209 -0.0305134 -0.021376 -0.0352512 -0.0312465 0.0515056 0 -0.0396151 0
internal_weight=346 315.311 270.225 236.749 185.248 94.1223 71.0608 41.3313 91.1253 79.0576 51.5013 45.086 29.1822 29.7295 63.4319 21.2786 25.4485 15.9038
internal_count=6349 4969 3943 3616 2981 1658 1059 602 1323 1204 635 1026 564 457 963 205 414 462
is_linear=0
shrinkage=0.1


Tree=100
num_leaves=26
num_cat=0
split_feature=31 56 48 72 43 44 43 31 30 64 66 45 37 55 20 70 76 21 52 48 40 49 45 37 75
split_gain=8.49438 6.29741 11.3456 5.32499 4.50956 11.2499 4.83119 3.08123 2.78984 2.8112 2.26108 2.22276 1.75206 1.57432 1.31844 1.28761 1.10411 1.08399 0.993233 0.674206 0.435862 0.144596 0.284061 0.0853922 0.00559436
threshold=44.850000381469734 124.04064941406251 6.6360778808593759 224.36822509765628 -24.422241210937496 -99.784179687499986 11.652313232421877 36.549999237060554 37.750000000000007 95.693023681640639 -111.49999999999999 212.5467224121094 0.74085551500320446 362.67285156250006 49.500000000000007 -349.49999999999994 30.731109619140629 125.50000000000001 -32.591705322265618 360.80319213867193 1.7209490537643435 62.527954101562507 174.8811950683594 2.5399512052536015 -54.14231872558593
decision_type=2 2 2 2 2 2 2 2 2 2 2 2 2 2 2 2 2 2 2 2 2 2 2 2 2
left_child=1 2 4 7 5 12 10 15 -4 11 -6 -10 24 17 -2 -3 18 19 -12 20 -5 -11 -23 -7 -1
right_child=14 3 8 13 6 23 -8 -9 9 21 16 -13 -14 -15 -16 -17 -18 -19 -20 -21 -22 22 -24 -25 -26
leaf_value=-0.00042353634029664657 -0.047991302617771514 0 0 -0.036861085198370051 0 -0.05071200586717356 -0.0038263835012097369 0 -0.059443955868637523 0 0 0 0.044404247766373521 0.027469340875243487 0 0.059040398150546403 0 0 0.055947186100636474 0 0 -0.018592777987653308 0 0 0.002469556502476971
leaf_weight=8.2985615115612728 33.155589321628213 4.8610303848981848 4.1830700971186152 17.164504307322211 9.0736243072897178 28.702570077963177 9.8213998386636359 13.141504923813043 45.108656918630004 6.3766208291053799 5.3129744157195011 3.0452729258686295 23.400500578805804 12.302025776356457 12.382452914491294 48.083046015352011 6.4721417520195237 4.4082234725356093 48.96286082640291 9.031383238732813 2.8906350117176762 9.9966448256745917 3.0796170607209197 2.7552651632577172 6.4548916704952708
leaf_count=159 1136 37 52 310 92 595 185 238 919 39 78 57 361 192 185 600 49 39 465 188 61 156 71 28 57
internal_value=9.44156e-05 0.00695775 -0.00085163 0.0262992 0.0125714 0 0.0290132 0.0439503 -0.034761 -0.0409758 0.0402822 -0.0536758 0.028679 0 -0.0378588 0.0542861 0.0470515 -0.0113776 0.0515892 -0.0221767 -0.0314608 0 -0.00966493 -0.0483449 0
internal_weight=378.465 332.927 221.045 111.882 149.255 69.6118 79.643 66.0856 71.7899 67.6068 69.8216 48.1539 38.154 45.7968 45.538 52.9441 60.748 33.4947 54.2758 29.0865 20.0551 19.4529 13.0763 31.4578 14.7535
internal_count=6349 5028 3363 1665 2069 1200 869 875 1294 1242 684 976 577 790 1321 637 592 598 543 559 371 266 227 623 216
is_linear=0
shrinkage=0.1


Tree=101
num_leaves=30
num_cat=0
split_feature=56 76 53 34 55 66 72 64 67 72 63 58 67 46 44 34 40 62 41 28 39 1 41 34 72 76 31 70 70
split_gain=4.74778 6.04494 5.34269 6.93249 4.81481 5.78383 3.23084 2.75142 2.61663 1.78011 1.63734 1.16661 1.08519 2.99287 0.749876 0.650363 0.566669 0.471002 0.396099 0.329876 0.324893 0.532372 0.632234 0.467901 0.860834 0.306952 0.199419 0.0707576 0.00895075
threshold=211.07696533203128 62.457626342773445 -102.49999999999999 1.8638085722923281 -109.17999267578124 -41.499999999999993 38.767486572265632 105.04248046875001 438.07565307617193 172.6208190917969 75.393920898437514 -11.499999999999998 15.961517333984377 57.437896728515632 -24.857269287109371 1.625430762767792 4.9036672115325937 -74.499999999999986 -125.02865600585936 -94.499999999999986 0.61578688025474559 -13.811282634735106 134.55007934570315 0.90526187419891369 97.972045898437514 114.19635009765626 47.350000381469734 -194.49999999999997 -212.49999999999997
decision_type=2 2 2 2 2 2 2 2 2 2 2 2 2 2 2 2 2 2 2 2 2 2 2 2 2 2 2 2 2
left_child=1 2 6 4 -4 10 28 -3 -2 17 15 27 14 -14 -5 16 18 -8 -6 -15 21 -7 -23 -22 -25 -13 -16 -9 -1
right_child=8 7 3 12 5 20 9 11 -10 -11 -12 25 13 19 26 -17 -18 -19 -20 -21 23 22 -24 24 -26 -27 -28 -29 -30
leaf_value=0 -0.049082254962914185 0 -0.023501271458653668 0 0 0 -0.052220676246427136 0.0073120132336854608 0 0 0 0.045652096787009322 0.022480375094465835 0 -0.042526136303410955 0 0 0 0.052024898474025166 -0.031541448859308888 0 -0.026671737765879125 0 0.027984452328797257 0 0 0 0 0.0031869585954168501
leaf_weight=4.8149331621825695 25.456870912574232 9.1266941931098682 11.51001777127385 2.0896940045058754 4.1914827302098265 5.7955720499157932 36.264526788145304 10.83089352399111 8.5039354935288411 5.0670413933694354 3.7452658563852301 49.723660310730338 16.740045953541994 2.3559601027518537 22.656746132299308 3.8192584011703721 3.7948934324085704 4.4152040723711243 63.562554446980357 21.271257965825498 5.4619310684502151 16.172991314902905 4.7279310300946227 16.709038816392425 5.4434145279228678 3.9060532692819825 1.9957758374512184 11.233696375042198 6.4093039799481613
leaf_count=111 763 144 287 21 70 92 468 104 157 43 32 748 138 35 644 58 32 53 986 487 73 205 74 142 99 73 28 117 65
internal_value=0 0.00428041 -0.00147137 0.00397411 0.0179998 0.0254823 -0.0292008 0.0275885 -0.0335579 -0.0415024 0.0423262 0.0346753 -0.0189551 0 -0.0350608 0.0456981 0.0477923 -0.048355 0.0498842 -0.0278943 0 -0.00734242 -0.0171977 0.00748138 0.0160924 0.0434056 -0.040017 0 0
internal_weight=387.797 353.836 269.015 212.044 144.934 133.424 56.971 84.821 33.9608 45.7468 79.1135 75.6943 67.1095 40.3673 26.7422 75.3682 71.5489 40.6797 67.754 23.6272 54.3109 26.6965 20.9009 27.6144 22.1525 53.6297 24.6525 22.0646 11.2242
internal_count=6349 5429 4243 3503 2150 1863 740 1186 920 564 1178 1042 1353 660 693 1146 1088 521 1056 522 685 371 279 314 241 821 672 221 176
is_linear=0
shrinkage=0.1


Tree=102
num_leaves=23
num_cat=0
split_feature=31 30 31 30 43 56 37 26 49 52 31 74 30 35 31 60 26 38 31 41 45 31
split_gain=7.13041 6.62399 8.32142 6.49123 5.60627 5.46922 4.68905 4.29545 2.01688 1.52761 1.37508 1.33869 1.05829 0.964748 0.783072 0.646238 0.442171 0.369856 0.35251 0.129453 0.16104 0.0160169
threshold=34.049999237060554 39.049999237060554 44.850000381469734 37.250000000000007 -5.1935119628906241 114.89904785156251 2.7766885757446294 91.500000000000014 190.8047790527344 109.49313354492189 27.94999980926514 1.0000000180025095e-35 36.250000000000007 1.0295002460479739 45.250000000000007 4.9623718261718759 218.50000000000003 -0.42350348830223078 47.250000000000007 -69.104827880859361 121.84732055664064 38.350000381469734
decision_type=2 2 2 2 2 2 2 2 2 2 2 2 2 2 2 2 2 2 2 2 2 2
left_child=4 2 9 12 -1 8 7 11 10 13 -6 15 16 17 -5 21 -4 -2 -14 -8 -21 -3
right_child=1 6 3 14 5 -7 19 -9 -10 -11 -12 -13 18 -15 -16 -17 -18 -19 -20 20 -22 -23
leaf_value=-0.054683695429288526 0 0 -0.032889987345130413 0 0 -0.041494685789506158 -0.01092708413249358 0 0 0 0.042550942097386739 0 -0.0076289440389013573 0 0.04730550004782752 0.055950818721971787 0 -0.05376289496607959 0.014523986727548103 0.0098473174153433426 0 0.0038860632126568244
leaf_weight=36.784428696148098 3.680985949933528 3.9284701263532034 15.610919292084874 7.2714699469506732 3.6121799182146814 20.642120291478932 8.4384903125464934 11.554320955649017 4.2560066301375619 4.0823808312416068 24.622147023677826 4.1536185778677455 7.8812291920185116 7.6028861831873646 31.61241758801043 55.534825265407562 1.2911816099658597 35.307162133045495 11.469995211809872 14.203961538150908 6.7067556083202353 8.2028268305584771
leaf_count=1164 51 138 649 82 89 822 128 126 74 37 436 90 114 80 323 811 43 521 104 184 166 117
internal_value=-0.000922885 0.00659055 -0.00625987 0.0100682 -0.0257304 0 0.0249525 0.0371795 0.020742 -0.038915 0.0338865 0.04665 -0.0107682 -0.0441854 0.0406697 0.0499627 -0.027935 -0.0504385 0 0 0 0
internal_weight=328.451 238.534 125.811 75.1372 89.9169 53.1325 112.723 83.3741 32.4903 50.6734 28.2343 71.8197 36.2533 46.591 38.8839 67.6661 16.9021 38.9881 19.3512 29.3492 20.9107 12.1313
internal_count=6349 3764 2004 1315 2585 1421 1760 1282 599 689 525 1156 910 652 405 1066 692 572 218 478 350 255
is_linear=0
shrinkage=0.1


Tree=103
num_leaves=25
num_cat=0
split_feature=31 36 41 41 30 31 56 61 60 31 62 55 41 39 36 43 60 44 33 43 59 59 55 20
split_gain=7.55829 5.1739 3.17124 6.31215 4.26101 5.08934 4.41022 1.90758 2.00974 2.13261 1.79441 2.79394 1.32145 1.18007 0.909302 0.70367 0.882526 0.526278 0.440279 0.372836 0.345771 0.258949 0.0994808 0.0143707
threshold=45.850000381469734 1.4731848239898684 165.36538696289065 -70.908264160156236 37.250000000000007 34.45000076293946 -41.193420410156243 -62.499999999999993 4.9623718261718759 24.94999980926514 -50.499999999999993 51.667358398437507 127.74404907226564 0.66656139492988598 1.4031265377998354 -21.552886962890621 36.649627685546882 -9.0445251464843732 0.97061881422996532 -17.590118408203121 -16.763153076171871 -81.056396484374986 149.30236816406253 -32.499999999999993
decision_type=2 2 2 2 2 2 2 2 2 2 2 2 2 2 2 2 2 2 2 2 2 2 2 2
left_child=1 2 3 13 -5 10 -7 15 20 -10 11 19 -12 23 18 21 -17 -11 -4 -6 -9 -3 -8 -1
right_child=-2 7 14 4 5 6 22 8 9 17 12 -13 -14 -15 -16 16 -18 -19 -20 -21 -22 -23 -24 -25
leaf_value=0 -0.046976252561660159 0 0 0.032801318485320835 -0.017683819512736395 0 -0.056045219653153469 -0.0090871656776634457 0 0 -0.031585778610829611 0.040994065357929363 0 0 0 0.031601185867617038 0 -0.047002886144885153 0.04643617591168888 0 0.013679115873123253 -0.015090477860385702 0 0.044152171453149161
leaf_weight=4.5817032344639292 27.084836983121932 6.8597781574353602 3.3836959954351178 16.567255884408951 9.5191067354753631 7.5366847645491353 35.986632997170091 10.061313907615842 3.7998611424118272 1.9454923477023829 17.651420385576788 20.857489977031946 4.7361408695578566 16.720428021624684 6.6616320721805087 13.004543997347357 7.4224498970434061 32.784521169029176 39.556722577661276 9.5395083166658861 10.574682521633802 11.054182349704204 3.7195730609819284 37.439348708838224
leaf_count=51 1069 75 43 126 121 115 511 302 48 18 289 176 56 202 111 82 127 1071 740 82 127 177 45 585
internal_value=1.97574e-05 0.00560631 0.0145684 0.00516723 -0.00431768 -0.0148222 -0.0389939 -0.0109491 -0.022458 -0.0353499 0 0.0162324 -0.0165538 0.0327859 0.0384746 0 0.0169531 -0.0441791 0.0435696 0 0 -0.00483568 -0.0532915 0.0417747
internal_weight=359.049 331.964 234.457 184.855 126.114 109.547 47.2429 97.5068 59.1659 38.5299 62.3037 39.9161 22.3876 58.7415 49.6021 38.341 20.427 34.73 42.9404 19.0586 20.636 17.914 39.7062 42.0211
internal_count=6349 5280 3253 2359 1521 1395 671 2027 1566 1137 724 379 345 838 894 461 209 1089 783 203 429 252 556 636
is_linear=0
shrinkage=0.1


Tree=104
num_leaves=31
num_cat=0
split_feature=56 76 53 43 55 46 50 31 41 64 31 40 48 72 68 31 58 66 68 38 41 27 62 68 76 21 24 72 48 68
split_gain=4.08186 5.32593 4.56039 5.41646 7.29821 6.62549 6.12692 5.14508 2.96282 2.52782 2.28603 2.13595 2.09386 1.74176 1.83405 1.50668 0.97058 0.894918 0.610588 0.523241 0.477086 0.352683 0.332794 0.314597 0.298178 0.295214 0.268813 0.0736468 0.0466612 0.00520568
threshold=211.07696533203128 62.457626342773445 -112.49999999999999 -24.422241210937496 -109.17999267578124 7.7597351074218759 61.687927246093757 44.149999618530281 82.282806396484389 105.04248046875001 29.44999980926514 1.8785349726676943 567.42498779296886 37.805755615234382 297.56082153320318 27.550000190734867 -11.499999999999998 -77.499999999999986 322.08532714843756 0.89279723167419445 -126.66491699218749 -325.49999999999994 -91.499999999999986 67.701049804687514 114.19635009765626 90.000000000000014 -60.499999999999993 133.93261718750003 61.270202636718757 149.50344848632815
decision_type=2 2 2 2 2 2 2 2 2 2 2 2 2 2 2 2 2 2 2 2 2 2 2 2 2 2 2 2 2 2
left_child=1 2 13 4 -4 10 7 -7 19 -3 -5 15 21 -1 22 -8 18 -17 29 20 -6 -2 -15 -18 -25 -19 -12 28 -13 -11
right_child=12 9 3 5 8 6 11 -9 -10 16 26 27 -14 14 -16 17 23 25 -20 -21 -22 -23 -24 24 -26 -27 -28 -29 -30 -31
leaf_value=0 0 0 -0.021628328929225601 0 0 0.056083386174882316 0 0 0 0 0 0 0 -0.050675314294174295 0 0 0 -0.045381808297749508 0.022050502425630992 0 0.054784286094012785 -0.047522168492944883 0 0.046642543895295485 0 0 -0.05268414425124146 0 0.0089359760398205149 -0.0026049004121265068
leaf_weight=7.8671896532177916 1.6149884983897269 8.9054746069014055 11.023690722882746 2.584022130817174 3.6772526614367953 30.95067670289427 2.5322535000741473 13.137191573157905 3.3132794499397269 4.6078557670116442 2.2444496518000951 5.1118543967604699 6.3619756810367099 29.963936450891193 4.5430201292037955 2.4532246086746481 4.0985357332974663 25.453162548132244 10.136883445084093 2.9753149058669797 50.1837965156883 23.967898527160287 4.4731070473790195 43.405829468742013 3.776379380375146 2.0459309481084338 31.91266730800271 7.2694633379578582 12.663088385015724 6.5234121959656477
leaf_count=138 19 144 291 29 54 209 32 111 44 49 35 65 113 405 39 19 75 721 86 43 989 788 61 673 73 22 694 118 124 86
internal_value=0 0.00410319 -0.00130431 0.00308073 0.0264561 -0.00576476 0.00344295 0.0339098 0.0434694 0.026423 -0.0421969 -0.0122837 -0.0319625 -0.0299008 -0.0385344 -0.0295201 0.0334423 -0.0374873 0 0.0499541 0.0521572 -0.0447439 -0.0465387 0.0417403 0.0441555 -0.0426599 -0.050316 0 0.00604136 -0.00079321
internal_weight=369.778 337.833 256.379 209.531 71.1733 138.358 101.617 44.0879 60.1496 81.4544 36.7411 57.529 31.9449 46.8473 38.9801 32.4846 72.5489 29.9523 21.2682 56.8364 53.861 25.5829 34.437 51.2807 47.1822 27.4991 34.1571 25.0444 17.7749 11.1313
internal_count=6349 5429 4243 3600 1421 2179 1421 320 1130 1186 758 1101 920 643 505 794 1042 762 221 1086 1043 807 466 821 746 743 729 307 189 135
is_linear=0
shrinkage=0.1


Tree=105
num_leaves=20
num_cat=0
split_feature=31 30 31 30 64 44 37 26 60 46 52 74 53 36 31 60 55 56 38
split_gain=6.35305 6.74228 7.22596 5.67442 5.0528 7.97896 3.68514 4.28116 2.9882 1.70536 1.38139 0.926762 0.879498 0.873109 0.647251 0.107954 0.0683238 0.498495 0.0638295
threshold=34.850000381469734 39.049999237060554 44.850000381469734 37.250000000000007 89.598846435546889 -7.8379821777343741 2.967969655990601 91.500000000000014 16.536804199218754 115.23321533203126 109.49313354492189 1.0000000180025095e-35 -1.0000000180025095e-35 2.3760447502136235 45.250000000000007 -52.457214355468743 21.668395996093754 267.13644409179693 2.4932578802108769
decision_type=2 2 2 2 2 2 2 2 2 2 2 2 2 2 2 2 2 2 2
left_child=4 2 10 12 5 -1 7 11 -7 -10 13 15 -4 18 -5 -3 -14 -18 -2
right_child=1 6 3 14 -6 8 -8 -9 9 -11 -12 -13 16 -15 -16 -17 17 -19 -20
leaf_value=-0.046532643624440394 -0.050380395683896975 0 -0.028113038994099823 0 -0.052456124545678773 0 0 0 0.048840203572910412 0 0 0 0.0079324230266700282 0 0.045010386486147858 0.053356497472367925 -0.019689683822013106 0 0
leaf_weight=23.933898348361254 34.510425568558276 5.563343869522213 13.469067455269395 7.2199847381561986 35.531571694649756 5.2150730714201918 22.388850725255907 10.941126048564909 26.815410610288385 3.3310419730842105 3.9395457506179801 3.5973648261278859 8.3138962471857685 5.7902311105281106 29.979978457093239 54.868511288426816 10.477823071181772 2.4118465334177008 4.0772532653063527
leaf_count=804 558 148 512 82 1331 79 385 115 473 54 37 84 85 48 323 872 292 21 46
internal_value=-0.00102493 0.00674466 -0.00598446 0.0090916 -0.023535 0 0.0270577 0.0376861 0.0245505 0.0402161 -0.037285 0.0479436 -0.0100566 -0.0424562 0.0386414 0.0507708 0 -0.000761735 -0.0476461
internal_weight=312.376 217.549 120.19 71.8726 94.827 59.2954 97.3592 74.9703 35.3615 30.1465 48.3175 64.0292 34.6726 44.3779 37.2 60.4319 21.2036 12.8897 38.5877
internal_count=6349 3608 2004 1315 2741 1410 1604 1219 606 527 689 1104 910 652 405 1020 398 313 604
is_linear=0
shrinkage=0.1


Tree=106
num_leaves=27
num_cat=0
split_feature=31 36 33 31 61 60 31 39 36 63 39 34 11 43 60 14 36 34 59 60 45 31 6 36 3 64
split_gain=6.68366 4.61352 2.79959 2.55788 1.63014 1.73995 1.93053 1.36991 0.837495 1.22696 1.42194 0.969051 0.588233 0.531541 0.740236 0.510219 0.455422 0.437937 0.237901 0.171552 0.238413 0.170169 0.106551 0.0592689 0.00667268 0.00334999
threshold=45.850000381469734 1.4731848239898684 1.0336170196533205 41.95000076293946 -62.499999999999993 4.9623718261718759 24.94999980926514 0.81342995166778576 1.0687544345855715 51.521240234375007 -0.045751417055726044 2.418185949325562 36.500000000000007 -21.552886962890621 36.649627685546882 43.500000000000007 0.6811407506465913 0.40934276580810552 -16.763153076171871 18.532806396484379 118.22827148437501 1.8499999642372134 31.500000000000004 1.492007374763489 -1.0106860697269437 58.895385742187507
decision_type=2 2 2 2 2 2 2 2 2 2 2 2 2 2 2 2 2 2 2 2 2 2 2 2 2 2
left_child=1 2 8 7 13 18 -7 12 9 -1 -11 17 16 21 -15 23 -4 -10 -6 -5 -21 -3 -18 -8 -23 -9
right_child=-2 4 3 19 5 6 15 25 11 10 -12 -13 -14 14 -16 -17 22 -19 -20 20 -22 24 -24 -25 -26 -27
leaf_value=0 -0.045388849141591289 0 0 0 -0.0072690638505614165 0 0 0 0 0 0.03485078265068297 0 0 0.028877050494106622 0 0 0.037729862259405597 -0.027016609554767541 0.011769005912713933 -0.018133692773590615 0 -0.012627663727299549 0 -0.046371750476255767 0 0.0014906972153718564
leaf_weight=16.094019358977675 25.238402076996863 3.6304193995893028 4.3074816092848769 8.9742460288107413 9.6875735558569449 3.6603628136217585 1.5153118232265139 6.7854061033576754 3.2619103230536011 6.2559399865567711 22.438021671026945 11.948974062688647 3.7867626398801795 12.558240335434677 7.1728720832616082 1.5027476493269194 85.373672794550657 23.301717433147132 10.159910216927527 10.064031083136795 4.6996746389195314 10.201575756072998 3.2570751374587408 29.476679858751595 3.5087402164936039 12.671916699036954
leaf_count=197 1069 34 37 111 302 48 47 132 29 84 239 160 48 82 127 29 1465 429 127 109 58 188 45 1013 30 110
internal_value=0.000113381 0.00557205 0.0143063 0.0228291 -0.0101579 -0.0211609 -0.0336084 0.0290033 0 0.00883399 0.0226491 -0.0107088 0.0338304 0 0.0151403 -0.0424404 0.0353787 -0.0222827 0 0 -0.00999656 -0.00349764 0.0368905 -0.0451112 -0.0109816 0
internal_weight=341.534 316.295 223.221 139.92 93.0744 56.0026 36.1551 116.182 83.3006 44.788 28.694 38.5126 96.725 37.0718 19.7311 32.4947 92.9382 26.5636 19.8475 23.738 14.7637 17.3407 88.6307 30.992 13.7103 19.4573
internal_count=6349 5280 3253 2115 2027 1566 1137 1837 1138 520 323 618 1595 461 209 1089 1547 458 429 278 167 252 1510 1060 218 242
is_linear=0
shrinkage=0.1


Tree=107
num_leaves=29
num_cat=0
split_feature=56 67 30 34 58 31 41 43 37 57 67 29 31 66 60 31 68 76 8 5 76 31 67 40 30 37 31 52
split_gain=3.46958 4.66709 3.48002 3.74631 3.28129 2.26736 3.49321 5.07424 3.25967 2.65352 1.98398 1.82365 3.17735 3.4983 2.3941 1.7628 0.778598 0.763194 0.395064 0.336712 0.30535 0.28984 0.259742 0.203327 0.114596 0.0724703 0.0179479 0.00166241
threshold=214.6813659667969 121.38723754882814 36.149999618530281 2.2902520895004277 -14.499999999999998 45.250000000000007 -81.640838623046861 -17.590118408203121 0.79570680856704723 -133.49999999999997 462.54678344726568 53.500000000000007 39.049999237060554 -50.499999999999993 6.8519287109375009 27.94999980926514 65.009124755859389 66.833099365234389 -32.499999999999993 -83.655902862548814 112.53405761718751 2.4500000476837163 82.278717041015639 -4.1711394786834708 38.649999618530281 2.994152426719666 45.649999618530281 -64.272857666015611
decision_type=2 2 2 2 2 2 2 2 2 2 2 2 2 2 2 2 2 2 2 2 2 2 2 2 2 2 2 2
left_child=1 2 19 5 26 6 8 9 21 -8 -2 12 14 -14 -9 -16 18 -17 -5 -1 -6 -4 -7 -20 -15 -13 -3 -23
right_child=10 4 3 16 20 22 7 11 -10 -11 -12 25 13 24 15 17 -18 -19 23 -21 -22 27 -24 -25 -26 -27 -28 -29
leaf_value=0 -0.04533592271513337 -0.0034840673340378013 0 0 0.049514235305301885 -0.033794791883925639 0 0 -0.041824558077404185 0.053910160209050428 0 0.028971858604621922 0.04586222881792304 -0.010506172991098829 0 -0.049391625496052 0 0 0 0.038555303447830785 0 0.015695925582520476 0 -0.039014235498909505 0 0 0 0
leaf_weight=1.8441904615610862 21.793408802710477 12.382301623001696 4.31206722930074 1.9494780777022231 33.221604648046196 15.67693609558046 4.2124429848045102 8.2945862598717195 21.86320395860821 34.405845962464809 7.1823708396404973 17.382526662200693 15.655004156753423 8.6678498312830907 3.203368926420807 30.493079991079867 11.839034080505369 3.4662295151501885 1.9639339698478568 18.900562657043338 3.5644044838845721 9.428909458220005 5.2150458097457877 35.525459800846875 4.7759721782058469 6.1235157679766408 5.8433188125491133 3.8229908794164631
leaf_count=32 754 152 57 37 518 168 36 86 532 510 141 141 81 82 42 689 135 81 40 541 68 130 44 1023 68 57 46 58
internal_value=0 0.00383578 0 -0.00509163 0.029942 0 0.00508826 0.0146133 -0.0153472 0.0442832 -0.0308648 0 -0.00553007 0.00988157 -0.0254712 -0.0372811 -0.0286172 -0.044689 -0.0351673 0.034966 0.0463762 0 -0.0278373 -0.0373659 -0.00219105 0.0247592 0 0.0136066
internal_weight=353.01 324.034 269.022 248.277 55.0116 197 176.108 136.68 39.4272 38.6183 28.9758 98.0621 74.5561 29.0988 45.4573 37.1627 51.2779 33.9593 39.4389 20.7448 36.786 17.564 20.892 37.4894 13.4438 23.506 18.2256 13.2519
internal_count=6349 5454 4670 4097 784 2862 2650 1873 777 546 895 1327 1129 231 898 812 1235 770 1100 573 586 245 212 1063 150 198 198 188
is_linear=0
shrinkage=0.1


Tree=108
num_leaves=19
num_cat=0
split_feature=31 30 31 30 64 59 37 26 43 52 69 36 60 31 53 55 56 38
split_gain=5.74748 5.86339 6.3406 4.97902 4.36883 8.55159 3.38974 3.95082 1.72012 1.24704 0.827447 0.799678 0.659065 0.486416 0.165557 0.0357596 0.342776 0.0109845
threshold=34.850000381469734 39.049999237060554 44.850000381469734 37.250000000000007 89.598846435546889 5.0512390136718759 2.967969655990601 91.500000000000014 57.425994873046882 109.49313354492189 -1.0000000180025095e-35 2.3760447502136235 -44.684112548828118 45.250000000000007 109.50000000000001 21.668395996093754 267.13644409179693 2.4932578802108769
decision_type=2 2 2 2 2 2 2 2 2 2 2 2 2 2 2 2 2 2
left_child=4 2 9 10 5 -1 7 12 -7 11 -4 17 -3 -5 -14 -12 -17 -2
right_child=1 6 3 13 -6 8 -8 -9 -10 -11 15 -13 14 -15 -16 16 -18 -19
leaf_value=-0.045974681249617039 -0.048539995462291097 0 -0.02698088802179225 0 -0.051201190685420742 0.039785394360453058 0 0 0 0 0.0058515710107516043 0 0.05240374351575211 0.042813732659359546 0 -0.016760488690692018 0 0
leaf_weight=25.108406665269285 32.711452005431056 6.7836367180570951 13.046679587103425 7.0951486695557824 33.199645801447332 25.751902790740136 22.019254983402789 10.733041929081081 5.1655533630400887 3.8342196568846694 8.0401839734986442 5.6605261582881203 50.310860326513648 28.505585808306932 3.5836578235030165 9.7988192141056043 2.3475352972745887 4.055918524041771
leaf_count=859 558 219 512 82 1331 479 385 115 72 37 86 48 835 323 50 291 21 46
internal_value=-0.00111722 0.00623591 -0.00563192 0.0083567 -0.0232772 0 0.0256618 0.0362518 0.0286577 -0.0357387 -0.00913324 -0.0408002 0.0465199 0.0369163 0.0504176 0 0 -0.0459278
internal_weight=297.752 208.527 115.096 68.834 89.2255 56.0259 93.4305 71.4112 30.9175 46.2621 33.2332 42.4279 60.6782 35.6007 53.8945 20.1865 12.1464 36.7674
internal_count=6349 3608 2004 1315 2741 1410 1604 1219 551 689 910 652 1104 405 885 398 312 604
is_linear=0
shrinkage=0.1


Tree=109
num_leaves=25
num_cat=0
split_feature=31 56 59 72 43 44 48 45 31 52 36 66 64 70 37 49 55 21 64 48 40 68 37 75
split_gain=5.81315 5.00452 8.39957 4.17746 2.85165 8.60259 3.77622 2.38949 2.13603 1.86234 1.83474 1.62362 1.405 1.40094 1.24356 1.22712 0.885137 0.814334 0.660169 0.439277 0.289469 0.145687 0.010381 0.00230816
threshold=44.850000381469734 124.04064941406251 17.275512695312504 224.36822509765628 -24.422241210937496 -99.784179687499986 1.0000000180025095e-35 185.17285156250003 36.549999237060554 -33.275207519531243 1.0624266266822817 -111.49999999999999 54.315917968750007 -367.49999999999994 0.79570680856704723 1.0000000180025095e-35 362.67285156250006 125.50000000000001 107.66522216796876 360.80319213867193 1.7452126741409304 54.949890136718757 2.5399512052536015 -54.14231872558593
decision_type=2 2 2 2 2 2 2 2 2 2 2 2 2 2 2 2 2 2 2 2 2 2 2 2
left_child=1 2 4 8 5 14 9 18 13 -6 -2 -11 -8 -3 23 -13 17 19 -4 20 -5 -14 -7 -1
right_child=10 3 7 16 6 22 12 -9 -10 11 -12 15 21 -15 -16 -17 -18 -19 -20 -21 -22 -23 -24 -25
leaf_value=0 0 0 -0.052916435138365026 -0.032310804985245044 0 -0.047604351112246264 -0.029247237176898613 0 0 0 -0.046955912289242709 0.055637429634838392 0.015390873460188604 0.056035137586772026 0.039995967579755966 0 0.021592134681765119 0 0 0 0 0 0 0.0016128879897832965
leaf_weight=8.4886211790144426 11.378994775004683 3.7177844084799281 34.789658166468143 14.995651772245774 5.6283630691468707 26.604866030626003 12.673909959383311 6.0279264096170655 11.798759576864539 6.8737514913082114 27.121557151898742 37.569081604480743 8.6140735335648042 41.684460321441293 18.216414824128151 6.9601276237517586 10.718821302056311 3.9214332904666653 5.4811048889532676 7.784840313717722 2.3914733706042162 5.6153549104928961 2.5022306162863961 6.4693964160978785
leaf_count=173 117 30 958 313 94 610 173 145 238 79 1204 423 92 607 339 55 192 39 79 188 58 51 28 64
internal_value=0 0.00624372 -0.000838823 0.0248291 0.00839875 -0.00155956 0.0212106 -0.0388876 0.0415827 0.0359011 -0.0338074 0.0420694 0 0.0510166 0.0240331 0.0487339 0 -0.00931602 -0.04781 -0.0198606 -0.0277771 0.00832566 -0.0456391 0
internal_weight=328.029 289.528 192.515 97.0132 146.216 62.2815 83.9347 46.2987 57.201 57.0313 38.5006 51.403 26.9033 45.4022 33.1744 44.5292 39.8122 29.0934 40.2708 25.172 17.3871 14.2294 29.1071 14.958
internal_count=6349 5028 3363 1665 2181 1214 967 1182 875 651 1321 557 316 637 576 478 790 598 1037 559 371 143 638 237
is_linear=0
shrinkage=0.1


Tree=110
num_leaves=30
num_cat=0
split_feature=30 60 40 71 46 31 60 76 62 34 31 72 0 66 76 61 30 30 13 67 40 9 54 55 67 54 35 23 76
split_gain=2.71488 2.86361 3.88206 2.65339 3.31753 2.42038 2.20847 1.97358 1.72838 1.45624 2.23909 1.70639 1.63809 1.36926 1.26436 1.20836 1.05847 0.6489 0.546207 0.394309 0.269884 0.246215 0.209076 0.165199 0.0938362 0.694687 0.076892 0.0982013 0.0342296
threshold=36.049999237060554 211.34890747070315 1.4655285477638247 62.124145507812507 7.7597351074218759 43.850000381469734 -12.675872802734373 121.22521972656251 98.500000000000014 2.074519276618958 45.250000000000007 189.0335388183594 -82.936279296874986 1.0000000180025095e-35 49.80183410644532 227.50000000000003 1.0000000180025095e-35 49.45000076293946 -18.499999999999996 95.424285888671889 1.368863642215729 -41.499999999999993 -163.49999999999997 45.525787353515632 -127.57635498046874 -260.49999999999994 0.11273970454931261 30.500000000000004 65.122528076171889
decision_type=2 2 2 2 2 2 2 2 2 2 2 2 2 2 2 2 2 2 2 2 2 2 2 2 2 2 2 2 2
left_child=16 2 3 4 6 -6 24 14 15 10 11 12 -4 18 -3 21 -1 20 -14 -12 -8 -5 -20 -23 -2 -26 -11 28 -28
right_child=1 7 9 8 5 -7 17 -9 -10 26 19 -13 13 -15 -16 -17 -18 -19 22 -21 -22 23 -24 -25 25 -27 27 -29 -30
leaf_value=0 -0.0025822404591228018 0 0 0 0.041370800048338791 0 -0.040345162217939497 0 0 0 -0.018377937561193047 0 0 0 0.038915269539504818 0 0.040337367526361599 0 0 0 0 0 0.0425624314614865 -0.046068838341775484 0 0.021895937011715671 -0.016519431155364795 0 0
leaf_weight=2.0004835277795818 7.1968569075688746 4.8342416286468497 4.596368718892335 2.4762895982712498 19.628842999227349 6.8552029822021714 28.895204145461324 4.7312797149643293 8.5015929918736202 2.3923796480521586 10.000355830416085 6.403856022283434 6.6550127798691383 13.425867808051406 30.699309815652668 2.3330759890377513 20.423152258619666 2.6776984594762316 4.07657566666603 8.1363874878734332 2.8126371111720792 2.9029456656426182 47.711482136510313 48.713510156609118 6.284597067162399 13.91015479341149 14.186793752945965 2.357717800885438 2.6416161032393566
leaf_count=12 243 60 91 32 127 85 638 196 202 47 99 164 88 232 387 63 637 50 60 177 44 82 593 1091 98 262 383 44 62
internal_value=0 -0.00136396 -0.00642332 -0.0176508 -0.000186198 0.0216221 -0.017508 0.0203968 -0.0333765 0.003819 0.0116152 0.0205743 0.0259621 0.0305989 0.0314347 -0.0396077 0.0327056 -0.0336907 0.0369854 -0.00346239 -0.0376085 -0.0429818 0.0404562 -0.0444714 0 0.00622023 -0.0100746 -0.0121803 -0.0147516
internal_weight=338.461 316.038 275.773 153.189 88.2612 26.484 61.7771 40.2648 64.9274 122.584 101.006 82.8692 76.4653 71.8689 35.5336 56.4258 22.4236 34.3855 58.4431 18.1367 31.7078 54.0927 51.7881 51.6165 27.3916 20.1948 21.5785 19.1861 16.8284
internal_count=6349 5700 5057 3017 1547 212 1335 643 1470 2040 1504 1228 1064 973 447 1268 649 732 741 276 682 1205 653 1173 603 360 536 489 445
is_linear=0
shrinkage=0.1


Tree=111
num_leaves=22
num_cat=0
split_feature=31 30 31 30 70 37 26 76 56 30 52 37 74 68 35 38 60 37 27 41 45
split_gain=5.0887 4.3289 5.57933 4.32876 4.05882 3.49913 3.43053 1.26154 1.88524 1.53611 1.14297 1.09592 1.08045 0.890625 0.74637 0.362072 0.307658 0.120298 0.0403858 0.0352187 0.0694491
threshold=34.049999237060554 39.049999237060554 44.850000381469734 37.549999237060554 1.0000000180025095e-35 2.7766885757446294 95.500000000000014 23.261566162109379 257.18066406250006 36.250000000000007 109.49313354492189 -0.85226657986640919 1.0000000180025095e-35 68.825958251953139 1.0295002460479739 -0.42350348830223078 4.9623718261718759 9.6238088607788104 71.500000000000014 -69.104827880859361 121.84732055664064
decision_type=2 2 2 2 2 2 2 2 2 2 2 2 2 2 2 2 2 2 2 2 2
left_child=4 2 10 7 11 6 12 9 -9 -4 14 -1 16 -6 15 -2 -3 -13 -18 -7 -21
right_child=1 5 3 -5 13 19 -8 8 -10 -11 -12 17 -14 -15 -16 -17 18 -19 -20 20 -22
leaf_value=0 0 0 -0.0040694120929866216 0.042334653010279659 0.023279781472349756 -0.0059037195640334102 0 -0.039091577123535608 0 0.031037656984907288 0 -0.045438067423061473 0 -0.0052946098034832682 0 -0.04872166863046104 0.052963061708909867 0 0 0.006687592191538418 0
leaf_weight=6.4313277425244442 3.3104113386943927 11.028672100044785 7.6996393017470863 23.921227049082518 13.502800570800902 7.7013268982991603 10.11832450609654 18.338480709120635 2.7594710960984221 13.368714882992206 3.7560747526586047 45.243908814620227 3.8063573231920591 7.7969651389867058 7.0836067581549278 30.125239443033934 43.73689759708941 1.5196346007287491 3.0269626379013053 13.12507337331772 6.2367693064734331
leaf_count=158 51 255 440 267 325 128 119 449 29 130 37 1719 90 359 80 521 762 24 56 184 166
internal_value=-0.00106192 0.00513888 -0.00518333 0.00775661 -0.0243576 0.021286 0.0330245 -0.00226614 -0.0233781 0 -0.0342329 -0.0393778 0.0424151 0 -0.0392521 -0.0453156 0.0457415 -0.044456 0.0512267 0 0
internal_weight=283.638 209.143 110.363 66.0875 74.4946 98.7804 71.7172 42.1663 21.098 21.0684 44.2753 53.1949 61.5989 21.2998 40.5193 33.4357 57.7925 46.7635 46.7639 27.0632 19.3618
internal_count=6349 3764 2004 1315 2585 1760 1282 1048 478 570 689 1901 1163 684 652 572 1073 1743 818 478 350
is_linear=0
shrinkage=0.1


Tree=112
num_leaves=22
num_cat=0
split_feature=31 56 76 64 67 39 55 46 68 31 36 37 64 42 73 11 37 60 30 60 30
split_gain=5.09433 3.69055 6.19085 6.1 6.03449 3.83388 3.32721 1.94793 1.8975 1.57796 1.48762 1.2946 1.28716 1.36718 1.14534 0.982406 0.848242 0.563513 0.199923 0.222244 0.123396
threshold=45.850000381469734 209.57446289062503 55.150909423828132 82.142059326171889 15.961517333984377 0.61728379130363475 23.758087158203129 22.184631347656254 16.697479248046879 41.049999237060554 1.6376395225524905 3.0229786634445195 35.197448730468757 -132.80599975585935 -333.99999999999994 28.500000000000004 3.6817525625228886 52.379730224609382 102.14999771118165 20.739166259765629 43.549999237060554
decision_type=2 2 2 2 2 2 2 2 2 2 2 2 2 2 2 2 2 2 2 2 2
left_child=1 2 3 4 5 10 -5 -4 -6 -3 15 14 13 -7 -9 18 -15 -8 19 -1 -14
right_child=-2 9 7 6 8 12 17 11 -10 -11 -12 -13 20 16 -16 -17 -18 -19 -20 -21 -22
leaf_value=0.038780908913690501 -0.04217809590330205 0.041005070620559282 0 0 0 0 0.058775122524801306 0 -0.047977449510519334 0 0 0 0.010085339508024004 -0.039530464848388375 -0.048825792713837919 0 0 0 0 0 0
leaf_weight=49.285520772449672 22.074745078105479 33.329677890986204 10.476048864424227 5.6245828010141841 4.2071363413706448 3.2281816173344842 31.424560531973839 2.7040667533874503 26.967780369333923 5.4845500420778981 10.979144519194959 13.042701754719017 9.7283468022942525 20.801358921453364 34.860528468154371 3.4040159899741402 5.3377026338130227 7.5888243564404538 3.9583904435858122 3.6341457273811093 5.0065490845590821
leaf_count=770 1069 690 104 65 89 66 288 17 536 105 192 262 69 579 948 44 52 144 80 49 131
internal_value=0 0.00502042 0 0.00935787 0 0.00997269 0.0407074 -0.0266107 -0.038057 0.0327848 0.0257426 -0.0348645 -0.0051538 -0.0210718 -0.0440012 0.0318757 -0.0311968 0.0518216 0.0352154 0.0369458 0
internal_weight=313.149 291.074 252.26 191.176 146.538 115.363 44.638 61.0833 31.1749 38.8142 71.2612 50.6073 44.1021 29.3672 37.5646 60.2821 26.1391 39.0134 56.8781 52.9197 14.7349
internal_count=6349 5280 4485 3154 2657 2032 497 1331 625 795 1135 1227 897 697 965 943 631 432 899 819 200
is_linear=0
shrinkage=0.1


Tree=113
num_leaves=26
num_cat=0
split_feature=56 76 53 66 55 30 60 30 72 34 64 70 67 26 67 54 37 62 53 41 45 63 72 23 70
split_gain=2.96052 3.99916 3.32285 4.06818 4.01847 2.84032 3.44598 3.01156 2.59719 2.57433 2.14868 1.86228 1.78412 1.35133 1.9352 1.10294 0.94982 0.77987 0.613575 0.446735 0.209225 0.206535 0.121473 0.0668106 8.67253e-05
threshold=211.07696533203128 62.457626342773445 -92.499999999999986 -50.499999999999993 -109.17999267578124 38.549999237060554 12.184539794921877 36.149999618530281 38.767486572265632 1.625430762767792 105.04248046875001 -449.49999999999994 438.07565307617193 86.500000000000014 168.0456237792969 -30.499999999999996 5.5467503070831308 -69.499999999999986 -514.49999999999989 -126.66491699218749 -48.120239257812493 66.371826171875014 161.3346862792969 72.500000000000014 -218.49999999999997
decision_type=2 2 2 2 2 2 2 2 2 2 2 2 2 2 2 2 2 2 2 2 2 2 2 2 2
left_child=1 2 8 4 -4 7 15 -5 24 16 -3 -10 -2 14 -8 -7 19 22 -12 -6 -20 -21 -13 -22 -1
right_child=12 10 3 5 9 6 13 -9 11 -11 18 17 -14 -15 -16 -17 -18 -19 20 21 23 -23 -24 -25 -26
leaf_value=0 -0.043353074934333102 0 -0.011133224234721349 0 0 0 -0.036255354563315599 -0.048021430773499671 0 0 0 -0.049940049471859344 0 0 0 0.04511777951775689 0 0 0 0.050229995704972989 0.036458819572283516 0 0 0 0.00030874955898481382
leaf_weight=4.7178111560642719 20.252204684540633 8.0280540259554964 8.7996444720774871 4.1804924979805973 2.9054004643112412 4.1038647890090969 26.464000096544627 24.877713513560593 3.5838233726099125 17.243791466578841 3.7862531393766394 31.353836338035762 7.4287081919610491 9.0706014446914178 3.627521075308322 17.448056765832007 3.4314656406640998 3.8085687598213545 3.3702755197882643 44.996574610471725 54.134522872045636 3.9023248571902505 3.6934110037982455 3.1466172765940419 6.6943849436938745
leaf_count=127 763 144 275 88 51 103 857 457 56 314 27 480 157 95 33 163 34 55 44 893 907 35 38 64 89
internal_value=0 0.00402876 -0.000619953 0.00396961 0.0215943 -0.00690347 0 -0.0322865 -0.0233161 0.0322366 0.0244535 -0.0355129 -0.0286765 -0.0110545 -0.0239201 0.035021 0.0423878 -0.0426858 0.0314842 0.0456692 0.0338834 0.0478631 -0.0470703 0.0353267 0
internal_weight=325.05 297.369 224.903 171.051 81.2792 89.7723 60.714 29.0582 53.8518 72.4796 72.4657 42.4396 27.6809 39.1621 30.0915 21.5519 55.2358 38.8558 64.4377 51.8043 60.6514 48.8989 35.0472 57.2811 11.4122
internal_count=6349 5429 4243 3398 1602 1796 1251 545 845 1327 1186 629 920 985 890 266 1013 573 1042 979 1015 928 518 971 216
is_linear=0
shrinkage=0.1


Tree=114
num_leaves=23
num_cat=0
split_feature=30 39 30 60 27 30 37 30 18 37 38 16 36 38 36 36 39 37 74 60 36 56
split_gain=3.53264 2.3597 2.16236 1.88348 2.65384 1.96787 1.65126 1.2328 1.41867 1.18203 0.998675 0.806406 0.793598 0.634559 0.615338 0.423553 0.315674 0.185396 0.15105 0.0859059 0.0751571 0.00400236
threshold=48.750000000000007 0.64343363046646129 37.750000000000007 43.421203613281257 60.500000000000007 44.049999237060554 1.1462237238883974 41.95000076293946 151.50000000000003 2.136982917785645 0.5557173788547517 -30.499999999999996 0.50339171290397655 0.021725432015955452 0.83478164672851574 1.0376904606819155 -0.24542788416147229 0.28273612260818487 -88.499999999999986 20.187530517578129 0.9361170530319215 126.02328491210939
decision_type=2 2 2 2 2 2 2 2 2 2 2 2 2 2 2 2 2 2 2 2 2 2
left_child=1 2 12 9 5 -5 17 8 10 -4 -8 -12 -1 -11 -15 -13 -14 -3 -18 -9 -19 -6
right_child=-2 6 3 4 21 -7 7 19 -10 13 11 15 16 14 -16 -17 18 20 -20 -21 -22 -23
leaf_value=0 -0.039610880722732715 0 0 0.044597607948860987 0 0 0 -0.0067937993260735359 0 0 0 0 0 0 -0.03477167844983238 0.042448338232425914 0 0 -0.038945671277156355 0.0043081563571375292 -0.012855884020521022 -0.0020755503241182685
leaf_weight=3.4478328917175558 20.140872264746577 11.559576496481897 31.258635614067316 27.095143364742398 1.7075186306610683 6.4092302694916716 6.9642578829079858 10.015187925659122 7.9728472530841819 3.2783843977376845 4.3460341282188883 5.0918593183159819 2.2805938310921254 2.8709256630390909 22.988311851397157 44.191630674526095 1.6192313283681965 1.8031430495902885 23.518195144832124 12.999117472209035 13.361590183340011 6.8873794283717871
leaf_count=32 1184 198 631 485 49 228 114 126 52 32 51 47 28 37 597 642 23 21 813 312 442 205
internal_value=-0.000817347 0.000734788 -0.00612307 0 0.0167286 0.032953 0.012428 0.0193409 0.0258666 -0.0100802 0.0312883 0.0357611 -0.0283365 -0.0240223 -0.0294708 0.0392735 -0.0340868 0 -0.0370505 0 -0.0102728 0
internal_weight=271.807 251.667 133.361 102.496 42.0993 33.5044 118.305 91.5809 68.5666 60.3963 60.5938 53.6295 30.8659 29.1376 25.8592 49.2835 27.418 26.7243 25.1374 23.0143 15.1647 8.5949
internal_count=6349 5165 3160 2264 967 713 2005 1344 906 1297 854 740 896 666 634 689 864 661 836 438 463 254
is_linear=0
shrinkage=0.1


Tree=115
num_leaves=22
num_cat=0
split_feature=36 34 40 45 0 39 59 33 61 33 51 5 34 36 54 50 67 16 56 39 45
split_gain=3.76265 2.32519 4.18618 2.14488 3.09971 1.2236 1.19635 1.00563 0.75441 0.73295 1.3481 0.824562 1.08185 0.590321 0.56369 1.37149 0.430891 0.27007 0.200559 0.170856 0.0011476
threshold=1.24363648891449 2.3550854921340947 1.2868252396583559 86.563659667968764 -80.218578338623033 0.5592368245124818 2.0660095214843754 0.77226737141609203 -106.49999999999999 1.2309188246726992 -69.987472534179673 369.89698791503912 0.37238916754722601 1.9378361105918886 -131.49999999999997 3.3923645019531254 4.2642822265625009 -28.499999999999996 -50.874053955078118 0.5813506841659547 121.84732055664064
decision_type=2 2 2 2 2 2 2 2 2 2 2 2 2 2 2 2 2 2 2 2 2
left_child=3 2 9 4 17 7 -3 -5 -4 11 -11 12 -2 -12 -6 -16 -17 -1 -10 -8 -21
right_child=1 6 8 5 14 -7 19 -9 18 10 13 -13 -14 -15 15 16 -18 -19 -20 20 -22
leaf_value=0 0 0.025722921314892663 0 0 0 0 0 0.044468306587828604 0 0 0.027089637548752973 0 -0.032031440412995972 0 0 0 -0.032435872583864211 0.03470078811595969 -0.042796390451945387 -0.011842189404651782 0
leaf_weight=3.1661343388259438 4.8301158435642781 16.663221949711442 5.0614486383274189 3.5022247079759827 23.838097346946597 4.6852636635303488 14.157178922556342 32.372098821215332 5.1802034960128358 6.946686813607811 28.087490168400109 3.0650839284062377 20.405557036865503 5.7462839763611546 14.6672664033249 4.6702650794759419 23.070861360989511 22.973554936237633 44.886429063044488 9.86180606856942 1.4958897419273842
leaf_count=45 56 224 98 50 285 64 227 707 146 126 445 31 677 124 170 66 328 468 1600 361 51
internal_value=0 -0.00864048 -0.016674 0.0135975 0 0.0328894 0.00382503 0.0391636 -0.0365991 0 0.00832299 -0.0118864 -0.0213375 0.0213207 -0.0067635 -0.0139954 -0.0273157 0.0312403 -0.0401558 0 -0.0111427
internal_weight=299.333 166.387 124.209 132.946 92.3862 40.5596 42.1781 35.8743 55.1281 69.0812 40.7805 28.3008 25.2357 33.8338 66.2465 42.4084 27.7411 26.1397 50.0666 25.5149 11.3577
internal_count=6349 4166 3303 2183 1362 821 863 757 1844 1459 695 764 733 569 849 564 394 513 1746 639 412
is_linear=0
shrinkage=0.1


Tree=116
num_leaves=23
num_cat=0
split_feature=56 68 43 41 52 50 70 27 38 68 53 46 59 67 44 48 24 76 71 75 66 30
split_gain=2.48985 3.48503 3.31762 5.22848 3.80981 3.80087 3.20044 2.85784 2.07644 2.01005 2.08549 2.9828 1.7108 1.59258 1.04018 0.837346 0.814301 0.382024 0.246477 0.242998 0.178846 0.240401
threshold=211.07696533203128 68.825958251953139 -26.969635009765621 -120.91571044921874 6.6158752441406259 51.062072753906257 -1.0000000180025095e-35 95.500000000000014 0.73508769273757946 310.71847534179693 -108.49999999999999 79.615478515625014 -20.493621826171871 438.07565307617193 9.7781677246093768 3.6327209472656254 -86.499999999999986 114.19635009765626 93.796722412109389 89.655883789062514 -516.49999999999989 39.149999618530281
decision_type=2 2 2 2 2 2 2 2 2 2 2 2 2 2 2 2 2 2 2 2 2 2
left_child=1 2 3 20 12 15 9 19 -5 10 -3 18 -4 -2 16 -6 -14 -8 -12 -7 -1 -22
right_child=13 6 4 8 5 7 17 -9 -10 -11 11 -13 14 -15 -16 -17 -18 -19 -20 -21 21 -23
leaf_value=0 -0.041477738828837485 -0.033714233500232879 0 0.048438934610190922 0 -0.037862289384865452 0.041389158360507661 0 0 0.032238145083474938 0.03337021282815935 -0.025676261306135213 0 0 0 0.032999224874864966 -0.052528192249713238 0 0 0 0 -0.021801106230490624
leaf_weight=1.9617472365498567 18.911389461718503 17.186969459988177 3.1378383934497824 31.263606047257781 5.8691405337303904 30.902255359105766 40.401024770922959 10.987328857183455 4.7550518149510017 15.578049071133135 18.042698532342914 12.043881924822925 2.6206418098881832 7.1659829914569846 3.7998881908133617 24.820290684700012 33.402162347920239 3.2881366889923802 7.1241635810583821 1.7818845659494389 1.9978530965745473 14.18180661741644
leaf_count=46 763 231 49 811 64 937 730 121 92 149 193 245 33 157 113 214 748 73 68 54 64 394
internal_value=0 0.00380099 -0.00293974 0.0130513 -0.0144631 0 0.0179751 -0.0190593 0.0389297 0 -0.00498665 0 -0.0373082 -0.0269881 -0.0435946 0.0253533 -0.0485708 0.0388326 0.0271371 -0.0359374 -0.0134022 -0.0171704
internal_weight=311.224 285.146 171.481 54.1601 117.321 74.3609 113.665 43.6715 36.0187 69.9758 54.3977 37.2107 42.9605 26.0774 39.8227 30.6894 36.0228 43.6892 25.1669 32.6841 18.1414 16.1797
internal_count=6349 5429 3740 1407 2333 1390 1689 1112 903 886 737 506 943 920 894 278 781 803 261 991 504 458
is_linear=0
shrinkage=0.1


Tree=117
num_leaves=16
num_cat=0
split_feature=31 30 31 30 64 59 37 26 43 52 64 56 30 74 36
split_gain=4.14661 4.35712 4.77444 3.56729 3.4112 6.12032 2.49412 3.33225 1.40194 0.960099 0.934697 1.75183 1.73032 0.709551 0.615849
threshold=34.850000381469734 39.049999237060554 44.850000381469734 37.649999618530281 89.598846435546889 5.0512390136718759 2.967969655990601 91.500000000000014 57.425994873046882 109.49313354492189 60.348907470703132 257.18066406250006 36.250000000000007 1.0000000180025095e-35 2.3760447502136235
decision_type=2 2 2 2 2 2 2 2 2 2 2 2 2 2 2
left_child=4 2 9 10 5 -1 7 13 -7 14 12 -12 -4 -3 -2
right_child=1 6 3 -5 -6 8 -8 -9 -10 -11 11 -13 -14 -15 -16
leaf_value=-0.04166838263769674 -0.042330885478284175 0.046382426929450091 -0.0051605925252778241 0.042673113691697455 -0.04796180426843881 0.036364812447734492 0 0 0 0 -0.03702520477438228 0 0.032225160112106979 0 0
leaf_weight=21.623280492611229 32.691513794474304 49.529376050457358 7.8183147916570332 18.897449597716331 28.235023981891572 22.934136863797907 20.285502733662724 9.983344894833861 4.7422441877424708 3.5170509405434123 17.193917904980484 2.9135476872324935 13.996841950342057 3.2275228817015877 5.2285961853340259
leaf_count=859 604 1020 442 231 1331 479 385 115 72 37 463 33 146 84 48
internal_value=-0.00085276 0.00531024 -0.00488596 0.0070201 -0.0213292 0 0.0232966 0.0330848 0.0254527 -0.0327867 0 -0.020377 0 0.0435525 -0.0375077
internal_weight=262.818 185.283 102.257 60.8201 77.5347 49.2997 83.0257 62.7402 27.6764 41.4372 41.9226 20.1075 21.8152 52.7569 37.9201
internal_count=6349 3608 2004 1315 2741 1410 1604 1219 551 689 1084 496 588 1104 652
is_linear=0
shrinkage=0.1


Tree=118
num_leaves=26
num_cat=0
split_feature=31 34 0 30 37 70 39 34 38 31 55 68 68 30 67 37 23 35 71 27 65 22 53 37 52
split_gain=4.22836 6.14324 3.55935 2.90781 3.0263 2.6013 2.56793 2.22279 1.97226 1.92143 2.7664 1.92729 1.28793 1.08458 0.798408 0.794249 0.45774 0.361671 0.246256 0.317492 0.242162 0.163281 0.0819666 0.0452561 0.0318512
threshold=33.750000000000007 1.8962029814720156 413.66215515136724 59.000000000000007 0.31020650267601019 -36.499999999999993 0.53318676352500927 -2.3090177774429317 1.5593414902687075 1.5500000119209292 -107.54916381835936 411.30914306640631 65.720214843750014 41.95000076293946 4.2642822265625009 -2.5334573984146114 59.500000000000007 1.3410493135452273 148.51550292968753 -32.499999999999993 601.00000000000011 196.00000000000003 99.500000000000014 5.5467503070831308 -33.275207519531243
decision_type=2 2 2 2 2 2 2 2 2 2 2 2 2 2 2 2 2 2 2 2 2 2 2 2 2
left_child=3 2 7 4 -1 -6 12 -2 15 -5 -11 -12 13 17 24 -9 22 -3 -7 -20 -21 23 -16 -17 -8
right_child=1 6 -4 9 5 18 14 8 -10 10 11 -13 -14 -15 16 21 -18 -19 19 20 -22 -23 -24 -25 -26
leaf_value=0 0 0.042388329505086988 0 0.02358408578517451 0.052671321708039946 0 0 0 0 0 -0.047100721281214786 0 0 0 -0.027710196317871933 -0.052470814662386511 0 0 0 0.022093881112187935 0 0 0 0 0.0053370412211153802
leaf_weight=17.08678627666086 5.6510251378640524 28.988947114907205 8.6979945292696339 11.204245394095777 38.34679039940238 7.9717628527432707 3.8794604605063787 4.5156912608072153 4.9617781285196534 6.0426708087325087 24.00332224927843 2.8384981751441947 3.425252807326614 3.3612082917243233 15.320750478189444 55.703217806760222 4.0821914756670585 3.0338924061506978 5.6097573526203695 14.106489399448035 2.0420005712658158 1.8580296700820316 1.9043023101985443 5.2994900960475197 8.7787957824766618
leaf_count=258 61 523 129 138 485 343 91 60 48 152 437 87 88 57 463 1977 52 35 129 408 82 29 59 77 81
internal_value=0 -0.00949271 -0.0285084 0.0145045 0.0254631 0.0351417 0.00693157 -0.0366525 -0.0417417 0 -0.0181664 -0.0366625 0.0265555 0.033316 -0.00250594 -0.0463563 -0.0186108 0.0391583 0 0.0100956 0.0174321 -0.0491863 -0.0255265 -0.0501591 0
internal_weight=288.714 159.462 86.6872 129.252 85.1636 68.0768 72.7748 77.9892 72.3382 44.0887 32.8845 26.8418 38.8093 35.384 33.9655 67.3764 21.3072 32.0228 29.73 21.7582 16.1485 62.8607 17.2251 61.0027 12.6583
internal_count=6349 3830 2381 2519 1705 1447 1449 2252 2191 814 676 524 703 615 746 2143 574 558 962 619 490 2083 522 2054 172
is_linear=0
shrinkage=0.1


Tree=119
num_leaves=27
num_cat=0
split_feature=44 41 46 30 63 59 68 30 20 60 67 62 30 29 39 61 68 27 33 63 29 54 37 31 31 68
split_gain=1.793 6.19495 5.90644 3.7928 2.14493 1.725 1.57251 2.8409 2.66346 2.57262 2.9331 2.41192 1.52124 1.08386 0.923646 0.787678 0.710561 0.688976 0.62084 0.515728 0.41158 0.318874 0.332135 0.282252 0.084669 0.000837962
threshold=-22.143890380859371 -120.91571044921874 7.7597351074218759 116.54999923706056 46.768768310546882 19.706909179687504 55.747589111328132 37.649999618530281 80.500000000000014 69.577392578125014 403.89102172851568 -1.0000000180025095e-35 54.850000381469734 101.50000000000001 0.78734219074249279 246.50000000000003 360.80603027343756 -56.499999999999993 1.0815870165824892 63.561645507812507 85.500000000000014 -477.49999999999994 2.994152426719666 43.850000381469734 39.750000000000007 411.30914306640631
decision_type=2 2 2 2 2 2 2 2 2 2 2 2 2 2 2 2 2 2 2 2 2 2 2 2 2 2
left_child=1 14 12 21 5 23 8 13 20 11 15 19 17 -8 24 16 -11 -2 -13 -9 -6 -3 -23 -4 -1 -12
right_child=2 3 4 -5 6 -7 7 9 -10 10 25 18 -14 -15 -16 -17 -18 -19 -20 -21 -22 22 -24 -25 -26 -27
leaf_value=-0.03007129434069385 0 0 0.042432210388486796 0 -0.042539690215299082 0 0.040000334510035138 0 0 -0.048333448950999822 0.00087825910115572339 0.036147299799283668 0 0 0 0 0 -0.050654840056802763 0 -0.019883590954145301 0 0.046419257343722216 0 0 0 0
leaf_weight=17.693496511317797 5.7009386457502833 2.8079853579401961 20.899407899007208 5.3509505782276383 23.143407492898408 4.3686309223994604 21.970858644694093 6.0990369785577085 8.1433629486709815 26.81684548500926 8.4603854548186046 22.409844282083217 2.3429113365709773 3.2878309898078433 4.0424722880125037 1.5729534411802877 2.0974227283149949 30.215053346939385 4.5464435974135986 11.205095451325176 2.2669661529362193 50.140070440247655 2.7142837960273019 5.878703085705637 2.4000311344861975 2.9020655620843163
leaf_count=480 76 41 185 61 653 157 349 61 66 922 188 299 27 81 67 63 55 832 99 163 38 1088 44 62 73 119
internal_value=0 0.0130543 -0.00372647 0.0329328 0.00164029 0.0255397 -0.000556102 0.00159923 -0.0207486 -0.00246821 -0.0232631 0.00704636 -0.03892 0.0319066 -0.0174595 -0.040248 -0.0441902 -0.0447702 0.0298803 -0.00336325 -0.0389121 0.0428685 0.0445959 0.0366204 -0.027752 0
internal_weight=299.477 85.1493 214.328 61.0133 176.069 31.1467 144.923 111.369 33.5537 86.1101 41.8497 44.2604 38.2589 25.2587 24.136 30.4872 28.9143 35.916 26.9563 17.3041 25.4104 55.6623 52.8544 26.7781 20.0935 11.3625
internal_count=6349 1854 4495 1234 3560 404 3156 2399 757 1969 1347 622 935 430 620 1040 977 908 398 224 691 1173 1132 247 553 307
is_linear=0
shrinkage=0.1


Tree=120
num_leaves=18
num_cat=0
split_feature=31 30 31 30 64 59 37 26 1 52 74 35 69 38 70 31 59
split_gain=3.53503 3.63488 4.23661 3.12513 3.11163 5.23429 2.17055 3.03213 1.06479 0.857224 0.613888 0.606168 0.400905 0.305966 0.293159 0.238911 0.0211594
threshold=34.850000381469734 39.049999237060554 44.850000381469734 37.250000000000007 89.598846435546889 5.0512390136718759 3.1781048774719243 91.500000000000014 69.728866577148452 109.49313354492189 1.0000000180025095e-35 1.0295002460479739 -1.0000000180025095e-35 -0.42350348830223078 157.50000000000003 45.250000000000007 14.246124267578127
decision_type=2 2 2 2 2 2 2 2 2 2 2 2 2 2 2 2 2
left_child=4 2 9 12 5 -1 7 10 14 11 -3 13 -4 -2 16 -5 -7
right_child=1 6 3 15 -6 8 -8 -9 -10 -11 -12 -13 -14 -15 -16 -17 -18
leaf_value=-0.039582895436397696 0 0.043424582415676899 -0.019066018044453611 0 -0.046553639712538952 0 0 0 0 0 0 0 0 -0.045079961224210353 0 0.036924894639634678 0.038378783160801316
leaf_weight=20.318149649072438 3.0658754641190198 48.831258868798614 10.68316707480699 6.2997351270169046 26.487317965365946 2.8650301825255253 17.184284443967044 10.205383080989121 2.9342395029962054 3.4508851021528235 3.239980691112577 6.683742417022585 17.274374409578741 26.76679577305913 2.5764162745326749 23.711309626698494 18.326669901609421
leaf_count=859 51 1052 512 82 1331 29 342 123 43 37 87 80 398 521 55 323 424
internal_value=-0.000839459 0.00473552 -0.00438986 0.00670437 -0.0203695 0 0.0216713 0.030496 0.0239842 -0.0313286 0.0407535 -0.0358993 -0.00496378 -0.0417614 0.032351 0.0320118 0.0358485
internal_weight=250.905 177.397 97.9359 57.9686 73.5078 47.0205 79.4609 62.2766 26.7024 39.9673 52.0712 36.5164 27.9575 29.8327 23.7681 30.011 21.1917
internal_count=6349 3608 2004 1315 2741 1410 1604 1262 551 689 1139 652 910 572 508 405 453
is_linear=0
shrinkage=0.1


Tree=121
num_leaves=26
num_cat=0
split_feature=31 56 59 72 41 52 30 61 45 70 31 42 43 47 18 43 55 21 61 40 43 69 47 62 19
split_gain=3.70678 3.94853 6.72797 2.72335 2.07783 2.81449 2.32339 3.43922 1.71033 1.44255 1.52894 0.927471 0.878061 0.694532 0.664533 0.662339 0.375793 0.476613 0.208176 0.135715 0.0751261 0.0692709 0.0489595 0.0253657 0.0232484
threshold=44.850000381469734 120.67163085937501 17.275512695312504 224.36822509765628 -71.640808105468736 -41.749206542968743 38.149999618530281 -79.499999999999986 174.8811950683594 -396.49999999999994 36.549999237060554 -63.669128417968743 0.65237426757812511 -137.7610168457031 33.500000000000007 -17.590118408203121 362.67285156250006 125.50000000000001 139.50000000000003 2.2881627082824711 308.55673217773443 -110.49999999999999 -152.96264648437497 -161.49999999999997 -118.49999999999999
decision_type=2 2 2 2 2 2 2 2 2 2 2 2 2 2 2 2 2 2 2 2 2 2 2 2 2
left_child=1 2 4 9 5 13 12 15 23 -3 18 -9 -6 22 -2 -8 17 19 -11 20 24 -13 -1 -4 -5
right_child=14 3 8 16 6 -7 7 11 -10 10 -12 21 -14 -15 -16 -17 -18 -19 -20 -21 -22 -23 -24 -25 -26
leaf_value=0.017600077700842199 -0.039905042712263201 0 0 0 0 0.045016754248915949 0 0 0 0.053915492275859317 0 0 0.034736792873114201 -0.015027768629962199 0 0.0210824943631053 0.015746292090741649 0 0 0 0 -0.044374077656275691 0 -0.049129808607529517 -0.023312599950241458
leaf_weight=10.150447139516475 20.165354798082266 2.3201508708298197 1.8190659750252987 2.0888531599193856 4.1828176509588983 25.019376672804356 5.3885736158117679 2.7258773706853381 5.2377131199464193 34.112776992842555 10.91050300048664 3.4814120382070568 13.884179376065729 13.299440075643359 11.176890780217944 12.498377131298183 9.4152266439050418 3.3809394286945453 3.0651069739833465 3.266726028174161 3.3578083831816903 26.402777600102127 6.1627256879583028 29.965278575196862 12.196322098840032
leaf_count=273 1073 21 39 29 46 373 101 92 154 527 257 40 173 321 248 91 192 39 113 93 109 537 128 952 328
internal_value=0 0.00561329 -0.000933822 0.0233367 0.00727593 0.0219291 0 -0.0152863 -0.0392613 0.0375214 0.0419314 -0.0365418 0.0230465 0 -0.0294629 0 0 -0.00556794 0.0512755 -0.0154899 -0.0186209 -0.0416568 0.0134763 -0.0477272 -0.021483
internal_weight=275.675 244.332 160.218 84.1144 123.196 54.632 68.564 50.497 37.0221 50.4085 48.0884 32.6101 18.067 29.6126 31.3422 17.887 33.7059 24.2906 37.1779 20.9097 17.643 29.8842 16.3132 31.7843 14.2852
internal_count=6349 5028 3320 1708 2175 1095 1080 861 1145 918 897 669 219 722 1321 192 790 598 640 559 466 577 401 991 357
is_linear=0
shrinkage=0.1


Tree=122
num_leaves=24
num_cat=0
split_feature=56 68 60 41 70 67 64 43 59 68 63 24 31 67 24 42 31 75 24 76 14 55 76
split_gain=1.9715 2.93587 3.15351 4.329 2.48906 2.0928 2.78191 2.76671 1.68085 1.4361 1.91573 1.42729 1.56815 1.22627 1.14796 0.94127 0.849072 0.596251 0.362025 0.272276 0.172745 0.164644 0.0619954
threshold=211.07696533203128 68.825958251953139 -12.675872802734373 -119.07879638671874 -1.0000000180025095e-35 14.864379882812502 54.315917968750007 -26.969635009765621 17.275512695312504 310.71847534179693 77.930236816406264 140.50000000000003 27.550000190734867 438.07565307617193 -67.499999999999986 -94.800933837890611 50.649999618530281 90.655349731445327 -65.499999999999986 114.19635009765626 37.500000000000007 -109.17999267578124 55.773345947265632
decision_type=2 2 2 2 2 2 2 2 2 2 2 2 2 2 2 2 2 2 2 2 2 2 2
left_child=1 2 3 21 9 7 8 -4 -7 10 14 12 -8 -2 -3 -16 18 -14 -9 22 -20 -1 -6
right_child=13 4 5 -5 19 6 11 16 -10 -11 -12 -13 17 -15 15 -17 -18 -19 20 -21 -22 -23 -24
leaf_value=-0.012541536269408172 -0.038386872872545726 -0.0064338852542217611 0 0.043764382846256007 0 0.03849180617748002 0 0 0 0.028686445789333138 -0.032163032199314955 0 -0.043538589985040566 0 0 0.032370531293611615 0 0 -0.049787086204927555 0 0 0 0.041111470617487794
leaf_weight=8.9974957266822475 16.95887371245772 11.174175200052558 12.180184905417262 25.92237657122314 3.7832799842581144 18.841876551508907 2.5550256278365877 2.0773436892777672 6.9375312784686676 14.253643989562987 16.747696201317012 12.175776930525897 23.481304638087753 6.6921673798933616 5.179592039436101 16.998528193682436 2.0869068671017876 2.013532403856515 31.435202405322343 3.0368559062480918 1.901298620738088 7.4061274770647278 33.10819480381906
leaf_count=306 763 185 216 763 62 168 37 38 197 149 294 160 682 157 73 185 23 38 910 73 26 176 668
internal_value=0 0.00360835 -0.00251976 0.0157599 0.0172612 -0.0134756 0 -0.0285224 0.0228142 0 -0.00352868 -0.0175637 -0.0300084 -0.0249881 0 0.0210746 -0.0418949 -0.0393074 -0.0455693 0.0365908 -0.0479432 -0.00279384 0.0388799
internal_weight=285.945 262.294 158.012 42.326 104.282 115.686 66.005 49.6809 25.7794 64.3536 50.1 40.2256 28.0499 23.651 33.3523 22.1781 37.5008 25.4948 35.4138 39.9283 33.3365 16.4036 36.8915
internal_count=6349 5429 3740 1245 1689 2495 1282 1213 365 886 737 917 757 920 443 258 997 720 974 803 936 482 730
is_linear=0
shrinkage=0.1


Tree=123
num_leaves=21
num_cat=0
split_feature=31 30 31 30 70 26 37 37 52 55 56 44 74 36 36 68 40 16 56 38
split_gain=3.15507 3.39079 3.71427 2.86227 2.22922 1.86378 2.46487 1.40593 0.78255 0.618097 1.32668 0.764786 0.616904 0.542472 0.529575 0.288537 0.219561 0.108393 0.0857821 0.0632077
threshold=35.250000000000007 39.049999237060554 44.850000381469734 37.549999237060554 1.0000000180025095e-35 100.50000000000001 2.967969655990601 0.23459760844707492 109.49313354492189 17.951263427734379 257.18066406250006 -28.041748046874996 1.0000000180025095e-35 1.0000000180025095e-35 2.3760447502136235 68.825958251953139 6.0428028106689462 -43.499999999999993 111.00125122070314 2.4932578802108769
decision_type=2 2 2 2 2 2 2 2 2 2 2 2 2 2 2 2 2 2 2 2
left_child=4 2 8 9 7 6 12 -1 14 11 -11 -4 17 -9 19 18 -15 -3 -6 -2
right_child=1 5 3 -5 15 -7 -8 13 -10 10 -12 -13 -14 16 -16 -17 -18 -19 -20 -21
leaf_value=0 -0.041873994315470904 0 0 0.036731567131641454 0.017264626932421583 0 0 0 0 -0.03320973806401728 0 0.023766361137735281 0 -0.041966149507106768 0 0 0 0.044644433661554614 0 0
leaf_weight=11.138761150650678 26.378944464493546 2.3282272322103372 6.9950431846082237 20.323859309777617 10.154859660193326 9.6747632604092342 16.559535066597164 3.336391487158834 3.3861877210438243 15.231221606954934 2.4708596952259532 11.136531995609401 3.0533878467977038 38.680325254797935 4.980984021909534 6.6250660526566199 1.2332676118239749 40.85135352332145 2.0431876326911143 3.6266424655914298
leaf_count=285 558 39 457 267 301 125 311 58 37 431 29 131 83 1766 48 361 21 948 47 46
internal_value=-0.000932574 0.00446602 -0.00408049 0.00590546 -0.0193742 0.0218279 0.0288623 -0.0298713 -0.0300065 -0.000177682 -0.0175353 0 0.0402922 -0.0376558 -0.0345142 0 -0.0407179 0.0432151 0.0140574 -0.0392137
internal_weight=240.209 166.998 94.5303 56.1575 73.2119 72.4673 62.7925 54.3887 38.3728 35.8337 17.7021 18.1316 46.233 43.25 34.9866 18.8231 39.9136 43.1796 12.198 30.0056
internal_count=6349 3510 2004 1315 2839 1506 1381 2130 689 1048 460 588 1070 1845 652 709 1787 987 348 604
is_linear=0
shrinkage=0.1


Tree=124
num_leaves=24
num_cat=0
split_feature=31 56 51 26 65 39 42 54 44 39 70 71 60 56 47 37 69 59 31 74 44 52 68
split_gain=3.35593 4.08874 6.48963 3.93936 2.11655 1.86261 1.506 1.49605 0.982885 0.938402 0.892479 0.645483 0.636322 0.514087 0.666589 1.16314 0.221341 0.196118 0.0962538 0.0885502 0.0255155 0.149802 0.00698168
threshold=41.95000076293946 124.04064941406251 7.3807067871093759 24.500000000000004 -364.49999999999994 0.61968049407005321 -66.165985107421861 226.50000000000003 743.53906250000011 0.53852117061615001 -431.49999999999994 -132.17657470703122 13.096984863281252 57.337768554687507 -156.15753173828122 2.8098208904266362 332.50000000000006 497.02539062500006 42.850000381469734 -116.49999999999999 -12.955963134765623 -16.850936889648434 322.08532714843756
decision_type=2 2 2 2 2 2 2 2 2 2 2 2 2 2 2 2 2 2 2 2 2 2 2
left_child=1 2 5 18 22 6 11 -4 10 -5 -6 -1 -11 14 -7 -16 17 -12 -2 -15 -8 -22 -3
right_child=3 4 7 9 8 13 20 -9 -10 12 16 -13 -14 19 15 -17 -18 -19 -20 -21 21 -23 -24
leaf_value=0 0 0 -0.047727519594656355 0.021373947828982432 0 0 0 0 0 0 0.042606734778363617 0.041255174332405754 -0.023014231473156548 0 -0.033800301289295905 0 0 0 -0.047145654383958902 0.0086179705247121027 0 0.0097533341627621811 -0.0026978496119176082
leaf_weight=5.049939162097874 1.5587408477440501 4.3911490291357023 28.972860336769376 14.548545788042246 2.5242969840764991 2.4870199859142295 7.0662988624535528 1.7844518683850754 2.3354760073125354 4.8814249373972443 50.688557654619217 26.107576543465257 12.706196171697227 5.0110999066382638 18.057522985152907 6.5749957412481299 2.2621915144845834 2.4080859124660483 25.723103432450444 10.359888583421705 4.6470045000314739 16.026343011297286 7.1889968514442444
leaf_count=123 41 52 974 235 45 59 180 31 72 75 1139 541 336 94 602 68 84 73 1061 93 57 209 105
internal_value=0 0.00743229 0 -0.0189332 0.0265451 0.00898788 0.0209911 -0.0412818 0.0342481 0 0.0371673 0.0354056 -0.00905639 0 -0.0131155 -0.0208422 0.0399535 0.041246 -0.0455365 0.00187391 0 0.00332518 0
internal_weight=263.362 203.944 132.145 59.418 71.7988 101.388 58.8972 30.7573 60.2186 32.1362 57.8831 31.1575 17.5876 42.4905 27.1195 24.6325 55.3588 53.0966 27.2818 15.371 27.7396 20.6733 11.5801
internal_count=6349 4601 3031 1748 1570 2026 1110 1005 1413 646 1341 664 411 916 729 670 1296 1212 1102 187 446 266 157
is_linear=0
shrinkage=0.1


Tree=125
num_leaves=26
num_cat=0
split_feature=56 68 60 41 70 27 43 42 42 67 31 60 24 46 42 24 31 31 76 76 21 55 34 56 76
split_gain=1.72509 2.62234 2.62171 3.9059 2.18535 1.87478 1.332 1.26171 1.09906 1.00368 0.983316 0.819962 0.959121 0.749649 0.732195 0.527611 0.498811 0.809811 0.443615 0.300819 0.298994 0.132215 0.0415853 0.00673196 0.00182446
threshold=214.6813659667969 68.825958251953139 -12.675872802734373 -119.07879638671874 -1.0000000180025095e-35 62.500000000000007 -26.969635009765621 16.479187011718754 60.276947021484382 462.54678344726568 27.550000190734867 208.07672119140628 -59.499999999999993 79.615478515625014 -90.244018554687486 -86.499999999999986 33.649999618530281 43.95000076293946 52.742248535156257 114.19635009765626 33.500000000000007 -109.17999267578124 2.0470989942550664 85.209716796875014 55.773345947265632
decision_type=2 2 2 2 2 2 2 2 2 2 2 2 2 2 2 2 2 2 2 2 2 2 2 2 2
left_child=1 2 3 21 11 6 -4 15 16 -2 -10 12 -3 14 -14 -8 -9 -18 -13 24 -17 -1 23 -7 -6
right_child=9 4 5 -5 19 22 7 8 10 -11 -12 18 13 -15 -16 20 17 -19 -20 -21 -22 -23 -24 -25 -26
leaf_value=-0.011164201265851281 -0.03623732690815195 -0.022691599783604306 0 0.042142163161937217 0 0.0066492426957996944 0 0 0 0 -0.033472594521619298 0 0 -0.0072094272397090851 0.028042549328770275 -0.047468015552701887 0.026846340869073899 0 0.028813956987220418 0 0 0 0 0 0.039471616253932362
leaf_weight=8.7368947304785269 15.821691030636432 16.733528358861804 12.311727527528999 24.595124210231006 3.6851154975593081 8.525083349086346 2.6365019823424509 5.3434947617352035 2.0344847664237049 5.935601156204938 16.193124376237392 4.5198547430336502 4.5882690791040703 8.0179501501843315 15.751625409349799 29.051668223924938 15.75364236533642 5.275739297270774 12.499783199280499 3.0995615995489052 1.9446533452719439 7.2748667867854229 6.008944045752286 5.7136371759697786 32.118021172471344
leaf_count=306 754 251 235 763 62 76 45 186 27 141 651 63 71 218 156 826 160 71 137 81 32 176 117 69 675
internal_value=0 0.00362887 -0.00209397 0.0144299 0.0167181 -0.0125877 -0.0198662 -0.024902 -0.000505805 -0.0239817 -0.0230934 0 -0.0023511 0 0.0174871 -0.041682 0 0.01459 0.0202149 0.0350547 -0.0450833 -0.0018984 0 0.0049988 0.0375134
internal_weight=274.171 252.413 151.4 40.6069 101.014 110.793 90.545 78.2333 44.6005 21.7573 18.2276 62.111 45.0914 28.3578 20.3399 33.6328 26.3729 21.0294 17.0196 38.9027 30.9963 16.0118 20.2477 14.2387 35.8031
internal_count=6349 5454 3740 1245 1714 2495 2233 1998 1095 895 678 896 696 445 227 903 417 231 200 818 858 482 262 145 737
is_linear=0
shrinkage=0.1


Tree=126
num_leaves=17
num_cat=0
split_feature=31 30 70 31 60 26 62 30 60 51 37 31 54 68 37 58
split_gain=2.78644 2.75942 2.53214 2.47096 2.19783 2.44795 1.86865 1.0405 1.79896 0.927841 0.700662 0.35424 0.325683 0.27077 0.126369 0.0655302
threshold=34.049999237060554 37.750000000000007 1.0000000180025095e-35 45.850000381469734 8.6736450195312518 100.50000000000001 106.50000000000001 36.049999237060554 161.99697875976565 -49.204772949218743 -0.85226657986640919 41.049999237060554 -210.49999999999997 68.825958251953139 10.772011280059816 13.500000000000002
decision_type=2 2 2 2 2 2 2 2 2 2 2 2 2 2 2 2
left_child=2 3 10 -2 9 6 12 -5 -9 -3 -1 -11 -6 -4 15 -12
right_child=1 4 13 7 5 -7 -8 8 -10 11 14 -13 -14 -15 -16 -17
leaf_value=0 -0.037833670278681224 0.0036103006534878527 0.014331409646138854 -0.015271545661155387 0 0 0 0.036281474205896523 0 -0.025525825285266951 -0.041284560683359298 0 0.037373091445578009 0 0 0
leaf_weight=5.3986538872122756 19.564283810090274 7.8248552735894945 10.779894924722614 9.8321874705143291 8.9797080624848586 19.818704285658896 3.7707812655717126 16.999613836407665 4.0872245142236343 17.068908306304369 32.829887223895639 1.8933870531618584 63.054026109166443 6.1787398150190702 1.1680245068855573 2.4766540485434225
leaf_count=158 413 117 325 637 130 278 97 221 106 531 1628 39 1195 359 19 96
internal_value=-0.00067724 0.00351577 -0.0205282 -0.0112845 0.0135826 0.0214268 0.029807 0 0.0179296 0 -0.033981 -0.0206888 0.0344165 0 -0.0386687 -0.0396875
internal_weight=231.726 172.894 58.8319 50.4833 122.41 95.6232 75.8045 30.919 21.0868 26.7872 41.8732 18.9623 72.0337 16.9586 36.4746 35.3065
internal_count=6349 3764 2585 1377 2387 1700 1422 964 327 687 1901 570 1325 684 1743 1724
is_linear=0
shrinkage=0.1


Tree=127
num_leaves=24
num_cat=0
split_feature=31 34 41 30 37 54 34 39 38 31 55 56 68 35 37 22 67 30 9 23 4 68 71
split_gain=3.01181 4.45731 2.83533 2.04948 2.3536 2.06583 1.7697 1.74474 1.53807 1.08818 2.09779 1.68638 0.985399 0.840903 0.763389 0.838999 0.462031 0.435292 0.331859 0.0373436 0.0209452 0.0667209 0.0681437
threshold=33.750000000000007 1.8962029814720156 411.31280517578131 59.000000000000007 0.31020650267601019 -24.499999999999996 -3.7683687210083003 0.53318676352500927 1.5593414902687075 1.5500000119209292 -107.54916381835936 267.13644409179693 66.310913085937514 1.5955522656440737 -2.5334573984146114 196.00000000000003 4.2642822265625009 41.95000076293946 15.500000000000002 84.500000000000014 159.79772949218753 63.344299316406257 403.23492431640631
decision_type=2 2 2 2 2 2 2 2 2 2 2 2 2 2 2 2 2 2 2 2 2 2 2
left_child=3 2 6 4 -1 -6 -2 12 14 -5 -11 -12 13 17 -8 -16 -9 -3 19 -18 -7 -22 -23
right_child=1 7 -4 9 5 20 8 16 -10 10 11 -13 -14 -15 15 -17 18 -19 -20 -21 21 22 -24
leaf_value=0 0 0.038506899003748596 0 0.018037527140629613 0.047300307346388799 0 0 0 0 0 -0.043679215770404185 0 0 0 -0.048243399892193034 0 -0.022748317205894632 0 0 0 0 0.01026467302311271 0
leaf_weight=15.29678759165108 4.427635387517511 25.864173847250647 5.9748564427718511 9.9533283580094558 35.479528510943055 7.1845525521785047 4.2189482860267153 11.433168526738884 4.7128575379028907 5.4360536690801409 21.02754228562117 2.5348320081830016 2.6562651321291915 2.6881023049354544 53.550101494416595 2.7226652009412637 13.660274711437525 2.6771038826555005 3.5703197545371941 1.6610439335927356 1.4042295995168412 12.384489141404627 2.7266912013292304
leaf_count=258 48 536 97 138 521 312 63 172 49 152 438 86 78 33 2077 47 466 56 90 18 82 434 98
internal_value=0 -0.00840671 -0.0260093 0.0131622 0.0229696 0.032262 -0.0335588 0.00527219 -0.0382323 0 -0.014782 -0.0327439 0.0230609 0.0294413 -0.042612 -0.045568 -0.000106075 0.0348401 -0.0147304 -0.0211642 0 0.00332733 0.00707484
internal_weight=253.246 139.818 75.6071 113.428 74.4763 59.1795 69.6322 64.2105 65.2046 38.9518 28.9984 23.5624 33.8856 31.2294 60.4917 56.2728 30.3248 28.5413 18.8916 15.3213 23.7 16.5154 15.1112
internal_count=6349 3830 2381 2519 1705 1447 2284 1449 2236 814 676 524 703 625 2187 2124 746 592 574 484 926 614 532
is_linear=0
shrinkage=0.1


Tree=128
num_leaves=23
num_cat=0
split_feature=56 47 43 51 41 30 49 30 24 67 68 37 24 31 70 56 70 54 46 31 64 60
split_gain=1.43972 2.38739 1.57394 4.46657 4.12499 2.72266 1.53598 1.2154 1.20257 0.875266 0.836047 0.784298 0.752693 0.727716 0.699945 0.488971 1.19925 0.428808 0.382297 0.320402 0.0914023 0.0637506
threshold=214.6813659667969 146.74267578125003 -21.552886962890621 14.603668212890627 -120.91571044921874 116.54999923706056 68.854614257812514 37.750000000000007 -159.49999999999997 462.54678344726568 52.010223388671882 2.994152426719666 140.50000000000003 29.050000190734867 -516.49999999999989 150.86157226562503 -1.0000000180025095e-35 -1.0000000180025095e-35 -65.747863769531236 39.850000381469734 91.407897949218764 -11.911743164062498
decision_type=2 2 2 2 2 2 2 2 2 2 2 2 2 2 2 2 2 2 2 2 2 2
left_child=1 2 4 13 14 8 7 -5 -6 -2 12 18 -8 -4 -1 16 -12 -3 -10 -16 -18 -15
right_child=9 17 3 6 5 -7 10 -9 11 -11 15 -13 -14 21 19 -17 20 -19 -20 -21 -22 -23
leaf_value=0 -0.034295570211842631 0 0 0 0 0 -0.029941956266227684 0.034442627402866161 0 0 0 0 0 0 -0.027955048237905324 0 0 0.036416276394004847 0.049241170169568853 0 0.031585727913213089 -0.03776886645508129
leaf_weight=2.92011923901737 14.898790365085008 2.7926817610859898 3.0209073377773157 6.0411020573228624 5.7619741465896359 5.0823934711515895 15.383428213652225 20.896280213259161 12.977818286046384 5.7944893622770897 10.85924161877483 3.2612980287522069 8.1563531672582013 2.2598073668777934 17.094826229847971 8.7542636920697969 3.6349389739334645 20.943488177843392 37.435943733900785 1.8545852508395899 15.434615071862934 38.726012891158462
leaf_count=50 754 57 42 75 70 68 635 211 413 141 209 70 110 51 505 282 79 507 785 68 219 948
internal_value=0 0.00337541 0 -0.00680361 0.010324 0.0261261 0.0014224 0.022974 0.0343358 -0.0224086 -0.000953977 0.0389169 -0.0180147 -0.0330702 -0.0144012 0 0.0122977 0.031944 0.041911 -0.0237394 0.0280394 -0.0365718
internal_weight=263.985 243.292 219.556 133.167 86.389 64.5194 89.1602 26.9374 59.437 20.6933 62.2228 53.6751 23.5398 44.0067 21.8695 38.6831 29.9288 23.7362 50.4138 18.9494 19.0696 40.9858
internal_count=6349 5454 4890 2861 2029 1406 1820 286 1338 895 1534 1268 745 1041 623 789 507 564 1198 573 298 999
is_linear=0
shrinkage=0.1


Tree=129
num_leaves=22
num_cat=0
split_feature=30 39 28 37 43 30 60 63 30 19 51 30 5 33 36 63 51 36 37 35 60
split_gain=1.81816 1.35109 1.22126 1.10999 1.02207 1.35752 0.993609 0.888704 0.765892 0.763208 0.736399 0.650159 0.466505 0.343833 0.425438 0.194428 0.120434 0.0850361 0.0265901 0.00687558 1.29991e-06
threshold=48.750000000000007 0.64343363046646129 50.500000000000007 1.1462237238883974 -6.2063903808593741 37.750000000000007 6.3135986328125009 177.86346435546878 42.049999237060554 149.50000000000003 -50.141250610351555 36.350000381469734 -2.8871883153915401 1.6088719367980959 1.0498865246772768 39.095489501953132 -1.8425598144531248 1.6333969235420229 0.14796774089336398 -1.0000000180025095e-35 20.187530517578129
decision_type=2 2 2 2 2 2 2 2 2 2 2 2 2 2 2 2 2 2 2 2 2
left_child=1 2 4 18 10 16 -7 -8 9 11 -1 -5 -12 14 -13 -4 -6 -17 -3 -20 -10
right_child=-2 3 15 8 5 6 7 -9 20 -11 12 13 -14 -15 -16 17 -18 -19 19 -21 -22
leaf_value=0 -0.03199004130774135 0 0 0 0 0 0.030588408381624826 0 -3.489602868746742e-05 0 -0.029555484313464053 0 0 0 0.037715794357655756 -0.029548610442545795 -0.010282961242500875 0 0 -0.0049074743733536754 0
leaf_weight=7.578617790713909 15.489755440037696 9.2272560847923177 1.7366705993190432 3.6448467709124079 3.9728386639617392 2.7880888106301418 36.068424179218709 6.2891823961399487 8.2714771786704677 3.3475154265761367 18.949125112034388 5.9509726595133534 2.9134895899333015 11.933209201321004 33.275154727511108 18.614762528333817 8.9863928798586095 1.9581481404602517 1.4125573951751 11.492445195559409 10.140367607120423
leaf_count=248 1184 190 40 77 58 88 720 332 123 28 745 54 48 141 616 584 230 67 30 441 305
internal_value=-0.000756362 0 -0.00545794 0.0100281 0 0.00771102 0.0190043 0.0246098 0.0164107 0.0218558 -0.0144214 0.0252792 -0.0240083 0.0283532 0.0334206 -0.0250898 0 -0.0275989 0 -0.00416769 0
internal_weight=224.041 208.552 109.856 98.6958 87.5462 58.1049 45.1457 42.3576 76.5635 58.1517 29.4412 54.8042 21.8626 51.1593 39.2261 22.3096 12.9592 20.5729 22.1323 12.905 18.4118
internal_count=6349 5165 3160 2005 2469 1428 1140 1052 1344 916 1041 888 793 811 670 691 288 651 661 471 428
is_linear=0
shrinkage=0.1


Tree=130
num_leaves=22
num_cat=0
split_feature=31 56 51 26 65 54 43 43 60 52 66 66 70 36 36 61 60 66 33 31 37
split_gain=2.67014 3.55686 5.19549 3.2017 1.83821 1.31951 1.26067 2.8035 1.70655 1.52967 1.09291 0.816733 0.799478 0.773571 0.622048 0.339626 0.300606 0.157827 0.150923 0.149858 0.0602366
threshold=41.95000076293946 124.04064941406251 7.3807067871093759 24.500000000000004 -364.49999999999994 226.50000000000003 -24.422241210937496 -101.11257934570311 30.407470703125004 -33.275207519531243 -111.49999999999999 579.50000000000011 -431.49999999999994 1.518203139305115 1.1040354967117312 246.50000000000003 14.290283203125002 -1.4999999999999998 1.1028027534484866 42.649999618530281 2.3677988052368169
decision_type=2 2 2 2 2 2 2 2 2 2 2 2 2 2 2 2 2 2 2 2 2
left_child=1 2 6 19 -3 -4 7 13 9 -8 -11 12 -6 18 -5 -14 -16 -12 -1 -2 -9
right_child=3 4 5 14 11 -7 8 20 -10 10 17 -13 15 -15 16 -17 -18 -19 -20 -21 -22
leaf_value=0 0 0 -0.04532798230585551 0.018172267355438212 0 0 0 -0.034612614718639453 0 0 0.043699807652063799 0 0.0404153378591042 0 0 0 -0.015999371357775974 0 0.028496347160051162 -0.044388504178364332 0
leaf_weight=4.3373680431395831 1.2260727938264633 10.809986809268592 26.240013498812917 13.756892595440151 2.3641518689692012 1.6926261149346817 4.8053403394296756 15.991048458497973 4.5360297095030537 6.0462922416627398 30.992348061874505 2.6345460154116145 48.668990841601044 5.1719017429277292 3.7039299784228232 2.308701832778751 12.79286002833396 3.73688612924889 17.10951235704124 23.127522716764361 1.5465925969183434
leaf_count=104 34 157 974 141 45 31 101 563 110 84 439 79 1184 122 103 105 402 95 382 1068 26
internal_value=0 0.00719657 0 -0.0171606 0.0256386 -0.0387946 0.00807161 0 0.0189726 0.0273795 0.0344576 0.0330746 0.0359463 0.0150806 0 0.0387186 -0.00683848 0.0409266 0.024517 -0.0427089 -0.0327858
internal_weight=243.6 188.992 122.206 54.6073 66.7864 27.9326 94.2733 44.1564 50.1169 45.5809 40.7755 55.9764 53.3418 26.6188 30.2537 50.9777 16.4968 34.7292 21.4469 24.3536 17.5376
internal_count=6349 4601 3031 1748 1570 1005 2026 1197 829 719 618 1413 1334 608 646 1289 505 534 486 1102 589
is_linear=0
shrinkage=0.1


Tree=131
num_leaves=24
num_cat=0
split_feature=56 47 43 51 41 30 49 30 44 66 68 24 31 70 56 70 54 31 59 29 54 64 46
split_gain=1.22756 2.19465 1.25109 3.89327 3.56965 2.5199 1.31363 1.20625 1.11053 0.909756 0.708275 0.682761 0.651613 0.621963 0.443345 1.03787 0.283895 0.28226 0.24315 0.223473 0.201476 0.0733191 0.0244667
threshold=211.07696533203128 146.74267578125003 -21.552886962890621 14.603668212890627 -120.91571044921874 116.54999923706056 66.613403320312514 37.750000000000007 -22.143890380859371 641.00000000000011 52.010223388671882 140.50000000000003 29.050000190734867 -516.49999999999989 150.86157226562503 -1.0000000180025095e-35 -1.0000000180025095e-35 39.850000381469734 467.06204223632818 35.500000000000007 -477.49999999999994 91.407897949218764 -65.747863769531236
decision_type=2 2 2 2 2 2 2 2 2 2 2 2 2 2 2 2 2 2 2 2 2 2 2
left_child=1 2 4 12 13 8 7 -5 20 18 11 -8 -4 -1 15 -12 -3 -15 -2 -14 -6 -17 -22
right_child=9 16 3 6 5 -7 10 -9 -10 -11 14 -13 19 17 -16 21 -18 -19 -20 -21 22 -23 -24
leaf_value=0 -0.034845616754021667 0 0 0 0 0 -0.02837480322432518 0.033776828684698258 0 0 0 0 -0.036973897419140915 -0.026365159901357377 0 0 0.034876398925818106 0 0 0 0 0.029932133754855629 0.046913084862456302
leaf_weight=2.8242234494537142 15.31316472543404 2.2535190377384451 2.9736908180639139 5.5443838248029378 2.4607145506888619 4.9814511910080901 14.887106158770623 19.768147396855056 10.721114935353397 2.3661289978772393 11.053764504380522 8.0929520437493903 36.191793655045331 16.428661488927904 8.5402285419404489 3.5743415225297275 19.858417604118586 1.8209471646696318 3.1271853912621728 3.2473596083000293 10.679551985114811 14.947708736173807 32.827528164722025
leaf_count=50 800 48 42 69 41 67 641 203 173 35 214 111 963 505 276 79 499 68 85 36 379 220 745
internal_value=0 0.00311651 0 -0.00628612 0.00927539 0.024663 0.00109615 0.0218501 0.0329541 -0.0207389 -0.000410416 -0.0167168 -0.0313375 -0.0131315 0 0.0117744 0.0314444 -0.0222972 -0.0302555 -0.03475 0.0394494 0.0266056 0.0410312
internal_weight=254.484 233.678 211.566 128.821 82.7442 61.6704 86.4086 25.3125 56.6889 20.8065 61.0961 22.9801 42.4128 21.0738 38.116 29.5758 22.1119 18.2496 18.4404 39.4392 45.9678 18.5221 43.5071
internal_count=6349 5429 4882 2854 2028 1405 1813 272 1338 920 1541 752 1041 623 789 513 547 573 885 999 1165 299 1124
is_linear=0
shrinkage=0.1


Tree=132
num_leaves=19
num_cat=0
split_feature=31 30 31 64 59 30 28 37 43 74 67 64 56 30 36 39 60 68
split_gain=2.05029 2.6707 2.96292 2.27434 3.30431 2.14668 1.72213 2.12313 1.01062 0.603438 0.55508 0.423544 1.16293 0.740301 0.399912 0.220939 0.0406232 0.00023724
threshold=34.850000381469734 39.049999237060554 44.850000381469734 89.598846435546889 5.0512390136718759 37.649999618530281 77.500000000000014 3.1781048774719243 57.425994873046882 1.0000000180025095e-35 217.64749145507815 60.348907470703132 257.18066406250006 36.250000000000007 2.6644068956375127 1.1971883773803713 4.9623718261718759 52.010223388671882
decision_type=2 2 2 2 2 2 2 2 2 2 2 2 2 2 2 2 2 2
left_child=3 2 10 4 -1 11 7 9 -6 16 14 13 -13 -4 15 -2 -3 -8
right_child=1 6 5 -5 8 -7 17 -9 -10 -11 -12 12 -14 -15 -16 -17 -18 -19
leaf_value=-0.033496994661546209 -0.038305185570705481 0 0 -0.041692500352701174 0.031393258897818938 0.035220539449267139 0 0 0 0 0 -0.030814276635570782 0 0.023193303031933503 0 0 0.046600285835946657 -0.00046181401724245069
leaf_weight=16.921665561152622 26.534121280536059 8.3918625563383085 6.8189287730492678 21.633609757758677 19.377329834736887 15.501161053776739 5.5909082461148492 13.547174845822154 4.0825168704614034 2.5996719365939489 2.7172411270439616 14.304834479931744 2.5209516063332549 11.358694454655049 3.5708218766376367 2.8733257278800002 30.442784802988172 8.7204795777797681
leaf_count=859 608 236 442 1331 479 231 108 293 72 84 31 463 33 146 32 18 736 147
internal_value=-0.000599092 0.00312569 -0.00452553 -0.0171917 0 0.00374878 0.0192018 0.0275819 0.0209574 0.0384731 -0.0283867 0 -0.0148412 0 -0.032009 -0.035571 0.0414707 0
internal_weight=217.508 155.493 86.2001 62.0151 40.3815 50.5046 69.2929 54.9815 23.4598 41.4343 35.6955 35.0034 16.8258 18.1776 32.9783 29.4074 38.8346 14.3114
internal_count=6349 3608 2004 2741 1410 1315 1604 1349 551 1056 689 1084 496 588 658 626 972 255
is_linear=0
shrinkage=0.1


Tree=133
num_leaves=23
num_cat=0
split_feature=31 37 24 37 58 66 39 68 56 76 7 56 7 64 37 60 51 39 0 68 49 71
split_gain=2.3879 3.64506 2.47364 2.53404 1.68434 1.45202 1.20211 1.6934 1.08795 0.842766 0.658734 0.639136 0.4852 0.483509 0.419126 0.170082 0.461871 0.0685287 0.0410754 0.0202556 0.0029882 0.00335579
threshold=33.750000000000007 2.8466173410415654 319.50000000000006 -1.236879765987396 1.0000000180025095e-35 -546.99999999999989 0.58910065889358532 51.076965332031257 45.640930175781257 54.868652343750007 29.500000000000004 211.07696533203128 -22.499999999999996 302.91378784179693 2.7766885757446294 72.281585693359389 -65.380950927734361 0.20162069052457812 -73.373634338378892 8.0759277343750018 -100.27728271484374 -132.17657470703122
decision_type=2 2 2 2 2 2 2 2 2 2 2 2 2 2 2 2 2 2 2 2 2 2
left_child=4 2 3 -2 5 -1 7 12 20 -10 13 -6 -3 14 -5 -11 -17 -14 -8 -20 21 -7
right_child=1 6 -4 10 11 8 18 -9 9 15 -12 -13 17 -15 -16 16 -18 -19 19 -21 -22 -23
leaf_value=0 0 0 0 -0.046532516487543057 -0.018240994406076145 0 0 0 0.046884977408780448 0 0 0.0012134629531672524 0 0 0 0 0.019086659950685772 0.038324024584937728 0 -0.0070413833579713358 0 0.0024254892748704401
leaf_weight=9.7794717587530595 13.663427956867961 2.5540974773466614 8.7188898697495443 47.037628395948559 16.763718585949395 5.1301914155483255 4.4969425215385881 7.5658789505250743 28.198424212634563 6.0215943558141616 5.1563258678652337 6.984556750394403 2.451370730064812 1.2495155800133932 1.9540172955021251 2.0619021654129055 14.943669737316666 22.693894512020051 2.1246388261206439 9.9664999027736467 6.9537030667997888 8.3802504409104586
leaf_count=186 273 38 110 2111 569 159 58 163 347 176 170 182 52 28 41 30 427 464 37 285 215 228
internal_value=0 -0.00742581 -0.0227124 -0.0304126 0.0124188 0.0199679 0.00660734 0.0195451 0.0254424 0.0331239 -0.0397741 0 0.0322578 -0.0431515 -0.044737 0 0.00936114 0.0362376 0 -0.00532341 0 0.00137031
internal_weight=234.851 129.633 77.7798 69.0609 105.217 81.4692 51.8533 35.2652 71.6897 51.2256 55.3975 23.7483 27.6994 50.2412 48.9916 23.0272 17.0056 25.1453 16.5881 12.0911 20.4641 13.5104
internal_count=6349 3830 2733 2623 2519 1768 1097 717 1582 980 2350 751 554 2180 2152 633 457 516 380 322 602 387
is_linear=0
shrinkage=0.1


Tree=134
num_leaves=23
num_cat=0
split_feature=34 46 56 34 31 68 30 30 37 31 41 36 47 33 21 8 60 39 47 60 30 31
split_gain=1.08703 1.76685 2.06415 1.93874 1.48709 1.38602 0.911276 1.12272 0.858856 0.609037 0.398982 0.388765 0.267652 0.219732 0.214521 0.103243 0.0526203 0.575298 0.356928 0.231948 0.00413322 0.0887402
threshold=1.625430762767792 -101.14126586914061 211.07696533203128 0.40934276580810552 1.5500000119209292 52.010223388671882 42.049999237060554 36.149999618530281 2.9366091489791875 46.149999618530281 -127.80523681640624 0.59597164392471325 -68.358459472656236 1.9898507595062258 77.500000000000014 -25.499999999999996 69.577392578125014 0.43787780404090887 34.410522460937507 211.34890747070315 57.350000381469734 45.649999618530281
decision_type=2 2 2 2 2 2 2 2 2 2 2 2 2 2 2 2 2 2 2 2 2 2
left_child=1 -1 3 20 -5 6 7 -2 10 -4 -6 -12 -9 -13 15 -14 17 -7 -19 -18 21 -3
right_child=5 2 9 4 8 16 -8 12 -10 -11 11 13 14 -15 -16 -17 19 18 -20 -21 -22 -23
leaf_value=-0.01837452951299353 0 -0.0068955134472394172 -0.022151042089608285 0 0 0 0 0 0 0 0 0.035468408038324219 0 0 0 -0.04294840396980143 -0.013134389590372631 0 0.024012168133855736 0 0 0
leaf_weight=10.859786715358494 1.9698549080640102 17.129162282682962 11.463158359285442 4.039737816900014 2.4032506793737403 10.71463309414685 13.257407269906251 2.3362692203372744 17.938406543806195 4.4155652555637053 3.916876694187521 70.461022814270109 1.4597507435828507 4.5670527992770067 1.9711674451827992 22.155649356544018 11.041975087020548 3.1952498690225211 14.67735454533249 5.5636145044118157 6.2614193242043248 3.902610018849372
leaf_count=419 40 235 649 47 53 240 482 39 227 88 67 1782 45 80 14 907 406 70 247 72 79 61
internal_value=0 0.00593308 0.0112407 0.0170659 0.0234477 -0.00760357 -0.02048 -0.0295596 0.0267932 -0.00624716 0.0312119 0.0324347 -0.0360658 0.0339916 -0.0387935 -0.041248 0 0.00412061 0.0175979 0 0 -0.00132804
internal_weight=245.701 157.358 146.498 130.62 103.326 88.3429 43.1501 29.8927 99.2866 15.8787 81.3482 78.945 27.9228 75.0281 25.5866 23.6154 45.1928 28.5872 17.8726 16.6056 27.2932 21.0318
internal_count=6349 3787 3368 2631 2256 2562 1527 1045 2209 737 1982 1929 1005 1862 966 952 1035 557 317 478 375 296
is_linear=0
shrinkage=0.1


Tree=135
num_leaves=19
num_cat=0
split_feature=31 30 31 64 59 30 26 74 60 43 62 52 36 56 56 35 38 60
split_gain=1.76278 2.48972 2.65702 2.18776 3.11507 1.9395 1.45956 1.14604 1.06563 0.99644 0.672874 0.590307 0.695463 0.244262 0.511842 0.164168 0.143744 0.143178
threshold=35.250000000000007 39.049999237060554 44.850000381469734 89.598846435546889 5.8669128417968759 37.250000000000007 100.50000000000001 41.500000000000007 4.9623718261718759 57.425994873046882 -210.49999999999997 109.49313354492189 2.8350379467010502 267.13644409179693 1.7782897949218752 1.0972878932952883 0.55979597568511974 22.694793701171879
decision_type=2 2 2 2 2 2 2 2 2 2 2 2 2 2 2 2 2 2
left_child=3 2 11 4 17 13 7 8 -3 -6 -10 12 15 14 -4 -2 -7 -1
right_child=1 6 5 -5 9 16 -8 -9 10 -11 -12 -13 -14 -15 -16 -17 -18 -19
leaf_value=-0.034456734844031021 -0.038898043446889886 0 0 -0.040561566322379117 0.031020083070937361 0 0 0 0 0 0.042343595217581589 0 0 0 -0.022981747045078764 0 0.034233375414829847 0
leaf_weight=15.445351582486184 25.158201517071582 10.366678377613423 9.776687589939689 20.741283924784511 19.790257090702656 9.2822792949154991 8.8285692539066059 2.6823868127539745 5.8774752430617729 4.225957882590591 35.792795822024353 3.0689937993884078 2.6365689011290661 1.8711044788360585 12.268095811828969 3.849318695254623 15.791290774941443 2.8584989160299292
leaf_count=791 567 345 462 1349 500 130 125 80 94 76 862 37 26 21 427 59 275 123
internal_value=-0.000379041 0.00312078 -0.00390168 -0.0157313 0 0.00363249 0.0194868 0.0263427 0.0306373 0.0207646 0.0374327 -0.0270722 -0.0311825 -0.00267153 -0.0103727 -0.0357124 0.0269018 -0.0308906
internal_weight=210.312 147.25 83.7025 63.0613 42.3201 48.9895 63.5479 54.7193 52.0369 24.0162 41.6703 34.7131 31.6441 23.9159 22.0448 29.0075 25.0736 18.3039
internal_count=6349 3510 2004 2839 1490 1315 1506 1381 1301 576 956 689 652 910 889 626 405 914
is_linear=0
shrinkage=0.1


Tree=136
num_leaves=23
num_cat=0
split_feature=31 56 41 26 72 48 44 52 44 70 41 62 53 37 39 60 0 27 31 43 40 76
split_gain=2.1888 3.07845 4.1774 2.62202 1.80331 1.27747 1.56523 1.25218 1.121 1.07438 0.817789 0.811603 0.807404 0.640756 0.431357 0.409216 0.177422 0.138276 0.119441 0.0687039 0.0406937 0.00537131
threshold=41.95000076293946 124.04064941406251 -12.339263916015623 24.500000000000004 224.36822509765628 -35.679290771484368 6.3010253906250009 -35.987243652343743 -99.784179687499986 -384.49999999999994 -43.321289062499993 213.50000000000003 -104.49999999999999 0.74085551500320446 0.53852117061615001 13.096984863281252 273.00616455078131 149.50000000000003 42.649999618530281 205.1132507324219 2.2023167610168461 114.19635009765626
decision_type=2 2 2 2 2 2 2 2 2 2 2 2 2 2 2 2 2 2 2 2 2 2
left_child=1 2 5 18 9 8 7 -7 13 -3 -9 12 -4 -1 -5 -16 19 -11 -2 20 -6 -18
right_child=3 4 11 14 16 6 -8 10 -10 17 -12 -13 -14 -15 15 -17 21 -19 -20 -21 -22 -23
leaf_value=0 0 0 0 0.015766654654465116 -0.010641660214508129 0 0 0.043665841120857855 -0.025604837178715922 0.044689512110399003 0 0 -0.043415388856570841 0.022534980575326644 0 -0.018371210810825694 0 0 -0.041898318736526052 0 0 0.011554636109308819
leaf_weight=8.3758672662079352 1.1420089686289454 1.9615909224376071 7.4451201055198863 12.683610772714021 8.7701266524381953 3.5342357791960231 4.5035366481170049 26.890261938795444 12.916566821280865 32.185032233595848 10.991296966560187 1.7372954990714777 24.779302832204852 12.510619044303892 4.5015517515130332 11.390070148743687 1.8958293013274659 2.5957114049233487 21.048147979658097 2.8376989942044011 2.4246822055429211 10.004534746520219
leaf_count=197 34 21 115 235 237 83 126 487 515 712 131 36 999 342 75 336 77 100 1068 83 81 259
internal_value=0 0.00674558 0 -0.0160836 0.0244546 0.00905089 0.0200894 0.0283243 0 0.0381427 0.0344018 -0.0310441 -0.0353054 0.00707604 0 -0.00554807 0 0.0426679 -0.0403161 -0.00322896 -0.00794521 0.0105858
internal_weight=227.125 176.359 113.684 50.7654 62.6752 79.7224 45.9193 41.4158 33.8031 36.7423 37.8816 33.9617 32.2244 20.8865 28.5752 15.8916 25.9329 34.7807 22.1902 14.0325 11.1948 11.9004
internal_count=6349 4601 3031 1748 1570 1881 827 701 1054 833 618 1150 1114 539 646 411 737 812 1102 401 318 336
is_linear=0
shrinkage=0.1


Tree=137
num_leaves=25
num_cat=0
split_feature=34 46 43 24 68 38 51 64 38 31 31 69 41 34 47 68 76 34 1 48 65 43 39 45
split_gain=0.835926 1.55774 1.84916 2.34054 1.18501 0.660078 0.594173 0.913508 0.660579 0.580891 0.661262 0.482538 0.403515 0.316301 0.290874 0.220176 0.116258 0.115615 0.185779 0.0650151 0.105723 0.0410526 0.441689 0.426875
threshold=1.625430762767792 -101.14126586914061 -16.906585693359371 -126.99999999999999 52.010223388671882 0.77953675389289867 15.671997070312502 128.5810241699219 0.021725432015955452 50.750000000000007 36.45000076293946 -335.49999999999994 -127.80523681640624 1.2788710594177248 -68.358459472656236 42.221282958984382 71.230209350585952 -1.4654294848442075 -12.993609905242918 494.17230224609381 248.50000000000003 69.899353027343764 0.43787780404090887 -55.143310546874993
decision_type=2 2 2 2 2 2 2 2 2 2 2 2 2 2 2 2 2 2 2 2 2 2 2 2
left_child=1 -1 3 -3 9 12 11 8 -8 10 -2 -4 -5 -13 -12 -16 -10 -14 -19 20 -9 22 -6 -24
right_child=4 2 6 5 21 -7 7 19 16 -11 14 13 17 -15 15 -17 -18 18 -20 -21 -22 -23 23 -25
leaf_value=-0.017256513634381163 0 0 0 0 0 0 0 -0.010909936890033868 0.026147895337512141 0 0 -0.02163465901601385 0 0 -0.037918579076885187 0 0 0.045791798721638369 0 0 0 0 0 0.019587516360788912
leaf_weight=10.621380139142273 14.240451305173336 9.5755829745903593 3.9305669469758895 2.1181127652525893 12.681834035553036 7.002190211787819 4.1314681312069288 11.941134720575066 26.655175688210878 1.9320512618869532 2.4352218806743613 21.025133153423671 2.4449896216392508 4.1859735096804789 20.885731885675348 2.200639769434928 4.1795139769092193 31.695567610673599 1.7550504505634368 9.0353031759150308 2.834355240687727 6.8975832536816588 3.1929249428212634 21.304917478002611
leaf_count=419 553 109 66 47 281 96 69 583 399 38 45 368 29 66 848 43 95 1027 20 252 142 338 74 342
internal_value=0 0.005231 0.0104928 0.0245841 -0.00682173 0.0349286 0 0.00696065 0.0179937 -0.0190204 -0.0227183 -0.0097154 0.0399335 -0.0168097 -0.0318766 -0.0350329 0.0237226 0.0422876 0.044073 0 -0.00615192 0 0.00322045 0.0133959
internal_weight=238.903 153.131 142.51 54.5915 85.7714 45.0159 87.9186 58.777 34.9662 41.6941 39.762 29.1417 38.0137 25.2111 25.5216 23.0864 30.8347 35.8956 33.4506 23.8108 14.7755 44.0773 37.1797 24.4978
internal_count=6349 3787 3368 1328 2562 1219 2040 1540 563 1527 1489 500 1123 434 936 891 494 1076 1047 977 725 1035 697 416
is_linear=0
shrinkage=0.1


Tree=138
num_leaves=21
num_cat=0
split_feature=31 30 31 64 60 30 28 68 74 52 54 35 44 60 64 56 30 38 59 44
split_gain=1.54478 2.63063 2.31974 2.18327 2.91152 1.77297 1.61259 1.30778 1.10357 0.57876 0.462089 0.395587 0.34586 0.315294 0.283361 0.999905 0.568833 0.250334 0.0849339 0.053438
threshold=36.350000381469734 39.049999237060554 44.850000381469734 89.598846435546889 18.532806396484379 37.649999618530281 77.500000000000014 68.825958251953139 30.500000000000004 116.76757812500001 -289.49999999999994 1.0295002460479739 -9.0445251464843732 1.4088745117187502 60.348907470703132 257.18066406250006 36.250000000000007 -0.42350348830223078 8.1702575683593768 58.320678710937507
decision_type=2 2 2 2 2 2 2 2 2 2 2 2 2 2 2 2 2 2 2 2
left_child=3 2 9 4 18 14 8 12 10 11 -3 17 -6 -12 16 -16 -4 -2 -1 -14
right_child=1 6 5 -5 7 -7 -8 -9 -10 -11 13 -13 19 -15 15 -17 -18 -19 -20 -21
leaf_value=-0.029879563590151939 0 0 0 -0.039715984928962972 0 0.032752780579529427 0 0 0 0 0 0 0.037543994631254289 0.043710453059995519 -0.028483547335526563 0 0.020806267709735583 -0.038104172200808417 0 0
leaf_weight=18.397599330404777 2.6405119756236735 3.0839287759736171 6.4138078666292158 20.157838055398315 2.710852434858686 14.6375659359619 12.658417058177291 3.4911034675315014 2.2627617651596657 2.6873546093702307 5.8918775380589059 5.9780614636838427 17.790661314502362 30.076287076808512 13.413818384055046 2.4446457102894774 10.736695084720848 22.236076402012259 3.581609219312667 1.9777080658823241
leaf_count=886 51 48 442 1383 39 231 220 147 69 33 227 80 477 743 463 33 146 525 56 50
internal_value=-9.58054e-05 0.00351044 -0.00324686 -0.0139667 0 0.00331738 0.021933 0.0200389 0.0314516 -0.0255841 0.0361857 -0.0296893 0.0313605 0.0391799 0 -0.0124566 0 -0.0349231 -0.0269594 0.0354925
internal_weight=203.269 135.162 81.1885 68.1074 47.9495 47.6465 53.9733 25.9703 41.3149 33.542 39.0521 30.8546 22.4792 35.9682 33.009 15.8585 17.1505 24.8766 21.9792 19.7684
internal_count=6349 3311 2004 3038 1655 1315 1307 713 1087 689 1018 656 566 970 1084 496 588 576 942 527
is_linear=0
shrinkage=0.1


Tree=139
num_leaves=21
num_cat=0
split_feature=31 56 41 26 65 39 42 44 70 54 54 71 39 60 61 59 31 64 52 47
split_gain=1.95405 2.74152 3.7952 2.32427 1.51401 1.0435 0.992265 0.719351 0.751935 0.713722 0.711549 0.458494 0.332636 0.35987 0.138889 0.153564 0.103804 0.0381908 0.292785 0.0901967
threshold=41.95000076293946 120.67163085937501 -12.339263916015623 24.500000000000004 -364.49999999999994 0.61968049407005321 -66.165985107421861 743.53906250000011 -424.99999999999994 184.50000000000003 -97.499999999999986 -132.17657470703122 0.53852117061615001 13.096984863281252 246.50000000000003 481.75418090820318 42.649999618530281 61.595977783203132 -98.274719238281236 -20.065856933593746
decision_type=2 2 2 2 2 2 2 2 2 2 2 2 2 2 2 2 2 2 2 2
left_child=1 2 5 16 -3 6 11 8 -6 10 -4 -1 -5 -14 15 -10 -2 18 -7 -20
right_child=3 4 9 12 7 17 -8 -9 14 -11 -12 -13 13 -15 -16 -17 -18 -19 19 -21
leaf_value=0 0 0 0 0.01404219351257276 0 0 0 0 0.038217009810639802 0 -0.043384251253273755 0.035927628457024102 0 -0.017239057738953973 0 0 -0.040422020639031553 0 -0.014557714873125478 0
leaf_weight=4.2545234551653293 1.1091874870471681 10.247741814702747 6.8988476204685893 12.30701223947108 2.4128767345100632 2.3228182494640341 18.460835413541645 2.029661087319254 43.771794699132442 1.5334392739459861 22.437636455753822 21.141664572991431 4.4210759452544144 11.138455455657093 2.0818588873371473 2.167484698817133 19.980162871535867 9.5950022954493743 17.470116375945512 3.2251799786463407
leaf_count=123 34 158 98 235 50 63 366 72 1161 36 981 540 75 336 97 73 1068 119 590 74
internal_value=0 0.00648289 0 -0.0154708 0.0230725 0.00831188 0.0185301 0.0301282 0.0328439 -0.0312545 -0.0353399 0.0304683 0 -0.00486829 0.0357695 0.0369227 -0.0388923 0 -0.00387596 -0.0119703
internal_weight=219.007 170.051 107.34 48.9559 62.7114 76.4701 43.857 52.4637 50.434 30.8699 29.3365 25.3962 27.8665 15.5595 48.0211 45.9393 21.0894 32.6131 23.0181 20.6953
internal_count=6349 4601 2990 1748 1611 1875 1029 1453 1381 1115 1079 663 646 411 1331 1234 1102 846 727 664
is_linear=0
shrinkage=0.1


Tree=140
num_leaves=23
num_cat=0
split_feature=56 60 53 34 55 39 35 38 72 66 62 76 76 66 31 58 37 72 31 40 66 40
split_gain=0.825007 1.70489 2.34349 1.75702 1.71954 1.74861 1.24653 1.28081 1.22394 1.11272 1.06954 0.662261 0.542577 0.500584 0.256412 0.454342 0.21613 0.155318 0.0956664 0.0429725 0.0347356 0.0372288
threshold=223.13342285156253 208.07672119140628 -128.49999999999997 1.8638085722923281 -109.17999267578124 0.43480312824249273 0.19466600567102435 1.3407859206199648 189.0335388183594 1.0000000180025095e-35 -68.499999999999986 51.385986328125007 65.122528076171889 641.00000000000011 26.050000190734867 -73.499999999999986 4.8297836780548105 31.377044677734379 47.750000000000007 -4.1711394786834708 -110.49999999999999 3.751483798027039
decision_type=2 2 2 2 2 2 2 2 2 2 2 2 2 2 2 2 2 2 2 2 2 2
left_child=1 2 10 4 -4 -6 -7 8 9 16 17 -3 14 -2 -5 -16 -8 -1 19 -17 -21 -22
right_child=13 11 3 12 5 6 7 -9 -10 -11 -12 -13 -14 -15 15 18 -18 -19 -20 20 21 -23
leaf_value=0 -0.026552853700380886 0 -0.0034309493318766386 0 0 0 0.043362136378551769 0 0 0 0 0.036239278106256052 0 0 0 0 0 -0.039584103141185781 0 0 -0.023460777524788742 0
leaf_weight=2.5668956795707407 14.526812004391106 3.6511673871427801 7.4701711917296043 4.0682140868157139 29.021023279987276 8.0101060601882619 52.551265953108668 4.6164940651506177 6.1374335451982907 6.7554483646526924 3.3455342939123502 16.62583221681416 10.013125733006744 1.5451741218566883 4.299591958988457 1.7208556542173017 2.4701320976018897 18.82928577112034 1.4511689115315665 1.4684683396480931 27.866005773190416 2.6695475955493739
leaf_count=87 796 62 299 84 637 146 1281 63 239 160 72 253 305 24 73 57 41 406 28 36 1103 97
internal_value=0 0.00245992 0 0.00373563 0.0122638 0.0176911 0.0251654 0.0294507 0.0332631 0.0374559 -0.0278278 0.0284582 -0.0060098 -0.0193685 -0.0127309 -0.0154611 0.0419733 -0.0365054 -0.0196799 -0.0207204 -0.0215243 -0.0222373
internal_weight=231.68 215.608 195.331 170.589 117.032 109.562 80.5409 72.5308 67.9143 61.7768 24.7417 20.277 53.557 16.072 43.5439 39.4756 55.0214 21.3962 35.176 33.7249 32.004 30.5356
internal_count=6349 5529 5214 4649 2866 2567 1930 1784 1721 1482 565 315 1783 820 1478 1394 1322 493 1321 1293 1236 1200
is_linear=0
shrinkage=0.1


Tree=141
num_leaves=16
num_cat=0
split_feature=31 30 31 64 59 60 26 74 60 44 52 41 62 59 59
split_gain=1.42667 2.05705 1.5789 1.49523 2.16568 1.142 1.74967 1.28781 0.622074 0.678016 0.162287 0.0289429 0.0202569 0.0110645 0.369101
threshold=34.850000381469734 37.750000000000007 45.850000381469734 89.598846435546889 5.0512390136718759 8.6736450195312518 100.50000000000001 14.500000000000002 17.130767822265629 87.205200195312514 -45.648071289062493 -41.007690429687493 -217.49999999999997 -23.308105468749996 21.727020263671879
decision_type=2 2 2 2 2 2 2 2 2 2 2 2 2 2 2
left_child=3 2 -2 4 -1 10 7 12 -6 -10 -3 -12 -7 -4 -15
right_child=1 5 13 -5 8 6 -8 -9 9 -11 11 -13 -14 14 -16
leaf_value=-0.029078188932511073 -0.032399541300676071 0 0 -0.036876459134426921 0 0 0 0 0.031846280566981043 0 -0.012999009184398959 0 0.033042730860521452 0.015988453464273123 0
leaf_weight=15.021207175450398 16.540591923054308 6.7372764004394439 5.2143908943980959 18.156566893449053 2.0679320394992855 4.137839274480938 17.272744641639292 3.640650823712348 17.24245278257877 1.9653651267290104 8.9137709010392427 5.9137433376163218 52.304167219437659 12.46833102963865 8.8600371936336142
leaf_count=859 413 106 450 1331 23 70 262 104 495 33 459 74 1156 168 346
internal_value=0 0.00295399 -0.00949059 -0.0151248 0 0.0132295 0.0191186 0.0273235 0.0170995 0.0246621 0 -0.00970485 0.0318058 0 0.00215925
internal_weight=196.457 142.004 43.0834 54.4535 36.297 98.9202 77.3554 60.0827 21.2757 19.2078 21.5648 14.8275 56.442 26.5428 21.3284
internal_count=6349 3608 1377 2741 1410 2231 1592 1330 551 528 639 533 1226 964 514
is_linear=0
shrinkage=0.1


Tree=142
num_leaves=19
num_cat=0
split_feature=31 37 24 37 30 37 70 68 30 31 6 45 31 55 3 74 16 63
split_gain=1.72835 2.59394 2.01845 2.03595 1.39827 1.77007 1.34032 0.811318 1.1336 0.7439 0.700094 0.526037 0.45653 1.4633 1.04755 0.422411 0.294371 0.0379746
threshold=33.750000000000007 2.8466173410415654 319.50000000000006 -1.236879765987396 59.000000000000007 0.31020650267601019 -36.499999999999993 42.221282958984382 40.750000000000007 45.750000000000007 70.500000000000014 378.79739379882818 1.5500000119209292 -107.54916381835936 176.69346618652347 101.50000000000001 -57.499999999999993 121.51803588867189
decision_type=2 2 2 2 2 2 2 2 2 2 2 2 2 2 2 2 2 2
left_child=4 2 3 -2 5 -1 -7 8 9 -3 11 15 -6 -14 -15 16 -5 -9
right_child=1 7 -4 10 12 6 -8 17 -10 -11 -12 -13 13 14 -16 -17 -18 -19
leaf_value=0 0 0.032675989208333658 0 0 0.009418748478502173 0.043308165149496508 0 -0.0062685957590846372 0 0 0 0 0 -0.037912889468992961 0 0 -0.044447735310749859 0
leaf_weight=13.115679044742135 12.453503650613127 23.61673774197698 8.087414669338612 1.8557496429420925 8.3693551337346417 28.107046937104315 20.9742969754152 7.2605541078373772 7.6725543579086652 2.9719388545490792 1.2863449230790127 1.1202680049464095 4.6240134146064547 17.576048451475803 2.3991724643856278 1.5306650614365924 43.235108340857558 5.360363838262856
leaf_count=258 273 469 110 61 138 485 962 156 196 100 11 47 152 430 94 51 2180 176
internal_value=0 -0.00657928 -0.020481 -0.0280807 0.011154 0.0201085 0.0291748 0.00425895 0.0156737 0.0264893 -0.0370852 -0.0393726 0 -0.0115619 -0.0285514 -0.0411452 -0.0428536 0
internal_weight=211.617 116.451 69.5691 61.4816 95.1656 62.197 49.0813 46.8821 34.2612 26.5887 49.0281 47.7418 32.9686 24.5992 19.9752 46.6215 45.0909 12.6209
internal_count=6349 3830 2733 2623 2519 1705 1447 1097 765 569 2350 2339 814 676 524 2292 2241 332
is_linear=0
shrinkage=0.1


Tree=143
num_leaves=21
num_cat=0
split_feature=56 68 64 2 27 30 54 59 30 42 47 66 21 37 8 59 74 75 36 30
split_gain=0.657709 1.67139 1.68159 1.52293 1.22518 1.03965 0.776985 1.00094 1.62998 2.41083 0.659755 0.601218 0.242431 0.178098 0.100613 0.070815 0.07081 0.0579248 0.0407991 0.0274049
threshold=214.6813659667969 68.825958251953139 51.196655273437507 -43.387933731079094 62.500000000000007 118.70000076293947 -163.49999999999997 17.275512695312504 38.45000076293946 -116.64587402343749 -51.775451660156243 641.00000000000011 39.500000000000007 0.74085551500320446 20.500000000000004 467.06204223632818 -62.499999999999993 -12.622711181640623 1.5067641139030459 36.250000000000007
decision_type=2 2 2 2 2 2 2 2 2 2 2 2 2 2 2 2 2 2 2 2
left_child=1 2 6 18 12 14 13 8 10 -10 -8 15 -4 -1 -5 -2 -11 -15 -3 -12
right_child=11 3 4 5 -6 -7 7 -9 9 16 19 -13 -14 17 -16 -17 -18 -19 -20 -21
leaf_value=0 -0.028530105586210525 -0.0056792196253330242 -0.033070555078211432 0.027432688896116404 0 0 0.012820615815984286 0 0 0 0 0 0 -0.014757626037221239 0 0 0.043542859649064396 0 0 -0.019861715879527564
leaf_weight=4.0893203248269883 12.699273745529355 10.24616369046271 26.77342288475484 55.768601403106004 12.508149734232573 2.6602431219071141 8.8307159077376145 8.3354205004870874 3.9253404140472403 4.0341179533861569 2.134819831699132 1.9706177636980999 1.8857925389893342 11.284340355079621 7.8139364095404735 2.6680532498285165 28.414456739556044 1.5686980905011267 6.5203703027218571 10.334898356348274
leaf_count=125 782 207 878 1191 204 52 406 348 125 136 23 30 38 475 149 83 637 45 115 300
internal_value=0 0.0021894 -0.00212776 0.0141682 -0.0198879 0.0217168 0.00134889 0.0103329 0.0169761 0.0294421 0 -0.0168014 -0.0308094 -0.00566467 0.0254596 -0.0255325 0.0406965 -0.012547 0 -0.0178728
internal_weight=224.467 207.129 124.119 83.0093 41.1674 66.2428 82.9521 66.0098 57.6743 36.3739 21.3004 17.3379 28.6592 16.9424 63.5825 15.3673 32.4486 12.853 16.7665 12.4697
internal_count=6349 5454 3740 1714 1120 1392 2620 1975 1627 898 729 895 916 645 1340 865 773 520 322 323
is_linear=0
shrinkage=0.1


Tree=144
num_leaves=22
num_cat=0
split_feature=31 36 39 60 36 38 28 16 71 54 51 38 21 54 36 66 48 34 43 36 36
split_gain=1.24602 1.14247 1.02804 0.922289 0.800777 0.67356 0.475901 0.424982 0.314962 0.541978 0.485219 0.25321 0.247846 0.328141 0.369628 0.246597 0.205091 0.106895 0.0911642 0.0654183 0.00694808
threshold=35.250000000000007 1.7395083308219912 0.64343363046646129 211.34890747070315 1.0000000180025095e-35 0.5557173788547517 50.500000000000007 -30.499999999999996 -10.509307861328123 114.50000000000001 -48.109268188476555 1.7640156149864199 154.50000000000003 -286.49999999999994 1.1091528534889223 -76.499999999999986 242.4847106933594 -2.3090177774429317 8.5895690917968768 1.6089465618133547 1.6464249491691592
decision_type=2 2 2 2 2 2 2 2 2 2 2 2 2 2 2 2 2 2 2 2 2
left_child=1 4 6 5 -1 -4 8 -7 10 15 -2 17 13 -9 -15 -10 -17 -6 -12 -8 -19
right_child=2 -3 3 -5 11 7 19 12 9 -11 18 -13 -14 14 -16 16 -18 20 -20 -21 -22
leaf_value=0 0 0 0 0 0 0 -0.017676502534144649 0 0 0 -0.020759252308842027 0 0 0 0.034280109611063793 0.022996836213150192 0 -0.032608999037394289 0 0 0
leaf_weight=5.0557271363213649 5.028005751315507 12.955690862610934 8.2018011729232949 3.8881631875410667 1.3298582024872292 4.0513007733970872 14.921726732049139 2.6326209874823681 10.786224515177308 3.3881922774016848 11.295081242918965 3.9304527775384477 2.7208803854882708 9.058572765439747 32.449434242211282 22.077531880699102 2.225674755871295 30.089835332240909 0.9840849023312338 1.8389352513477195 2.1010001618415108
leaf_count=123 150 477 260 72 49 71 431 62 127 117 653 140 26 119 714 527 89 1942 25 67 108
internal_value=0 -0.0140657 0.00270805 0.0131394 -0.0225679 0.0182614 -4.84794e-05 0.0226077 0 0.00858093 -0.00265992 -0.027836 0.0252865 0.0270192 0.0291295 0.0149947 0.0201987 -0.0304976 -0.0184383 -0.0157588 -0.0315715
internal_weight=191.011 55.4626 135.548 63.0028 42.5069 59.1146 72.5455 50.9128 55.7848 38.4776 17.3072 37.4511 46.8615 44.1406 41.508 35.0894 24.3032 33.5207 12.2792 16.7607 32.1908
internal_count=6349 2839 3510 1324 2362 1252 2186 992 1688 860 828 2239 921 895 833 743 616 2099 678 498 2050
is_linear=0
shrinkage=0.1


Tree=145
num_leaves=17
num_cat=0
split_feature=31 56 49 68 53 65 51 60 44 62 70 65 59 44 41 45
split_gain=1.67638 2.27373 3.07054 1.97541 1.71178 1.22187 1.00743 1.2239 0.868064 0.726804 0.623206 0.69919 0.46136 0.394323 0.347506 0.34305
threshold=41.95000076293946 114.89904785156251 -39.057556152343743 42.221282958984382 -98.499999999999986 -364.49999999999994 -39.127471923828118 -13.371429443359373 5.4669799804687509 213.50000000000003 -424.99999999999994 648.00000000000011 524.28286743164074 -99.784179687499986 -126.66491699218749 34.600524902343757
decision_type=2 2 2 2 2 2 2 2 2 2 2 2 2 2 2 2
left_child=1 2 6 15 -4 -3 13 -8 -9 -6 -7 12 -12 14 -1 -2
right_child=3 5 4 -5 9 10 7 8 -10 -11 11 -13 -14 -15 -16 -17
leaf_value=0.017225995784555158 -0.0040695385245066457 0 0 -0.034745210010532233 -0.042604166628667922 0 0 0.039248737775256441 0 0 0.035208089309586035 0 0 -0.014441903010185103 0 0.014702798065755127
leaf_weight=12.464004977606239 11.259480062872173 9.7613602895289642 12.54567731451243 22.164179178187624 24.140382891520861 2.4008413963019839 2.9215903994627324 22.203069070354108 2.8032958423718801 1.292586694471537 45.718855222687125 1.9919741936027993 2.1756294053047887 12.012220350094138 6.5564709911122945 12.419217878021298
leaf_count=351 615 160 197 887 1037 52 182 446 71 28 1296 104 75 422 180 246
internal_value=0 0.00651924 0 -0.014328 -0.0242739 0.021429 0.0106127 0.0236644 0.0326529 -0.0383371 0.027651 0.0303128 0.0330797 0 0.00661193 0
internal_weight=204.831 158.988 96.9393 45.8429 37.9786 62.0487 58.9607 27.928 25.0064 25.433 52.2873 49.8865 47.8945 31.0327 19.0205 23.6787
internal_count=6349 4601 2914 1748 1262 1687 1652 699 517 1065 1527 1475 1371 953 531 861
is_linear=0
shrinkage=0.1


Tree=146
num_leaves=26
num_cat=0
split_feature=30 68 40 56 66 3 64 62 51 56 30 39 67 76 30 66 31 66 50 47 31 46 38 33 71
split_gain=0.576216 0.890516 1.69228 1.44303 1.1931 0.749047 1.11019 0.766887 0.420747 0.497229 0.368281 0.252003 0.185017 0.199418 0.142471 0.0751248 0.217172 0.293064 0.235076 0.239674 0.0965847 0.384115 0.16812 0.0633482 0.00897607
threshold=36.049999237060554 306.13510131835943 1.4710645079612734 239.19567871093753 -586.49999999999989 564.13061523437511 58.895385742187507 98.500000000000014 77.226043701171889 191.11099243164065 -1.0000000180025095e-35 0.44598060846328741 13.672241210937502 -48.211364746093743 102.14999771118165 -66.499999999999986 27.550000190734867 149.50000000000003 51.062072753906257 116.96868896484376 45.45000076293946 -65.747863769531236 0.85315778851509105 2.8362896442413335 62.124145507812507
decision_type=2 2 2 2 2 2 2 2 2 2 2 2 2 2 2 2 2 2 2 2 2 2 2 2 2
left_child=10 2 4 -3 -2 6 12 23 15 11 -1 -10 13 -6 -15 20 -17 18 -18 -20 21 -4 -23 -8 -14
right_child=1 3 8 -5 5 -7 7 -9 9 -11 -12 -13 24 14 -16 16 17 -19 19 -21 -22 22 -24 -25 -26
leaf_value=0 0 0.030113888410157455 0 0 0 0 -0.038116065469777784 0 0 0 0.024861248515651631 0.025254095061781407 0.0026494197813187433 -0.013521402590958626 0 0 0 0 -0.025732934544328345 0 0 0.019047088855929907 0 0 0
leaf_weight=1.5347048118710525 6.6610536370426408 17.576903993263844 2.489880586974329 4.4434577892534426 5.0529297962784687 3.4627636605873695 39.70034971088171 3.7429030598141244 2.5590016264468494 2.346537781879305 12.493003188632425 15.993257000576703 10.384129345417021 26.416408858262013 3.552093753591179 2.8743484364822498 12.226403965614741 1.9049390731379379 13.605954660568388 2.9418697673827401 3.7261234894394866 15.480755727738144 2.834377600811421 1.8655568975955237 2.6444141659885636
leaf_count=12 120 270 86 239 198 124 1195 156 80 185 637 312 165 951 98 66 340 36 418 71 67 297 72 27 127
internal_value=0 -0.00107212 -0.00543167 0.0122895 -0.0145265 -0.0185857 -0.0208839 -0.0332874 0.000636707 0.0134899 0.0183361 0.0209674 0 -0.00703115 -0.0108975 0 -0.00457089 -0.00939967 -0.0137022 -0.0208068 0 0.00645107 0.015232 -0.0371051 0
internal_weight=218.514 204.486 182.466 22.0204 103.483 96.8215 93.3588 45.3088 78.9834 20.8988 14.0277 18.5523 48.05 35.0214 29.9685 58.0847 33.5535 30.6792 28.7742 16.5478 24.5311 20.805 18.3151 41.5659 13.0285
internal_count=6349 5700 5191 509 3161 3041 2917 1378 2030 577 649 392 1539 1247 1049 1453 931 865 829 489 522 455 369 1222 292
is_linear=0
shrinkage=0.1


Tree=147
num_leaves=19
num_cat=0
split_feature=31 30 31 64 59 28 30 46 74 60 52 36 62 56 56 17 35 34
split_gain=1.03442 2.128 1.92603 1.57438 2.05302 1.41404 1.41141 1.2157 0.991031 0.491707 0.48263 0.573597 0.25603 0.142533 0.346379 0.140725 0.137164 0.12869
threshold=36.350000381469734 39.049999237060554 44.850000381469734 89.598846435546889 8.1702575683593768 77.500000000000014 37.250000000000007 94.248016357421889 55.500000000000007 21.669464111328129 116.76757812500001 2.8350379467010502 -242.49999999999997 267.13644409179693 1.7782897949218752 77.500000000000014 1.2930741906166079 0.93676754832267772
decision_type=2 2 2 2 2 2 2 2 2 2 2 2 2 2 2 2 2 2
left_child=3 2 10 4 9 8 13 -6 12 -1 11 15 -3 14 -4 16 -2 -14
right_child=1 5 6 -5 7 -7 -8 -9 -10 -11 -12 -13 17 -15 -16 -17 -18 -19
leaf_value=-0.028541023098867274 -0.036788529931124428 0 0 -0.035602121731794195 0.032535389727776781 0 0.024044839750832409 0 0 0 0 0 0 0 -0.019025746220312452 0 0 0.04025166723197935
leaf_weight=17.967739741085101 22.023613096680506 4.7575371079146818 8.8353387317620271 17.438998915953562 17.444733014330271 11.880246257409452 22.401836199685931 4.4917687550187102 1.8142266431823362 3.7290205364115527 2.4833154510706654 2.5011733379214993 3.2701043370179894 1.7391325570642937 11.115850112400947 2.1597322449088088 2.3576166713610283 28.102774010039866
leaf_count=908 575 96 462 1383 523 220 405 86 53 138 33 26 162 21 427 11 44 776
internal_value=0 0.00270813 -0.00297299 -0.0121734 0 0.0203025 0.00223236 0.0190718 0.0297325 -0.0220118 -0.0241073 -0.0279382 0.0343922 -0.000434087 -0.00799772 -0.0323444 -0.0343956 0.0377523
internal_weight=186.515 125.442 75.6176 61.0723 43.6333 49.8249 44.0922 21.9365 37.9446 21.6968 31.5255 29.0421 36.1304 21.6903 19.9512 26.541 24.3812 31.3729
internal_count=6349 3311 2004 3038 1655 1307 1315 609 1087 1046 689 656 1034 910 889 630 619 938
is_linear=0
shrinkage=0.1


Tree=148
num_leaves=20
num_cat=0
split_feature=31 68 33 39 39 60 68 60 73 11 2 30 33 76 8 49 74 68 52
split_gain=1.36037 1.76153 1.45378 1.46451 0.262472 0.795608 0.266518 0.238942 0.232245 0.189651 0.181493 0.134754 0.136204 0.103056 0.0768529 0.0401281 0.0375229 0.0102767 0.00100015
threshold=41.95000076293946 42.221282958984382 1.0998831391334536 0.80765497684478771 0.4158348441123963 193.59292602539065 -98.716613769531236 43.421203613281257 94.500000000000014 45.500000000000007 36.337728500366218 39.049999237060554 0.31272520124912268 -48.211364746093743 -32.499999999999993 -156.04669189453122 -107.49999999999999 402.58074951171881 -20.146362304687496
decision_type=2 2 2 2 2 2 2 2 2 2 2 2 2 2 2 2 2 2 2
left_child=2 10 4 8 7 6 -6 -1 9 13 -2 -8 -13 -4 -15 -16 -5 -9 -18
right_child=1 -3 3 16 5 -7 11 17 -10 -11 -12 12 -14 14 15 -17 18 -19 -20
leaf_value=0.011187764433878502 -0.001766210528561766 -0.033221461905305803 0 -0.0056424719241514806 0 0 0 -0.0025768566505921346 0 0 0.010253969150039205 0 -0.025410391651328603 0 0 0.026467132608669414 0 0 0.0007985944255484344
leaf_weight=16.686666493769739 8.6887069288641232 21.315219851210713 3.3782596532255402 9.3824025853537041 1.3913614209741414 4.0553928641602388 2.277621021494272 13.073128010379149 1.8149347705766548 1.864359542261808 14.528979904716833 1.4016904821619416 22.307600839762017 1.7585681844502676 2.1162599287927142 55.617034802446142 2.116262584924697 2.0719737391918889 13.279016598360611
leaf_count=371 589 887 140 217 46 77 39 378 78 41 272 34 895 55 76 1644 103 80 327
internal_value=0 -0.0135063 0.00566683 0.014453 0 -0.00880735 -0.0188489 0 0.0222788 0.0233315 0 -0.0216002 -0.0236404 0.0242685 0.0252538 0.0258686 0 0 0
internal_weight=199.125 44.5329 154.593 91.3271 63.2654 31.4337 27.3783 31.8318 66.5494 64.7345 23.2177 25.9869 23.7093 62.8701 59.4919 57.7333 24.7777 15.1451 15.3953
internal_count=6349 1748 4601 2681 1920 1091 1014 829 2034 1956 861 968 929 1915 1775 1720 647 458 430
is_linear=0
shrinkage=0.1


Tree=149
num_leaves=20
num_cat=0
split_feature=56 68 64 2 27 31 31 46 47 46 71 31 31 70 66 25 21 27 76
split_gain=0.516168 1.51294 1.37699 1.32705 0.990008 0.82376 0.773022 0.632735 1.68406 2.22897 0.9592 0.80598 0.683002 0.593874 0.557572 0.369507 0.239821 0.116678 0.0948263
threshold=211.07696533203128 67.701049804687514 52.918670654296882 -43.387933731079094 62.500000000000007 1.5500000119209292 27.550000190734867 7.7597351074218759 -54.399597167968743 -100.20410156249999 57.596649169921882 29.250000000000004 43.549999237060554 -222.49999999999997 641.00000000000011 -44.499999999999993 39.500000000000007 -325.49999999999994 114.19635009765626
decision_type=2 2 2 2 2 2 2 2 2 2 2 2 2 2 2 2 2 2 2
left_child=1 2 7 -3 6 -5 -4 8 9 -1 12 -10 -9 -11 17 -13 -8 -2 -7
right_child=14 3 4 5 -6 18 16 10 11 13 -12 15 -14 -15 -16 -17 -18 -19 -20
leaf_value=-0.0060619723346493912 0 0 0 0 0 0.025110183176104445 -0.039161526308426176 0.037186579265560425 0 0 0 0 0 0.038156228801387068 0 -0.036688582637686484 0 -0.025759930161399026 0
leaf_weight=9.6985752312466484 0.9866978451609637 15.776952587068079 3.1947537781670716 2.8197314720600835 11.381970591377465 58.306350552011281 19.838840601500127 14.070143976248806 1.6505120676010872 6.3720846828073254 6.2910659215413025 1.7881780574098254 5.4380627926439038 17.682361955754462 2.0490468405187121 17.7566850152798 1.5597655186429609 13.973982828669248 2.5790153956040731
leaf_count=408 20 323 58 59 195 1257 786 141 41 175 254 53 78 765 35 727 34 865 75
internal_value=0 0.00228459 -0.00169847 0.0139006 -0.0191557 0.020978 -0.0298053 0.000609175 0 0.00635231 0.0150149 -0.0255303 0.0269803 0.0296783 -0.014577 -0.0326808 -0.0365016 -0.0236362 0.0242867
internal_weight=213.215 196.205 116.723 79.4821 35.9753 63.7051 24.5934 80.7477 54.9484 33.753 25.7993 21.1954 19.5082 24.0544 17.0097 19.5449 21.3986 14.9607 60.8854
internal_count=6349 5429 3715 1714 1073 1391 878 2642 2169 1348 473 821 219 940 920 780 820 885 1332
is_linear=0
shrinkage=0.1


Tree=150
num_leaves=19
num_cat=0
split_feature=39 36 37 36 30 21 30 8 51 16 38 37 6 36 37 70 30 30
split_gain=0.717564 0.984688 0.953196 0.897421 0.75183 0.434625 0.492364 0.406183 0.33612 0.265908 0.249217 0.216446 0.0609581 0.0363679 0.0304442 0.0148117 0.0109798 0.0475632
threshold=0.64343363046646129 1.5536465644836428 1.2049002051353457 0.50339171290397655 42.049999237060554 157.50000000000003 36.350000381469734 18.500000000000004 -64.331710815429673 -30.499999999999996 0.5557173788547517 0.14796774089336398 29.500000000000004 -1.0000000180025095e-35 1.1462237238883974 6.0000000000000009 37.750000000000007 47.95000076293946
decision_type=2 2 2 2 2 2 2 2 2 2 2 2 2 2 2 2 2 2
left_child=1 3 11 -1 5 6 -4 8 -5 -8 -11 -2 -10 -13 15 -15 -3 -18
right_child=2 16 4 7 -6 -7 9 -9 12 10 -12 13 -14 14 -16 -17 17 -19
leaf_value=0 0 0 0 0 0 0 0 0 -0.025599080567270865 0 0.030307860962344862 0 0 -0.014379320758935808 0 0 0.0051517307812391543 0
leaf_weight=8.3911968856118602 7.775010198820385 4.8822475885972407 3.2775308801792553 3.6089947065338484 15.646107751876114 3.0399467572569838 2.9464431582018724 9.0453625170048308 47.130850360961631 4.0499099721200755 33.566122089512646 0.91414150781929748 1.2382765333168197 12.012522166362027 1.2923497036099423 1.0521995984017838 19.654761828482155 1.8483560278546054
leaf_count=162 200 252 75 189 483 32 57 310 2257 72 665 19 58 712 31 71 562 142
internal_value=0 -0.00755597 0.00422302 -0.0146689 0.0130755 0.0194371 0.022285 -0.0196248 -0.0228885 0.0254774 0.0276285 0 -0.0250464 -0.0110662 -0.0122817 -0.0135323 0 0.00214308
internal_weight=181.372 95.8 85.5723 69.4147 62.5261 46.88 43.84 61.0235 51.9781 40.5625 37.616 23.0462 48.3691 15.2712 14.3571 13.0647 26.3854 21.5031
internal_count=6349 3932 2417 2976 1384 901 869 2814 2504 794 737 1033 2315 833 814 783 956 704
is_linear=0
shrinkage=0.1


Tree=151
num_leaves=16
num_cat=0
split_feature=36 31 33 39 53 37 58 9 37 9 40 67 39 40 76
split_gain=1.33688 0.864474 1.05431 1.05465 0.689066 0.457808 0.345406 0.282191 0.234189 0.185403 0.180825 0.176094 0.144857 0.0684626 0.00119359
threshold=1.4529555439949038 45.850000381469734 0.96007519960403453 0.81951597332954418 -91.499999999999986 -2.2016481161117549 223.00000000000003 -36.499999999999993 4.0885775089263925 54.500000000000007 2.9174321889877324 -126.08670043945311 -0.074568238109350191 -0.97264671325683583 55.150909423828132
decision_type=2 2 2 2 2 2 2 2 2 2 2 2 2 2 2
left_child=1 2 14 7 -2 -6 8 -4 9 11 12 -7 -9 -14 -1
right_child=4 -3 3 -5 5 6 -8 10 -10 -11 -12 -13 13 -15 -16
leaf_value=0 0 0 0 0 0 0 0 0 0 0 0 -0.030659407732518164 0 0.025560831310131905 -0.00091339273842817317
leaf_weight=21.560238480800763 19.696090668905526 6.8221645217854521 3.0870921183377495 14.839405427919699 3.2535877507179967 0.83763153105974453 3.518421934451907 2.0250148084014645 5.5670252586714915 1.1538595990277816 5.8520367494784287 27.507777651306245 3.5407593557611028 62.844026315025992 11.903375972062348
leaf_count=413 444 444 57 285 88 35 148 43 153 37 146 1861 67 1833 295
internal_value=0 0.00674269 0.0107422 0.0163608 -0.0106388 -0.0178696 -0.0213627 0.0212067 -0.0243187 -0.027713 0.0224642 -0.0292767 0.023914 0.0246936 0
internal_weight=194.009 132.474 125.652 92.1883 61.5344 41.8383 38.5847 77.3489 35.0663 29.4993 74.2618 28.3454 68.4098 66.3848 33.4636
internal_count=6349 3583 3139 2431 2766 2322 2234 2146 2086 1933 2089 1896 1943 1900 708
is_linear=0
shrinkage=0.1


Tree=152
num_leaves=25
num_cat=0
split_feature=30 60 40 64 66 8 76 76 61 37 40 30 51 64 34 33 66 31 66 50 47 31 49 38
split_gain=0.428519 0.743041 1.43196 1.23998 0.927459 0.695915 0.498338 0.494059 0.536453 0.47622 0.459214 0.312475 0.284318 0.398991 0.0754263 0.0567819 0.0517106 0.184809 0.19732 0.175322 0.16468 0.0526934 0.265904 0.128637
threshold=36.049999237060554 211.34890747070315 1.4710645079612734 230.72195434570315 -586.49999999999989 -29.499999999999996 51.385986328125007 -48.211364746093743 251.50000000000003 -3.2416737079620357 1.375516474246979 -1.0000000180025095e-35 77.226043701171889 157.57110595703128 2.0257474184036259 2.9634540081024174 -66.499999999999986 27.550000190734867 137.00000000000003 51.062072753906257 118.61642456054689 45.45000076293946 -101.96185302734374 0.85315778851509105
decision_type=2 2 2 2 2 2 2 2 2 2 2 2 2 2 2 2 2 2 2 2 2 2 2 2
left_child=11 2 4 6 -2 -6 -3 -7 9 -9 15 -1 16 14 -14 -11 21 -18 19 -19 -21 22 -4 -24
right_child=1 3 12 -5 5 7 -8 8 -10 10 -12 -13 13 -15 -16 -17 17 18 -20 20 -22 -23 23 -25
leaf_value=0 0 0 0 0 0 0 0.032589964026786197 0 0 -0.030382179629177299 0 0.022729799597569562 0.021921339816129846 0 0 0 0 0 0 -0.022473615165258864 0 0 0.016238594930024931 0
leaf_weight=1.4950994849205024 5.9263824746012679 3.3351574083790245 2.5409103166312041 4.4978909622877827 6.2782215233892193 4.446640405803918 16.768097667954862 8.3576898160390538 1.6533376052975643 57.505651637446135 8.1127783060073835 11.806540351361033 13.385692174080765 3.2576475047972044 3.0155088976025572 2.6602594363503149 2.7394229676574495 11.59962950693444 2.0076438672840586 12.918338801246135 2.4110112786293021 3.558109499514102 14.557131234556438 2.7187352278269818
leaf_count=12 113 62 92 284 138 188 297 233 71 1973 272 637 258 220 92 52 66 340 41 415 63 67 287 76
internal_value=0 -0.000590145 -0.00512551 0.0105029 -0.0139117 -0.0175367 0.02614 -0.0202966 -0.0222683 -0.0239608 -0.0266342 0.0163858 0 0.0113521 0.0190624 -0.0295763 0 -0.00389533 -0.00868729 -0.0121616 -0.0185344 0 0.00486973 0.0127238
internal_weight=207.554 194.252 169.651 24.6011 94.941 89.0146 20.1033 82.7364 78.2897 76.6364 68.2787 13.3016 74.7098 19.6588 16.4012 60.1659 55.0509 31.676 28.9366 26.929 15.3294 23.3749 19.8168 17.2759
internal_count=6349 5700 5057 643 3040 2927 359 2789 2601 2530 2297 649 2017 570 350 2025 1447 925 859 818 478 522 455 363
is_linear=0
shrinkage=0.1


Tree=153
num_leaves=17
num_cat=0
split_feature=31 30 31 70 26 60 37 64 60 74 34 40 33 40 31 68
split_gain=0.903724 1.61246 1.19415 1.04725 0.995283 1.68861 0.543733 0.445169 0.897236 0.414147 0.0798983 0.0740605 0.0257767 0.0285187 0.00646549 0.00285713
threshold=34.850000381469734 37.750000000000007 45.850000381469734 1.0000000180025095e-35 100.50000000000001 42.37519836425782 0.23459760844707492 29.407806396484379 1.4088745117187502 -109.49999999999999 1.0000000180025095e-35 6.0428028106689462 0.60920995473861705 0.13518167287111285 42.049999237060554 68.825958251953139
decision_type=2 2 2 2 2 2 2 2 2 2 2 2 2 2 2 2
left_child=3 2 -2 6 5 7 -1 8 -3 -9 -8 12 -12 -14 -6 -5
right_child=1 4 -4 15 14 -7 10 9 -10 -11 11 -13 13 -15 -16 -17
leaf_value=0 -0.029209465117226385 0 0 0.0016056857866101632 -0.0021987649839822301 0.040215093520470327 0 0 0.026248046429779501 -0.014142044043803634 0 0 0 -0.032736510936911711 0 0
leaf_weight=7.4862079909071317 15.111142425797878 11.844933652784677 24.253617377951741 8.6784053337760252 10.970107291825117 22.720840745605528 2.0574923492968109 4.4348289100453284 17.027946381364018 18.487637706100941 1.5957569871097863 0.86615380272269149 0.73435405688360589 22.192786898929626 5.425984611734747 4.5576111075934014
leaf_count=266 413 510 964 340 167 654 75 62 323 410 46 19 37 1597 105 361
internal_value=0 0.00224787 -0.00847741 -0.0128625 0.0121578 0.0175702 -0.022463 0 0.0118812 -0.00120329 -0.0285182 -0.0300374 -0.0309641 -0.0320835 0 0
internal_weight=178.446 130.277 39.3648 48.1688 90.9123 74.5162 34.9328 51.7953 28.8729 22.9225 27.4465 25.3891 24.5229 22.9271 16.3961 13.236
internal_count=6349 3608 1377 2741 2231 1959 2040 1305 833 472 1774 1699 1680 1634 272 701
is_linear=0
shrinkage=0.1


Tree=154
num_leaves=18
num_cat=0
split_feature=36 35 33 53 37 37 58 37 39 2 41 39 36 56 36 39 41
split_gain=1.02899 0.822314 0.615058 0.562783 0.367718 0.348856 0.311738 0.331653 0.309765 0.514352 0.308908 0.259564 0.205545 0.188114 0.118075 0.082985 0.0946054
threshold=1.4731848239898684 0.72507727146148693 1.008553206920624 -112.49999999999999 -2.2016481161117549 0.51860126852989208 223.00000000000003 4.0885775089263925 0.50811782479286205 -50.47132492065429 117.54187011718751 0.81951597332954418 1.2963195443153384 195.1542663574219 0.83478164672851574 1.3190576434135439 -136.68685913085935
decision_type=2 2 2 2 2 2 2 2 2 2 2 2 2 2 2 2 2
left_child=1 8 -3 -2 -5 -4 7 15 10 -10 -1 14 -12 -11 -7 16 -6
right_child=3 2 5 4 6 11 -8 -9 9 13 12 -13 -14 -15 -16 -17 -18
leaf_value=0 0 0 0 0 0 0 0 0 0 -0.022256949010578904 0.019435607225011545 0 0 0 0.026487159319222527 0 -0.029120843153584815
leaf_weight=25.744759727967903 15.049143630079923 16.61340235802345 2.6742599634453645 3.3310468681156626 0.7132116612046947 2.2047128248959771 3.1150201447308055 6.0086692739278069 8.6376523559447396 17.292193432804201 12.183899117168037 9.0053160712122899 3.3238187991082659 2.4370121457613996 34.207954078447074 2.8647920638322821 25.612385112093769
leaf_count=662 332 356 45 92 23 33 132 153 241 536 389 148 103 75 1145 93 1791
internal_value=0 0.00544028 0.0135216 -0.0102782 -0.0164164 0.0190995 -0.0195411 -0.0222799 0 -0.00942261 0.0028943 0.0214043 0.0138883 -0.0188635 0.0251257 -0.0263775 -0.0281787
internal_weight=191.019 134.325 64.7056 56.6943 41.6451 48.0922 38.3141 35.1991 69.6193 28.3669 41.2525 45.418 15.5077 19.7292 36.4127 29.1904 26.3256
internal_count=6349 3733 1727 2616 2284 1371 2192 2060 2006 852 1154 1326 492 611 1178 1907 1814
is_linear=0
shrinkage=0.1


Tree=155
num_leaves=20
num_cat=0
split_feature=56 68 31 45 60 55 56 52 43 50 27 66 49 27 63 76 27 59 76
split_gain=0.437442 1.19611 1.16348 0.852804 0.834788 1.77874 1.11592 1.06241 1.13639 0.750813 0.55854 0.474648 0.306897 0.288166 0.284611 0.274281 0.128598 0.110275 0.053894
threshold=211.07696533203128 68.825958251953139 1.4499999880790713 -31.784942626953121 -12.675872802734373 -109.17999267578124 15.079406738281252 9.0487365722656268 -26.969635009765621 51.062072753906257 51.500000000000007 641.00000000000011 334.18917846679693 -77.499999999999986 46.768768310546882 58.935211181640632 -340.49999999999994 14.246124267578127 114.19635009765626
decision_type=2 2 2 2 2 2 2 2 2 2 2 2 2 2 2 2 2 2 2
left_child=1 4 -3 -4 5 -1 -7 8 -6 14 13 16 15 -10 -9 17 -2 -11 -5
right_child=11 2 3 18 7 6 -8 9 10 12 -12 -13 -14 -15 -16 -17 -18 -19 -20
leaf_value=0 0 0 0 0.024259239290076118 0 0.03662374373938454 0 0.022755147295219852 0 0 0 0 0 -0.037989361644464467 0 0 -0.024257127678890003 -0.021795929335431809 0
leaf_weight=6.8766860337927964 0.81483486201614219 4.7585984244942656 12.995290247257797 54.942275007255375 9.0018722224049252 20.32707715313882 2.2715089432895175 12.733623520936819 1.4310529860667909 2.9301117369905212 1.7018891815096129 1.9301273990422476 1.9028045404702414 23.438320726389069 6.4133507292717686 6.3290765546262255 13.381659887731075 17.448561319150031 2.3913382021710268
leaf_count=307 16 74 301 1240 235 889 49 160 30 82 14 35 33 882 75 242 869 742 74
internal_value=0 0.00242476 0.0129755 0.0184214 -0.000537079 0.00695419 0.0278048 -0.00893169 -0.0214442 0 -0.0315424 -0.0132549 -0.00900759 -0.0355219 0.0152195 -0.0138515 -0.0219558 -0.0191196 0.0235782
internal_weight=204.02 187.893 75.0875 70.3289 112.806 29.4753 22.5986 83.3307 35.5731 47.7575 26.5713 16.1266 28.6106 24.8694 19.147 26.7077 14.1965 20.3787 57.3336
internal_count=6349 5429 1689 1615 3740 1245 938 2495 1161 1334 926 920 1099 912 235 1066 885 824 1314
is_linear=0
shrinkage=0.1


Tree=156
num_leaves=14
num_cat=0
split_feature=31 30 31 64 44 28 76 30 37 74 43 66 31
split_gain=0.789633 1.45845 1.07009 1.01303 0.801097 0.767301 1.08425 0.460388 0.79871 0.486937 0.43463 0.405221 0.0252756
threshold=34.850000381469734 37.750000000000007 45.850000381469734 88.143005371093764 -9.0445251464843732 84.500000000000014 49.80183410644532 39.049999237060554 2.3986452817916875 -15.499999999999998 57.425994873046882 -1.0000000180025095e-35 42.049999237060554
decision_type=2 2 2 2 2 2 2 2 2 2 2 2 2
left_child=3 2 -2 4 -1 6 7 11 9 -9 -6 -3 -7
right_child=1 5 -4 -5 10 12 -8 8 -10 -11 -12 -13 -14
leaf_value=-0.020183999025300131 -0.027792122918321584 -0.018352751483376405 0 -0.030999731391038232 0.018963405746523943 -0.0038747790104801966 0.03668012899852624 0.02998807867736247 0 0 0 0 0
leaf_weight=11.191873200703414 14.628168560331686 10.072156663751228 23.896591817494482 15.723549313610418 16.557894160039726 14.431441598106177 20.825388631317765 16.845861082430929 12.168067330960183 3.1953123961575356 3.5660135447978965 4.3868975788354865 7.2748748576268545
leaf_count=791 413 263 964 1344 529 255 635 448 260 170 77 49 151
internal_value=0 0.00215981 -0.00774374 -0.0121421 0 0.0117918 0.0170881 0 0.0113439 0.0235437 0.0104762 -0.00298083 0
internal_weight=174.764 127.725 38.5248 47.0393 31.3158 89.2 67.4937 46.6683 32.2092 20.0412 20.1239 14.4591 21.7063
internal_count=6349 3608 1377 2741 1397 2231 1825 1190 878 618 606 312 406
is_linear=0
shrinkage=0.1


Tree=157
num_leaves=18
num_cat=0
split_feature=31 56 51 36 72 54 70 39 42 71 34 27 56 34 31 0 76
split_gain=1.09459 1.86486 2.36865 1.50931 1.14327 0.822529 0.780797 0.666884 0.745575 0.303512 0.248323 0.0883706 0.075194 0.0682387 0.0384777 0.00575093 0.000378042
threshold=41.95000076293946 124.04064941406251 7.3807067871093759 1.1040354967117312 224.36822509765628 226.50000000000003 -384.49999999999994 0.61968049407005321 -66.165985107421861 -132.17657470703122 4.152916908264161 149.50000000000003 57.337768554687507 -5.1766321659088126 40.350000381469734 273.00616455078131 115.23370361328126
decision_type=2 2 2 2 2 2 2 2 2 2 2 2 2 2 2 2 2
left_child=1 2 7 -2 6 -4 -3 8 9 -1 13 -8 14 -5 -9 -6 -17
right_child=3 4 5 10 15 -7 11 12 -10 -11 -12 -13 -14 -15 -16 16 -18
leaf_value=0 0 0 -0.037459842183517729 0 0 0 0.038532717778507732 -0.0074411750728675709 0 0.030449594898649342 0 0 0 -0.032541375464810417 0 0 0.0024011223040540639
leaf_weight=3.5988038089126375 16.547504962189123 1.74094729498029 19.252529554069046 0.81305099092424526 11.768778470810505 1.3669475754722942 26.059293363709006 18.125727421371273 20.360761618707329 17.74714294122532 2.3888963107019654 2.1530724605545393 11.766099534928797 21.882394657470286 1.7463361178524781 1.6023279223591078 8.2272785962559265
leaf_count=123 265 21 974 10 401 31 712 698 446 541 76 100 187 1397 31 79 257
internal_value=0 0.0048556 0 -0.0130144 0.0202551 -0.0310267 0.0322097 0.00448454 0.013628 0.0256687 -0.028643 0.0367626 0 -0.0315824 -0.00581003 0 0.00216822
internal_weight=187.148 145.516 93.9643 41.6318 51.5517 20.6195 29.9533 73.3449 41.7067 21.3459 25.0843 28.2124 31.6382 22.6954 19.8721 21.5984 9.82961
internal_count=6349 4601 3031 1748 1570 1005 833 2026 1110 664 1483 812 916 1407 729 737 336
is_linear=0
shrinkage=0.1


Tree=158
num_leaves=22
num_cat=0
split_feature=54 66 70 30 55 64 37 30 30 66 60 61 70 62 68 65 74 60 48 65 8
split_gain=0.37029 1.34699 1.2866 1.27902 1.08475 0.969016 0.641964 0.583686 0.994758 1.21218 0.799148 0.63034 0.445446 0.443242 0.427403 0.21606 0.20098 0.119432 0.0903265 0.0591682 0.00939847
threshold=-132.49999999999997 -61.499999999999993 -344.49999999999994 37.250000000000007 -109.17999267578124 94.230468750000014 0.71437153220176708 41.95000076293946 36.049999237060554 75.500000000000014 -13.371429443359373 -1.0000000180025095e-35 13.500000000000002 -95.499999999999986 204.55157470703128 -66.499999999999986 -70.499999999999986 278.81781005859381 193.0453796386719 -92.499999999999986 -29.499999999999996
decision_type=2 2 2 2 2 2 2 2 2 2 2 2 2 2 2 2 2 2 2 2 2
left_child=2 4 6 -4 -2 16 -1 8 -3 10 -10 19 14 17 -13 -12 -6 20 -17 -9 -5
right_child=1 7 3 13 5 -7 -8 11 9 -11 15 12 -14 -15 -16 18 -18 -19 -20 -21 -22
leaf_value=0.020341329040698367 0 0 0 0 0 0 0 0 0 0 0 0.028310221089462809 0 0 0 -0.028463944424958743 0.040254210957215396 0 0 -0.006526803887200382 -0.032070477076064134
leaf_weight=13.111659385263922 2.542950575239959 6.792381743900477 3.3953588819131246 1.9931864202953864 2.020829364191747 2.7157219443470231 8.2456728927791101 8.4933594199828821 2.7561468183994284 5.9643067989964029 1.5208581413608033 18.958807515213273 6.9024222712032488 2.1504064737819126 1.9301319499500085 43.107022385112941 20.976891160476953 1.8120130151510228 2.9377576538827261 11.486168458592145 29.887746115680788
leaf_count=238 96 296 100 55 53 65 298 205 81 192 44 453 329 40 142 1384 605 38 212 504 919
internal_value=0 0.00363324 -0.00539685 -0.0187891 0.0223665 0.0305174 0 0 -0.00756518 -0.0152758 -0.0221281 0.00645283 0.0166718 -0.0268102 0.0234853 -0.0260113 0.0375814 -0.0297389 -0.0272475 0 -0.0310802
internal_weight=199.702 139.106 60.596 39.2387 28.2564 25.7134 21.3573 110.849 63.0785 56.2861 50.3218 47.7709 27.7914 35.8434 20.8889 47.5656 22.9977 33.6929 46.0448 19.9795 31.8809
internal_count=6349 4661 1688 1152 819 723 536 3842 2209 1913 1721 1633 924 1052 595 1640 658 1012 1596 709 974
is_linear=0
shrinkage=0.1


Tree=159
num_leaves=14
num_cat=0
split_feature=59 63 63 68 76 24 76 73 49 49 43 73 36
split_gain=0.519954 2.40136 1.3995 1.0394 0.993913 0.818667 0.651017 0.588647 0.322323 0.428929 0.279177 0.273015 0.106154
threshold=16.548217773437504 101.17288208007814 12.760925292968752 120.25308227539064 39.154632568359382 140.50000000000003 117.82565307617189 -3.4999999999999996 -31.719238281249996 -169.5597229003906 -6.2063903808593741 -76.499999999999986 1.7334340810775759
decision_type=2 2 2 2 2 2 2 2 2 2 2 2 2
left_child=2 3 8 5 11 -2 7 -3 9 -1 -11 -4 -9
right_child=1 6 4 -5 -6 -7 -8 12 -10 10 -12 -13 -14
leaf_value=0 0.033658468740855194 0 0 0 0 0 0 -0.026275230511821353 0.014736438874309763 -0.01576988260704569 0 -0.038516603159681133 0
leaf_weight=7.1423535915091625 34.317546483594924 14.744317580014465 2.2648280882276657 3.6585662700235835 3.6793436524458221 5.1706384452991179 15.653265326982362 19.445739981019873 11.445691267028449 26.937687033088874 6.2618870066944536 18.648582750465721 1.1471497893799085
leaf_count=234 949 720 43 144 114 71 551 963 165 1704 206 437 48
internal_value=0 0.00256006 -0.00761358 0.0224807 -0.0262217 0.0282424 -0.0055187 -0.0146828 0 -0.00224654 -0.0112488 -0.034962 -0.0246939
internal_weight=170.518 94.1372 76.3804 43.1468 24.5928 39.4882 50.9905 35.3372 51.7876 40.3419 33.1996 20.9134 20.5929
internal_count=6349 3446 2903 1164 594 1020 2282 1731 2309 2144 1910 480 1011
is_linear=0
shrinkage=0.1


Tree=160
num_leaves=18
num_cat=0
split_feature=31 56 41 30 53 36 51 65 62 44 58 34 65 36 42 59 34
split_gain=0.978078 1.65224 2.1969 1.43815 1.85656 1.37157 1.13278 1.02486 0.736949 0.525903 0.496995 0.219845 0.0904202 0.0902757 0.0690347 0.0669801 0.0596527
threshold=41.95000076293946 120.67163085937501 -70.131011962890611 38.45000076293946 -100.49999999999999 1.1040354967117312 -64.331710815429673 -364.49999999999994 213.50000000000003 743.53906250000011 -658.49999999999989 4.152916908264161 508.50000000000006 4.6926918029785165 -62.926116943359368 481.75418090820318 -5.1766321659088126
decision_type=2 2 2 2 2 2 2 2 2 2 2 2 2 2 2 2 2
left_child=1 2 6 -4 -5 -2 -1 -3 13 10 -9 16 15 14 -6 -12 -7
right_child=5 7 3 4 8 11 -8 9 -10 -11 12 -13 -14 -15 -16 -17 -18
leaf_value=0 0 0 0 0 0 0 0.027552309873817956 0 0 0 0.032677352044067118 0 0 0 -0.042669256202279814 0 -0.031385097738012201
leaf_weight=14.733297611121086 16.283755380893126 8.6934493407607061 4.6833946835249654 15.673147019464521 1.4269953130278761 0.80542192049325123 22.044452722650021 1.6412089280784119 1.3349240785464633 1.7663829326629628 36.525148761691526 2.3563012732192865 1.6115849148482073 1.2883295444771636 28.710313755087558 1.648682640865444 21.248040184611455
leaf_count=505 265 158 102 285 79 10 632 26 33 72 1211 76 82 41 1313 62 1397
internal_value=0 0.00455709 0 -0.0162926 -0.0239332 -0.0125487 0.0135853 0.0189602 -0.036825 0.0255499 0.0282682 -0.027652 0.0307893 -0.0403415 -0.0414682 0.0317477 -0.0304663
internal_weight=182.475 141.781 89.8949 53.1171 48.4337 40.6935 36.7778 51.8865 32.7606 43.193 41.4266 24.4098 39.7854 31.4256 30.1373 38.1738 22.0535
internal_count=6349 4601 2990 1853 1751 1748 1137 1611 1466 1453 1381 1483 1355 1433 1392 1273 1407
is_linear=0
shrinkage=0.1


Tree=161
num_leaves=21
num_cat=0
split_feature=56 68 31 72 45 27 31 30 54 30 42 59 44 31 66 76 66 75 74 59
split_gain=0.325 1.07829 1.0701 0.756475 0.755171 0.729675 0.725615 0.593023 0.431227 1.20788 1.54415 0.742106 0.62347 0.644648 0.37078 0.0738679 0.0530404 0.0380823 0.0211548 0.0195935
threshold=214.6813659667969 67.701049804687514 1.4499999880790713 61.395355224609382 -31.784942626953121 98.500000000000014 27.550000190734867 38.750000000000007 -171.49999999999997 38.45000076293946 -116.64587402343749 19.198547363281254 -22.143890380859371 51.149999618530281 641.00000000000011 114.19635009765626 -531.49999999999989 -12.622711181640623 -65.499999999999986 467.06204223632818
decision_type=2 2 2 2 2 2 2 2 2 2 2 2 2 2 2 2 2 2 2 2
left_child=1 3 -3 8 -4 6 -5 -8 16 12 -11 18 -10 -14 19 -6 -1 -18 -12 -2
right_child=14 2 4 5 15 -7 7 -9 9 10 11 -13 13 -15 -16 -17 17 -19 -20 -21
leaf_value=0 -0.021652744611005033 0 0 0 0.023354806768041383 0 0 -0.036761358717230345 0.0051038459709461604 0 0 0 -0.028608751238481098 0 0 0 -0.0083680109735346665 0 0.038367910474942681 0
leaf_weight=1.9340836266055692 10.66873808717355 4.5818221671506754 12.553697580471633 2.8054502448067096 54.044851991347969 6.3788290657103053 8.3217422766610998 18.353125797817484 7.5609833803027895 3.5777593888342336 3.4321873846929583 2.750498912530019 12.773453874746336 2.0357518307864657 1.7575944792479266 2.4453252227976909 10.609791057649998 1.3343661352992047 24.410509967477996 2.4107180228456846
leaf_count=58 782 75 303 56 1278 95 176 919 414 131 135 140 382 26 30 83 488 34 661 83
internal_value=0 0.00237116 0.0124571 -0.000300285 0.0177456 -0.014063 -0.0215914 -0.0275809 0.000319506 0.00856062 0.0211745 0.0310636 0 -0.0186316 -0.0113603 0.0225889 0 -0.00608016 0.0360285 -0.0195751
internal_weight=194.741 179.904 73.6257 106.279 69.0439 35.8591 29.4803 26.6749 70.4194 56.5411 34.171 30.5932 22.3702 14.8092 14.8371 56.4902 13.8782 11.9442 27.8427 13.0795
internal_count=6349 5454 1739 3715 1664 1246 1151 1095 2469 1889 1067 936 822 408 895 1361 580 522 796 865
is_linear=0
shrinkage=0.1


Tree=162
num_leaves=16
num_cat=0
split_feature=31 30 26 60 31 36 36 66 30 38 40 30 38 71 31
split_gain=0.699841 1.34309 0.910571 1.34614 0.907139 0.673308 0.505592 0.200589 0.245088 0.140599 0.0923894 0.0966154 0.0600498 0.0522097 2.57938e-05
threshold=34.850000381469734 37.750000000000007 100.50000000000001 42.37519836425782 45.850000381469734 1.7395083308219912 1.0000000180025095e-35 -116.49999999999999 39.049999237060554 1.6770795583724978 1.0231530070304873 40.850000381469734 -1.8952483534812925 88.810150146484389 42.049999237060554
decision_type=2 2 2 2 2 2 2 2 2 2 2 2 2 2 2
left_child=5 4 3 7 -2 6 -1 8 -3 12 -9 -12 -8 -5 -4
right_child=1 2 14 13 -6 -7 9 10 -10 -11 11 -13 -14 -15 -16
leaf_value=0 -0.026028876034267817 0 -0.00014171455822808987 0 0 0 0 0 0.017531630763180282 0 -0.01055875981330911 0 -0.027266757599205823 0.039876330008393857 0
leaf_weight=4.3079087804071596 14.025629039388148 3.6350685511715701 10.440245685167609 1.6160766938701296 23.141692993696779 10.47573167295195 0.8359427521936621 12.242618820862843 12.096904342994092 3.5607121905777595 14.549670806853102 6.0857053990475825 24.868763116886843 19.594052474480122 5.1984198861755422
leaf_count=116 413 45 167 33 964 458 39 321 252 143 487 200 1985 621 105
internal_value=0 0.00203493 0.0116326 0.0170498 -0.00721392 -0.0118115 -0.0191647 0 0.010517 -0.0240187 0 -0.0063326 -0.0264575 0.0381993 0
internal_weight=166.675 122.626 85.4588 69.8201 37.1673 44.0491 33.5733 48.61 15.732 29.2654 32.878 20.6354 25.7047 21.2101 15.6387
internal_count=6349 3608 2231 1959 1377 2741 2283 1305 297 2167 1008 687 2024 654 272
is_linear=0
shrinkage=0.1


Tree=163
num_leaves=17
num_cat=0
split_feature=36 34 40 33 33 40 48 39 37 2 40 36 59 48 36 51
split_gain=0.775284 0.696677 1.34171 0.674143 0.708282 0.356496 0.252413 0.183238 0.254549 0.185497 0.11353 0.0784962 0.0437874 0.11345 0.0100996 0.00862228
threshold=1.2046985626220705 2.3550854921340947 1.1933673024177553 0.75314569473266613 1.3578599095344546 -0.97264671325683583 -130.2497863769531 1.3190576434135439 0.5313091278076173 373.74760437011724 4.4711549282073983 1.1864733695983889 9.2491149902343768 -2.1556091308593746 0.28213433921337133 -64.331710815429673
decision_type=2 2 2 2 2 2 2 2 2 2 2 2 2 2 2 2
left_child=3 2 15 -1 5 -5 -4 8 -8 -10 11 14 13 -3 -7 -2
right_child=1 12 6 4 -6 10 7 -9 9 -11 -12 -13 -14 -15 -16 -17
leaf_value=0 0 0.011011247496506673 0 0 0 0 0 0 -0.029985367120757302 0 0 0 0 0 0.025279811430100607 0.0016394725368128592
leaf_weight=14.950255312956868 9.1302882293239218 10.564945699181406 0.7994590166490515 3.2807292286306611 12.023844802752135 2.1610297253355375 1.0927936295047391 1.992274286225437 32.725187151692808 1.3184543615207065 2.2015027962625018 3.5124619090929619 13.85675911628641 2.246395856607708 36.276797050843015 29.675135566620156
leaf_count=323 363 264 38 73 234 28 34 51 1987 28 52 104 604 59 1144 963
internal_value=0 -0.00480618 -0.0109049 0.00831361 0.0139571 0.0195939 -0.0237909 -0.025324 -0.02691 -0.0285605 0.0220806 0.0231808 0 0.00536467 0.0245516 0
internal_weight=177.808 103.402 76.7336 74.4066 59.4564 47.4325 37.9282 37.1287 35.1364 34.0436 44.1518 41.9503 26.6681 12.8113 38.4378 38.8054
internal_count=6349 4391 3464 1958 1635 1401 2138 2100 2049 2015 1328 1276 927 323 1172 1326
is_linear=0
shrinkage=0.1


Tree=164
num_leaves=22
num_cat=0
split_feature=54 70 30 66 56 63 37 30 30 66 30 48 56 66 56 62 60 74 70 52 8
split_gain=0.25767 1.05588 1.13042 1.04151 0.947164 0.867963 0.519146 0.427323 0.884934 1.08249 0.935217 1.12528 0.739765 0.865337 0.412156 0.394664 0.134302 0.119755 0.0881682 0.0155627 0.00890567
threshold=-132.49999999999997 -344.49999999999994 37.250000000000007 -61.499999999999993 -87.440155029296861 74.149627685546889 0.72200539708137523 41.95000076293946 36.049999237060554 75.500000000000014 38.549999237060554 150.62628173828128 211.07696533203128 -1.0000000180025095e-35 35.671081542968757 -95.499999999999986 282.76623535156256 -73.499999999999986 -6.4999999999999991 27.455413818359379 -29.499999999999996
decision_type=2 2 2 2 2 2 2 2 2 2 2 2 2 2 2 2 2 2 2 2 2
left_child=1 6 -3 4 -2 17 -1 8 -5 10 11 -10 13 -9 -15 16 20 -6 -16 -12 -4
right_child=3 2 15 7 5 -7 -8 12 9 -11 19 -13 -14 14 18 -17 -18 -19 -20 -21 -22
leaf_value=0.018486835847404532 0 0 0 0 0 0 0 0 -0.041562945000248881 0 0 0 0 0 0 0 0 0.037338882948644916 0.026409150578921972 -0.0029729270396756913 -0.030337001237060502
leaf_weight=12.786878656595947 2.4343719845637706 3.2784412233158937 1.9361121957190324 6.5769735863432279 1.6600140575319589 2.6207485273480406 7.7585456357337526 5.9299339521676293 22.527712934883315 5.7155833744909605 7.5628356765955713 2.8766077999025574 5.1327765565365544 1.9374776370823372 2.0408964771777418 2.081610136665403 1.6691688001155842 19.941063586156815 29.912964274641126 15.204929142724721 28.487544823903594
leaf_count=242 96 100 55 296 51 62 294 227 649 192 200 147 383 120 41 40 37 610 862 725 920
internal_value=0 -0.0044354 -0.0171679 0.00321319 0.0201541 0.0282677 0 0 -0.00666018 -0.0143787 -0.0210748 -0.0338247 0.00559888 0.0145036 0.0219805 -0.0251037 -0.0279756 0.0353255 0.0251068 0 -0.0293827
internal_weight=190.073 57.9983 37.4529 132.075 26.6562 24.2218 20.5454 105.419 60.4646 53.8877 48.1721 25.4043 44.954 39.8213 33.8913 34.1744 32.0928 21.6011 31.9539 22.7678 30.4237
internal_count=6349 1688 1152 4661 819 723 536 3842 2209 1913 1721 796 1633 1250 1023 1052 1012 661 903 925 975
is_linear=0
shrinkage=0.1


Tree=165
num_leaves=20
num_cat=0
split_feature=31 43 39 37 21 31 28 38 36 49 51 63 44 38 16 67 56 68 36
split_gain=0.540683 1.08512 0.520453 0.805011 0.348411 0.238487 0.234299 0.218933 0.2505 0.17758 0.379142 0.321585 0.0927832 0.0926826 0.0491255 0.03509 0.0223474 0.0694353 0.0176173
threshold=34.049999237060554 -5.1935119628906241 0.64343363046646129 1.2049002051353457 169.50000000000003 35.250000000000007 50.500000000000007 0.5557173788547517 1.0559449195861819 -39.057556152343743 -44.245513916015618 177.86346435546878 5.4669799804687509 0.94223338365554821 -25.499999999999996 148.58935546875003 114.89904785156251 67.701049804687514 1.6333969235420229
decision_type=2 2 2 2 2 2 2 2 2 2 2 2 2 2 2 2 2 2 2
left_child=1 -1 6 -4 5 -5 9 -7 -9 10 -2 13 -12 15 -10 -11 17 -3 -8
right_child=2 16 3 4 -6 7 18 8 14 11 12 -13 -14 -15 -16 -17 -18 -19 -20
leaf_value=-0.030549160067729959 0 0.0073862376734209886 0 0 0 0 -0.012658491020608498 0 0 0.016230841894757 -0.01881856615869577 0 0 0 0.028745600411946959 0 0 0 0
leaf_weight=14.752632858231662 5.8051401809789267 14.420066195540135 12.661892124917356 2.9404051573947063 2.3826063117012373 4.7396197854541233 13.318088511470703 6.259015414863824 2.6700495351105884 21.394749365281321 10.922650166554375 5.705401023849844 1.000701387412845 4.3779409974813452 27.314871920738376 2.497985479887574 7.0460204833652815 1.698761322768404 1.6115541881881643
leaf_count=1164 196 526 437 74 27 115 460 80 66 435 672 259 25 114 657 88 822 73 59
internal_value=0 -0.0113121 0.00138978 0.00942507 0.016649 0.0191482 0 0.0211298 0.0236193 0 0 0.00698665 -0.0162678 0.0127567 0.0272584 0.0150024 0 0.0034735 -0.0116265
internal_weight=163.52 37.9175 125.603 58.9685 46.3066 43.924 66.6342 40.9836 36.2439 51.7046 17.7285 33.9761 11.9234 28.2707 29.9849 23.8927 23.1648 16.1188 14.9296
internal_count=6349 2585 3764 1456 1019 992 2308 918 803 1789 893 896 697 637 723 523 1421 599 519
is_linear=0
shrinkage=0.1


Tree=166
num_leaves=19
num_cat=0
split_feature=39 54 55 60 66 30 55 30 60 39 74 56 33 41 43 30 51 55
split_gain=0.615479 1.11815 1.23032 0.931186 0.883499 0.819308 0.758071 0.702133 0.920885 0.571671 0.568966 0.201525 0.0673908 0.0579443 0.402507 0.129963 0.054287 0.253514
threshold=0.52268582582473766 -161.49999999999997 181.22302246093753 43.421203613281257 -96.499999999999986 37.750000000000007 -53.529052734374993 45.350000381469734 -13.371429443359373 -0.88917741179466236 -110.49999999999999 135.59197998046878 1.660265386104584 250.02911376953128 -69.402801513671861 50.149999618530281 -99.692642211914048 78.696929931640639
decision_type=2 2 2 2 2 2 2 2 2 2 2 2 2 2 2 2 2 2
left_child=3 10 5 4 -1 -3 -7 8 -6 -10 16 -8 -11 14 -5 -16 -2 -18
right_child=1 2 -4 13 7 6 11 -9 9 12 -12 -13 -14 -15 15 -17 17 -19
leaf_value=0 0 0 0 0 0 0 -0.04113630363843547 0 0 0.037490452630768965 0.017895453157598228 0 0 0 -0.020885877661271739 0 -0.013107951336896335 0
leaf_weight=11.18264110595919 3.2482779826968899 9.6760358100291324 16.190665483474731 3.6848599733784857 1.7733604684472073 5.7912865516264018 23.336571908090267 4.1620334628969422 2.1787197394296482 29.356229172088213 15.363099225098265 2.4363082449417552 2.2681412026286116 8.623185705393551 11.13143463782035 6.2825567014515391 15.511002314044168 2.3563924655318251
leaf_count=295 107 496 635 78 199 272 1194 125 40 774 291 86 57 479 495 190 500 36
internal_value=0 -0.00486896 -0.0150012 0.00682778 0.0157235 -0.0242985 -0.0316198 0.0228579 0.0276516 0.0325023 0 -0.0383973 0.035945 0 -0.00496536 -0.015243 0 -0.00517503
internal_weight=174.553 93.9096 57.4309 80.6432 50.9211 41.2402 31.5642 39.7385 35.5765 33.8031 36.4788 25.7729 31.6244 29.722 21.0989 17.414 21.1157 17.8674
internal_count=6349 3617 2683 2732 1490 2048 1552 1195 1070 871 934 1280 831 1242 763 685 643 536
is_linear=0
shrinkage=0.1


Tree=167
num_leaves=22
num_cat=0
split_feature=43 52 41 55 27 56 39 36 67 60 37 68 66 70 34 65 27 35 54 42 56
split_gain=0.24237 2.10057 1.69934 1.34194 0.575772 0.57248 0.905251 0.775546 0.703851 0.444134 0.415205 0.363247 0.267819 0.244927 0.194715 0.167467 0.0761052 0.0757637 0.0620095 0.206298 0.019528
threshold=-21.552886962890621 9.0487365722656268 -120.91571044921874 45.525787353515632 51.500000000000007 150.86157226562503 0.44324475526809698 1.6056519746780398 394.69403076171881 -13.371429443359373 3.1781048774719243 16.697479248046879 1.0000000180025095e-35 -516.49999999999989 2.7110724449157719 196.50000000000003 -190.49999999999997 0.81301194429397594 -477.49999999999994 -111.58270263671874 267.13644409179693
decision_type=2 2 2 2 2 2 2 2 2 2 2 2 2 2 2 2 2 2 2 2 2
left_child=2 4 13 10 9 6 -3 11 14 -2 18 -8 17 -1 15 -7 -11 -13 -4 -20 -10
right_child=1 5 3 -5 -6 8 7 -9 20 16 -12 12 -14 -15 -16 -17 -18 -19 19 -21 -22
leaf_value=0 0 0 0 0 0 -0.024064414709249891 0 0 0.0044158206837615829 0 0 0.032961800241414672 0 -0.013400889540946294 0 0 -0.035801518655274214 0 0 0.035860785437503054 0
leaf_weight=2.3473778255283824 1.4987107310444177 18.556457449216396 1.907727396115656 10.595626879949121 1.8782460018992413 16.077257940080028 4.1547538451850405 12.214925994863732 7.6112663587555272 1.2933334093540967 2.1589426994323722 24.940659699961547 5.1880412832833818 13.552938922308384 1.496230812743305 2.7587250277865669 22.632565635954958 3.2020674939267328 1.8912545759230841 27.909468387719254 2.3958544400520623
leaf_count=50 10 525 41 192 18 920 106 467 199 29 58 422 160 573 85 187 943 89 77 1041 157
internal_value=0 -0.00145948 0.00585323 0.0199899 -0.02667 0.0012161 0.00908528 0.016902 -0.00112877 -0.0310838 0.0297709 0.0238241 0.0271152 -0.00476861 -0.017647 -0.0206163 -0.0344947 0.0307861 0.0326209 0.0338587 0
internal_weight=186.262 125.899 60.3633 44.463 27.3029 98.5962 68.2569 49.7004 30.3393 25.4246 33.8674 37.4855 33.3308 15.9003 20.3322 18.836 23.9259 28.1427 31.7085 29.8007 10.0071
internal_count=6349 4317 2032 1409 1000 3317 1769 1244 1548 982 1217 777 671 623 1192 1107 972 511 1159 1118 356
is_linear=0
shrinkage=0.1


Tree=168
num_leaves=15
num_cat=0
split_feature=31 30 26 60 31 59 64 52 49 46 59 64 31 68
split_gain=0.472356 1.06556 0.880646 1.30895 0.76602 0.748353 0.533248 0.373385 0.14733 0.144484 0.0404919 0.0108557 0.00755074 0.00445058
threshold=34.049999237060554 37.750000000000007 100.50000000000001 42.37519836425782 45.850000381469734 15.494262695312502 89.598846435546889 -33.275207519531243 -31.719238281249996 7.7597351074218759 7.1970214843750009 29.407806396484379 42.049999237060554 67.084472656250014
decision_type=2 2 2 2 2 2 2 2 2 2 2 2 2 2
left_child=5 4 3 7 -2 -1 13 -3 10 -10 -9 -11 -4 -7
right_child=1 2 12 -5 -6 6 -8 8 9 11 -12 -13 -14 -15
leaf_value=-0.027907811135606232 -0.02456311737530803 0.01573401111864706 -0.0023914377671595257 0.036611044065825861 0 0.013010118848591025 -0.01546764848530542 -0.012702882476093533 0.011812634107609767 0 0 -0.0024410930366428408 0 0
leaf_weight=13.069714999292044 13.473820129409431 12.679332144791259 10.799615289550273 20.566685875877738 22.468232058454305 11.945128195919098 9.9199134293012303 9.2363663641735858 7.9510596562177005 4.1153765702620175 1.2245108438655723 15.814184101764111 4.9861833197064689 2.0978015968576065
leaf_count=1025 413 356 189 669 964 435 1076 425 124 92 29 398 105 49
internal_value=0 0.00111378 0.00995235 0.0154662 -0.00707469 -0.0107621 0 0 0 0 -0.0107017 0 0 0.0120402
internal_weight=160.348 123.315 87.3733 71.5875 35.9421 37.0326 23.9628 51.0208 38.3415 27.8806 10.4609 19.9296 15.7858 14.0429
internal_count=6349 3764 2387 2093 1377 2585 1560 1424 1068 614 454 490 294 484
is_linear=0
shrinkage=0.1


Tree=169
num_leaves=17
num_cat=0
split_feature=31 34 0 34 30 37 62 37 37 39 76 34 31 55 55 40
split_gain=0.903444 1.61339 1.60507 0.942631 0.929393 1.19943 0.765229 0.280909 0.275413 0.359454 0.293677 0.25095 0.15076 0.87861 0.51764 0.122697
threshold=33.750000000000007 1.8962029814720156 446.44982910156256 -3.7683687210083003 59.000000000000007 0.31020650267601019 -50.499999999999993 -2.5334573984146114 2.7133430242538457 0.79055976867675792 64.377349853515639 1.6788722872734072 1.5500000119209292 -107.54916381835936 207.13513183593753 0.75519305467605602
decision_type=2 2 2 2 2 2 2 2 2 2 2 2 2 2 2 2
left_child=4 2 3 -2 5 -1 -7 -5 -3 10 15 -9 -6 -14 -15 -10
right_child=1 8 -4 7 12 6 -8 11 9 -11 -12 -13 13 14 -16 -17
leaf_value=0 0 0 0 0 0 0.036699697634747938 0 -0.038619289296707063 0 0 0 0 0 -0.03076475596184973 0 0.021891106042551678
leaf_weight=10.857554638292639 3.2464319751597932 15.705819770926608 4.6503671943210056 3.5005911528132847 6.6160848448053029 23.317017981316891 15.833677057409661 31.297057519666851 2.0216671964153745 3.6474899221211663 1.9979457983281452 8.0998102880548668 3.6644946262240436 13.941698389360683 2.5658592823892823 19.533137009013444
leaf_count=258 48 621 90 70 138 490 957 1896 36 136 104 277 152 418 106 552
internal_value=0 -0.00588909 -0.0191294 -0.0270483 0.00848457 0.0169147 0.0254854 -0.0314979 0 0.0096454 0.0156395 -0.0337995 0 -0.00817194 -0.0233308 0.0196868
internal_weight=170.497 93.7003 50.7943 46.1439 76.7964 50.0082 39.1507 42.8975 42.9061 27.2002 23.5528 39.3969 26.7881 20.1721 16.5076 21.5548
internal_count=6349 3830 2381 2291 2519 1705 1447 2243 1449 828 692 2173 814 676 524 588
is_linear=0
shrinkage=0.1


Tree=170
num_leaves=18
num_cat=0
split_feature=31 70 62 44 31 74 56 36 30 68 30 65 76 44 31 43 44
split_gain=0.287886 1.50805 1.39744 2.44582 1.40083 1.17289 0.922234 0.699706 0.531703 0.518723 0.7278 0.351486 0.184433 0.0414615 0.259622 0.0600641 0.0086263
threshold=40.850000381469734 -31.499999999999996 -1.0000000180025095e-35 -20.646148681640621 12.400000095367433 -94.499999999999986 209.57446289062503 1.6415877342224123 41.95000076293946 28.757263183593754 36.149999618530281 -8.4999999999999982 121.22521972656251 -79.904327392578111 38.95000076293946 -86.069183349609361 -176.3873596191406
decision_type=2 2 2 2 2 2 2 2 2 2 2 2 2 2 2 2 2
left_child=2 5 3 13 -5 -2 7 8 -4 10 -3 -7 -11 16 15 -15 -1
right_child=1 9 6 4 -6 11 -8 -9 -10 12 -12 -13 -14 14 -16 -17 -18
leaf_value=0 0 0 0 0 -0.043804971604039136 0.037749230314139674 0 0 0.028567968689139606 0.0095512349485937665 -0.028923204191655734 0 0 0 0 0.017129782535414296 -0.0020515308953334729
leaf_weight=8.4368723155930621 10.118194307200609 1.9108457900583733 8.4359897219110263 3.3748077359050539 24.51785848243162 20.565822669770569 6.1463409631978712 5.9962336132302871 25.522276014089584 17.813751527573917 12.497387684183193 2.0260088294744518 3.4653034857474259 1.7940616128034879 1.8156780833378423 9.9044590885750932 18.092610656283799
leaf_count=304 218 38 266 109 1134 543 555 291 698 491 376 100 210 58 56 303 599
internal_value=0 0.00583055 -0.00201329 -0.0136947 -0.0352526 0.0223165 0.00508559 0.0157271 0.0219216 0 -0.0175656 0.0341889 0 0 0.00510369 0.0146118 0
internal_weight=182.435 68.3973 114.037 67.9363 27.8927 32.71 46.1008 39.9545 33.9583 35.6873 14.4082 22.5918 21.2791 40.0437 13.5142 11.6985 26.5295
internal_count=6349 1976 4373 2563 1243 861 1810 1255 964 1115 414 643 701 1320 417 361 903
is_linear=0
shrinkage=0.1


Tree=171
num_leaves=19
num_cat=0
split_feature=31 30 31 30 28 64 60 74 44 44 37 35 38 52 56 56 59 34
split_gain=0.392031 1.34641 1.31508 1.1861 0.99613 0.883041 0.969724 0.722244 0.446397 0.573215 0.279412 0.253256 0.269036 0.32629 0.222282 0.434251 0.105391 0.0166432
threshold=36.350000381469734 39.049999237060554 44.350000381469734 37.250000000000007 77.500000000000014 89.598846435546889 19.233673095703129 55.500000000000007 110.67382812500001 -10.048248291015623 3.2421811819076543 1.2253173589706423 -0.42350348830223078 115.48181152343751 267.13644409179693 1.7782897949218752 8.1702575683593768 0.93676754832267772
decision_type=2 2 2 2 2 2 2 2 2 2 2 2 2 2 2 2 2 2
left_child=5 2 11 14 7 6 16 10 9 -8 17 12 -2 -14 15 -4 -1 -3
right_child=1 4 3 -5 -6 -7 8 -9 -10 -11 -12 -13 13 -15 -16 -17 -18 -19
leaf_value=-0.019393603884623828 0 0 0 0.021725102275012093 0 -0.027865234382763743 0 0 0 0.028880714025001503 0 0 -0.034350118641461057 0 0 -0.021973686184367167 0 0.037147662049816114
leaf_weight=13.64431408874225 1.7328256224282146 2.0439731897786357 7.4049487542361083 22.052896866574883 10.28260778961703 13.703688679262994 2.2546695917844817 1.5613633305765677 1.5612751683220256 15.474170310888439 6.1422240822575978 2.2026053396984926 16.138488816563044 2.0325954370200625 1.568125708028673 11.852717158850281 3.0932330805808297 21.953325419221073
leaf_count=890 41 155 462 458 220 1383 134 53 28 540 146 42 458 30 21 492 63 733
internal_value=0 0.00149383 -0.00189308 0 0.0174182 -0.00839728 0 0.0262098 0.0147434 0.0213531 0.0306895 -0.0233753 -0.0267186 -0.0300794 -0.0037006 -0.0108307 -0.0161329 0.0355922
internal_weight=156.7 106.969 64.9852 42.8787 41.9835 49.7314 36.0277 31.7009 19.2901 17.7288 30.1395 22.1065 19.9039 18.1711 20.8258 19.2577 16.7375 23.9973
internal_count=6349 3311 2004 1433 1307 3038 1655 1087 702 674 1034 571 529 488 975 954 953 888
is_linear=0
shrinkage=0.1


Tree=172
num_leaves=20
num_cat=0
split_feature=36 0 41 56 60 64 64 53 63 37 30 66 37 50 45 39 36 41 63
split_gain=0.597463 0.591936 0.832684 0.388492 0.680696 0.331781 0.401199 0.305199 0.295161 0.243882 0.240982 0.200111 0.200653 0.159151 0.0600928 0.0547866 0.042997 0.0257669 0.00559711
threshold=1.4731848239898684 185.12436676025393 -71.640808105468736 129.69256591796878 23.773895263671879 47.192352294921882 -28.372314453124996 -112.49999999999999 101.17288208007814 -2.2016481161117549 36.549999237060554 251.50000000000003 4.0885775089263925 -141.09204101562497 -58.139556884765618 1.9897122383117678 1.4248174428939822 -130.55746459960935 35.645721435546882
decision_type=2 2 2 2 2 2 2 2 2 2 2 2 2 2 2 2 2 2 2
left_child=1 2 13 4 5 6 -4 -2 -3 -9 -10 12 15 -1 -15 17 -12 -11 -8
right_child=7 8 3 -5 -6 -7 18 9 10 11 16 -13 -14 14 -16 -17 -18 -19 -20
leaf_value=0 0 0 0 0 -0.025022643376174866 0.011608021339661946 -0.019258010710777304 0 0 0 0.02479940478923244 0 0 0.019636780407294847 0 0 0 -0.023624332586367924 0
leaf_weight=6.6379002598114338 13.30767535464838 1.5116918999701763 3.145604148972784 16.558231835020706 18.097000828012824 10.456058719195424 12.839193631662054 2.9399908829946062 1.4465413200669015 1.0250955633819128 20.69322761613876 2.8743024917785069 5.2006299572531125 19.316468481207274 1.6340380085166497 1.3614794961176802 2.5804273262619963 22.295682268915705 2.2345900158397862
leaf_count=312 332 47 140 456 545 154 377 92 59 43 775 144 153 646 54 42 88 1810 80
internal_value=0 0.00456725 0 -0.00571113 -0.0110725 0 -0.00876697 -0.0082285 0.0171408 -0.0130943 0.0204696 -0.0159737 -0.0184352 0.0143579 0.0182453 -0.0218905 0.0231616 -0.0229315 -0.0178955
internal_weight=166.156 117.151 90.9191 63.3307 46.7724 28.6754 18.2194 49.0049 26.2319 35.6972 24.7202 32.7572 29.8829 27.5884 20.9505 24.6823 23.2737 23.3208 15.0738
internal_count=6349 3733 2764 1752 1296 751 597 2616 969 2284 922 2192 2048 1012 700 1895 863 1853 457
is_linear=0
shrinkage=0.1


Tree=173
num_leaves=18
num_cat=0
split_feature=31 70 62 44 31 74 56 36 30 68 30 65 76 44 55 44 1
split_gain=0.216509 1.31406 1.18543 2.13925 1.27978 1.06926 0.829798 0.642474 0.457503 0.449172 0.688275 0.326336 0.157369 0.0245026 0.0254482 0.00502944 0.00270311
threshold=40.850000381469734 -31.499999999999996 -1.0000000180025095e-35 -20.646148681640621 12.400000095367433 -94.499999999999986 209.57446289062503 1.6415877342224123 41.95000076293946 28.757263183593754 36.149999618530281 -7.4999999999999991 121.22521972656251 -79.904327392578111 -58.773559570312493 -176.3873596191406 -92.604339599609361
decision_type=2 2 2 2 2 2 2 2 2 2 2 2 2 2 2 2 2
left_child=2 5 3 13 -5 -2 7 8 -4 10 -3 -7 -11 15 -15 -1 -16
right_child=1 9 6 4 -6 11 -8 -9 -10 12 -12 -13 -14 14 16 -17 -18
leaf_value=0 0 0 0 0 -0.042235812513168616 0.036024437113636766 0 0 0.027120038749027537 0.0088853195588615985 -0.027927512725808554 0 0 0 0 -0.0015760736338059388 0.0066644379299058273
leaf_weight=8.2510984214022738 10.057337095960976 1.9036194244399656 8.3384397292975319 3.3100310890004065 23.15503338072449 19.866763015743349 6.1361789584625503 5.9407157222740343 24.93885135371238 17.529655735939745 12.180324476445092 1.9022457401733834 3.4362044376321128 1.8569325190037478 1.8544707410037506 17.843944691587243 9.4517255658283812
leaf_count=304 218 38 266 109 1134 551 555 291 698 491 376 92 210 81 58 599 278
internal_value=0 0.00510395 -0.00178193 -0.0129371 -0.0337048 0.0208954 0.00412429 0.0147948 0.020866 0 -0.0165056 0.0325673 0 0 0.00396745 0 0.00603615
internal_weight=177.954 66.8761 111.077 65.7232 26.4651 31.8263 45.3542 39.218 33.2773 35.0498 14.0839 21.769 20.9659 39.2582 13.1631 26.095 11.3062
internal_count=6349 1976 4373 2563 1243 861 1810 1255 964 1115 414 643 701 1320 417 903 336
is_linear=0
shrinkage=0.1


Tree=174
num_leaves=18
num_cat=0
split_feature=31 30 31 28 30 64 59 74 43 60 37 39 64 39 56 56 34
split_gain=0.374743 1.15307 1.14658 0.897508 0.818623 0.753919 0.823524 0.675469 0.533732 0.253002 0.244676 0.236585 0.282345 0.177603 0.0248062 0.156107 0.0171778
threshold=36.350000381469734 39.049999237060554 44.850000381469734 77.500000000000014 37.250000000000007 89.598846435546889 8.1702575683593768 55.500000000000007 57.425994873046882 22.694793701171879 3.2421811819076543 -0.24542788416147229 284.98361206054693 1.1422009468078616 267.13644409179693 1.7782897949218752 0.93676754832267772
decision_type=2 2 2 2 2 2 2 2 2 2 2 2 2 2 2 2 2
left_child=5 2 11 7 14 6 9 10 -8 -1 16 -2 13 -13 15 -4 -3
right_child=1 3 4 -5 -6 -7 8 -9 -10 -11 -12 12 -14 -15 -16 -17 -18
leaf_value=-0.020242429431011559 0 0 0 0 0.019674842256856825 -0.026629973597722012 0.023460479087979862 0 0 0 0 -0.030130399507165995 0 0 0 -0.012327895920368554 0.0357223911207835
leaf_weight=14.286912642302925 1.9169780248776103 2.0108806295320489 7.2347654798068168 10.178918868303297 18.757244844920933 13.229071057867257 14.427577168680729 1.5419754819013167 3.4836615007370701 2.8270930773578575 6.0726133938878766 18.003096887608997 2.0061947666108599 4.5011348347179583 1.5708611551672209 9.5006304937414807 21.09041150379926
leaf_count=910 33 155 462 220 405 1383 527 53 82 136 146 583 31 42 21 427 733
internal_value=0 0.00137127 -0.00123006 0.0163904 0.000356793 -0.0083673 0 0.024944 0.0139024 -0.0148585 0.0294363 -0.0200244 -0.0227474 -0.0259322 0 -0.00360017 0.0341869
internal_weight=152.64 104.386 63.4909 40.8948 37.0635 48.2543 35.0252 30.7159 17.9112 17.114 29.1739 26.4274 24.5104 22.5042 18.3063 16.7354 23.1013
internal_count=6349 3311 2004 1307 1315 3038 1655 1087 609 1046 1034 689 656 625 910 889 888
is_linear=0
shrinkage=0.1


Tree=175
num_leaves=18
num_cat=0
split_feature=31 55 41 36 30 53 39 30 27 50 64 65 34 65 55 34 66
split_gain=0.789459 0.96822 1.17323 0.946492 0.909185 1.70862 0.849398 0.671393 0.639638 0.583165 0.43445 0.454923 0.126259 0.0502783 0.0334915 0.0319936 0.0049653
threshold=41.95000076293946 123.77755737304689 -70.131011962890611 1.1040354967117312 38.45000076293946 -100.49999999999999 0.71693655848503124 119.45000076293947 -325.49999999999994 -144.37188720703122 99.158752441406264 648.00000000000011 4.152916908264161 -527.49999999999989 -57.190551757812493 -5.1766321659088126 529.50000000000011
decision_type=2 2 2 2 2 2 2 2 2 2 2 2 2 2 2 2 2
left_child=1 2 6 -2 -4 -6 9 14 -3 -1 -10 13 15 -12 -7 -5 -15
right_child=3 8 4 12 5 7 -8 -9 10 -11 11 -13 -14 16 -16 -17 -18
leaf_value=0 0 0 0 0 0 0 0 0 0 0.028553280634625974 0 0 0 0.029760714165671043 -0.037316790856667066 -0.027719747569736521 0
leaf_weight=5.8046632632613173 14.560455600731073 3.0037860516458741 4.147857383824884 0.75108458101749676 16.240162414032966 0.96845257747918623 10.473560653394086 1.109242096543311 2.9435149177443227 21.31991226691753 1.3726418558508147 1.6292275190353382 2.0964682139456263 29.403866008389745 26.280493836500685 18.803654854535129 1.4763077544048417
leaf_count=265 265 78 102 10 326 90 315 24 133 650 24 104 76 1142 1288 1397 60
internal_value=0 0.0045372 0 -0.0116575 -0.0114592 -0.0183395 0.0111977 -0.0327008 0.017086 0.0213898 0.0218481 0.0252149 -0.0247313 0.0282303 -0.0365482 -0.0269728 0.0290676
internal_weight=162.385 126.174 86.3443 36.2117 48.7462 44.5984 37.5981 28.3582 39.8293 27.1246 36.8256 33.882 21.6512 32.2528 27.2489 19.5547 30.8802
internal_count=6349 4601 3060 1748 1830 1728 1230 1402 1541 915 1463 1330 1483 1226 1378 1407 1202
is_linear=0
shrinkage=0.1


Tree=176
num_leaves=19
num_cat=0
split_feature=30 65 30 60 61 30 56 60 66 60 30 55 37 1 44 70 67 40
split_gain=0.151777 0.710498 0.699394 0.630668 0.325961 0.660446 0.563077 0.485323 0.485245 0.522594 0.405809 0.890251 0.296938 0.284431 0.170272 0.146922 0.0986714 0.0197782
threshold=38.95000076293946 -17.499999999999996 42.049999237060554 -44.684112548828118 -1.4999999999999998 59.000000000000007 149.57449340820315 211.34890747070315 -546.99999999999989 7.2666320800781259 114.90000152587892 -107.54916381835936 2.5697401762008671 -2.2584522962570186 8.8900756835937518 13.500000000000002 -28.082397460937496 2.0680298805236821
decision_type=2 2 2 2 2 2 2 2 2 2 2 2 2 2 2 2 2 2
left_child=1 12 3 -2 5 7 15 8 -4 -10 11 -7 -1 -13 16 -6 -3 -5
right_child=2 14 4 17 6 10 -8 -9 9 -11 -12 13 -14 -15 -16 -17 -18 -19
leaf_value=0.021469316812178008 0 0 0 -0.026055780011692051 0.023809203719624007 0 0 0 0 -0.034255902151449184 0 0.029521143251729262 0 0 0 0 -0.015475006893647697 0
leaf_weight=22.246593289542943 5.0775151653215316 1.224110944662242 3.4281451362185242 17.818360236706216 15.871483177877968 2.9300528233870926 5.3587868681643149 6.572010545525699 2.4556011990644064 15.949184171855448 4.6621323870494953 15.731990405358379 11.698776462581007 1.9659490082412912 24.345225928816944 3.6862390115857115 8.827157926047219 3.9962807286065063
leaf_count=637 266 107 89 1138 392 152 382 186 122 673 106 413 247 98 713 186 290 152
internal_value=0 0.00426617 -0.00146056 -0.0157033 0 0 0.010923 -0.0146415 -0.0217428 -0.0279971 0 0.013274 0.0151951 0.0253922 0 0.0201203 -0.0116925 -0.023637
internal_weight=173.846 68.3419 105.504 26.8922 78.6116 53.6951 24.9165 28.4049 21.8329 18.4048 25.2901 20.628 33.9454 17.6979 34.3965 19.5577 10.0513 21.8146
internal_count=6349 1994 4355 1556 2799 1839 960 1070 884 795 769 663 884 511 1110 578 397 1290
is_linear=0
shrinkage=0.1


Tree=177
num_leaves=16
num_cat=0
split_feature=39 37 36 36 30 74 30 16 16 11 38 8 71 37 35
split_gain=0.309045 0.532071 0.521821 0.584028 0.349355 0.291733 0.266093 0.282094 0.261718 0.162286 0.127237 0.126073 0.04568 0.0307868 0.00136796
threshold=0.64343363046646129 1.1462237238883974 1.5536465644836428 0.28213433921337133 42.049999237060554 -110.49999999999999 36.350000381469734 46.500000000000007 -30.499999999999996 32.500000000000007 0.5557173788547517 26.500000000000004 -139.21295166015622 0.14796774089336398 -1.293859541416168
decision_type=2 2 2 2 2 2 2 2 2 2 2 2 2 2 2
left_child=2 13 3 -1 6 -5 -3 8 -8 11 -10 12 -7 -2 -15
right_child=1 4 -4 5 -6 9 7 -9 10 -11 -12 -13 -14 14 -16
leaf_value=0 0 0 0 0 0 0 0 0 0 0 0.026924905791448201 0 -0.022078153636623549 0 -0.0050333234208151971
leaf_weight=5.7388903009705237 6.3255043425597277 3.0255922158248714 21.638017649995163 6.08081304677762 13.086114469449965 1.185748878866433 2.7692996030673376 7.7048852783627799 3.4421894890256288 2.1664953592699012 23.280953300651163 2.6510835168883196 38.570520140463486 0.98060739599168556 10.28882087185047
leaf_count=135 200 78 956 283 502 50 60 76 72 83 630 116 2309 50 749
internal_value=0 0.0024336 -0.00574666 -0.0115727 0.0101635 -0.0160775 0.0147297 0.0173417 0.0214901 -0.0188161 0.0244047 -0.0201837 -0.0215151 0 -0.00474519
internal_weight=148.936 70.904 78.0316 56.3936 53.309 50.6547 40.2229 37.1973 29.4924 44.5738 26.7231 42.4074 39.7563 17.5949 11.2694
internal_count=6349 2417 3932 2976 1418 2841 916 838 762 2558 702 2475 2359 999 799
is_linear=0
shrinkage=0.1


Tree=178
num_leaves=18
num_cat=0
split_feature=31 56 41 30 36 27 55 50 62 62 39 66 33 39 39 34 34
split_gain=0.705124 1.13886 1.29338 1.13263 0.856887 0.531046 0.669654 0.530862 0.411878 0.403059 0.375361 0.2944 0.232178 0.121488 0.118943 0.10727 0.0264339
threshold=41.95000076293946 114.89904785156251 -70.131011962890611 38.45000076293946 1.1040354967117312 -325.49999999999994 69.977050781250014 -141.09204101562497 -129.49999999999997 213.50000000000003 0.80765497684478771 579.50000000000011 -0.3398574143648147 -0.24542788416147229 -0.38147160410881037 4.152916908264161 -5.1766321659088126
decision_type=2 2 2 2 2 2 2 2 2 2 2 2 2 2 2 2 2
left_child=1 2 7 -4 -2 -3 -7 -1 -5 12 -9 13 -10 -8 -14 16 -6
right_child=4 5 3 8 15 6 11 10 9 -11 -12 -13 14 -15 -16 -17 -18
leaf_value=0 0 0 0 0 0 0 0 0.023472471827234512 0 0 0 0 0 0.027898145838485319 -0.036082480506579778 0 -0.026470342544227539
leaf_weight=8.7840757230296749 14.421896371291949 2.766251432709395 4.1007814938202491 11.707072748336939 0.7466301098465945 5.6315402388572684 2.1222388884052625 20.861296167830009 2.1840912098996368 1.017543053254484 2.2830843206029376 1.6498222574591626 1.2045045867562354 36.165078344056383 22.302095112972893 2.0814920784905544 18.281646211515184
leaf_count=394 265 69 102 252 10 109 53 647 74 28 88 69 29 1387 1300 76 1397
internal_value=0 0.00443622 0 -0.0142943 -0.010997 0.0165231 0.0199864 0.010459 -0.0224128 -0.0290831 0.018836 0.0247132 -0.0319363 0.0266056 -0.0345762 -0.0236546 -0.0257669
internal_weight=158.311 122.779 74.4445 42.5161 35.5317 48.3349 45.5687 31.9285 38.4153 26.7082 23.1444 39.9371 25.6907 38.2873 23.5066 21.1098 19.0283
internal_count=6349 4601 2914 1785 1748 1687 1618 1129 1683 1431 735 1509 1403 1440 1329 1483 1407
is_linear=0
shrinkage=0.1


Tree=179
num_leaves=20
num_cat=0
split_feature=56 67 45 66 71 46 30 43 46 51 30 41 30 34 27 65 66 60 52
split_gain=0.12809 0.682085 0.579824 0.175027 0.17436 0.982197 1.21013 0.968417 1.09733 0.683761 0.504859 0.335198 0.329517 0.297899 0.177106 0.175707 0.168823 0.0466266 0.00680211
threshold=223.13342285156253 121.38723754882814 -31.784942626953121 -15.499999999999998 62.124145507812507 7.7597351074218759 38.149999618530281 -26.969635009765621 -100.20410156249999 75.952056884765639 106.79999923706056 -127.80523681640624 37.649999618530281 2.2692413330078129 -72.499999999999986 -179.49999999999997 641.00000000000011 9.3675537109375018 4.1443176269531259
decision_type=2 2 2 2 2 2 2 2 2 2 2 2 2 2 2 2 2 2 2
left_child=1 4 -3 -4 5 7 -7 8 -1 12 14 -10 -6 17 -9 -14 -2 -13 -16
right_child=16 2 3 -5 9 6 -8 10 11 -11 -12 13 15 -15 18 -17 -18 -19 -20
leaf_value=-0.0056625285432988217 -0.014028634193511995 0 0 0.025506020872912174 0 0 0.032555601447538648 0 0 0 0 0.029946044720820082 0 0 -0.031351261752210216 -0.020742332639373626 0 0 0
leaf_weight=9.1246548155322618 10.593541851732878 3.5942370602861073 3.3509425686206731 20.316659918054935 4.2423502737656227 5.758204942103478 18.378937589935958 1.1218911064788741 2.4096574527211478 16.655269135721028 1.2512777666561294 17.01278797956185 1.7775309220887745 1.3335449253208924 14.445811265381051 29.04459469486028 1.2320464774966229 7.2451131152920416 0.99118426069617349
leaf_count=456 796 71 116 659 81 119 263 17 70 598 39 871 46 43 779 1057 24 193 51
internal_value=0 0.00160104 0.0156139 0.0223563 0 0.00112525 0.0193381 0 0.000521898 -0.0055054 -0.021876 0.0186845 -0.0150425 0.022336 -0.0278637 -0.018824 -0.00781756 0.0252108 -0.0304053
internal_weight=169.88 158.055 27.2618 23.6676 130.793 79.0731 24.1371 54.9359 37.1258 51.7197 17.8102 28.0011 35.0645 25.5914 16.5589 30.8221 11.8256 24.2579 15.437
internal_count=6349 5529 846 775 4683 2901 382 2519 1633 1782 886 1177 1184 1107 847 1103 820 1064 830
is_linear=0
shrinkage=0.1


Tree=180
num_leaves=16
num_cat=0
split_feature=31 43 39 37 16 36 38 28 36 45 38 31 16 64 36
split_gain=0.324782 0.441761 0.305831 0.680997 0.0963301 0.215912 0.253756 0.0932711 0.09191 0.0402502 0.0969506 0.0661911 0.0354222 0.00154356 0.000232235
threshold=34.850000381469734 -2.6594848632812496 0.64343363046646129 1.2049002051353457 62.500000000000007 1.1864733695983889 0.5557173788547517 50.500000000000007 1.0000000180025095e-35 -34.492095947265618 0.91576001048088085 45.850000381469734 -25.499999999999996 89.598846435546889 1.6226504445075991
decision_type=2 2 2 2 2 2 2 2 2 2 2 2 2 2 2
left_child=1 8 7 -4 5 -5 -7 9 -1 -2 11 -11 -8 -3 -9
right_child=2 13 3 4 -6 6 12 14 -10 10 -12 -13 -14 -15 -16
leaf_value=0 0 0.0009477091938165426 0 0 0 0 0 -0.0080747514868205524 -0.022956708701071429 0.0093949705703677625 0 0 0.026422918734105405 0 0
leaf_weight=2.2990470551885691 14.490239706356077 14.782541256863626 10.291765429545192 8.1257578767836076 5.5990627966821185 3.6711315400898483 2.4516433859244016 11.937303398735819 13.710830195690503 20.639841043856002 5.0674388110637656 4.3296061591245225 20.477394517511129 7.1087744047399601 1.4644038155674923
leaf_count=59 846 559 398 144 63 101 65 442 1194 592 151 135 607 929 64
internal_value=0 -0.00884843 0.000911538 0.00770849 0.015268 0.0171525 0.0212386 0 -0.0202804 0 0.00352243 0.00707976 0.0248318 0 -0.00768202
internal_weight=146.447 37.9012 108.546 50.6168 40.325 34.7259 26.6002 57.9288 16.0099 44.5271 30.0369 24.9694 22.929 21.8913 13.4017
internal_count=6349 2741 3608 1378 980 917 773 2230 1253 1724 878 727 672 1488 506
is_linear=0
shrinkage=0.1


Tree=181
num_leaves=17
num_cat=0
split_feature=31 34 0 34 62 66 60 56 37 34 37 76 39 40 56 56
split_gain=0.647663 1.18135 1.30042 0.773032 0.617606 0.791891 0.722404 0.991625 0.219789 0.157566 0.142485 0.341727 0.294328 0.126375 0.112518 0.1296
threshold=33.750000000000007 1.8962029814720156 446.44982910156256 -3.7683687210083003 -53.499999999999993 -546.99999999999989 380.95782470703131 45.640930175781257 -2.5334573984146114 1.6788722872734072 2.3986452817916875 65.122528076171889 0.81951597332954418 0.72667002677917492 209.57446289062503 -85.140716552734361
decision_type=2 2 2 2 2 2 2 2 2 2 2 2 2 2 2 2
left_child=4 2 3 -2 5 -1 7 -7 -5 -10 -3 12 13 -12 15 -6
right_child=1 10 -4 8 14 6 -8 -9 9 -11 11 -13 -14 -15 -16 -17
leaf_value=0 0 0 0 0 0 0 0 0.036132461524337148 -0.035611026218944727 0 0 0 0 0.020247593584306146 0 -0.011578179507849916
leaf_weight=6.9568266365677109 3.0417284113354972 11.961106841452418 4.2563608412165186 3.2317132707685223 0.97038001799956575 12.448236587923018 2.0284765381366006 24.861067115329206 27.907276596524753 7.5389928281074381 2.0119937118142941 3.0913358450634396 2.5637279830407342 19.669625052716583 6.912867408245801 15.657828333554788
leaf_count=186 48 514 90 70 23 558 45 463 1896 277 37 215 90 593 402 842
internal_value=0 -0.00491345 -0.0169687 -0.024707 0.00776879 0.014709 0.0210268 0.0254287 -0.0290484 -0.0312077 0 0.00692171 0.0134797 0.0179791 0 -0.00768906
internal_weight=155.11 85.2739 45.9761 41.7197 69.8357 46.2946 39.3378 37.3093 38.678 35.4463 39.2978 27.3367 24.2453 21.6816 23.5411 16.6282
internal_count=6349 3830 2381 2291 2519 1252 1066 1021 2243 2173 1449 935 720 630 1267 865
is_linear=0
shrinkage=0.1


Tree=182
num_leaves=21
num_cat=0
split_feature=60 56 53 62 76 56 68 39 30 67 43 63 30 30 68 38 64 30 60 30
split_gain=0.119389 0.825776 0.678689 0.446729 0.342797 0.327025 0.998842 0.848378 0.330863 0.286044 0.257654 1.2284 0.736114 1.05537 0.13993 0.0629565 0.0538633 0.0366908 0.5708 0.0105897
threshold=211.34890747070315 239.19567871093753 -128.49999999999997 -68.499999999999986 49.80183410644532 150.86157226562503 57.497619628906257 0.44324475526809698 36.049999237060554 394.69403076171881 -26.969635009765621 -92.080902099609361 38.549999237060554 36.149999618530281 17.914886474609379 0.76460924744606029 133.53973388671878 38.95000076293946 12.184539794921877 42.049999237060554
decision_type=2 2 2 2 2 2 2 2 2 2 2 2 2 2 2 2 2 2 2 2
left_child=2 4 3 14 -2 6 10 -8 -7 16 11 -4 13 -12 -1 -13 -10 -14 19 -19
right_child=1 -3 5 -5 -6 8 7 -9 9 -11 12 15 17 -15 -16 -17 -18 18 -20 -21
leaf_value=0 0 0 0 0 0.028010051392581743 0 0 0.028207913409035903 0 0 0 0.027365493442960187 0.0056391255732020709 -0.03422288337559027 -0.028158146575415235 0 -0.023094327674002157 0 -0.018853896734857024 0.003165089320174258
leaf_weight=1.645547814201566 2.6133966604247751 3.839624303393065 5.6314877062104669 2.4227870972827068 13.999627390876411 2.7245012680068639 13.382397673791273 23.452835523989052 2.3363436055369666 1.0253347698599089 2.2356281187385347 15.622585557401182 9.1347414173651469 14.592672673519699 13.568685013568027 1.4620529082603742 12.365135819418354 2.5972776315175023 13.654303573304786 8.1675105420872551
leaf_count=65 57 302 300 73 286 161 337 542 93 52 47 873 123 509 430 37 868 193 842 159
internal_value=0 0.0071957 -0.000265311 -0.0184169 0.0222818 0 0.00432488 0.0175529 -0.00748709 -0.0157154 0 0.00482801 -0.00614158 -0.022052 -0.0252863 0.0256979 -0.0207125 0 0 0
internal_weight=166.474 20.4526 146.022 17.637 16.613 128.385 109.933 36.8352 18.4513 15.7268 73.0983 22.7161 50.3821 16.8283 15.2142 17.0846 14.7015 33.5538 24.4191 10.7648
internal_count=6349 645 5704 568 343 5136 3962 879 1174 1013 3083 1210 1873 556 495 910 961 1317 1194 352
is_linear=0
shrinkage=0.1


Tree=183
num_leaves=13
num_cat=0
split_feature=31 30 26 76 31 64 60 44 44 30 74 66
split_gain=0.260738 0.863841 0.618012 0.818736 0.54165 0.442298 0.439163 0.470745 0.401837 0.0937384 0.294504 0.0680585
threshold=35.250000000000007 37.750000000000007 100.50000000000001 49.80183410644532 45.850000381469734 88.143005371093764 16.536804199218754 -10.048248291015623 91.763793945312514 39.049999237060554 -15.499999999999998 -1.0000000180025095e-35
decision_type=2 2 2 2 2 2 2 2 2 2 2 2
left_child=5 4 3 9 -2 6 -1 -8 -9 11 -11 -3
right_child=1 2 -4 -5 -6 -7 7 8 -10 10 -12 -13
leaf_value=-0.015113462452335935 -0.02115158008119649 -0.0080119084539943177 0 0.03151105205222695 0 -0.021915514009558476 0 0.025491313940514845 0 0.013213334241420939 0 0
leaf_weight=9.9241200760006922 12.361346618272362 8.1992076663300377 13.588500921148805 19.597766799852252 20.637108138762414 12.173805336933581 2.4457828339654979 13.450039944145827 1.5565137760713685 19.833734080661088 5.2210651524364975 4.9986613574437788
leaf_count=795 413 263 257 702 964 1362 131 516 35 579 258 74
internal_value=0 0.000521944 0.0100636 0.015056 -0.00579549 -0.00783935 0 0.00890865 0.0189974 0 0.00584283 0
internal_weight=143.988 104.437 71.4389 57.8504 32.9985 39.5503 27.3765 17.4523 15.0066 38.2527 25.0548 13.1979
internal_count=6349 3510 2133 1876 1377 2839 1477 682 551 1174 837 337
is_linear=0
shrinkage=0.1


Tree=184
num_leaves=18
num_cat=0
split_feature=31 37 0 37 62 66 60 64 62 34 76 36 39 40 39 39 37
split_gain=0.538283 1.03208 1.14028 0.953325 0.512917 0.714858 0.659562 0.457136 0.196402 0.125196 0.191959 0.20987 0.133111 0.0932498 0.0492096 0.0409267 0.052631
threshold=33.750000000000007 2.8466173410415654 379.39628601074224 -1.236879765987396 -53.499999999999993 -546.99999999999989 380.95782470703131 35.197448730468757 132.00000000000003 1.6788722872734072 64.377349853515639 1.8223113417625429 0.71693655848503124 0.72667002677917492 -0.88917741179466236 1.3612367510795595 2.7766885757446294
decision_type=2 2 2 2 2 2 2 2 2 2 2 2 2 2 2 2 2
left_child=4 2 3 -2 5 -1 7 -7 15 -3 11 12 13 -11 -9 16 -5
right_child=1 9 -4 8 -6 6 -8 14 -10 10 -12 -13 -14 -15 -16 -17 -18
leaf_value=0 0 0 0 -0.03380353629820728 0 0 0 0 0 0 0 0 0 0.019961611933024863 0.032958645517424716 0 0
leaf_weight=6.8754204297438255 9.2053992000874114 7.6780461699236175 6.4469571437221012 28.991606670664627 23.221569712972268 10.727983754826708 1.9810032732784737 2.5641820300370446 1.5824625010136504 1.7595998030156028 2.7817806890234342 1.9555130973458279 2.6173836162779471 16.503783273510635 23.006317355670038 2.406263628974556 1.5375872277654696
leaf_count=186 273 240 174 2075 1267 506 45 50 82 34 148 61 85 529 465 86 43
internal_value=0 -0.00447273 -0.0151323 -0.0225433 0.00719584 0.0135983 0.0197959 0.0241321 -0.0298849 0 0.0066842 0.0112097 0.0150448 0.0178723 0.0311305 -0.0314433 -0.032762
internal_weight=151.843 83.4664 50.1703 43.7233 68.3765 45.1549 38.2795 36.2985 34.5179 33.2961 25.6181 22.8363 20.8808 18.2634 25.5705 32.9355 30.5292
internal_count=6349 3830 2733 2559 2519 1252 1066 1021 2286 1097 857 709 648 563 515 2204 2118
is_linear=0
shrinkage=0.1


Tree=185
num_leaves=19
num_cat=0
split_feature=31 70 74 53 30 68 60 56 36 31 63 68 30 56 52 70 56 31
split_gain=0.0998742 0.96969 0.824051 0.710989 2.00007 1.32569 1.39623 0.633526 0.40961 0.355384 0.79996 0.278336 0.555929 0.263674 0.150768 0.131024 0.0401465 0.0083801
threshold=40.850000381469734 -31.499999999999996 -94.499999999999986 -1.4999999999999998 59.000000000000007 263.90597534179693 -13.662445068359373 149.57449340820315 1.6672468185424807 1.5500000119209292 -92.080902099609361 28.757263183593754 36.149999618530281 202.76782226562503 43.775421142578132 1.0000000180025095e-35 239.19567871093753 39.750000000000007
decision_type=2 2 2 2 2 2 2 2 2 2 2 2 2 2 2 2 2 2
left_child=3 2 -2 4 5 6 -1 8 15 -6 -11 12 -3 -12 -4 17 -13 -5
right_child=1 11 14 7 9 -7 -8 -9 -10 10 13 16 -14 -15 -16 -17 -18 -19
leaf_value=0 0 0 0.031627860820494375 0.024762860053079483 0 0 -0.0410925489172764 0 0 0 0.02977012607239711 0.0045611901823313051 -0.024700550780495503 0 0 0 0 0
leaf_weight=7.4340571705251923 9.2771741747856158 1.8336533568799485 17.948250441346321 17.430332564283173 5.0118314945139018 6.2603861470706752 29.622603196883574 7.8396728388033798 4.1031978169921777 2.6572147686965826 13.607956629712129 16.893705136841167 11.270506718428804 2.0091650746762744 1.8455791324377049 3.0559702690225086 2.7161431459244332 2.1553650873247525
leaf_count=392 218 38 612 439 127 181 1550 638 223 145 388 550 376 97 31 143 151 50
internal_value=0 0.00377156 0.0183602 -0.000909479 -0.00996975 -0.0242379 -0.0318848 0.00301669 0.0151293 0 0.0131099 0 -0.0133972 0.0253205 0.0291415 0.0207351 0 0.0234368
internal_weight=162.973 61.785 29.071 101.188 66.6032 43.317 37.0567 34.5845 26.7449 23.2862 18.2743 32.714 13.1042 15.6171 19.7938 22.6417 19.6098 19.5857
internal_count=6349 1976 861 4373 2880 2123 1942 1493 855 757 630 1115 414 485 643 632 701 489
is_linear=0
shrinkage=0.1


Tree=186
num_leaves=13
num_cat=0
split_feature=31 30 26 76 31 64 60 44 44 30 64 59
split_gain=0.246706 0.805561 0.58629 0.673717 0.482605 0.446146 0.484259 0.308191 0.392937 0.0694919 0.0596592 0.0525571
threshold=36.350000381469734 37.750000000000007 100.50000000000001 49.80183410644532 45.850000381469734 88.143005371093764 19.233673095703129 110.67382812500001 -10.048248291015623 39.049999237060554 95.693023681640639 21.727020263671879
decision_type=2 2 2 2 2 2 2 2 2 2 2 2
left_child=5 4 3 9 -2 6 11 8 -8 -3 -11 -1
right_child=1 2 -4 -5 -6 -7 7 -9 -10 10 -12 -13
leaf_value=-0.014074551803965545 -0.019986733186792501 0 0 0.030631794846764933 0 -0.02180631568726191 0 0 0.024240487986669383 0.007909805037947179 0 0
leaf_weight=14.113570043467917 12.059780282434074 12.945034126751123 13.242383184842764 18.603586406912655 20.469438002444804 12.152917086379601 1.9818998144473887 1.4487344780936826 13.096181820612401 18.239361117128286 1.6202746275812376 0.84094873256981451
leaf_count=928 413 337 241 673 964 1396 131 28 531 628 55 24
internal_value=0 0.000261249 0.0102979 0.0155273 -0.00521911 -0.00731029 0 0.0105232 0.0172108 0 0.00558696 -0.0125784
internal_weight=140.814 97.1799 64.6506 51.4083 32.5292 43.6343 31.4813 16.5268 15.0781 32.8047 19.8596 14.9545
internal_count=6349 3311 1934 1693 1377 3038 1642 690 662 1020 683 952
is_linear=0
shrinkage=0.1


Tree=187
num_leaves=16
num_cat=0
split_feature=31 56 41 56 65 36 54 39 54 44 71 55 65 34 34
split_gain=0.490879 0.881346 1.08824 0.966839 0.737027 0.660055 0.555184 0.438706 0.419197 0.357384 0.330204 0.310945 0.0764775 0.0692558 0.016479
threshold=41.95000076293946 114.89904785156251 -70.131011962890611 -41.193420410156243 -364.49999999999994 1.1040354967117312 -148.49999999999997 0.71693655848503124 184.50000000000003 743.53906250000011 -132.17657470703122 73.348937988281264 537.00000000000011 4.152916908264161 -5.1766321659088126
decision_type=2 2 2 2 2 2 2 2 2 2 2 2 2 2 2
left_child=1 2 7 -4 -3 -2 -5 10 -8 11 -1 -6 -13 14 -7
right_child=5 4 3 6 9 13 8 -9 -10 -11 -12 12 -14 -15 -16
leaf_value=0 0 0 0 0 0 0 -0.034008940407390914 0 0 0 0.022545248177802495 0.026843861002537085 0 0 -0.023448787014989567
leaf_weight=4.7445093556307318 13.774741161381824 7.4150393642485133 5.0867057065479448 12.661222522612659 2.2138916766270986 0.72539384663105266 21.090918906731535 6.4683092751074573 0.94809174677356978 1.523832176811992 18.864179731113836 32.857761503895745 1.3194669722579409 1.9775106469169248 16.855823737801988
leaf_count=230 265 160 236 288 39 10 1230 247 31 72 652 1332 84 76 1397
internal_value=0 0.0038874 0 -0.0135633 0.0148953 -0.00936118 -0.021674 0.00980239 -0.0306633 0.0211063 0.0169893 0.0235605 0.0259556 -0.0210508 -0.0228395
internal_weight=148.527 115.194 69.8639 39.7869 45.33 33.3335 34.7002 30.077 22.039 37.915 23.6087 36.3911 34.1772 19.5587 17.5812
internal_count=6349 4601 2914 1785 1687 1748 1549 1129 1261 1527 882 1455 1416 1483 1407
is_linear=0
shrinkage=0.1


Tree=188
num_leaves=17
num_cat=0
split_feature=56 68 76 64 27 46 46 60 75 68 71 67 56 67 76 2
split_gain=0.0988212 0.812838 0.74032 0.339075 0.443228 0.277918 0.177269 0.789664 0.218832 0.308042 0.208224 0.130799 0.123312 0.0844599 0.0776243 0.027425
threshold=211.07696533203128 68.825958251953139 31.733245849609379 51.196655273437507 98.500000000000014 -58.486938476562493 -100.20410156249999 -12.675872802734373 2.4104003906250004 16.004241943359379 66.541656494140639 462.54678344726568 5.9447937011718759 -45.420043945312493 87.695037841796889 -63.330526351928704
decision_type=2 2 2 2 2 2 2 2 2 2 2 2 2 2 2 2
left_child=1 3 -3 6 14 -4 -1 12 13 -10 -11 -2 -8 -9 -5 -7
right_child=11 2 5 4 -6 15 7 8 9 10 -12 -13 -14 -15 -16 -17
leaf_value=0 -0.012589957568932731 0 0 -0.018728615180126359 0 0 0.025465616599807686 0 0 0.019826327713083472 0 0 0 -0.013181223053654821 0 0.020041556546493103
leaf_weight=7.5831418056040993 8.8932721524033678 9.8264027349650842 1.8471993999555696 22.112679075682543 5.6790266353636971 2.4279955308884373 14.408524408936499 1.1323528531938727 6.0361382004339275 11.342358224093912 2.8314622940961263 4.1261983644217244 1.0345377381891001 13.668363853124905 1.240044156089424 45.125493925530463
leaf_count=408 776 276 45 988 96 55 841 41 233 171 134 144 31 761 36 1313
internal_value=0 0.00184397 0.0118361 0 -0.0103858 0.0175947 0 0.00579116 0 0.00326149 0.0141539 -0.00559387 0.0232768 -0.0106403 -0.017428 0.0194075
internal_weight=159.315 146.296 59.2271 87.0686 29.0317 49.4007 58.0369 50.4537 35.0107 20.21 14.1738 13.0195 15.4431 14.8007 23.3527 47.5535
internal_count=6349 5429 1689 3740 1120 1413 2620 2212 1340 538 305 920 872 802 1024 1368
is_linear=0
shrinkage=0.1


Tree=189
num_leaves=12
num_cat=0
split_feature=31 30 26 60 31 66 36 36 38 38 46
split_gain=0.232491 0.638013 0.574905 0.843182 0.429959 0.410577 0.330602 0.249191 0.0628579 0.0325133 0.0257187
threshold=34.850000381469734 37.750000000000007 100.50000000000001 9.3675537109375018 45.850000381469734 62.500000000000007 1.7395083308219912 1.0000000180025095e-35 1.7640156149864199 -1.8952483534812925 227.5481872558594
decision_type=2 2 2 2 2 2 2 2 2 2 2
left_child=6 4 3 -3 -2 10 7 -1 9 -9 -5
right_child=1 2 -4 5 -6 -7 -8 8 -10 -11 -12
leaf_value=0 -0.018868268279208573 0 0 0.024936138780285572 0 0 0 0 0 -0.020168060830076471 0
leaf_weight=3.4653464555740383 11.79612446320243 16.682248496450484 13.67043271102011 36.46435295464471 20.255911152344197 2.6704803416505447 8.3690233437810075 0.67026339983568206 2.5776433625724158 19.911410253029317 1.7687624781392504
leaf_count=116 413 645 272 1092 964 115 458 39 134 1994 107
internal_value=0 1.21941e-06 0.00873834 0.0137693 -0.00468288 0.0213852 -0.00788469 -0.0139278 -0.0178259 -0.0195127 0.0242573
internal_weight=138.302 103.308 71.2563 57.5858 32.052 40.9036 34.9937 26.6247 23.1593 20.5817 38.2331
internal_count=6349 3608 2231 1959 1377 1314 2741 2283 2167 2033 1199
is_linear=0
shrinkage=0.1


Tree=190
num_leaves=18
num_cat=0
split_feature=31 56 41 56 36 39 48 62 62 66 71 36 33 39 39 34 34
split_gain=0.440401 0.76245 0.88615 0.830542 0.594038 0.411653 0.32566 0.323118 0.389877 0.313022 0.30697 0.304677 0.162164 0.0964608 0.0816506 0.0580911 0.0125002
threshold=41.95000076293946 120.67163085937501 -70.131011962890611 -41.193420410156243 1.1040354967117312 0.71693655848503124 7.1415710449218759 -129.49999999999997 213.50000000000003 221.00000000000003 -132.17657470703122 1.5028952956199648 -0.3398574143648147 -0.12065754830837248 -0.38147160410881037 4.152916908264161 -5.1766321659088126
decision_type=2 2 2 2 2 2 2 2 2 2 2 2 2 2 2 2 2
left_child=1 2 5 -4 -2 10 -3 -5 12 11 -1 13 -9 -8 -14 16 -6
right_child=4 6 3 7 15 -7 9 8 -10 -11 -12 -13 14 -15 -16 -17 -18
leaf_value=0 0 0 0 0 0 0 0 0 0 0 0.021874397133895041 0 0 0.026979852609434547 -0.032535278971582059 0 -0.022293391649669286
leaf_weight=4.6960330004803899 13.639947666553779 3.1661464450880876 5.0252712232759214 11.492489997763185 0.72065083310008304 6.5985474125482133 1.9775369986891735 2.0085732163861421 1.0874714604578901 6.7724790256470433 18.647139904322103 5.406859381357207 1.0976441651582778 24.664598136907447 20.126465445151553 1.9588498398661602 16.449770038714636
leaf_count=230 265 55 236 259 10 251 51 74 33 274 656 309 28 922 1223 76 1397
internal_value=0 0.00381974 0 -0.0117552 -0.00879977 0.00944626 0.014478 -0.0193309 -0.0255988 0.0174559 0.016492 0.0213415 -0.0288995 0.0253997 -0.031222 -0.0200591 -0.0217327
internal_weight=145.536 112.767 70.7796 40.8379 32.7692 29.9417 41.9876 35.8126 24.3202 38.8215 23.3432 32.049 23.2327 26.6421 21.2241 19.1293 17.1704
internal_count=6349 4601 2990 1853 1748 1137 1611 1617 1358 1556 886 1282 1325 973 1251 1483 1407
is_linear=0
shrinkage=0.1


Tree=191
num_leaves=17
num_cat=0
split_feature=37 74 31 44 30 40 71 64 55 38 30 65 30 39 36 31
split_gain=0.0809741 0.693567 0.464846 0.558573 0.395266 0.278074 0.383324 0.32503 0.392099 0.428915 0.219102 0.115687 0.106204 0.0830791 0.110248 0.0261066
threshold=0.79570680856704723 -77.499999999999986 1.5500000119209292 -12.955963134765623 108.95000076293947 1.4710645079612734 55.318359375000007 128.5810241699219 -66.193817138671861 1.2936588525772097 36.049999237060554 -67.499999999999986 37.250000000000007 0.94398567080497753 0.9361170530319215 25.849999427795414
decision_type=2 2 2 2 2 2 2 2 2 2 2 2 2 2 2 2
left_child=2 4 -1 -4 12 6 -3 8 -7 13 -8 -12 -2 14 -10 -13
right_child=1 5 3 -5 -6 7 10 -9 9 -11 11 15 -14 -15 -16 -17
leaf_value=0 0 0 0.022875717766489542 0 0 0 0 0 0 0 0 0 -0.025766971954345727 0 0.022563363805037207 -0.01999397305661205
leaf_weight=5.0821157284080973 1.2362439213320673 16.030473232269287 18.668198288418353 28.060169312404469 1.9805857962928701 2.0767931472510091 1.3057674774900103 11.252358628204091 2.0053123808465925 3.0899231305811545 1.5654934537597025 1.1347343556117291 15.621866535628213 1.8273224267177273 29.299823518376797 16.298908050521277
leaf_count=123 27 624 575 953 91 142 60 605 38 124 44 82 745 50 1012 1054
internal_value=0 -0.000400985 0.00382339 0.0105234 -0.0180919 0 -0.000939611 0.00727076 0.0121381 0.016024 -0.0130503 -0.0168248 -0.0237947 0.0199948 0.0211214 -0.0190717
internal_weight=156.536 104.726 51.8105 46.7284 18.8387 85.8869 36.3354 49.5515 38.2992 36.2224 20.3049 18.9991 16.8581 33.1325 31.3051 17.4336
internal_count=6349 4698 1651 1528 863 3835 1864 1971 1366 1224 1240 1180 772 1100 1050 1136
is_linear=0
shrinkage=0.1


Tree=192
num_leaves=15
num_cat=0
split_feature=31 30 31 26 37 30 44 36 52 64 34 39 56 56
split_gain=0.195571 0.697275 0.902404 0.595256 0.605984 0.548359 0.343477 0.3061 0.271474 0.18039 0.103886 0.0330566 0.00157641 0.0459324
threshold=36.350000381469734 39.049999237060554 44.850000381469734 100.50000000000001 2.3247191905975346 36.850000381469734 -7.8379821777343741 2.8350379467010502 116.76757812500001 89.598846435546889 0.93676754832267772 1.1971883773803713 275.63510131835943 1.7782897949218752
decision_type=2 2 2 2 2 2 2 2 2 2 2 2 2 2
left_child=6 2 7 4 10 12 -1 8 11 -8 -3 -2 13 -4
right_child=1 3 5 -5 -6 -7 9 -9 -10 -11 -12 -13 -14 -15
leaf_value=-0.018525011511180481 -0.027267393486708993 0 0 0 0 0.016431975848853198 0.0052099311881087223 0 0 -0.010370383813519764 0.031512680858301466 0 0 -0.0066273056505495743
leaf_weight=13.304276691982521 18.003529563546191 1.5163901494816006 6.1734313329216084 6.1076797144487491 11.063407608307896 17.90549457538873 19.497685421258215 2.0389406783506265 1.8040346857160319 8.8424559561535698 17.718137103132904 2.5534829115495077 1.2758891470730294 8.4134799726307374
leaf_count=1188 609 151 456 109 346 441 746 26 33 1104 701 21 15 403
internal_value=0 0 -0.00083656 0.0133632 0.0198484 0 -0.00666332 -0.0183918 -0.0221294 0 0.0295879 -0.0254249 0 -0.00096324
internal_weight=136.218 94.5739 58.1683 36.4056 30.2979 33.7683 41.6444 24.4 22.361 28.3401 19.2345 20.557 15.8628 14.5869
internal_count=6349 3311 2004 1307 1198 1315 3038 689 663 1850 852 630 874 859
is_linear=0
shrinkage=0.1


Tree=193
num_leaves=15
num_cat=0
split_feature=31 56 41 56 65 36 54 54 39 44 71 55 65 37
split_gain=0.387583 0.671385 0.75372 0.825646 0.626777 0.529738 0.429363 0.394712 0.362351 0.321855 0.27748 0.258013 0.0659187 0.0456388
threshold=41.95000076293946 114.89904785156251 -70.131011962890611 -41.193420410156243 -364.49999999999994 1.1040354967117312 -148.49999999999997 198.50000000000003 0.71693655848503124 743.53906250000011 -132.17657470703122 73.348937988281264 537.00000000000011 -1.9484826922416685
decision_type=2 2 2 2 2 2 2 2 2 2 2 2 2 2
left_child=1 2 8 -4 -3 -2 -5 -8 10 11 -1 -6 -13 -7
right_child=5 4 3 6 9 13 7 -9 -10 -11 -12 12 -14 -15
leaf_value=0 0 0 0 0 0 0 -0.031408085795585489 0 0 0 0.020532666123825313 0.024921128387513553 0 -0.019802240733642441
leaf_weight=4.631952762603766 13.553530301665885 7.271439583040773 5.0036917492980129 12.423359070904551 2.1771069765090934 0.64916713023558514 19.656618655310016 0.87615521857514878 6.3264392893761388 1.4918967708945263 18.164676631568 31.478707280242816 1.2884252700023342 18.064969023806043
leaf_count=230 265 160 236 288 39 17 1235 26 247 72 652 1332 84 1466
internal_value=0 0.00376364 0 -0.0114202 0.0134304 -0.00809586 -0.0195545 -0.0278692 0.00849102 0.0193783 0.0152967 0.0218334 0.0240742 -0.0189331
internal_weight=143.058 110.79 67.0829 37.9598 43.7076 32.2677 32.9561 20.5328 29.1231 36.4361 22.7966 34.9442 32.7671 18.7141
internal_count=6349 4601 2914 1785 1687 1748 1549 1261 1129 1527 882 1455 1416 1483
is_linear=0
shrinkage=0.1


Tree=194
num_leaves=18
num_cat=0
split_feature=60 56 53 62 64 76 39 56 68 62 38 65 44 30 30 65 65
split_gain=0.0690842 0.685206 0.429888 0.552942 0.631682 0.276226 0.254318 0.594825 0.911393 0.515561 0.16622 0.117847 0.260786 0.348211 0.188661 0.0578509 0.0498682
threshold=208.07672119140628 239.19567871093753 -89.499999999999986 -68.499999999999986 32.940399169921882 49.80183410644532 0.52268582582473766 156.81689453125003 16.004241943359379 1.0000000180025095e-35 1.3763171434402468 -52.499999999999993 -22.143890380859371 45.549999237060554 36.149999618530281 -34.499999999999993 7.5000000000000009
decision_type=2 2 2 2 2 2 2 2 2 2 2 2 2 2 2 2 2
left_child=2 5 3 4 -1 -2 11 8 -8 10 16 -4 -13 14 -14 -16 -10
right_child=1 -3 6 -5 -6 -7 7 -9 9 -11 -12 12 13 -15 15 -17 -18
leaf_value=0 0 0 0 0 -0.028700918350003119 0.02573976454011901 0 0 0.032791706342337384 0 0 0 0 0 0 -0.021847844862745918 0
leaf_weight=6.442775452276698 2.479160348884764 3.6529382676817468 8.5642904471605998 4.7832148061133912 17.196355676045641 13.150782691314815 20.772658610483631 8.6209903312847 20.7680258078035 4.8905113562941542 5.182421406498178 5.1745808697305646 1.3452012641355455 3.4805930708535007 2.9577338711824366 18.000459841452532 6.7449075980111948
leaf_count=263 60 319 239 150 546 291 1092 540 435 231 193 328 69 174 97 1080 242
internal_value=0 0.00564413 0 -0.0118092 -0.0194267 0.0204518 0 0.00604741 0.0118175 0.0209788 0.0254621 -0.000370723 -0.00595788 -0.0115988 -0.0171587 -0.0198023 0.0285691
internal_weight=154.208 19.2829 134.925 28.4223 23.6391 15.6299 106.502 66.9795 58.3585 37.5859 32.6954 39.5229 30.9586 25.784 22.3034 20.9582 27.5129
internal_count=6349 670 5679 959 809 351 4720 2733 2193 1101 870 1987 1748 1420 1246 1177 677
is_linear=0
shrinkage=0.1


Tree=195
num_leaves=18
num_cat=0
split_feature=31 30 31 30 28 74 36 36 34 37 63 56 56 35 73 34 37
split_gain=0.171205 0.631939 0.781062 0.683209 0.634042 0.50189 0.31794 0.276348 0.186296 0.176098 0.13698 0.100703 0.277612 0.0915858 0.0419207 0.0281151 0.00695728
threshold=36.350000381469734 39.049999237060554 44.350000381469734 37.250000000000007 68.500000000000014 55.500000000000007 1.7395083308219912 0.59597164392471325 5.989018678665162 4.7152657508850107 274.06100463867193 267.13644409179693 1.7782897949218752 -0.10041569918394087 6.5000000000000009 -0.4824670255184173 -8.6711521148681623
decision_type=2 2 2 2 2 2 2 2 2 2 2 2 2 2 2 2 2
left_child=6 2 8 11 5 9 7 -1 10 -3 15 12 -4 -9 -5 -2 -15
right_child=1 4 3 14 -6 -7 -8 13 -10 -11 -12 -13 -14 16 -16 -17 -18
leaf_value=0 0 0.02850407051005803 0 0.019258308954019449 0 0 0 0 0 0 0 0 -0.017089135658219345 0 0 -0.026475257282891018 -0.01879796439575275
leaf_weight=5.9103695424273637 1.8116239439696116 21.504890806507326 6.5262344458606156 17.146457387134436 9.3798751058056933 1.4070022176019836 9.2758469772525114 3.0408375801052925 1.8474655225872982 3.4089789749123147 1.8444309644401062 1.4474285058677185 10.553047438617794 0.63952310010791436 2.251037902198731 13.77382308174856 22.048411576077338
leaf_count=201 18 926 462 404 238 53 509 221 66 90 33 21 492 27 54 454 2080
internal_value=0 0 -0.000496268 0 0.0128631 0.0209815 -0.00628669 -0.0119869 -0.0189983 0.0254288 -0.0221017 -0.000172074 -0.00719169 -0.0164956 0.0177019 -0.0247935 -0.018482
internal_weight=133.817 92.9023 57.2015 37.9242 35.7007 26.3209 40.915 31.6391 19.2773 24.9139 17.4299 18.5267 17.0793 25.7288 19.3975 15.5854 22.6879
internal_count=6349 3311 2004 1433 1307 1069 3038 2529 571 1016 505 975 954 2328 458 472 2107
is_linear=0
shrinkage=0.1


Tree=196
num_leaves=16
num_cat=0
split_feature=31 56 41 56 60 54 54 55 39 44 71 39 40 39 39
split_gain=0.327542 0.587461 0.639598 0.765064 0.408023 0.358244 0.371051 0.355305 0.324997 0.259941 0.245949 0.218339 0.0772526 0.0715561 0.0237167
threshold=41.95000076293946 114.89904785156251 -70.131011962890611 -41.193420410156243 17.836975097656254 -148.49999999999997 198.50000000000003 69.977050781250014 0.71693655848503124 743.53906250000011 -132.17657470703122 -0.24542788416147229 3.8776813745498662 2.3870964050292973 -0.38147160410881037
decision_type=2 2 2 2 2 2 2 2 2 2 2 2 2 2 2
left_child=1 2 8 -4 -2 -5 14 -3 10 11 -1 -9 13 -13 -7
right_child=4 7 3 5 -6 6 -8 9 -10 -11 -12 12 -14 -15 -16
leaf_value=0 0 0 0 0 -0.017310388300314727 0 0 0 0 0 0.01930686765002565 0.022523412744742264 0 0 -0.031629635329776605
leaf_weight=4.5818341434933307 13.941924721468242 5.0781827848404637 4.9279028918826944 12.30694559868425 17.810186063987203 1.6807040129788244 0.86794531904160876 2.5100301522761574 6.2290183510631314 1.4733635699376453 17.754502256866544 31.101630388991907 1.2657321160659183 1.3312795478850592 17.360333579941656
leaf_count=230 786 109 236 288 962 56 26 68 247 72 652 1370 47 21 1179
internal_value=0 0.00342245 0 -0.0107751 -0.00760756 -0.0188048 -0.0266314 0.0126027 0.00763335 0.0163581 0.0142935 0.0185774 0.0207266 0.0216189 -0.0301822
internal_weight=140.222 108.469 65.7092 37.1438 31.7521 32.2159 19.909 42.7602 28.5654 37.682 22.3363 36.2087 33.6986 32.4329 19.041
internal_count=6349 4601 2914 1785 1748 1549 1261 1687 1129 1578 882 1506 1438 1391 1235
is_linear=0
shrinkage=0.1


Tree=197
num_leaves=19
num_cat=0
split_feature=56 68 31 45 64 27 31 30 46 60 63 71 56 53 68 76 67 67
split_gain=0.0535124 0.715429 0.763309 0.478519 0.291409 0.33537 0.275366 0.171923 0.12723 0.662838 0.127301 0.157755 0.119546 0.111723 0.0999669 0.0803998 0.0711623 0.0670957
threshold=214.6813659667969 67.701049804687514 1.4499999880790713 -77.203552246093736 51.196655273437507 98.500000000000014 27.550000190734867 36.250000000000007 -100.20410156249999 -12.675872802734373 2.0150146484375004 55.318359375000007 5.9447937011718759 -514.49999999999989 15.082336425781252 114.19635009765626 462.54678344726568 -45.420043945312493
decision_type=2 2 2 2 2 2 2 2 2 2 2 2 2 2 2 2 2 2
left_child=1 4 -3 -4 8 6 -6 -8 -1 12 17 14 -10 -5 -12 -15 -2 -11
right_child=16 2 3 13 5 -7 7 -9 9 10 11 -13 -14 15 -16 -17 -18 -19
leaf_value=0 -0.0092298577853820295 0 0 0 0 0 0 -0.022940428768849302 0.023762198472742063 0 0 0 0 0.021333127312778442 0.013812408749278492 0 0 -0.011353165599382417
leaf_weight=7.2038568956777445 8.055442530079743 3.7108507174998513 4.5774422441609195 1.9300822857767332 2.3581341523677173 5.1080944193527094 1.1570638176053787 18.005989218596369 13.706214388366785 1.0777910263277526 3.8414603243581977 4.8760241216514251 0.99070428777486164 45.606838703155518 11.272182809654621 1.8706405658740539 3.7737869787961236 12.431559055577967
leaf_count=408 754 75 173 27 67 91 38 900 841 41 81 273 31 1382 190 82 141 754
internal_value=0 0.00158211 0.0111786 0.0163875 0 -0.0100186 -0.0161858 -0.0204526 0 0.00501444 0 0.0011923 0.0214947 0.0196121 0.00958518 0.0205406 -0.00354998 -0.00883172
internal_weight=151.554 139.725 57.6959 53.985 82.0291 26.6293 21.5212 19.1631 55.3998 48.1959 33.499 19.9897 14.6969 49.4076 15.1136 47.4775 11.8292 13.5094
internal_count=6349 5454 1739 1664 3715 1096 1005 938 2619 2211 1339 544 872 1491 271 1464 895 795
is_linear=0
shrinkage=0.1


Tree=198
num_leaves=14
num_cat=0
split_feature=39 73 39 37 31 74 30 76 16 8 16 38 38
split_gain=0.140393 0.297458 0.383343 0.293151 0.406009 0.275439 0.234723 0.150989 0.121977 0.0652406 0.0450103 0.0344247 0.0117649
threshold=0.64343363046646129 -33.499999999999993 -0.24542788416147229 1.2049002051353457 35.250000000000007 -66.499999999999986 36.350000381469734 -62.632934570312493 46.500000000000007 35.500000000000007 -32.499999999999993 2.4932578802108769 0.10764924436807634
decision_type=2 2 2 2 2 2 2 2 2 2 2 2 2
left_child=1 -1 -3 -2 -5 -4 -6 -7 10 11 -8 12 -9
right_child=3 2 5 4 6 7 8 9 -10 -11 -12 -13 -14
leaf_value=0 0 0 0 0 0 0 0 0 0 0 0.02055650734308782 0 -0.02000915065680213
leaf_weight=19.515935313655064 16.332935546524823 4.539649508194997 7.1199105605483046 10.696628245874306 2.8683123742230228 0.95880749449133773 1.9583607185631979 2.8862065139692268 6.7386609986424437 1.7027529911138106 23.760457942262295 1.0645534917712201 31.423638092586771
leaf_count=965 1033 103 399 439 76 23 53 127 73 73 743 43 2199
internal_value=0 -0.00435233 -0.00911776 0.000855033 0.00784307 -0.0131024 0.0136589 -0.016432 0.0164087 -0.0177429 0.01942 -0.0186083 -0.0191229
internal_weight=131.567 69.2115 49.6955 62.3554 46.0224 45.1559 35.3258 38.036 32.4575 37.0772 25.7188 35.3744 34.3098
internal_count=6349 3932 2967 2417 1384 2864 945 2465 869 2442 796 2369 2326
is_linear=0
shrinkage=0.1


Tree=199
num_leaves=16
num_cat=0
split_feature=31 37 41 37 62 66 60 56 54 39 60 36 56 56 39
split_gain=0.3097 0.750755 0.854482 0.742203 0.367571 0.596647 0.540773 0.636904 0.0591009 0.0385921 0.197967 0.0928553 0.0225422 0.0637941 0.00846647
threshold=33.750000000000007 2.8466173410415654 411.31280517578131 -1.236879765987396 -53.499999999999993 -546.99999999999989 380.95782470703131 45.640930175781257 153.00000000000003 0.71693655848503124 26.931396484375004 0.59597164392471325 209.57446289062503 -84.066528320312486 1.3612367510795595
decision_type=2 2 2 2 2 2 2 2 2 2 2 2 2 2 2
left_child=4 2 3 -2 5 -1 7 -7 14 10 11 -3 13 -6 -5
right_child=1 9 -4 8 12 6 -8 -9 -10 -11 -12 -13 -14 -15 -16
leaf_value=0 0 0 0 -0.027948066178301124 0 0 0 0.031357501655469591 0 0 0 0.013841753530610974 0 -0.0073424242962721355 0
leaf_weight=6.3868731632828704 8.4553173270542157 1.6559831900522208 3.6559324127156279 29.580458303680647 0.92046031448990362 11.321835691574959 1.8081581937149156 21.682715813629329 1.6326604092027981 6.0620772379916152 7.9037976333638644 14.78998176101595 6.0971952779218546 13.611181525746359 2.1668407481629393
leaf_count=186 273 22 97 2176 25 558 45 463 101 248 320 507 402 840 86
internal_value=0 -0.00326017 -0.0131958 -0.0195364 0.00593787 0.0116721 0.0178869 0.0221134 -0.0260629 0 0.00379806 0.0112027 0 -0.00364843 -0.027001
internal_weight=137.731 75.903 45.4912 41.8353 61.8284 41.1996 34.8127 33.0046 33.38 30.4118 24.3498 16.446 20.6288 14.5316 31.7473
internal_count=6349 3830 2733 2636 2519 1252 1066 1021 2363 1097 849 529 1267 865 2262
is_linear=0
shrinkage=0.1


Tree=200
num_leaves=13
num_cat=0
split_feature=44 46 31 46 56 62 68 31 51 1 1 67
split_gain=0.0413048 1.01417 1.27793 0.831395 0.246794 0.463702 0.603789 0.179983 0.156218 0.12367 0.107501 0.0727414
threshold=-22.143890380859371 -100.20410156249999 1.4499999880790713 7.7597351074218759 209.57446289062503 -95.499999999999986 42.221282958984382 18.44999980926514 -88.718444824218736 -17.226322174072262 -40.834392547607415 462.54678344726568
decision_type=2 2 2 2 2 2 2 2 2 2 2 2
left_child=1 -1 -3 7 5 -5 -7 -2 -4 -10 -9 -6
right_child=3 2 8 4 11 6 -8 10 9 -11 -12 -13
leaf_value=-0.00020282564935057311 0 0 0 0 -0.0087007704884344145 0 0.016153267289055803 0 0.029449477660977042 0 -0.025877400155417618 0
leaf_weight=8.1730391145683807 1.0590289668180073 3.8135788347572079 1.2180185662582506 8.3209475656039995 8.5456494298996386 21.551121954107657 47.577452446334064 1.6104373906273401 27.728158434852961 1.259474126156422 14.305727516300973 3.869718709960579
leaf_count=456 31 86 35 192 799 816 1608 50 1247 30 854 145
internal_value=0 0.00304236 0.0170225 -5.0007e-05 0 0.00544385 0.00989482 -0.0207133 0.0267497 0.0281616 -0.0234966 -0.00261666
internal_weight=149.032 42.1923 34.0192 106.84 89.8649 77.4495 69.1286 16.9752 30.2057 28.9876 15.9162 12.4154
internal_count=6349 1854 1398 4495 3560 2616 2424 935 1312 1277 904 944
is_linear=0
shrinkage=0.1


Tree=201
num_leaves=17
num_cat=0
split_feature=59 63 30 52 31 76 39 44 76 73 74 34 43 26 36 63
split_gain=0.131632 1.08786 1.20591 0.691034 1.28393 0.809529 0.376816 0.243008 0.23515 0.234348 0.195286 0.129904 0.120378 0.0979043 0.0268706 0.0183539
threshold=16.548217773437504 101.17288208007814 37.750000000000007 -33.275207519531243 45.850000381469734 39.154632568359382 -1.2555894851684568 -96.036987304687486 117.82565307617189 -3.4999999999999996 -135.49999999999997 1.1511224508285525 -6.8736572265624991 100.50000000000001 1.7334340810775759 108.28503417968751
decision_type=2 2 2 2 2 2 2 2 2 2 2 2 2 2 2 2
left_child=3 2 -2 7 5 6 -5 -1 9 -3 -8 -9 -4 -14 15 -11
right_child=1 8 12 4 -6 -7 10 11 -10 14 -12 -13 13 -15 -16 -17
leaf_value=0 0 0 0 0 0 0 0 0 0 0 -0.034348084917210135 0.016457581755903845 0.031334486397787464 0 0 -0.01811872950915638
leaf_weight=5.8028366270009455 4.8315713601186863 10.859742389526218 1.6010426641441906 1.3567819192539925 6.8623306658118954 2.6023850226774803 1.40378714934923 1.4235956678166974 12.074994225287808 1.1811860143207003 27.13156592391897 11.36476114625111 23.043458080384884 3.8204586417414239 0.89538997248746532 13.802224183687938
leaf_count=855 104 720 118 21 241 104 75 189 551 47 1097 321 886 56 48 916
internal_value=0 0.000707237 0.0173472 -0.00460362 -0.0140038 -0.0245475 -0.03003 0 -0.00204799 -0.00930718 -0.0326058 0.0126476 0.0271789 0.0286397 -0.0163176 -0.0171881
internal_weight=130.058 72.1101 33.2965 57.948 39.3569 32.4945 29.8921 18.5912 38.8135 26.7385 28.5354 12.7884 28.465 26.8639 15.8788 14.9834
internal_count=6349 3446 1164 2903 1538 1297 1193 1365 2282 1731 1172 510 1060 942 1011 963
is_linear=0
shrinkage=0.1


Tree=202
num_leaves=18
num_cat=0
split_feature=31 34 0 34 62 66 56 60 62 37 34 39 60 39 66 39 39
split_gain=0.276859 0.662121 0.914654 0.573933 0.336289 0.460226 0.360577 0.390532 0.423246 0.135723 0.11011 0.0484234 0.0474375 0.19553 0.138785 0.110406 0.0205434
threshold=33.750000000000007 1.8962029814720156 446.44982910156256 -3.7683687210083003 1.0000000180025095e-35 -546.99999999999989 45.640930175781257 380.95782470703131 -50.499999999999993 -2.5334573984146114 1.6788722872734072 1.9897122383117678 27.926605224609379 0.73429766297340404 -105.49999999999999 1.0000000180025095e-35 -0.66726896166801442
decision_type=2 2 2 2 2 2 2 2 2 2 2 2 2 2 2 2 2
left_child=4 2 3 -2 5 -1 -7 8 16 -5 11 -11 13 14 -3 -16 -8
right_child=1 12 -4 9 -6 6 7 -9 -10 10 -12 -13 -14 -15 15 -17 -18
leaf_value=0 0 0 0 0 0 0 0 0 0 -0.031550414537661706 0 0 0 0 0 0.016527801559445464 0.032283899226063249
leaf_weight=6.2989509189501396 2.7857660581357768 2.2563111199997392 3.8409442342817774 2.942103100474923 9.6604467432480288 13.324932703399098 2.5188463376835015 3.740406844764947 6.5890414610039505 22.731404292979285 6.7185880016768342 0.88724454655311902 10.746949105872771 4.2327858826611182 1.9615527107380391 15.613346631056627 18.8127979808487
leaf_count=186 48 40 90 70 587 668 55 130 482 1865 277 31 578 221 62 548 411
internal_value=0 -0.00271914 -0.0130373 -0.0206085 0.00589092 0.0101776 0.0146448 0.0201051 0.0241425 -0.0248739 -0.0267538 -0.0307064 0 0.00423356 0.0104535 0.0138233 0.0303807
internal_weight=135.662 74.717 39.9061 36.0651 60.9454 51.285 44.986 31.6611 27.9207 33.2793 30.3372 23.6186 34.8109 24.064 19.8312 17.5749 21.3316
internal_count=6349 3830 2381 2291 2519 1932 1746 1078 948 2243 2173 1896 1449 871 650 610 466
is_linear=0
shrinkage=0.1


Tree=203
num_leaves=16
num_cat=0
split_feature=37 40 30 31 1 30 34 62 56 34 36 31 44 46 34
split_gain=0.0354798 0.547608 0.754293 0.326261 0.450805 0.30699 0.251876 0.0734898 0.228759 0.274056 0.176509 0.146874 0.0551189 0.016995 0.00660981
threshold=0.80962383747100841 1.4710645079612734 36.049999237060554 1.5500000119209292 1.0000000180025095e-35 103.04999923706056 -1.4654294848442075 -107.49999999999999 150.86157226562503 2.1242274045944218 0.95055139064788829 45.250000000000007 12.344619750976564 -52.222625732421868 4.3933968544006357
decision_type=2 2 2 2 2 2 2 2 2 2 2 2 2 2 2
left_child=3 2 -2 -1 6 -4 -5 -3 9 10 -9 13 14 -12 -8
right_child=1 7 5 4 -6 -7 12 8 -10 -11 11 -13 -14 -15 -16
leaf_value=0 0 0 -0.020212300685073323 0 0 0 0.022009652698853521 0 0 0 0 0 0 0.018983538587507395 0
leaf_weight=4.7024022466503075 4.7932255296036592 9.2113867241423559 37.082736204960383 4.0220306115224949 12.803711125161497 1.32452156767249 20.755835400428634 2.6587750241160419 9.0894780314993096 5.6249428554438046 1.7654742908198411 3.227861502673476 4.9766044509597114 23.033596782246608 2.0094161736778906
leaf_count=124 280 421 2003 76 730 54 616 46 591 315 116 179 101 643 54
internal_value=0 -0.000652138 -0.0110006 0.00245792 0.0087239 -0.0178901 0.0153807 0 0.00392088 0.00883585 0.0131973 0.0157286 0.0187532 0.0181862 0.0210505
internal_weight=147.082 97.812 43.2005 49.27 44.5676 38.4073 31.7639 54.6115 45.4001 36.3107 30.6857 28.0269 27.7419 24.7991 22.7653
internal_count=6349 4648 2337 1701 1577 2057 847 2311 1890 1299 984 938 771 759 670
is_linear=0
shrinkage=0.1


Tree=204
num_leaves=10
num_cat=0
split_feature=31 30 28 60 74 31 43 43 36
split_gain=0.0882433 0.485688 0.416997 0.741488 0.513297 0.284415 0.206476 0.163306 0.0298478
threshold=34.850000381469734 37.750000000000007 84.500000000000014 8.6736450195312518 14.500000000000002 45.850000381469734 -2.6594848632812496 -6.8736572265624991 -1.0000000180025095e-35
decision_type=2 2 2 2 2 2 2 2 2
left_child=6 5 3 -3 7 -2 8 -5 -1
right_child=1 2 -4 4 -6 -7 -8 -9 -10
leaf_value=0 -0.01545127337993551 0 0 0 0 0 0 0.029174143482081673 -0.015348149522739222
leaf_weight=2.0011338079348215 10.890669053769672 14.240886669489553 16.969829015433788 8.0264312825165636 2.1913507105782619 18.91352224862203 18.656331168371253 24.476274423301223 11.374847061815668
leaf_count=59 413 628 406 204 94 964 1488 899 1194
internal_value=0 0 0.00814101 0.0130157 0.0208403 -0.00319943 -0.00506217 0.0246705 -0.0136666
internal_weight=127.741 95.709 65.9048 48.9349 34.6941 29.8042 32.0323 32.5027 13.376
internal_count=6349 3608 2231 1825 1197 1377 2741 1103 1253
is_linear=0
shrinkage=0.1


Tree=205
num_leaves=14
num_cat=0
split_feature=36 33 39 36 39 54 41 33 40 33 40 42 36
split_gain=0.189813 0.323811 0.532127 0.178512 0.110866 0.057668 0.0764526 0.0501656 0.0586652 0.0439183 0.0305825 0.0214226 0.0132593
threshold=1.4529555439949038 0.96007519960403453 0.81951597332954418 0.28213433921337133 0.28801590204238897 -163.49999999999997 467.14993286132818 1.7183695435523989 -1.3586162328720091 0.5018744468688966 4.0419108867645273 406.49468994140631 1.3964603543281557
decision_type=2 2 2 2 2 2 2 2 2 2 2 2 2
left_child=1 -1 3 -3 -2 -6 9 8 -5 -7 12 -11 -10
right_child=4 2 -4 7 5 6 -8 -9 10 11 -12 -13 -14
leaf_value=0 0 0 0 0 0 0 0 0 0.016994098176110035 -0.013496720393664658 0 0 0
leaf_weight=24.462780993664637 8.0622356378007662 1.3641118891537178 11.848082272568716 2.1794738117605368 12.49155187606811 0.61699175275863183 0.74845037888735433 1.8998336860677216 42.568534064455896 18.92266545526218 2.0992258915211996 0.56155507825314899 5.5624944994924581
leaf_count=785 282 24 357 63 454 20 23 43 1951 1962 82 25 278
internal_value=0 0.00343951 0.00789159 0.0129076 -0.0042237 -0.00727185 -0.0102999 0.0142158 0.0147732 -0.0119828 0.0154412 -0.0129499 0.0159495
internal_weight=133.388 91.9845 67.5218 55.6737 41.4035 33.3412 20.8497 54.3096 52.4097 20.1012 50.2303 19.4842 48.131
internal_count=6349 3583 2798 2441 2766 2484 2030 2417 2374 2007 2311 1987 2229
is_linear=0
shrinkage=0.1


Tree=206
num_leaves=20
num_cat=0
split_feature=60 56 54 30 76 56 68 60 30 34 51 31 30 46 68 76 34 46 76
split_gain=0.0292999 0.529403 0.291077 0.290811 0.214176 0.179642 0.556802 0.251524 0.327205 0.152356 0.145574 0.195608 0.145556 0.139503 0.0535981 0.0958287 0.0476353 0.0353783 0.0263559
threshold=208.07672119140628 239.19567871093753 -131.49999999999997 37.250000000000007 49.80183410644532 149.57449340820315 16.004241943359379 -12.675872802734373 36.149999618530281 2.5753270387649541 8.5578002929687518 19.44999980926514 36.049999237060554 322.74829101562506 -103.39324951171874 -62.632934570312493 -0.80432194471359242 12.524169921875002 1.7852935791015627
decision_type=2 2 2 2 2 2 2 2 2 2 2 2 2 2 2 2 2 2 2
left_child=2 4 3 -1 -2 6 7 14 -9 16 11 -5 -7 -14 -4 -16 -8 -18 -17
right_child=1 -3 5 10 -6 12 9 8 -10 -11 -12 -13 13 -15 15 18 17 -19 -20
leaf_value=0 0 0 0 0 0.022976483223300159 0 0 0 -0.019683467984504641 0 0 -0.019537057007372516 -0.01385962144193658 0 0 0.012310287682686511 0 0.015659269408643327 0
leaf_weight=2.80487809004262 2.3069639122113612 3.4205840724753207 1.9176159831695248 8.3268996644765156 12.234208627603946 2.4295340548269477 2.1956360852345815 1.2885405616834749 12.533937607193364 7.2973025161772958 1.9452710570767511 21.783525482402183 13.02986512589268 0.9273357121273883 0.75858448445796867 9.196163937449457 2.6988477469421914 36.763334815157577 1.0322068678215135
leaf_count=141 60 319 98 278 291 161 76 20 700 363 44 1003 949 54 15 684 44 1026 23
internal_value=0 0.00378428 -0.000102351 -0.00884017 0.0181561 0 0.0046418 0 -0.0124505 0.0118817 -0.0129963 -0.0149593 -0.00246273 -0.00979455 0 0.00632673 0.0141114 0.0148645 0.0108763
internal_weight=144.891 17.9618 126.929 34.8606 14.5412 92.0689 75.6822 26.727 13.8225 48.9551 32.0557 30.1104 16.3867 13.9572 12.9046 10.987 41.6578 39.4622 10.2284
internal_count=6349 670 5679 1466 351 4213 3049 1540 720 1509 1325 1281 1164 1003 820 722 1146 1070 707
is_linear=0
shrinkage=0.1


Tree=207
num_leaves=15
num_cat=0
split_feature=59 63 51 31 76 67 76 73 44 16 34 36 63 76
split_gain=0.0797742 0.918797 0.559232 1.00729 0.40761 0.364237 0.202467 0.191386 0.186822 0.127439 0.0721474 0.0233191 0.0157627 0.00245474
threshold=16.548217773437504 101.17288208007814 -39.127471923828118 44.350000381469734 36.220764160156257 95.424285888671889 117.82565307617189 -3.4999999999999996 -96.036987304687486 20.500000000000004 1.1511224508285525 1.7334340810775759 108.28503417968751 -24.213150024414059
decision_type=2 2 2 2 2 2 2 2 2 2 2 2 2 2
left_child=2 5 8 4 13 9 7 -3 -1 -2 -10 12 -9 -4
right_child=1 6 3 -5 -6 -7 -8 11 10 -11 -12 -13 -14 -15
leaf_value=0 0.024044943741733854 0 0 0 0 0 0 0 0 0 0.013794614172869405 0 -0.016791342155179211 -0.027617465448322855
leaf_weight=5.6683494296157759 21.769405700499195 10.55199721432291 1.1894405910279626 9.730394136393441 2.3516258723102501 3.4107531709596506 11.838842847733757 1.1657052331138391 1.4451548663200799 7.127215805463492 11.205770034692248 0.88356500538066107 13.411349085043183 24.556626733508896
leaf_count=859 802 720 106 328 119 170 551 47 166 192 319 48 916 1006
internal_value=0 8.73995e-05 -0.0036899 -0.0126023 -0.0232321 0.016155 -0.00179423 -0.00870699 0 0.0201443 0.01114 -0.0150907 -0.0159157 -0.0270115
internal_weight=126.306 70.1588 56.1474 37.8281 28.0977 32.3074 37.8515 26.0126 18.3193 28.8966 12.6509 15.4606 14.5771 25.7461
internal_count=6349 3446 2903 1559 1231 1164 2282 1731 1344 994 485 1011 963 1112
is_linear=0
shrinkage=0.1


Tree=208
num_leaves=17
num_cat=0
split_feature=31 56 41 56 36 55 54 54 39 44 50 39 36 40 34 34
split_gain=0.226363 0.51776 0.505951 0.633374 0.361745 0.335864 0.305037 0.425723 0.270689 0.250416 0.246681 0.111746 0.0708358 0.0332501 0.029066 0.00600896
threshold=41.95000076293946 124.04064941406251 -70.131011962890611 -41.193420410156243 1.1040354967117312 94.689605712890639 -148.49999999999997 226.50000000000003 0.74199435114860546 743.53906250000011 -144.37188720703122 -0.24542788416147229 1.5028952956199648 3.4749366044998173 4.152916908264161 -5.1766321659088126
decision_type=2 2 2 2 2 2 2 2 2 2 2 2 2 2 2 2
left_child=1 2 8 -4 -2 -3 -5 -8 10 11 -1 -7 13 -13 15 -6
right_child=4 5 3 6 14 9 7 -9 -10 -11 -12 12 -14 -15 -16 -17
leaf_value=0 0 0 0 0 0 0 -0.027817792171602143 0 0 0 0.018434434216967895 0.024142650876798441 0 0 0 -0.017591564062527085
leaf_weight=5.3203831519931617 12.793660028139131 5.1563226161524645 4.60478866030462 12.344207955524324 0.67477924190461891 2.0818694464396712 19.898143777740191 1.0011128857731808 4.7842406018171451 1.3976877648383368 17.068246772745624 21.894517065491538 5.2876475779339662 1.2286523301154364 1.7713241111487139 14.620054331142454
leaf_count=294 265 114 236 301 10 61 1323 31 198 72 648 943 328 52 76 1397
internal_value=0 0.00303723 0 -0.00947841 -0.00634751 0.0124769 -0.0167071 -0.0236197 0.00698565 0.0166438 0.0129383 0.0191026 0.0206356 0.0232763 -0.0158924 -0.0171543
internal_weight=131.928 102.068 65.0211 37.8483 29.8598 37.0467 33.2435 20.8993 27.1729 31.8904 22.3886 30.4927 28.4108 23.1232 17.0662 15.2948
internal_count=6349 4601 3031 1891 1748 1570 1655 1354 1140 1456 942 1384 1323 995 1483 1407
is_linear=0
shrinkage=0.1


Tree=209
num_leaves=17
num_cat=0
split_feature=43 41 30 51 62 56 68 31 44 37 60 30 44 68 46 37
split_gain=0.0280688 0.852755 0.889853 0.82377 0.432292 0.296097 0.730309 0.224888 0.219471 0.221918 0.194826 0.134933 0.15236 0.062213 0.0169281 0.00887813
threshold=-21.552886962890621 -120.91571044921874 116.54999923706056 14.603668212890627 8.5000000000000018 150.86157226562503 54.030639648437507 45.250000000000007 10.407226562500002 2.994152426719666 -13.371429443359373 37.549999237060554 799.16558837890636 355.39291381835943 45.872528076171882 0.62391296029090892
decision_type=2 2 2 2 2 2 2 2 2 2 2 2 2 2 2 2
left_child=1 15 8 4 10 6 14 -8 9 -3 -2 -7 -13 -12 -5 -1
right_child=3 2 -4 5 -6 11 7 -9 -10 -11 13 12 -14 -15 -16 -17
leaf_value=0 0 0.027786645239774133 0 0 0 0 0.022303123449100144 0 0 0 -0.024881902930950991 -0.013840724110106279 0 0 -0.0034510841068252571 -0.0025895058559211731
leaf_weight=1.6866983594372857 1.3497940236702621 26.242217642720796 2.8680741954594842 12.44458407093771 1.9809050257317711 7.4942876170389381 22.75187650858425 2.5858377804979673 2.4470558906905344 1.8923225512262423 22.042228594888005 12.593754618312229 0.9007719065994032 1.2865318753756572 11.81001683231443 10.836641969624905
leaf_count=40 11 1215 70 309 71 330 645 56 54 70 1053 1086 39 77 640 583
internal_value=0 0.00239381 0.015671 -0.000186778 -0.0168394 0 0.00754629 0.0192353 0.023167 0.0255261 -0.021539 0 -0.00921275 -0.0237482 0 0
internal_weight=143.214 45.973 33.4497 97.2406 26.6595 70.5811 49.5923 25.3377 30.5816 28.1345 24.6786 20.9888 13.4945 23.3288 24.2546 12.5233
internal_count=6349 2032 1409 4317 1212 3105 1650 701 1339 1285 1141 1455 1125 1130 949 623
is_linear=0
shrinkage=0.1


Tree=210
num_leaves=14
num_cat=0
split_feature=31 36 36 74 60 43 34 76 76 3 44 34 37
split_gain=0.0655657 0.19491 0.163343 0.112764 0.25167 0.119766 0.147431 0.0180411 0.133943 0.024376 0.0246828 0.0164614 0.0253884
threshold=35.250000000000007 1.7610348463058474 1.0000000180025095e-35 -57.499999999999993 157.57061767578128 -104.71844482421874 2.3865395784378056 49.80183410644532 19.519897460937504 295.30393981933599 40.75837707519532 -2.3090177774429317 -0.85226657986640919
decision_type=2 2 2 2 2 2 2 2 2 2 2 2 2
left_child=1 2 -1 4 5 -2 -7 8 -5 10 -9 -4 -13
right_child=3 -3 11 7 -6 6 -8 9 -10 -11 -12 12 -14
leaf_value=0 0 0 0 0 0 0.017145782718049878 0 0 -0.0092091961564198157 0 0.0050421335448266264 0 -0.01483957635756942
leaf_weight=3.24151806929149 1.7009935760870636 7.7143744182540095 1.0138637167401636 16.375342934508812 2.007087616249918 19.082317165913995 5.3335957914823657 8.4252775658387744 15.517323180567471 5.8925385829061261 16.893604478798807 2.3643962042406264 18.742920877179127
leaf_count=123 113 447 56 980 79 548 145 228 411 254 752 171 2042
internal_value=0 -0.00429877 -0.00968561 0 0.00607772 0.011304 0.0134366 0 -0.00229356 0 0.00296529 -0.0131459 -0.0136846
internal_weight=124.305 33.0771 25.3627 91.2281 28.124 26.1169 24.4159 63.1041 31.8927 31.2114 25.3189 22.1212 21.1073
internal_count=6349 2839 2392 3510 885 806 693 2625 1391 1234 980 2269 2213
is_linear=0
shrinkage=0.1


Tree=211
num_leaves=12
num_cat=0
split_feature=31 34 0 34 62 31 39 34 60 39 39
split_gain=0.224747 0.549081 0.8288 0.511998 0.292986 0.331328 0.0792859 0.0306955 0.011466 0.12393 0.0631324
threshold=33.750000000000007 1.8962029814720156 446.44982910156256 -3.7683687210083003 1.0000000180025095e-35 4.5499999523162851 -0.17301486432552335 1.6788722872734072 27.926605224609379 0.73429766297340404 1.0000000180025095e-35
decision_type=2 2 2 2 2 2 2 2 2 2 2
left_child=4 2 3 -2 5 -1 -7 -5 9 10 -3
right_child=1 8 -4 7 -6 6 -8 -9 -10 -11 -12
leaf_value=0 0 0 0 -0.026825781716554878 0 0 0.017239959305844887 0 0 0 0.01015506491563699
leaf_weight=18.050222750753164 2.6842545126564792 1.9256270993501008 3.7038929893169543 25.083692870102826 9.2665469108615053 3.9856871739029911 26.898284394526854 6.7741458722157395 10.351154673146082 4.0548823216231531 16.847855890868232
leaf_count=684 48 63 90 1956 587 112 1136 287 578 221 587
internal_value=0 -0.00278965 -0.0122152 -0.0197104 0.00525396 0.00946875 0.0154211 -0.0238407 0 0.00213173 0.007996
internal_weight=129.626 71.4255 38.246 34.5421 58.2007 48.9342 30.884 31.8578 33.1795 22.8284 18.7735
internal_count=6349 3830 2381 2291 2519 1932 1248 2243 1449 871 650
is_linear=0
shrinkage=0.1


Tree=212
num_leaves=10
num_cat=0
split_feature=37 31 1 34 30 30 33 43 44
split_gain=0.0169781 0.27363 0.379489 0.215262 0.172953 0.214052 0.259898 0.0239521 0.0556214
threshold=0.80962383747100841 1.5500000119209292 1.0000000180025095e-35 -1.4654294848442075 36.049999237060554 101.70000076293947 1.0729372501373293 10.826873779296877 12.344619750976564
decision_type=2 2 2 2 2 2 2 2 2
left_child=1 -1 3 -3 -2 6 -6 8 -5
right_child=4 2 -4 7 5 -7 -8 -9 -10
leaf_value=0 0 0 0 0.020084296886196163 0 0 -0.01092509411325613 0 0
leaf_weight=4.516378588974475 7.2186233857646576 3.8636178914457551 12.274623238248749 21.505311012733738 30.234628229518421 4.3595381660852572 51.837919036159292 1.9825666830874968 3.0271259676665059
leaf_count=124 520 76 730 665 1230 222 2676 43 63
internal_value=0 0.00182274 0.00802408 0.0142918 -0.000229975 -0.00441884 -0.00677293 0.0174924 0.0183684
internal_weight=140.82 47.1696 42.6532 30.3786 93.6507 86.4321 82.0725 26.515 24.5324
internal_count=6349 1701 1577 847 4648 4128 3906 771 728
is_linear=0
shrinkage=0.1


Tree=213
num_leaves=9
num_cat=0
split_feature=39 36 36 37 31 30 74 71
split_gain=0.0644118 0.234284 0.328617 0.198514 0.260297 0.186336 0.176025 0.0133795
threshold=0.64343363046646129 1.5536465644836428 0.28213433921337133 1.2049002051353457 35.250000000000007 36.350000381469734 -110.49999999999999 -156.47277832031247
decision_type=2 2 2 2 2 2 2 2
left_child=1 2 -1 -2 -5 -6 -4 -8
right_child=3 -3 6 4 5 -7 7 -9
leaf_value=0 0 0 0 0 0 0.014011528834741474 0 -0.014594226408627689
leaf_weight=4.8935791493859133 15.220687071210703 17.935328276944347 5.083848458249121 9.9766367030097154 2.7982523497194043 30.467414329526946 1.0222758864983905 35.933213110780343
leaf_count=135 1033 956 283 439 76 869 51 2507
internal_value=0 -0.00308997 -0.00777857 0.000172619 0.00659772 0.0113438 -0.011879 -0.014285
internal_weight=123.331 64.8682 46.9329 58.463 43.2423 33.2657 42.0393 36.9555
internal_count=6349 3932 2976 2417 1384 945 2841 2558
is_linear=0
shrinkage=0.1


Tree=214
num_leaves=14
num_cat=0
split_feature=31 39 0 60 54 62 60 56 54 60 60 56 56
split_gain=0.181434 0.486792 0.542143 0.323054 0.394011 0.278461 0.337456 0.361726 0.238667 0.00616339 0.0914348 0.00496024 0.0396502
threshold=33.750000000000007 0.47593392431735998 446.44982910156256 1.0000000180025095e-35 -231.49999999999997 -53.499999999999993 314.55673217773443 55.022735595703132 153.00000000000003 42.861328125000007 -13.371429443359373 209.57446289062503 -85.140716552734361
decision_type=2 2 2 2 2 2 2 2 2 2 2 2 2
left_child=5 9 3 -3 -5 6 7 -1 -6 10 -2 12 -7
right_child=1 2 -4 4 8 11 -8 -9 -10 -11 -12 -13 -14
leaf_value=0 0 0 0 0 -0.025613245043815232 0 0 0.02147777233208456 0 0 0.0066066798962621165 0 -0.0054018289354260526
leaf_weight=14.227517743129281 1.4277655387995825 7.4107881971867746 3.0479037130717179 3.8722191955894223 28.483921316219497 0.84377485001459973 2.2624031021259716 21.820269491057843 1.3974180216900993 5.1220346613554275 19.956835460849106 5.6824695584364227 12.88479226711206
leaf_count=688 185 622 71 163 1619 23 73 491 68 393 709 402 842
internal_value=0 -0.00238674 -0.0106472 -0.0156758 -0.0196327 0.00482165 0.0101355 0.0140191 -0.0235312 0 0.00160965 0 -0.00175351
internal_weight=128.44 70.7189 44.2123 41.1643 33.7536 57.7212 38.3102 36.0478 29.8813 26.5066 21.3846 19.411 13.7286
internal_count=6349 3830 2543 2472 1850 2519 1252 1179 1687 1287 894 1267 865
is_linear=0
shrinkage=0.1


Tree=215
num_leaves=21
num_cat=0
split_feature=60 56 54 30 76 56 68 60 30 44 30 76 30 62 30 46 62 45 68 33
split_gain=0.0130256 0.433444 0.213444 0.245179 0.188528 0.129887 0.477597 0.178744 0.285436 0.147887 0.273197 0.192723 0.140477 0.0967586 0.087564 0.112168 0.0624704 0.0526643 0.023964 0.0215602
threshold=208.07672119140628 239.19567871093753 -131.49999999999997 37.250000000000007 47.017028808593757 149.57449340820315 16.004241943359379 -12.675872802734373 36.149999618530281 38.232177734375007 43.850000381469734 63.193084716796882 37.649999618530281 -91.499999999999986 36.049999237060554 322.74829101562506 -310.49999999999994 37.592651367187507 -103.39324951171874 2.9634540081024174
decision_type=2 2 2 2 2 2 2 2 2 2 2 2 2 2 2 2 2 2 2 2
left_child=2 4 3 -1 -2 6 7 18 -9 10 11 12 -8 16 -7 -16 -5 19 -4 -18
right_child=1 -3 5 13 -6 14 9 8 -10 -11 -12 -13 -14 -15 15 -17 17 -19 -20 -21
leaf_value=0 0 0 0 0 0.02111406047621054 0 0 0 -0.017922767326841598 0 0 0 0.027886917316964594 0 -0.01160674764165958 0 -0.017037984486635183 0 0.0042987971045983621 0
leaf_weight=2.7050424306653431 2.1079285107553032 3.2598924260819322 1.8505889088846714 3.8409683457575765 11.840533270500599 2.381761440075933 3.6701706834137537 1.2794662634842104 12.046945166774092 18.187350975349545 7.4778369383420786 3.1815527761355034 15.105334475869311 1.2365539877209837 12.434087966219519 0.93288357369601804 21.437261263607077 3.0377529072575262 10.56444730050862 1.2385209503117938
leaf_count=141 55 319 98 149 296 161 58 20 700 797 323 90 241 31 949 54 1027 81 722 37
internal_value=0 0.00257716 0 -0.00771077 0.0165239 0 0.00413797 0 -0.0106599 0.0110184 0.0154015 0.0205467 0.0240122 -0.0117543 -0.000290154 -0.00745798 -0.0131828 -0.0148238 0 -0.0163511
internal_weight=139.817 17.2084 122.609 33.4961 13.9485 89.1124 73.3637 25.7414 13.3264 47.6222 29.4349 21.9571 18.7755 30.7911 15.7487 13.367 29.5545 25.7135 12.415 22.6758
internal_count=6349 670 5679 1466 351 4213 3049 1540 720 1509 712 389 299 1325 1164 1003 1294 1145 820 1064
is_linear=0
shrinkage=0.1


Tree=216
num_leaves=14
num_cat=0
split_feature=64 60 64 30 48 30 60 74 43 71 56 71 30
split_gain=0.0573458 0.834488 0.620508 0.592556 0.772514 0.296603 0.240916 0.229371 0.186735 0.0744225 0.0995175 0.0425455 1.76595e-05
threshold=88.143005371093764 19.233673095703129 29.407806396484379 38.750000000000007 150.62628173828128 41.649999618530281 -0.54043579101562489 -156.49999999999997 -21.552886962890621 -139.21295166015622 15.079406738281252 3.6693725585937504 37.750000000000007
decision_type=2 2 2 2 2 2 2 2 2 2 2 2 2
left_child=1 2 6 -3 7 12 9 -5 -4 -1 11 -11 -2
right_child=5 3 8 4 -6 -7 -8 -9 -10 10 -12 -13 -14
leaf_value=0 0 0 0 0 0 -0.016631472049550899 0.011234837678165259 0.033983107658117857 -0.022949635922049252 -0.012704888132162107 0 0 8.4769332549092729e-05
leaf_weight=3.5649108443176329 10.466527040349318 10.428750562947245 1.6235538749024261 1.2329215934732989 1.665610572323202 10.392808081116526 16.683402149239555 18.479992582928389 13.250310008879749 11.008455540286375 0.57178711541928429 0.57804712234065014 22.172063214471564
leaf_count=163 512 180 123 106 43 1331 419 810 364 1393 19 14 872
internal_value=0 0 -0.00186133 0.0154562 0.0243478 -0.00355268 0 0.0314127 -0.0192123 0 -0.00714903 -0.0111505 0
internal_weight=122.119 79.0877 47.2805 31.8073 21.3785 43.0314 32.4066 19.7129 14.8739 15.7232 12.1583 11.5865 32.6386
internal_count=6349 3634 2495 1139 959 2715 2008 916 487 1589 1426 1407 1384
is_linear=0
shrinkage=0.1


Tree=217
num_leaves=12
num_cat=0
split_feature=31 34 0 34 62 31 39 34 60 39 39
split_gain=0.136655 0.431092 0.741088 0.463316 0.24231 0.277682 0.0673365 0.032394 0.00643654 0.0992191 0.0567808
threshold=33.750000000000007 1.8962029814720156 446.44982910156256 -3.7683687210083003 1.0000000180025095e-35 4.5499999523162851 -0.17301486432552335 1.6788722872734072 27.926605224609379 0.76779147982597362 1.0000000180025095e-35
decision_type=2 2 2 2 2 2 2 2 2 2 2
left_child=4 2 3 -2 5 -1 -7 -5 9 10 -3
right_child=1 8 -4 7 -6 6 -8 -9 -10 -11 -12
leaf_value=0 0 0 0 -0.025209828379300525 0 0 0.015594092997556791 0 0 0 0.0091273165478413677
leaf_weight=17.770806009997614 2.6447557085193685 1.9167893696576417 3.6891100758220992 24.247954599792141 9.1498013474047166 3.9220839426852789 26.303805317729712 6.6622713642427689 10.159078824683091 3.3975405397359273 17.094977016677149
leaf_count=684 48 63 90 1956 587 112 1136 287 578 197 611
internal_value=0 -0.0018936 -0.010736 -0.0182533 0.00431272 0.00836979 0.0139036 -0.0223319 0 0.00161061 0.00702403
internal_weight=126.959 69.8125 37.2441 33.555 57.1465 47.9967 30.2259 30.9102 32.5684 22.4093 19.0118
internal_count=6349 3830 2381 2291 2519 1932 1248 2243 1449 871 674
is_linear=0
shrinkage=0.1


Tree=218
num_leaves=13
num_cat=0
split_feature=43 41 30 46 44 30 76 54 54 31 43 37
split_gain=0.0188332 0.759014 0.824247 0.448793 0.19421 0.126229 0.034626 0.212933 0.0241918 0.0225814 0.0199794 0.00217109
threshold=-21.552886962890621 -119.07879638671874 116.54999923706056 7.7597351074218759 -22.143890380859371 43.95000076293946 121.22521972656251 -107.49999999999999 -477.49999999999994 33.750000000000007 -28.260040283203121 0.63011541962623607
decision_type=2 2 2 2 2 2 2 2 2 2 2 2
left_child=1 11 4 5 8 -2 7 -5 -3 -9 -10 -1
right_child=3 2 -4 6 -6 -7 -8 9 10 -11 -12 -13
leaf_value=0 -0.019827841884954414 0 0 0 0 0 0 0 0.028659802167140772 0.0072981285271374154 0 -0.0012727788530134232
leaf_weight=2.2105690678581587 12.224018382141363 1.1918818019330562 2.7222319785505524 8.1703496871050429 5.511967784259471 0.84617570228874761 5.3474206886021411 19.093407986685634 20.003130487399183 48.315086191520095 1.6630234871990932 10.998707812745122
leaf_count=52 772 34 69 254 173 64 525 1095 1008 1607 75 621
internal_value=0 0.00200578 0.0152385 -6.68468e-05 0.0228166 -0.0170314 0 0.00210719 0.0266659 0.0059549 0.0275015 0
internal_weight=138.298 44.3015 31.0922 93.9965 28.37 13.0702 80.9263 75.5788 22.858 67.4085 21.6662 13.2093
internal_count=6349 2032 1359 4317 1290 836 3481 2956 1117 2702 1083 673
is_linear=0
shrinkage=0.1


Tree=219
num_leaves=14
num_cat=0
split_feature=59 63 30 64 73 43 73 39 45 36 56 64 64
split_gain=0.0504807 0.721562 0.995431 0.408122 0.281615 0.0905894 0.0730407 0.166456 0.0690372 0.00972064 0.00712416 0.0101839 0.00313477
threshold=16.548217773437504 101.17288208007814 37.750000000000007 29.407806396484379 -81.499999999999986 -6.8736572265624991 -3.4999999999999996 0.71955215930938732 138.11624145507815 1.7191638350486758 -41.193420410156243 17.162506103515629 -12.924774169921873
decision_type=2 2 2 2 2 2 2 2 2 2 2 2 2
left_child=3 2 -2 10 -5 -4 -3 9 -7 -8 -1 12 -12
right_child=1 6 5 4 -6 8 7 -9 -10 -11 11 -13 -14
leaf_value=0 0 0 0 0 -0.019033123820250242 0.026929814816168209 -0.011885055705094467 0 0 0 0 0 0.0035309729939408587
leaf_weight=9.7518080139998364 4.6362118814140585 12.123752102372235 1.4413704473991007 3.8494906071573523 18.029986667330377 23.411898521939293 15.555480155278932 7.850666217505931 1.4497230099514116 0.87281927955336946 2.3795359985670119 5.0606636392185456 13.993213939247653
leaf_count=1154 104 926 118 192 709 898 1071 232 44 53 186 151 511
internal_value=0 0 0.0146653 -0.00301676 -0.0137426 0.0244248 -0.00107194 -0.00538937 0.0257164 -0.0113818 0 0.00172879 0.00303614
internal_weight=120.407 67.3419 30.9392 53.0647 21.8795 26.303 36.4027 24.279 24.8616 16.4283 31.1852 21.4334 16.3727
internal_count=6349 3446 1164 2903 901 1060 2282 1356 942 1124 2002 848 697
is_linear=0
shrinkage=0.1


Tree=220
num_leaves=18
num_cat=0
split_feature=31 56 41 56 36 55 39 44 50 39 62 39 36 40 54 34 34
split_gain=0.121633 0.427863 0.423542 0.644599 0.263154 0.255519 0.214467 0.211915 0.182929 0.166403 0.155186 0.174127 0.0622057 0.0802108 0.0607798 0.0156005 0.00293695
threshold=41.95000076293946 114.89904785156251 -70.131011962890611 -41.193420410156243 1.1040354967117312 69.977050781250014 0.74199435114860546 743.53906250000011 -144.37188720703122 -0.24542788416147229 190.50000000000003 2.3870964050292973 2.1023437976837163 3.751483798027039 -181.49999999999997 4.152916908264161 -5.1766321659088126
decision_type=2 2 2 2 2 2 2 2 2 2 2 2 2 2 2 2 2
left_child=1 2 6 -4 -2 -3 8 9 -1 -7 11 14 13 -11 -5 16 -6
right_child=4 5 3 10 15 7 -8 -9 -10 12 -12 -13 -14 -15 -16 -17 -18
leaf_value=0 0 0 0 0 0 0 0 0 0.016281856653175952 0.020462062293378359 0 0 0 0 -0.025002131005404906 0 -0.014333144381913838
leaf_weight=5.016052683349705 12.389785225735979 4.5695996275171629 4.3725970563245928 6.3416584176011446 0.65936378575861354 2.2881890879943922 4.3446497950935727 1.372131492011248 16.024071665480733 28.118649845244374 0.98503585858270426 1.7044749939814199 1.2203536464367051 1.1431003161706019 19.466844476410191 1.6956576579250384 13.635352056997361
leaf_count=294 265 109 236 165 10 68 192 72 643 1363 39 46 26 49 1299 76 1397
internal_value=0 0.0027257 0 -0.00970784 -0.00394078 0.0110463 0.0057261 0.0143943 0.011417 0.016599 -0.0177813 -0.0194541 0.0185822 0.0194487 -0.0215185 -0.0130022 -0.0139846
internal_weight=125.348 96.9674 58.2554 32.8706 28.3802 38.712 25.3848 34.1424 21.0401 32.7703 28.498 27.513 30.4821 29.2618 25.8085 15.9904 14.2947
internal_count=6349 4601 2914 1785 1748 1687 1129 1578 937 1506 1549 1510 1438 1412 1464 1483 1407
is_linear=0
shrinkage=0.1


Tree=221
num_leaves=15
num_cat=0
split_feature=43 45 30 46 44 37 30 56 42 44 44 56 30 37
split_gain=0.00736801 0.678684 0.870336 0.394918 0.200106 0.128603 0.116123 0.0793275 0.032739 0.0274795 0.014749 0.0113613 0.00618005 0.0748667
threshold=-21.552886962890621 -77.203552246093736 116.54999923706056 7.7597351074218759 17.063232421875004 2.994152426719666 43.850000381469734 214.6813659667969 -98.251464843749986 -4.1591339111328116 524.24707031250011 19.722961425781254 38.250000000000007 0.74085551500320446
decision_type=2 2 2 2 2 2 2 2 2 2 2 2 2 2
left_child=1 12 4 6 5 8 -2 9 -3 -5 -9 -11 -1 -14
right_child=3 2 -4 7 -6 -7 -8 10 -10 11 -12 -13 13 -15
leaf_value=0 -0.018869449611097346 0 0 0 0 0 0 -0.0037655345440396164 0.030982642238341337 0 0 0.0041942745741341799 0 -0.0084238327651111888
leaf_weight=3.0860355836339322 11.950375996530052 1.4509593732655144 2.6794092589989296 1.8920119777321804 2.1558007812127462 1.5822555092163373 0.85129197803326029 7.9984831662150082 17.575347757665444 3.023641334148123 2.6327621513046324 64.768492962932214 6.1100135291926554 9.0179708593059313
leaf_count=283 768 34 68 44 43 48 68 782 781 71 110 2474 217 558
internal_value=0 0.001262 0.0156956 -5.79694e-05 0.0248675 0.0276276 -0.0161168 0 0.0296589 0.00331728 0 0.00390072 0 -0.00187754
internal_weight=136.775 43.6578 25.4438 93.1171 22.7644 20.6086 12.8017 80.3154 19.0263 69.6841 10.6312 67.7921 18.214 15.128
internal_count=6349 2032 974 4317 906 863 836 3481 815 2589 892 2545 1058 775
is_linear=0
shrinkage=0.1


Tree=222
num_leaves=16
num_cat=0
split_feature=59 45 60 64 73 76 76 31 39 74 31 43 36 64 64
split_gain=0.0381333 0.478092 0.559399 0.356745 0.264268 0.217005 0.166182 0.0838697 0.0505961 0.053868 0.0502765 0.0198201 0.00488727 0.00454076 0.00747278
threshold=16.548217773437504 127.54046630859376 121.13610839843751 29.407806396484379 -81.499999999999986 39.154632568359382 117.82565307617189 45.750000000000007 0.71955215930938732 -36.499999999999993 46.149999618530281 -6.8736572265624991 1.7493834495544436 -28.372314453124996 17.162506103515629
decision_type=2 2 2 2 2 2 2 2 2 2 2 2 2 2 2
left_child=3 2 10 13 -5 7 8 -6 9 -3 11 -2 -11 -1 -15
right_child=1 6 -4 4 5 -7 -8 -9 -10 12 -12 -13 -14 14 -16
leaf_value=0 0 0 0 0 -0.023779516735781998 0 0 0 0 -0.012564466494652878 0 0.018049581579997875 0 0.0025430637481046862 0
leaf_weight=9.689853493706325 1.7257263897918118 1.6857033899286822 2.9118541560601434 3.828252964885908 14.574187279213222 1.7933291968656693 9.8169934813631681 1.38337674550712 1.3861153402831394 15.060809673275799 1.6340779773890961 31.588794100913223 0.73868772108107883 16.172844859072942 5.0204769598785779
leaf_count=1159 70 117 254 192 551 105 526 53 53 1134 51 1203 38 692 151
internal_value=0 0 0.0108949 -0.00263634 -0.0128317 -0.0180845 -0.000230973 -0.0218445 -0.00884255 -0.0104441 0.0166648 0.0174499 -0.0121973 0 0.0013872
internal_weight=119.011 66.5488 37.8605 52.4623 21.5791 17.7509 28.6883 15.9576 18.8713 17.4852 34.9486 33.3145 15.7995 30.8832 21.1933
internal_count=6349 3446 1578 2903 901 709 1868 604 1342 1289 1324 1273 1172 2002 843
is_linear=0
shrinkage=0.1


Tree=223
num_leaves=13
num_cat=0
split_feature=36 39 39 35 33 34 56 34 48 33 33 34
split_gain=0.118003 0.289261 0.307219 0.213382 0.200426 0.413319 0.574424 0.477074 0.349288 0.0462954 0.0248364 0.0206904
threshold=1.24363648891449 -0.045751417055726044 0.83738002181053173 0.25314737856388098 1.2671931982040407 2.6430593729019169 366.06399536132818 0.37238916754722601 -141.19177246093747 0.64170917868614208 1.5902882218360903 2.418185949325562
decision_type=2 2 2 2 2 2 2 2 2 2 2 2
left_child=1 -1 3 -3 5 6 7 -2 -9 -5 -11 -10
right_child=4 2 -4 9 -6 -7 -8 8 11 10 -12 -13
leaf_value=0 0 0 0 0 0 0 0 0 -0.028662704225275649 0.017470946781054382 0 0
leaf_weight=6.6917955256067208 2.4450781252235236 7.9477685624733558 8.9775401134975237 2.3685558151919386 30.10938991245348 7.0803764569573095 2.1404046881943932 0.87439755420201137 22.530298807949293 29.892950038542043 1.1838638198096294 1.3944643065333355
leaf_count=207 68 259 281 57 1506 373 38 46 2058 1350 29 77
internal_value=0 0.00419801 0.00864113 0.0126539 -0.00138357 -0.00741367 -0.0140438 -0.02013 -0.0248399 0.0159732 0.0169417 -0.0277521
internal_weight=123.637 57.0625 50.3707 41.3931 66.5744 36.465 29.3846 27.2442 24.7992 33.4454 31.0768 23.9248
internal_count=6349 2183 1976 1695 4166 2660 2287 2249 2181 1436 1379 2135
is_linear=0
shrinkage=0.1


Tree=224
num_leaves=8
num_cat=0
split_feature=37 31 44 30 30 68 37
split_gain=0.00336872 0.20568 0.288198 0.145755 0.192424 0.167211 0.106352
threshold=0.80962383747100841 1.5500000119209292 -12.493560791015623 36.049999237060554 101.70000076293947 55.747589111328132 1.3786494135856631
decision_type=2 2 2 2 2 2 2
left_child=1 -1 -3 -2 5 6 -5
right_child=3 2 -4 4 -6 -7 -8
leaf_value=0 0 0.016297951451733291 0 0 0 0 -0.013462633958245665
leaf_weight=4.3492538407444945 6.9409930137917391 16.316637262934819 24.346801932668313 10.072018990525974 4.1914983589667818 37.575658747111447 31.349355274927802
leaf_count=124 520 610 967 549 222 1804 1553
internal_value=0 0.000842888 0.00696711 0 -0.00412663 -0.00644555 -0.0107388
internal_weight=135.142 45.0127 40.6634 90.1295 83.1885 78.997 41.4214
internal_count=6349 1701 1577 4648 4128 3906 2102
is_linear=0
shrinkage=0.1


Tree=225
num_leaves=9
num_cat=0
split_feature=39 36 36 51 37 31 60 1
split_gain=0.0409812 0.296479 0.317458 0.267374 0.0916943 0.0578955 0.0733433 0.0369716
threshold=0.72270750999450695 1.5536465644836428 0.28213433921337133 -46.138366699218743 1.3285966515541079 35.250000000000007 0.99717712402343761 172.86797332763675
decision_type=2 2 2 2 2 2 2 2
left_child=1 2 -1 -4 -2 -6 -7 -8
right_child=4 -3 3 -5 5 6 7 -9
leaf_value=0 0 0 0 -0.014280513536172882 0 0 0.011223348269620971 0
leaf_weight=5.0122848174069068 13.571346753160467 21.130670497310348 5.9380150431534267 42.821892473497428 6.2643692574929473 2.4567846464924541 18.229975690366704 2.4679726869799188
leaf_count=143 818 1179 593 2667 291 67 540 51
internal_value=0 -0.00230242 -0.00775064 -0.011314 0 0.0053679 0.00765045 0.00982356
internal_weight=117.893 74.9029 53.7722 48.7599 42.9904 29.4191 23.1547 20.6979
internal_count=6349 4582 3403 3260 1767 949 658 591
is_linear=0
shrinkage=0.1


Tree=226
num_leaves=14
num_cat=0
split_feature=31 39 0 60 54 62 60 56 54 60 60 56 56
split_gain=0.127557 0.34174 0.454996 0.272452 0.333178 0.240978 0.297669 0.299888 0.20674 0.000270001 0.057587 2.49634e-05 0.00798802
threshold=33.750000000000007 0.47593392431735998 446.44982910156256 1.0000000180025095e-35 -231.49999999999997 -53.499999999999993 314.55673217773443 55.022735595703132 153.00000000000003 42.861328125000007 -13.371429443359373 209.57446289062503 -23.628112792968746
decision_type=2 2 2 2 2 2 2 2 2 2 2 2 2
left_child=5 9 3 -3 -5 6 7 -1 -6 10 -2 12 -7
right_child=1 2 -4 4 8 11 -8 -9 -10 -11 -12 -13 -14
leaf_value=0 0 0 0 0 -0.023487129781307393 0 0 0.020252888351516136 0 0 0.0051933147425598618 0 -0.0023567510981013749
leaf_weight=13.587330132490022 1.3488635636167661 7.0563653128338037 2.9765725936740628 3.6870848287362596 27.0007021924248 1.1177055556327129 2.1333351894281796 20.833695129025728 1.3457459958735842 4.883017456973902 19.04859605350066 5.4076053451281032 12.023339267587287
leaf_count=688 185 622 71 163 1619 36 73 491 68 393 709 402 829
internal_value=0 -0.00136289 -0.0089309 -0.0139692 -0.0177268 0.00446412 0.00955369 0.013319 -0.0214539 0 0.000344118 0 -0.000126726
internal_weight=122.45 67.3469 42.0665 39.0899 32.0335 55.103 36.5544 34.421 28.3464 25.2805 20.3975 18.5487 13.141
internal_count=6349 3830 2543 2472 1850 2519 1252 1179 1687 1287 894 1267 865
is_linear=0
shrinkage=0.1


Tree=227
num_leaves=15
num_cat=0
split_feature=30 68 56 30 54 44 31 56 56 46 44 30 31 68
split_gain=0.00216052 0.269046 0.446694 0.216239 0.748478 0.457674 0.192672 0.386285 0.204179 0.0763949 0.0703954 0.235062 0.43242 0.0232476
threshold=38.95000076293946 28.757263183593754 239.19567871093753 59.000000000000007 -1.0000000180025095e-35 -24.857269287109371 1.5500000119209292 -87.014953613281236 204.16802978515628 -25.597167968749996 -22.143890380859371 36.149999618530281 39.95000076293946 322.08532714843756
decision_type=2 2 2 2 2 2 2 2 2 2 2 2 2 2
left_child=1 10 9 4 5 -2 -5 -8 -9 -3 -1 -12 -13 -7
right_child=3 2 -4 6 -6 13 7 8 -10 -11 11 12 -14 -15
leaf_value=0 0 0 0 0 0 -0.029570834950279713 0 0.022549564348632034 0 0.015835487567157282 0 0 -0.023246695583033106 0
leaf_weight=5.5335832065902677 14.422831101343037 2.4863897450268295 2.2540610441938034 4.3536082997452494 29.749161211308092 14.128931854036633 1.7660407298244596 12.998083233367646 1.3916919846087683 29.271871857112274 1.5228140465915192 1.9158497594762582 11.250707429135216 0.97428445401601571
leaf_count=451 738 88 135 138 1786 963 102 481 93 742 19 53 506 54
internal_value=0 0.000617621 0.00862991 0 -0.00592107 -0.0173822 0 0.010189 0.0185677 0.0144965 0 -0.00641751 -0.0140066 -0.0285042
internal_weight=134.02 54.2353 34.0123 79.7846 59.2752 29.526 20.5094 16.1558 14.3898 31.7583 20.223 14.6894 13.1666 15.1032
internal_count=6349 1994 965 4355 3541 1755 814 676 574 830 1029 578 559 1017
is_linear=0
shrinkage=0.1


Tree=228
num_leaves=15
num_cat=0
split_feature=31 30 31 28 74 30 44 36 36 36 37 64 39 37
split_gain=0.0273963 0.435553 0.601634 0.452616 0.360087 0.295436 0.435263 0.243339 0.140195 0.142989 0.121118 0.108867 0.0499659 0.00458939
threshold=36.350000381469734 39.049999237060554 44.850000381469734 68.500000000000014 55.500000000000007 36.049999237060554 129.41516113281253 2.8350379467010502 1.7610348463058474 0.59597164392471325 4.7152657508850107 275.25625610351568 0.81951597332954418 -6.8108677864074698
decision_type=2 2 2 2 2 2 2 2 2 2 2 2 2 2
left_child=8 2 7 4 10 -4 -7 11 9 -1 -3 -2 13 -11
right_child=1 3 5 -5 -6 6 -8 -9 -10 12 -12 -13 -14 -15
leaf_value=0 -0.021607500255085184 0.025438093252309509 0 0 0 0.01733683736321948 0 0 0 0 0 0 0 -0.013887731900328493
leaf_weight=5.040748436702418 18.026652956148617 18.758417387492965 5.6495131410192725 8.2147010711487365 1.2210200955159951 21.907429057173434 2.092345619108527 1.8010779423639167 7.5315365047426885 0.78229588503018632 2.9196242806501678 1.6569696143269528 4.7604599240003145 16.528431562590413
leaf_count=201 629 926 637 238 53 567 111 26 478 44 90 34 331 1984
internal_value=0 0 -2.62952e-05 0.0113995 0.0187355 0 0.010578 -0.01587 -0.00271938 -0.00753532 0.0227672 -0.0195593 -0.011265 -0.0135236
internal_weight=116.891 82.2478 51.134 31.1138 22.8991 29.6493 23.9998 21.4847 34.6435 27.1119 21.678 19.6836 22.0712 17.3107
internal_count=6349 3311 2004 1307 1069 1315 678 689 3038 2560 1016 663 2359 2028
is_linear=0
shrinkage=0.1


Tree=229
num_leaves=12
num_cat=0
split_feature=36 33 39 36 39 33 40 0 62 42 40
split_gain=0.0735802 0.241804 0.389326 0.147625 0.0500456 0.0476448 0.0429302 0.0356266 0.044125 0.0199399 0.00480763
threshold=1.4248174428939822 0.96007519960403453 0.81951597332954418 0.28213433921337133 0.26050223410129553 1.7183695435523989 -1.3586162328720091 491.47787475585943 -129.49999999999997 -73.006683349609361 4.0419108867645273
decision_type=2 2 2 2 2 2 2 2 2 2 2
left_child=1 -1 3 -3 -2 6 -5 8 -6 -10 -8
right_child=4 2 -4 5 7 -7 10 -9 9 -11 -12
leaf_value=0 0 0 0 0 0 0 0.014599141698651331 0 0 -0.0087983451318053626 0
leaf_weight=22.113022963516414 7.4532794306287533 1.2533993059769262 10.258137482916935 1.9078054190613247 11.860381561331446 1.7428580471314479 41.527533323271207 0.67626715102232893 2.0316034081624812 18.412149095383946 1.8007141784764815
leaf_count=766 269 24 329 57 512 43 2086 22 233 1930 78
internal_value=0 0.00273702 0.00706547 0.0117014 -0.00163115 0.0130496 0.0136573 -0.00416711 -0.00528847 -0.00786129 0.014272
internal_weight=121.037 80.6035 58.4904 48.2323 40.4337 46.9789 45.2361 32.9804 32.3041 20.4438 43.3282
internal_count=6349 3383 2617 2288 2966 2264 2221 2697 2675 2163 2164
is_linear=0
shrinkage=0.1


Tree=230
num_leaves=8
num_cat=0
split_feature=56 34 56 31 34 34 31
split_gain=0.0013627 0.133151 0.252411 0.375077 0.360213 0.173571 0.00506942
threshold=209.57446289062503 2.074519276618958 -87.440155029296861 1.5500000119209292 0.40934276580810552 1.3868921995162966 46.149999618530281
decision_type=2 2 2 2 2 2 2
left_child=1 2 -1 -4 -5 -6 -2
right_child=6 -3 3 4 5 -7 -8
leaf_value=0 -0.0022692928823018258 0 0 0 0.0171577387360646 0 0
leaf_weight=3.4768249071203163 7.4407754710409773 27.934399550664239 3.9874689979478708 13.84224985889159 41.612930983072147 30.59364068787545 3.6969843644183129
leaf_count=204 797 1685 86 360 1944 1125 148
internal_value=0 0.000331703 0.00374488 0.00646971 0.00928163 0.0122642 0
internal_weight=132.585 121.448 93.5131 90.0363 86.0488 72.2066 11.1378
internal_count=6349 5404 3719 3515 3429 3069 945
is_linear=0
shrinkage=0.1


Tree=231
num_leaves=17
num_cat=0
split_feature=59 63 30 63 76 76 73 73 43 60 60 63 1 64 63 63
split_gain=0.025299 0.530838 0.876407 0.303011 0.364953 0.0868959 0.119067 0.0777078 0.0702336 0.0200003 0.0593842 0.0134537 0.00874425 0.00568667 0.00563971 0.0329723
threshold=16.548217773437504 101.17288208007814 37.750000000000007 10.490264892578127 39.154632568359382 117.82565307617189 -3.4999999999999996 -76.499999999999986 -6.8736572265624991 -0.54043579101562489 33.171173095703132 -42.036468505859368 109.97138595581056 74.743743896484389 -102.28149414062499 -8.1908264160156232
decision_type=2 2 2 2 2 2 2 2 2 2 2 2 2 2 2 2
left_child=3 2 -2 9 7 6 -3 -5 -4 14 11 -11 -10 -8 -1 -16
right_child=1 5 8 4 -6 -7 13 -9 12 10 -12 -13 -14 -15 15 -17
leaf_value=0 0 0 0 0 0 0 0 -0.022559617862724701 0.024463341575342676 0 0 0.0075242245592547601 0 -0.012370725878192393 -0.0056935753209026189 0
leaf_weight=3.7577781166182822 4.5939193498343256 9.8921331829624251 1.3937600255012572 1.6377959023229784 2.5978902447968713 11.014728825190103 2.7315264358185241 12.745315220905468 22.430978759424761 3.6688690104056194 1.5764467910630617 13.995113945333287 1.3180218189954747 11.426800232031381 9.5077556020114535 1.4268640105146921
leaf_count=276 104 720 118 48 116 551 66 448 912 106 186 376 30 945 1265 82
internal_value=0 0 0.0128516 -0.0021783 -0.0130142 0 -0.00573133 -0.0203221 0.0226024 0 0.00303985 0.0062896 0.0237687 -0.0111517 0 -0.00205629
internal_weight=115.716 64.8019 29.7367 50.9138 16.981 35.0652 24.0505 14.3831 25.1428 33.9328 19.2404 17.664 23.749 14.1583 14.6924 10.9346
internal_count=6349 3446 1164 2903 612 2282 1731 496 1060 2291 668 482 942 1011 1623 1347
is_linear=0
shrinkage=0.1


Tree=232
num_leaves=9
num_cat=0
split_feature=31 39 0 64 54 62 31 54
split_gain=0.0990967 0.281372 0.413464 0.216977 0.251193 0.212268 0.200371 0.174861
threshold=33.750000000000007 0.47593392431735998 446.44982910156256 -24.535797119140621 -231.49999999999997 -53.499999999999993 12.400000095367433 153.00000000000003
decision_type=2 2 2 2 2 2 2 2
left_child=5 -2 3 -3 -5 6 -1 -6
right_child=1 2 -4 4 7 -7 -8 -9
leaf_value=0 0 0 0 0 -0.020869755441607952 0 0.014630298325985292 0
leaf_weight=14.726257090223951 24.822762490657624 4.4119807814713559 2.9222651182208201 3.9694335153326383 28.508077995909847 18.269178126240149 21.108665084699169 1.3242061710916448
leaf_count=608 1287 470 71 198 1736 1267 644 68
internal_value=0 -0.00111318 -0.00815907 -0.0131589 -0.0159432 0.00400472 0.00890012 -0.0190633
internal_weight=120.063 65.9587 41.136 38.2137 33.8017 54.1041 35.8349 29.8323
internal_count=6349 3830 2543 2472 2002 2519 1252 1804
is_linear=0
shrinkage=0.1


Tree=233
num_leaves=11
num_cat=0
split_feature=56 60 31 30 30 43 30 30 43 30
split_gain=0.000381037 0.150034 0.0945358 0.0201523 0.651174 0.534195 0.0939552 0.00671648 0.00127276 0.0181119
threshold=209.57446289062503 38.704772949218757 1.5500000119209292 36.149999618530281 38.049999237060554 -33.081848144531243 38.95000076293946 36.750000000000007 68.222900390625014 54.850000381469734
decision_type=2 2 2 2 2 2 2 2 2 2
left_child=1 3 -3 -1 5 -5 -6 -2 9 -8
right_child=7 2 -4 4 6 -7 8 -9 -10 -11
leaf_value=0 0 0 0.0070806465849291705 0 0.007889255200296378 -0.028225932588094433 -0.002583944183963011 -0.0025688430569818701 0 0
leaf_weight=5.0742240785621098 3.2738405372947437 1.4729707399383176 46.454424998955801 1.4709337493404735 12.692198302363975 12.728025192744097 26.62967081554234 7.7747517836978659 2.5810214625671497 11.507470561657099
leaf_count=438 74 45 1755 42 283 455 1832 871 63 491
internal_value=0 0.000175997 0.00546675 0 -0.00169658 -0.0201086 0 0 0 -0.000560311
internal_weight=131.66 120.611 47.9274 72.6835 67.6093 14.199 53.4104 11.0486 40.7182 38.1371
internal_count=6349 5404 1800 3604 3166 497 2669 945 2386 2323
is_linear=0
shrinkage=0.1


Tree=234
num_leaves=12
num_cat=0
split_feature=64 60 60 31 30 74 64 30 59 30 59
split_gain=0.0252873 0.63092 0.505959 0.393896 0.536183 0.304543 0.10629 0.250228 0.273693 0.0364419 0.00143931
threshold=29.407806396484379 1.4088745117187502 29.365783691406254 45.850000381469734 45.049999237060554 -110.49999999999999 100.86737060546876 37.649999618530281 81.792694091796889 41.649999618530281 2.7556762695312504
decision_type=2 2 2 2 2 2 2 2 2 2 2
left_child=1 -1 3 4 5 -2 7 -4 10 -8 -9
right_child=2 -3 6 -5 -6 -7 9 8 -10 -11 -12
leaf_value=0 0 0.018104093953070399 0 0 0 -0.030434095566312238 0 0 0 -0.0059586626685437126 0.017688175606389061
leaf_weight=17.165687116910703 1.7132100916933364 16.846203463384882 1.804323499090972 2.2387589914724222 2.9373883465304962 16.661697064060718 26.433329515275545 1.3645100080175385 1.7107700612395991 7.8603373536607242 17.785450102994218
leaf_count=1653 56 531 63 57 289 529 1238 100 59 1194 580
internal_value=0 0 -0.00174638 -0.0143068 -0.0197509 -0.0265197 0 0.00651153 0.0123794 0 0.0170996
internal_weight=114.522 34.0119 80.5098 23.5511 21.3123 18.3749 56.9587 22.6651 20.8607 34.2937 19.15
internal_count=6349 2184 4165 931 874 585 3234 802 739 2432 680
is_linear=0
shrinkage=0.1


Tree=235
num_leaves=10
num_cat=0
split_feature=31 33 36 36 33 39 36 56 56
split_gain=0.0847974 0.494405 0.617489 0.172569 0.118403 0.0613085 0.0632984 0.000283524 0.0133268
threshold=41.95000076293946 1.0976116657257082 1.5214778780937197 1.1040354967117312 2.5722066164016728 0.83738002181053173 0.85041329264640819 214.6813659667969 -97.376922607421861
decision_type=2 2 2 2 2 2 2 2 2
left_child=1 7 4 -2 5 6 -3 8 -1
right_child=3 2 -4 -5 -6 -7 -8 -9 -10
leaf_value=0 0 0 0 -0.010548160540004852 0 0 0.022259251933235576 0 -0.0019861152658755023
leaf_weight=1.1474086493253697 11.850969298859129 2.1506677381694344 18.434441226359922 14.939064871869048 1.4404204515740264 6.9114791126921764 26.242166989308316 3.7990298422519109 32.099759586213622
leaf_count=44 265 63 1118 1483 24 206 1289 234 1623
internal_value=0 0.00260892 0.00985118 -0.00264274 0.0173342 0.0185298 0.0209838 0 -0.000282008
internal_weight=119.015 92.2254 55.1792 26.79 36.7447 35.3043 28.3928 37.0462 33.2472
internal_count=6349 4601 2700 1748 1582 1558 1352 1901 1667
is_linear=0
shrinkage=0.1


Tree=236
num_leaves=11
num_cat=0
split_feature=56 31 30 56 30 30 30 30 30 31
split_gain=0.000663918 0.0767663 0.258362 0.505672 0.02351 0.0074852 0.0469061 0.00589945 0.00394105 0.00189341
threshold=209.57446289062503 1.5500000119209292 56.300001144409187 -87.014953613281236 36.149999618530281 42.049999237060554 38.95000076293946 36.750000000000007 38.350000381469734 40.649999618530281
decision_type=2 2 2 2 2 2 2 2 2 2
left_child=1 -1 4 -4 -3 6 8 -2 -6 -8
right_child=7 2 3 -5 5 -7 9 -9 -10 -11
leaf_value=0 0 0.0047979336723522658 0 0.023165700231051918 0 0 -0.0054446215917835642 -0.0024103747508174168 0.0017911063024005195 0
leaf_weight=4.7257129573263219 3.2668631058186275 7.8094179718755177 1.7468311339616782 13.276593502843749 29.22471043583937 34.517638545483351 16.583602077327672 7.7507821009494364 9.8814940518932399 1.8127508610486973
leaf_count=124 74 661 102 496 894 1629 1191 871 199 108
internal_value=0 0.000233297 0.00256973 0.0138812 0 0 -0.00111781 0 0 -0.00511371
internal_weight=130.596 119.579 114.853 15.0234 99.8296 92.0202 57.5026 11.0176 39.1062 18.3964
internal_count=6349 5404 5280 598 4682 4021 2392 945 1093 1299
is_linear=0
shrinkage=0.1


Tree=237
num_leaves=11
num_cat=0
split_feature=30 59 45 60 76 45 64 60 74 64
split_gain=0.0227984 0.242363 1.15989 0.611779 0.154925 0.232034 0.130647 0.142123 0.132102 0.12399
threshold=37.750000000000007 17.275512695312504 136.2801208496094 121.13610839843751 170.67823791503909 10.042388916015627 29.407806396484379 29.365783691406254 -113.49999999999999 20.754852294921879
decision_type=2 2 2 2 2 2 2 2 2 2
left_child=4 6 3 -3 5 -1 -2 8 -8 -7
right_child=1 2 -4 -5 -6 9 7 -9 -10 -11
leaf_value=0 0 0.025467557454139318 0 0 0 0 0 0 -0.017620816572299452 -0.01949011476115171
leaf_weight=12.405369544518186 19.672417850466445 28.648764500743713 20.480087863281369 1.8703917544335116 1.8870796281844366 1.1584085654467333 1.5911938631907094 3.4374523242004207 10.636302954633718 11.647633937653152
leaf_count=749 1358 1223 1446 220 37 21 71 283 359 582
internal_value=0 0 0.00673678 0.0206379 -0.00277989 -0.00802235 0 -0.00850337 -0.0136541 -0.0164137
internal_weight=113.435 86.3366 50.9992 30.5192 27.0985 25.2114 35.3374 15.6649 12.2275 12.806
internal_count=6349 4960 2889 1443 1389 1352 2071 713 430 603
is_linear=0
shrinkage=0.1


Tree=238
num_leaves=10
num_cat=0
split_feature=31 39 0 60 54 62 54 31 39
split_gain=0.0791927 0.228663 0.372627 0.208574 0.272268 0.191206 0.166866 0.165722 0.0485114
threshold=33.750000000000007 0.47593392431735998 446.44982910156256 1.0000000180025095e-35 -231.49999999999997 8.5000000000000018 153.00000000000003 4.5499999523162851 -0.17301486432552335
decision_type=2 2 2 2 2 2 2 2 2
left_child=5 -2 3 -3 -5 7 -6 -1 -9
right_child=1 2 -4 4 6 -7 -8 8 -10
leaf_value=0 0 0 0 0 -0.021120105529678707 0 0 0 0.0133617904915923
leaf_weight=16.602547605405562 24.446843751822598 6.8593060805578707 2.8735607736743978 3.5872923512943116 25.671604884089906 8.3022509973961842 1.3018412863602851 3.7104409402236369 24.555839513894171
leaf_count=686 1287 622 71 163 1619 561 68 115 1157
internal_value=0 -0.000702101 -0.00737089 -0.0123215 -0.0157062 0.00369517 -0.0192221 0.00751666 0.0118794
internal_weight=117.912 64.7404 40.2936 37.42 30.5607 53.1711 26.9734 44.8688 28.2663
internal_count=6349 3830 2543 2472 1850 2519 1687 1958 1272
is_linear=0
shrinkage=0.1


Tree=239
num_leaves=7
num_cat=0
split_feature=56 31 37 56 37 30
split_gain=0.000714836 0.0761369 0.243227 0.365702 0.25111 0.00431434
threshold=209.57446289062503 1.5500000119209292 2.901103258132935 -87.440155029296861 -0.6546260118484496 36.750000000000007
decision_type=2 2 2 2 2 2
left_child=1 -1 3 -3 -5 -2
right_child=5 2 -4 4 -6 -7
leaf_value=0 0 0 0 0 0.011308744604098163 -0.0020667002845977918
leaf_weight=4.6832582843489936 3.2549814917147142 3.3676475835964075 28.374981435597874 11.404931701254098 70.855562659911811 7.6975265743676573
leaf_count=124 74 204 1285 474 3317 871
internal_value=0 0.000242968 0.00256944 0.00602989 0.00900003 0
internal_weight=129.639 118.686 114.003 85.6281 82.2605 10.9525
internal_count=6349 5404 5280 3995 3791 945
is_linear=0
shrinkage=0.1


Tree=240
num_leaves=12
num_cat=0
split_feature=39 36 36 74 76 76 37 60 31 1 30
split_gain=0.0196202 0.227299 0.268392 0.178349 0.0692633 0.0476278 0.0436636 0.0366446 0.0421374 0.0319493 0.0208095
threshold=0.72270750999450695 1.5536465644836428 0.28213433921337133 -109.49999999999999 153.4020690917969 -62.632934570312493 1.3285966515541079 0.99717712402343761 35.250000000000007 172.86797332763675 36.350000381469734
decision_type=2 2 2 2 2 2 2 2 2 2 2
left_child=1 2 -1 -4 5 -5 -2 -8 -9 10 -10
right_child=6 -3 3 4 -6 -7 7 8 9 -11 -12
leaf_value=0 0 0 0 0 0 -0.014148750133733942 0 0 0 0 0.0098984911386382438
leaf_weight=4.7695448931772253 12.870300741749814 20.253643116098829 6.3691915929084635 1.1236727437935758 0.9535089764976864 38.086291315616108 2.4349060928216231 5.8382522203028229 1.79977387655527 2.4017801904119542 15.478282119147478
leaf_count=143 818 1179 369 55 117 2719 88 270 27 51 513
internal_value=0 -0.00162875 -0.00678059 -0.0102617 -0.0127655 -0.0135402 0 0.00379258 0.00536304 0.0074463 0.00885704
internal_weight=112.379 71.5559 51.3022 46.5327 40.1635 39.21 40.8233 27.953 25.5181 19.6798 17.2781
internal_count=6349 4582 3403 3260 2891 2774 1767 949 861 591 540
is_linear=0
shrinkage=0.1


Tree=241
num_leaves=16
num_cat=0
split_feature=31 66 62 66 56 60 62 60 39 31 60 39 41 46 54
split_gain=0.0750345 0.237518 0.18585 0.32222 0.211776 0.227252 0.286821 0.0358568 0.326009 0.389017 0.23751 0.146871 0.0728524 0.1187 0.0130792
threshold=33.750000000000007 -99.499999999999986 8.5000000000000018 -546.99999999999989 45.640930175781257 380.95782470703131 -50.499999999999993 27.402526855468754 0.71693655848503124 45.850000381469734 -12.420562744140623 -0.31825627386569971 411.31280517578131 27.396148681640629 -310.49999999999994
decision_type=2 2 2 2 2 2 2 2 2 2 2 2 2 2 2
left_child=2 14 3 -1 -5 6 -6 8 9 10 -3 -12 13 -9 -2
right_child=1 7 -4 4 5 -7 -8 12 -10 -11 11 -13 -14 -15 -16
leaf_value=0 0 0 0 0 0.025182003454317942 0 0 0 0 0 0 0.023545304934842779 0 -0.010059601022884789 -0.013391818412925053
leaf_weight=5.6251106392592183 0.79707742214668442 1.5396792569663471 8.2500145602971298 11.685646124533376 18.238187110982835 3.1493497248738995 5.8965767682530048 3.274128776509321 5.7972643647226496 1.7205333908786986 1.5992841334082282 18.074676116113544 3.2605237038806072 16.525630887656007 11.5701761363307
leaf_count=186 75 158 561 682 466 131 493 50 324 226 43 628 97 1426 803
internal_value=0 -2.82865e-05 0.00368516 0.00745039 0.0118717 0.016363 0.0196254 0 0.00339361 0.0119507 0.0178309 0.0211588 0 -0.00572816 -0.012681
internal_weight=117.004 64.159 52.8449 44.5949 38.9698 27.2841 24.1348 51.7917 28.7314 22.9342 21.2136 19.674 23.0603 19.7998 12.3673
internal_count=6349 3830 2519 1958 1772 1090 959 2952 1379 1055 829 671 1573 1476 878
is_linear=0
shrinkage=0.1


Tree=242
num_leaves=1
num_cat=0
split_feature=
split_gain=
threshold=
decision_type=
left_child=
right_child=
leaf_value=0
leaf_weight=
leaf_count=6349
internal_value=
internal_weight=
internal_count=
is_linear=0
shrinkage=1


Tree=243
num_leaves=10
num_cat=0
split_feature=64 60 30 44 64 59 30 31 60
split_gain=0.0128272 0.454758 0.497675 0.550575 0.259774 0.21333 0.151815 0.134042 0.100896
threshold=88.143005371093764 19.233673095703129 38.750000000000007 110.67382812500001 29.407806396484379 -10.734649658203123 41.649999618530281 45.250000000000007 -0.54043579101562489
decision_type=2 2 2 2 2 2 2 2 2
left_child=1 4 -3 5 8 -4 -2 -6 -1
right_child=6 2 3 -5 7 -7 -8 -9 -10
leaf_value=0 0 0 0 0 -0.016916058958765471 0.030087304167248141 -0.011853723764753523 0 0.0075331999376625275
leaf_weight=14.567220578668639 30.565838828217238 9.9354493538849074 1.0970920505933524 1.396333435550331 11.359070701641029 16.556563406484202 9.314086056663653 1.5726185059174884 15.376050937222317
leaf_count=1589 1384 180 120 32 448 807 1331 39 419
internal_value=0 0 0.0120366 0.0210703 0 0.0273746 -0.00174173 -0.0130153 0
internal_weight=111.74 71.8604 28.9854 19.05 42.875 17.6537 39.8799 12.9317 29.9433
internal_count=6349 3634 1139 959 2495 927 2715 487 2008
is_linear=0
shrinkage=0.1


Tree=244
num_leaves=11
num_cat=0
split_feature=31 39 0 64 54 62 36 54 39 36
split_gain=0.0533567 0.174345 0.335881 0.168654 0.201336 0.163176 0.14307 0.139529 0.127099 0.00421459
threshold=33.750000000000007 0.47593392431735998 446.44982910156256 -24.535797119140621 -231.49999999999997 8.5000000000000018 1.5214778780937197 153.00000000000003 -0.17301486432552335 1.3465919494628908
decision_type=2 2 2 2 2 2 2 2 2 2
left_child=5 -2 3 -3 -5 6 8 -6 -1 -10
right_child=1 2 -4 4 7 -7 -8 -9 9 -11
leaf_value=0 0 0 0 0 -0.018569105014702061 0 0 0 0.013876209703877516 0
leaf_weight=3.0408958788029805 24.077589619264472 4.3096089104656121 2.8673973304685196 3.8560010300716376 27.185426879790615 8.246838642517103 12.05145391623955 1.292327626957557 23.06578614003957 6.1040686401538542
leaf_count=97 1287 470 71 198 1736 561 533 68 1079 249
internal_value=0 -0.00027814 -0.00645891 -0.0114368 -0.013985 0.00310221 0.00680379 -0.0168878 0.0101854 0.0124092
internal_weight=116.097 63.5884 39.5108 36.6434 32.3338 52.509 44.2622 28.4778 32.2108 29.1699
internal_count=6349 3830 2543 2472 2002 2519 1958 1804 1425 1328
is_linear=0
shrinkage=0.1


Tree=245
num_leaves=7
num_cat=0
split_feature=43 56 43 37 43 37
split_gain=0.000125258 0.141452 0.154505 0.0521411 0.0121386 0.000826642
threshold=-21.552886962890621 -87.440155029296861 -165.50762939453122 3.1781048774719243 255.78527832031253 26.252992630004886
decision_type=2 2 2 2 2 2
left_child=1 -1 -3 -4 5 -2
right_child=4 2 3 -5 -6 -7
leaf_value=0 -0.001270308123986397 0 0.011053099538880578 0 0 0
leaf_weight=3.358167528640478 77.942586340592243 9.8672920679673535 26.099623874993998 1.6012833528220642 7.9897207696922115 1.3896550722420205
leaf_count=204 3706 379 1389 60 541 70
internal_value=0 0.000170024 0.00595144 0.00991728 0 -0.00121865
internal_weight=128.248 40.9264 37.5682 27.7009 87.322 79.3322
internal_count=6349 2032 1828 1449 4317 3776
is_linear=0
shrinkage=0.1


Tree=246
num_leaves=9
num_cat=0
split_feature=74 44 31 39 30 31 30 44
split_gain=0.0127386 0.176836 0.220855 0.217627 0.182696 0.0642219 0.412157 0.00924478
threshold=-78.499999999999986 38.232177734375007 45.850000381469734 -0.88917741179466236 43.549999237060554 33.95000076293946 37.250000000000007 123.42471313476564
decision_type=2 2 2 2 2 2 2 2
left_child=5 2 3 -2 -5 -1 -7 -3
right_child=1 7 -4 4 -6 6 -8 -9
leaf_value=0 0 0.0018325727399145721 0 -0.015210229585900674 0 0 0.01529950813167863 0
leaf_weight=5.7451599128544357 2.0401243255473664 25.124612124636769 8.4282618670258653 32.640953731257468 7.1907031189766704 2.7731092909816679 17.948221763246693 8.8659019813640025
leaf_count=789 50 1345 512 1327 736 149 554 887
internal_value=0 -0.00121218 -0.00599751 -0.00962809 -0.0121945 0 0.00526992 0
internal_weight=110.757 84.2906 50.3 41.8718 39.8317 26.4665 20.7213 33.9905
internal_count=6349 4857 2625 2113 2063 1492 703 2232
is_linear=0
shrinkage=0.1


Tree=247
num_leaves=13
num_cat=0
split_feature=31 56 41 56 55 39 45 36 76 60 39 54
split_gain=0.0535163 0.32091 0.279288 0.544133 0.215453 0.117677 0.116759 0.111372 0.0647899 0.0527957 0.0352168 0.03601
threshold=41.95000076293946 114.89904785156251 -70.131011962890611 -41.193420410156243 69.977050781250014 -0.24542788416147229 207.5476989746094 1.1040354967117312 -48.211364746093743 145.82043457031253 2.3870964050292973 298.50000000000006
decision_type=2 2 2 2 2 2 2 2 2 2 2 2
left_child=1 2 8 -4 -3 -6 -5 -2 -1 -10 11 -7
right_child=7 4 3 6 5 10 -8 -9 9 -11 -12 -13
leaf_value=0 0 0 0 -0.01813203944882209 0 0.016112715127925711 0 -0.0083046899632083834 0.0089337329811162262 0 0 0
leaf_weight=4.1099482534918961 11.534305498236792 4.309001872316002 4.095965250744487 24.779861574643295 2.1705517154186991 27.45158965210431 0.92824358004145224 14.280294451862572 18.152700444217775 1.2055096826516081 1.0936086680740107 1.1286293449811626
leaf_count=245 265 109 236 1476 68 1432 73 1483 839 45 21 57
internal_value=0 0.00232935 0 -0.00850209 0.00980577 0.0130829 -0.0166247 -0.00114371 0.00423839 0.00715048 0.0148131 0.0154447
internal_weight=115.24 89.4256 53.2722 29.8041 36.1534 31.8444 25.7081 25.8146 23.4682 19.3582 29.6738 28.5802
internal_count=6349 4601 2914 1785 1687 1578 1549 1748 1129 884 1510 1489
is_linear=0
shrinkage=0.1


Tree=248
num_leaves=3
num_cat=0
split_feature=37 37
split_gain=2.47933e-05 0.0561388
threshold=0.80962383747100841 -0.4331394731998443
decision_type=2 2
left_child=1 -1
right_child=-2 -3
leaf_value=0 0 0.0042249577314854639
leaf_weight=13.288126637809908 85.225611402536742 29.060394362313673
leaf_count=551 4648 1150
internal_value=0 7.44323e-05
internal_weight=127.574 42.3485
internal_count=6349 1701
is_linear=0
shrinkage=0.1


Tree=249
num_leaves=11
num_cat=0
split_feature=30 31 45 74 30 59 31 36 36 37
split_gain=0.0110569 0.296545 0.246589 0.290841 0.210966 0.2015 0.135898 0.0866702 0.0990032 0.027386
threshold=37.750000000000007 36.350000381469734 378.79739379882818 14.500000000000002 42.149999618530281 23.248565673828129 45.850000381469734 1.7610348463058474 1.0000000180025095e-35 -1.236879765987396
decision_type=2 2 2 2 2 2 2 2 2 2
left_child=6 7 3 4 5 -3 -1 8 -2 -10
right_child=1 2 -4 -5 -6 -7 -8 -9 9 -11
leaf_value=-0.010992676397484706 0 0 0 0 0 0.021215474710992995 0 0 0 -0.010016826158605593
leaf_weight=9.7578566733282077 2.9010145142674473 20.10271676024422 1.9234073590487231 2.3942025329451999 2.145825596060603 25.134999466361478 16.630516102770343 6.9333162073744452 2.6778553577605662 19.523688373272307
leaf_count=425 134 728 42 130 71 963 964 478 183 2231
internal_value=0 0 0.00731609 0.0101368 0.0128885 0.0147607 -0.00195967 -0.00142053 -0.00583406 -0.00884796
internal_weight=110.125 83.737 51.7012 49.7777 47.3835 45.2377 26.3884 32.0359 25.1026 22.2015
internal_count=6349 4960 1934 1892 1762 1691 1389 3026 2548 2414
is_linear=0
shrinkage=0.1


Tree=250
num_leaves=17
num_cat=0
split_feature=45 63 56 76 56 76 44 42 64 60 76 41 60 76 33 54
split_gain=0.0221437 0.417542 0.724764 0.411967 0.48207 0.112418 0.0986804 0.08459 0.106657 0.0599018 0.102218 0.0901619 0.0270788 0.0142388 0.010073 0.00833417
threshold=-58.139556884765618 51.521240234375007 -41.193420410156243 55.150909423828132 214.6813659667969 117.82565307617189 60.983245849609382 -65.323760986328111 61.595977783203132 282.76623535156256 -48.211364746093743 -71.640808105468736 44.085662841796882 56.416809082031257 0.85193622112274181 -558.99999999999989
decision_type=2 2 2 2 2 2 2 2 2 2 2 2 2 2 2 2
left_child=9 2 -2 6 5 13 12 -4 -9 10 -1 14 -3 -5 -12 -16
right_child=1 3 7 4 -6 -7 -8 8 -10 -11 11 -13 -14 -15 15 -17
leaf_value=0 0 0.017257932459960757 0 0 0.0022008124506379691 0 0 -0.024129261593116291 0 0 0 0 0 -0.016367576558613914 0 0.011863516354106768
leaf_weight=4.2785419806605267 3.7714455089881112 15.651084365556022 1.1439799850340993 1.0230600009672404 14.885109185532199 0.99399493949022044 1.3949674306204531 20.501217912707943 6.4695482822135082 1.0179779827594746 0.79275887645782006 1.1823566574021196 1.8999043403309759 20.006442040670663 1.0939627387561 18.402837815985542
leaf_count=338 200 526 78 114 877 35 119 1073 150 24 18 139 140 1409 44 1065
internal_value=0 0 -0.0110349 0 0 -0.0139257 0.0138912 -0.0193469 -0.0204372 0.00275514 0.00539832 0.00878508 0.0159971 -0.0158153 0.0109968 0.0113977
internal_weight=114.509 87.7408 31.8862 55.8546 36.9086 22.0235 18.946 28.1147 26.9708 26.7684 25.7505 21.4719 17.551 21.0295 20.2896 19.4968
internal_count=6349 4721 1501 3220 2435 1558 785 1301 1223 1628 1604 1266 666 1523 1127 1109
is_linear=0
shrinkage=0.1


Tree=251
num_leaves=1
num_cat=0
split_feature=
split_gain=
threshold=
decision_type=
left_child=
right_child=
leaf_value=0
leaf_weight=
leaf_count=6349
internal_value=
internal_weight=
internal_count=
is_linear=0
shrinkage=1


Tree=252
num_leaves=11
num_cat=0
split_feature=64 60 60 31 31 74 64 59 60 31
split_gain=0.0199318 0.473927 0.328167 0.32187 0.254549 0.241434 0.0344678 0.0961468 0.104155 0.0129583
threshold=29.407806396484379 1.4088745117187502 29.365783691406254 45.850000381469734 31.250000000000004 -110.49999999999999 100.86737060546876 81.792694091796889 52.379730224609382 49.45000076293946
decision_type=2 2 2 2 2 2 2 2 2 2
left_child=1 -1 3 4 -2 -6 7 8 -4 -3
right_child=2 9 6 -5 5 -7 -8 -9 -10 -11
leaf_value=0 0 0.016974286102759074 0.011155968661896727 0 0 -0.024886774656503723 0 0 0 0
leaf_weight=16.626684347400442 1.914924206212169 14.494970881147312 16.460405986988924 2.1761819981038562 1.5156209832057417 16.422027393477034 33.067937102983706 1.6669701957143832 3.4213213892653576 1.5858604563400138
leaf_count=1653 250 505 548 57 39 585 2432 59 195 26
internal_value=0 0 -0.00158791 -0.0119363 -0.0173502 -0.0213192 0 0.00379346 0.00765577 0.0160124
internal_weight=109.353 32.7075 76.6454 22.0288 19.8526 17.9376 54.6166 21.5487 19.8817 16.0808
internal_count=6349 2184 4165 931 874 624 3234 802 743 531
is_linear=0
shrinkage=0.1


Tree=253
num_leaves=8
num_cat=0
split_feature=31 33 36 33 36 74 39
split_gain=0.0533227 0.448279 0.500142 0.118497 0.090902 0.0672343 0.0256033
threshold=41.95000076293946 1.0998831391334536 1.5459271073341372 2.5722066164016728 1.1040354967117312 -220.49999999999997 1.1971883773803713
decision_type=2 2 2 2 2 2 2
left_child=1 -1 3 5 -2 -3 -7
right_child=4 2 -4 -5 -6 6 -8
leaf_value=0 0 0 0 0 -0.0074779219592592721 0.019187192594578628 0
leaf_weight=35.698804238636512 11.367353691020982 2.1306998445652416 16.551294500182848 1.4165819254703809 14.029399738647042 30.520618094364181 1.757361969212069
leaf_count=1920 265 66 1048 25 1483 1493 49
internal_value=0 0.00240502 0.00955962 0.0161797 -0.000596402 0.0174369 0.0184962
internal_weight=113.472 88.0754 52.3766 35.8253 25.3968 34.4087 32.278
internal_count=6349 4601 2681 1633 1748 1608 1542
is_linear=0
shrinkage=0.1


Tree=254
num_leaves=1
num_cat=0
split_feature=
split_gain=
threshold=
decision_type=
left_child=
right_child=
leaf_value=0
leaf_weight=
leaf_count=6349
internal_value=
internal_weight=
internal_count=
is_linear=0
shrinkage=1


Tree=255
num_leaves=9
num_cat=0
split_feature=64 73 44 64 74 31 30 31
split_gain=0.0130086 0.225912 0.41593 0.193411 0.154952 0.168759 0.133522 0.139466
threshold=29.407806396484379 -39.499999999999993 41.874420166015632 -12.924774169921873 27.500000000000004 44.95000076293946 36.350000381469734 32.549999237060554
decision_type=2 2 2 2 2 2 2 2
left_child=3 -2 4 -1 5 -3 -5 -8
right_child=1 2 -4 6 -6 -7 7 -9
leaf_value=0 0 -0.021585501554951637 0 0 0 0 0 0.015073345522833554
leaf_weight=11.059188870713113 23.485819281777367 18.598802630091093 26.988533110590652 2.1894194772467044 1.2876743751112361 5.8109231693670145 1.1335700141498843 18.124287924962118
leaf_count=1334 1291 852 1772 63 100 150 187 600
internal_value=0 -0.00128669 -0.00658557 0 -0.0152655 -0.0173787 0.00900515 0.0122854
internal_weight=108.678 76.1718 52.6859 32.5065 25.6974 24.4097 21.4473 19.2579
internal_count=6349 4165 2874 2184 1102 1002 850 787
is_linear=0
shrinkage=0.1


Tree=256
num_leaves=7
num_cat=0
split_feature=36 39 31 39 35 31
split_gain=0.0404037 0.225062 0.26923 0.19074 0.12002 0.0645533
threshold=1.2046985626220705 -0.045751417055726044 45.95000076293946 0.83738002181053173 0.11273970454931261 41.95000076293946
decision_type=2 2 2 2 2 2
left_child=1 -1 3 4 -3 -2
right_child=5 2 -4 -5 -6 -7
leaf_value=0 0 0 0 0 0.016844894776993191 -0.0070303857952450158
leaf_weight=6.1995156866032621 54.009042192541528 5.4195545814000061 1.9434581133536983 7.2276053605601183 27.392359939636663 10.65716679493198
leaf_count=203 3030 181 118 229 1227 1361
internal_value=0 0.00282616 0.00773356 0.0112241 0.0143527 0
internal_weight=112.849 48.1825 41.983 40.0395 32.8119 64.6662
internal_count=6349 1958 1755 1637 1408 4391
is_linear=0
shrinkage=0.1


Tree=257
num_leaves=5
num_cat=0
split_feature=43 56 43 43
split_gain=0.000130777 0.136743 0.128786 0.00937325
threshold=-21.552886962890621 -87.440155029296861 -167.70867919921872 255.78527832031253
decision_type=2 2 2 2
left_child=1 -1 -3 -2
right_child=3 2 -4 -5
leaf_value=0 -0.0010805580339114532 0 0.0094276188375708343 0
leaf_weight=3.2706955391913644 77.874219494289719 9.357027057092635 27.486435589380562 7.8546324258204541
leaf_count=204 3776 355 1473 541
internal_value=0 0.00017538 0.00590553 0
internal_weight=125.843 40.1142 36.8435 85.7289
internal_count=6349 2032 1828 4317
is_linear=0
shrinkage=0.1


Tree=258
num_leaves=9
num_cat=0
split_feature=64 60 30 59 64 59 30 64
split_gain=0.00812949 0.367618 0.448765 0.429791 0.140017 0.129034 0.0648713 0.0430081
threshold=82.142059326171889 17.836975097656254 38.750000000000007 83.631286621093764 29.407806396484379 -14.086730957031248 41.649999618530281 89.598846435546889
decision_type=2 2 2 2 2 2 2 2
left_child=1 4 -3 5 -1 -4 -2 -8
right_child=6 2 3 -5 -6 -7 7 -9
leaf_value=0 0 0 0 0 -0.010311763555534328 0.028039564099256294 0 -0.010242588658037489
leaf_weight=28.709975742502138 31.289569172076881 9.6310533022042382 0.94512293674052372 1.1411902215331782 10.764479692792518 15.088118925224988 1.9151408963371057 8.6545337979914603
leaf_count=1995 1426 174 112 27 447 779 70 1319
internal_value=0 0 0.0112187 0.0204205 0 0.0259986 -0.00135523 -0.00750142
internal_weight=108.139 66.2799 26.8055 17.1744 39.4745 16.0332 41.8592 10.5697
internal_count=6349 3534 1092 918 2442 891 2815 1389
is_linear=0
shrinkage=0.1


Tree=259
num_leaves=12
num_cat=0
split_feature=36 39 39 35 56 54 56 76 55 54 54
split_gain=0.026351 0.196941 0.182929 0.12854 0.0572596 0.265514 0.324973 0.172051 0.125032 0.0732242 0.0103857
threshold=1.2046985626220705 -0.045751417055726044 0.83738002181053173 0.11273970454931261 214.6813659667969 -183.49999999999997 -41.193420410156243 125.80844116210939 -62.196014404296868 210.50000000000003 -177.49999999999997
decision_type=2 2 2 2 2 2 2 2 2 2 2
left_child=1 -1 3 -3 5 -2 -7 8 -8 10 -10
right_child=4 2 -4 -5 -6 6 7 -9 9 -11 -12
leaf_value=0 0 0 0 0.013243289530626274 0 0 0 0 0 0 -0.019538288649814686
leaf_weight=6.1768563478253773 18.446811269037426 5.7585492602083823 7.838468200992792 28.087401767028496 9.9135848851874453 7.3943244637921444 0.73469019262120383 0.70457160321529855 0.56109989061952248 2.1980055702151722 24.537155839090705
leaf_count=203 700 189 265 1301 537 759 42 22 26 127 2178
internal_value=0 0.00228964 0.00711669 0.010586 0 -0.00317003 -0.00915233 -0.0144229 -0.0164124 -0.0178362 -0.0192401
internal_weight=112.352 47.8613 41.6844 33.846 64.4902 54.5767 36.1298 28.7355 28.031 27.2963 25.0983
internal_count=6349 1958 1755 1490 4391 3854 3154 2395 2373 2331 2204
is_linear=0
shrinkage=0.1


Tree=260
num_leaves=3
num_cat=0
split_feature=56 56
split_gain=3.12957e-06 0.0440215
threshold=214.6813659667969 -87.440155029296861
decision_type=2 2
left_child=1 -1
right_child=-2 -3
leaf_value=0 0 0.0019598662144854205
leaf_weight=3.2472814298234871 9.9112732015782949 112.21214176446665
leaf_count=204 895 5250
internal_value=0 1.6295e-05
internal_weight=125.371 115.459
internal_count=6349 5454
is_linear=0
shrinkage=0.1


Tree=261
num_leaves=8
num_cat=0
split_feature=64 73 59 64 30 31 31
split_gain=0.00790244 0.201508 0.194557 0.162987 0.229316 0.124583 0.0544773
threshold=29.407806396484379 -39.499999999999993 29.206970214843754 -12.924774169921873 36.250000000000007 32.95000076293946 31.050000190734867
decision_type=2 2 2 2 2 2 2
left_child=3 -2 6 -1 -5 -6 -3
right_child=1 2 -4 4 5 -7 -8
leaf_value=0 0 0 0 0 0 0.015714801197592717 -0.016899054627185505
leaf_weight=10.983012700104153 23.25755322619807 1.2252687358995888 37.075987212476321 1.4151601623743797 1.2836269946419658 18.527006489341147 13.649884640006347
leaf_count=1334 1291 175 2213 53 205 592 486
internal_value=0 -0.00100906 -0.006207 0 0.00830525 0.0132892 -0.0152905
internal_weight=107.418 75.2087 51.9511 32.2088 21.2258 19.8106 14.8752
internal_count=6349 4165 2874 2184 850 797 661
is_linear=0
shrinkage=0.1


Tree=262
num_leaves=8
num_cat=0
split_feature=31 33 36 33 36 36 39
split_gain=0.0387032 0.405179 0.443851 0.109591 0.068815 0.0283987 0.0127256
threshold=41.95000076293946 1.0976116657257082 1.5459271073341372 2.5722066164016728 1.1040354967117312 0.81211158633232128 0.84883064031600963
decision_type=2 2 2 2 2 2 2
left_child=1 -1 3 5 -2 -3 -7
right_child=4 2 -4 -5 -6 6 -8
leaf_value=0 0 0 0 0 -0.0065719774640013206 0.01912715441629731 0
leaf_weight=35.044434576237109 11.131212530541235 2.8100886826869091 16.399612849578261 1.4035343923605967 13.732740752864627 25.957332848571244 5.1688621497014529
leaf_count=1901 265 88 1058 25 1483 1367 162
internal_value=0 0.00205939 0.00904552 0.0153288 -0.000567503 0.0165591 0.017483
internal_weight=111.648 86.7839 51.7394 35.3398 24.864 33.9363 31.1262
internal_count=6349 4601 2700 1642 1748 1617 1529
is_linear=0
shrinkage=0.1


Tree=263
num_leaves=1
num_cat=0
split_feature=
split_gain=
threshold=
decision_type=
left_child=
right_child=
leaf_value=0
leaf_weight=
leaf_count=6349
internal_value=
internal_weight=
internal_count=
is_linear=0
shrinkage=1


Tree=264
num_leaves=12
num_cat=0
split_feature=30 31 59 30 59 64 74 36 36 36 36
split_gain=0.006524 0.245187 0.140531 0.125824 0.127373 0.105501 0.163785 0.243691 0.0870133 0.0572263 0.0795217
threshold=37.750000000000007 36.350000381469734 210.1728210449219 42.149999618530281 23.248565673828129 230.72195434570315 -85.499999999999986 0.50339171290397655 2.5409928560256962 1.7610348463058474 0.59597164392471325
decision_type=2 2 2 2 2 2 2 2 2 2 2
left_child=5 9 3 4 -3 6 -1 -8 -9 10 -2
right_child=1 2 -4 -5 -6 -7 7 8 -10 -11 -12
leaf_value=0 0 0 0 0 0.014906582076606226 0 0 -0.018588853499401554 0 0 -0.0079084472346149844
leaf_weight=5.6770954201929298 4.4973660779651317 20.398923540604301 1.4680878878571082 2.2117210007272652 26.298085230635479 1.595693390816449 2.5578272417187753 15.14900624833535 0.81582611287012774 6.6809005844406775 19.645210424612742
leaf_count=215 201 782 38 78 1036 30 52 1071 21 478 2347
internal_value=0 0 0.00679972 0.00865717 0.0101955 -0.00152104 -0.00648921 -0.0114805 -0.0168174 -0.000588692 -0.00468948
internal_weight=106.996 81.2003 50.3768 48.9087 46.697 25.7954 24.1998 18.5227 15.9648 30.8235 24.1426
internal_count=6349 4960 1934 1896 1818 1389 1359 1144 1092 3026 2548
is_linear=0
shrinkage=0.1


Tree=265
num_leaves=14
num_cat=0
split_feature=31 56 55 41 62 39 62 36 36 60 76 62 62
split_gain=0.0272234 0.255841 0.201258 0.186368 0.122802 0.0995961 0.097665 0.0610623 0.0605562 0.0518891 0.0852581 0.0535208 0.00683294
threshold=41.95000076293946 124.04064941406251 86.411529541015639 -43.321289062499993 248.50000000000003 -0.24542788416147229 213.50000000000003 1.1040354967117312 1.9861048460006716 8.6736450195312518 -48.211364746093743 -294.49999999999994 -95.499999999999986
decision_type=2 2 2 2 2 2 2 2 2 2 2 2 2
left_child=1 3 -3 9 5 -4 12 -2 -7 10 -1 -12 -5
right_child=7 2 4 6 -6 8 -8 -9 -10 -11 11 -13 -14
leaf_value=0 0 0 0 0 0 0.017110497486327779 0 -0.0061811758881049131 0 0 0 0.0097500445964182961 -0.014143109178941319
leaf_weight=3.9861727969255289 11.076271746656859 4.10980927851051 2.0181297936942455 8.5874854963040015 1.2009712886065234 23.794485952937983 0.87122345808893342 13.653279161429962 1.0726222037337709 9.5706397616304439 1.1219843309372688 18.344912241562273 11.809387940738816
leaf_count=243 265 105 63 226 73 1298 36 1483 31 425 36 983 1082
internal_value=0 0.00174083 0.00904045 0 0.0125998 0.0143942 -0.0087152 -0.000324194 0.016095 0.001362 0.00475498 0.00810645 -0.0110314
internal_weight=111.217 86.4878 32.196 54.2918 28.0862 26.8852 21.2681 24.7296 24.8671 33.0237 23.4531 19.4669 20.3969
internal_count=6349 4601 1570 3031 1465 1392 1344 1748 1329 1687 1262 1019 1308
is_linear=0
shrinkage=0.1


Tree=266
num_leaves=5
num_cat=0
split_feature=43 56 43 43
split_gain=4.66874e-05 0.128632 0.111496 0.00805224
threshold=-21.552886962890621 -87.440155029296861 -167.70867919921872 255.78527832031253
decision_type=2 2 2 2
left_child=1 -1 -3 -2
right_child=3 2 -4 -5
leaf_value=0 -0.0010070211683682535 0 0.0090004053933631558 0
leaf_weight=3.198777236044406 77.000164519995451 9.2578764806967211 27.245141879655421 7.7800438888370982
leaf_count=204 3776 355 1473 541
internal_value=0 0.000105301 0.00575099 0
internal_weight=124.482 39.7018 36.503 84.7802
internal_count=6349 2032 1828 4317
is_linear=0
shrinkage=0.1


Tree=267
num_leaves=8
num_cat=0
split_feature=64 59 30 59 30 64 31
split_gain=0.00440878 0.124115 0.339291 0.331293 0.0506502 0.035636 0.00468072
threshold=82.142059326171889 8.1702575683593768 38.750000000000007 83.631286621093764 41.649999618530281 89.598846435546889 44.350000381469734
decision_type=2 2 2 2 2 2 2
left_child=1 6 -3 -4 -2 -6 -1
right_child=4 2 3 -5 5 -7 -8
leaf_value=-0.0012605075369640287 0 0 0.021313005655511461 0 0 -0.0091408955297127038 0
leaf_weight=27.055904322944116 30.890176907996647 11.287836990086364 15.091629336355256 1.1344769606366742 1.8984718949068327 8.4510548177640867 10.523063421715049
leaf_count=1814 1426 232 824 27 70 1319 637
internal_value=0 0 0.00644097 0.0157718 -0.00100508 -0.00657068 0
internal_weight=106.333 65.0929 27.5139 16.2261 41.2397 10.3495 37.579
internal_count=6349 3534 1083 851 2815 1389 2451
is_linear=0
shrinkage=0.1


Tree=268
num_leaves=10
num_cat=0
split_feature=31 39 56 60 54 54 31 54 39
split_gain=0.021685 0.113958 0.229288 0.143009 0.209334 0.121086 0.106295 0.180529 0.00396081
threshold=33.750000000000007 0.47593392431735998 257.18066406250006 1.0000000180025095e-35 -231.49999999999997 153.00000000000003 12.400000095367433 -24.499999999999996 -0.17301486432552335
decision_type=2 2 2 2 2 2 2 2 2
left_child=6 -2 3 -3 -5 -6 -1 8 -8
right_child=1 2 -4 4 5 -7 7 -9 -10
leaf_value=0 0 0 0 0 -0.018691525938215357 0 0 0 0.012566165017880746
leaf_weight=17.954806279856712 22.981950402900111 6.5451919666957101 5.2922283036168656 3.3748947710264501 20.972089950111698 1.2718593683093775 3.3462846647016731 11.427464278647674 17.384667988866568
leaf_count=774 1287 622 183 163 1506 69 99 1032 614
internal_value=0 0 -0.00534694 -0.00996482 -0.0131729 -0.0167993 0.00203204 0.00608518 0.011548
internal_weight=110.551 60.4382 37.4563 32.164 25.6188 22.2439 50.1132 32.1584 20.731
internal_count=6349 3830 2543 2360 1738 1575 2519 1745 713
is_linear=0
shrinkage=0.1


Tree=269
num_leaves=1
num_cat=0
split_feature=
split_gain=
threshold=
decision_type=
left_child=
right_child=
leaf_value=0
leaf_weight=
leaf_count=6349
internal_value=
internal_weight=
internal_count=
is_linear=0
shrinkage=1


Tree=270
num_leaves=9
num_cat=0
split_feature=74 36 31 36 73 39 31 30
split_gain=0.00648957 0.110408 0.312741 0.173973 0.0530848 0.116595 0.0354064 0.349521
threshold=-78.499999999999986 1.5245010852813723 44.850000381469734 -0.31186059117317194 -3.4999999999999996 1.2243299484252932 33.95000076293946 37.250000000000007
decision_type=2 2 2 2 2 2 2 2
left_child=6 2 3 -2 -5 -6 -1 -8
right_child=1 -3 -4 4 5 -7 7 -9
leaf_value=0 0 0 0 0 -0.017281653683350183 0 0 0.013989206000002544
leaf_weight=5.3660717054735896 2.4106086608953765 27.24317468854133 13.756870902609078 12.203939490660554 23.48906602466014 1.3837865367531765 2.7236691892612752 17.266137049999088
leaf_count=789 82 1705 627 1077 1343 23 149 554
internal_value=0 -0.00088482 -0.00458331 -0.0101273 -0.0123649 -0.0155164 0 0.00397634
internal_weight=105.843 80.4874 53.2443 39.4874 37.0768 24.8729 25.3559 19.9898
internal_count=6349 4857 3152 2525 2443 1366 1492 703
is_linear=0
shrinkage=0.1


Tree=271
num_leaves=13
num_cat=0
split_feature=31 56 55 41 56 54 39 36 76 60 54 36
split_gain=0.0210588 0.222356 0.178278 0.156282 0.441109 0.10277 0.0903683 0.0440066 0.0403038 0.0376303 0.0281159 0.026217
threshold=41.95000076293946 114.89904785156251 69.977050781250014 -70.131011962890611 -41.193420410156243 153.00000000000003 -0.24542788416147229 1.1040354967117312 -48.211364746093743 145.82043457031253 298.50000000000006 2.1023437976837163
decision_type=2 2 2 2 2 2 2 2 2 2 2 2
left_child=1 3 -3 8 -5 -6 -4 -2 -1 -10 11 -8
right_child=7 2 6 4 5 -7 10 -9 9 -11 -12 -13
leaf_value=0 0 0 0 0 -0.016343905635579907 0 0.014079511461970316 -0.0052657102562358813 0.0066345243124953622 0 0 0
leaf_weight=3.9825751008465913 11.045408837730067 4.2062397031113496 2.1228713865857598 3.969641043222512 23.4619961475255 0.848902189405634 26.168824676307857 13.467656195338348 17.400973692303527 1.1759335417300452 1.096727673895656 1.090744389919563
leaf_count=245 265 109 68 236 1508 41 1427 1483 839 45 57 26
internal_value=0 0.00154757 0.00810126 0 -0.00692259 -0.0148379 0.0113244 0 0.00192376 0.0048594 0.0129024 0.0134946
internal_weight=110.038 85.5254 34.6854 50.84 28.2805 24.3109 30.4792 24.5131 22.5595 18.5769 28.3563 27.2596
internal_count=6349 4601 1687 2914 1785 1549 1578 1748 1129 884 1510 1453
is_linear=0
shrinkage=0.1


Tree=272
num_leaves=3
num_cat=0
split_feature=56 56
split_gain=3.13104e-05 0.0443061
threshold=214.6813659667969 -87.440155029296861
decision_type=2 2
left_child=1 -1
right_child=-2 -3
leaf_value=0 0 0.0019809042791627766
leaf_weight=3.1769667272455981 9.7269092937931401 110.58749800466467
leaf_count=204 895 5250
internal_value=0 5.1916e-05
internal_weight=123.491 113.764
internal_count=6349 5454
is_linear=0
shrinkage=0.1


Tree=273
num_leaves=5
num_cat=0
split_feature=37 37 39 31
split_gain=0.00324344 0.135813 0.0279387 0.0800328
threshold=1.1391464471817019 0.28273612260818487 0.64343363046646129 35.250000000000007
decision_type=2 2 2 2
left_child=1 -1 -2 -4
right_child=2 -3 3 -5
leaf_value=0 0 -0.0086446812761488152 0 0.0058189216124631266
leaf_weight=13.44450816139579 37.924608138506301 16.204370534047484 8.2627190725179371 29.484403187874705
leaf_count=676 2248 2000 461 964
internal_value=0 -0.00100594 0 0.0026379
internal_weight=105.321 29.6489 75.6717 37.7471
internal_count=6349 2676 3673 1425
is_linear=0
shrinkage=0.1


Tree=274
num_leaves=12
num_cat=0
split_feature=31 56 45 54 62 60 76 54 60 62 36
split_gain=0.0200729 0.180257 0.111309 0.0935987 0.0719055 0.0655951 0.0958793 0.0646814 0.0608382 0.0596066 0.0397215
threshold=41.95000076293946 124.04064941406251 -29.384063720703121 210.50000000000003 248.50000000000003 8.6736450195312518 -48.211364746093743 -114.49999999999999 331.23986816406256 -294.49999999999994 1.1040354967117312
decision_type=2 2 2 2 2 2 2 2 2 2 2
left_child=1 2 5 7 8 6 -1 -4 -3 -8 -2
right_child=10 4 3 -5 -6 -7 9 -9 -10 -11 -12
leaf_value=0 0 0.010894558268382395 0 0 0 0 0 -0.014103534004026136 0 0.010554371219247164 -0.0050131852497338307
leaf_weight=3.9473346460144958 11.021902634063737 25.658798312768347 9.2387554082088208 0.8008455210365345 1.1991381254047144 9.5648193072993291 1.1203103661537195 11.011481782712508 4.7659842125140122 17.690588282654065 13.401797113998326
leaf_count=243 265 1302 259 32 73 431 36 1073 195 957 1483
internal_value=0 0.00151546 0 -0.00680315 0.0076729 0.000890679 0.00521195 -0.0094465 0.00910645 0.00879856 0
internal_weight=109.422 84.9981 53.3741 21.0511 31.6239 32.3231 22.7582 20.2502 30.4248 18.8109 24.4237
internal_count=6349 4601 3031 1364 1570 1667 1236 1332 1497 993 1748
is_linear=0
shrinkage=0.1


Tree=275
num_leaves=1
num_cat=0
split_feature=
split_gain=
threshold=
decision_type=
left_child=
right_child=
leaf_value=0
leaf_weight=
leaf_count=6349
internal_value=
internal_weight=
internal_count=
is_linear=0
shrinkage=1


Tree=276
num_leaves=8
num_cat=0
split_feature=64 73 59 64 30 31 31
split_gain=0.00276665 0.164674 0.188826 0.124086 0.203611 0.107217 0.0494827
threshold=29.407806396484379 -39.499999999999993 29.206970214843754 -12.924774169921873 36.250000000000007 33.049999237060554 31.050000190734867
decision_type=2 2 2 2 2 2 2
left_child=3 -2 6 -1 -5 -6 -3
right_child=1 2 -4 4 5 -7 -8
leaf_value=0 0 0 0 0 0 0.014566080712152762 -0.016046139927360484
leaf_weight=10.70322347932961 22.829316859715618 1.1927668432472263 36.217458513448946 1.3953899741172815 1.2630719965673076 18.094932257779874 13.355235000606624
leaf_count=1334 1291 175 2213 53 207 590 486
internal_value=0 -0.000603358 -0.0056118 0 0.0073202 0.0122714 -0.0144973
internal_weight=105.051 73.5948 50.7655 31.4566 20.7534 19.358 14.548
internal_count=6349 4165 2874 2184 850 797 661
is_linear=0
shrinkage=0.1


Tree=277
num_leaves=13
num_cat=0
split_feature=31 56 45 39 36 54 60 76 36 54 54 39
split_gain=0.0141812 0.161905 0.0889004 0.0778726 0.0609915 0.0400789 0.0347699 0.0713304 0.0342679 0.0181244 0.0041995 0.00379973
threshold=41.95000076293946 112.11502075195314 -29.384063720703121 -0.24542788416147229 2.1378371715545659 153.00000000000003 8.6736450195312518 -48.211364746093743 1.1040354967117312 298.50000000000006 -409.49999999999994 -0.045751417055726044
decision_type=2 2 2 2 2 2 2 2 2 2 2 2
left_child=1 2 6 -3 9 -4 7 -1 -2 10 -5 -12
right_child=8 3 5 4 -6 -7 -8 -9 -10 -11 11 -13
leaf_value=0 0 0 -0.0081223808643855252 0 0 0 0 0.0071477177994386625 -0.0046644771215177457 0 0 0.010645782717037597
leaf_weight=3.9415479497984078 11.020512165268885 2.7540795395616433 17.146935247641526 1.1952955145388866 1.2047569837886829 0.81135821738280256 9.2378108962438983 18.364037818042565 13.346688642690422 1.0897889924235631 1.2041795873083234 27.691593254101463
leaf_count=243 265 83 1184 29 37 39 419 990 1483 57 51 1469
internal_value=0 0.0012764 0 0.00684854 0.00854399 -0.00660762 0 0.00375124 0 0.00968397 0.0101243 0.0103807
internal_weight=109.009 84.6414 49.5017 35.1397 32.3856 17.9583 31.5434 22.3056 24.3672 31.1809 30.0911 28.8958
internal_count=6349 4601 2875 1726 1643 1223 1652 1233 1748 1606 1549 1520
is_linear=0
shrinkage=0.1


Tree=278
num_leaves=4
num_cat=0
split_feature=43 43 43
split_gain=2.15405e-05 0.0347871 0.00871983
threshold=-21.552886962890621 -101.11257934570311 255.78527832031253
decision_type=2 2 2
left_child=1 -1 -2
right_child=2 -3 -4
leaf_value=0 -0.0010548858599281296 0.0039383384084716424 0
leaf_weight=19.10402374365367 75.957143410341814 20.038615209748968 7.6517628738656631
leaf_count=1007 3776 1025 541
internal_value=0 7.20051e-05 0
internal_weight=122.752 39.1426 83.6089
internal_count=6349 2032 4317
is_linear=0
shrinkage=0.1


Tree=279
num_leaves=8
num_cat=0
split_feature=30 31 30 30 64 74 64
split_gain=0.00236417 0.228103 0.106269 0.109863 0.0883096 0.142568 0.103552
threshold=37.750000000000007 36.350000381469734 42.049999237060554 39.049999237060554 230.72195434570315 -85.499999999999986 12.099060058593752
decision_type=2 2 2 2 2 2 2
left_child=4 -2 3 -3 5 -1 -7
right_child=1 2 -4 -5 -6 6 -8
leaf_value=0 -0.00017941449416050191 0 0 0.012556262315073627 0 0 -0.015529135397000541
leaf_weight=5.5697084167040911 29.898961846949533 21.184170343331061 2.5195505165029308 25.766881607938558 1.5802264194935549 6.5757007895736086 11.562601190293206
leaf_count=215 3026 627 92 1215 30 545 599
internal_value=0 0 0.00662967 0.00822971 -0.000923985 -0.00589286 -0.0106558
internal_weight=104.658 79.3696 49.4706 46.9511 25.2882 23.708 18.1383
internal_count=6349 4960 1934 1842 1389 1359 1144
is_linear=0
shrinkage=0.1


Tree=280
num_leaves=9
num_cat=0
split_feature=36 31 35 36 56 60 76 45
split_gain=0.0113439 0.109545 0.154423 0.119088 0.0237588 0.205376 0.124112 0.0446173
threshold=1.24363648891449 45.850000381469734 0.2407350763678551 1.0000000180025095e-35 227.74356079101565 37.788055419921882 130.16140747070315 -77.203552246093736
decision_type=2 2 2 2 2 2 2 2
left_child=1 2 -1 -4 5 -2 7 -7
right_child=4 -3 3 -5 -6 6 -8 -9
leaf_value=0 0 0 0 0.010498906914500646 0 0 0 -0.01464267838699982
leaf_weight=11.337473312392829 32.031141456391197 2.4669865018222472 2.9163271971046916 33.377298688050359 7.6622997205122365 1.9517833467107326 0.69480711512733151 16.153050182503648
leaf_count=423 2317 161 99 1500 418 78 31 1322
internal_value=0 0.00146992 0.0049154 0.00843478 0 -0.0021126 -0.0103955 -0.0131243
internal_weight=108.591 50.0981 47.6311 36.2936 58.4931 50.8308 18.7996 18.1048
internal_count=6349 2183 2022 1599 4166 3748 1431 1400
is_linear=0
shrinkage=0.1


Tree=281
num_leaves=4
num_cat=0
split_feature=43 43 43
split_gain=5.88033e-05 0.0332275 0.00776894
threshold=-21.552886962890621 -101.11257934570311 255.78527832031253
decision_type=2 2 2
left_child=1 -1 -2
right_child=2 -3 -4
leaf_value=0 -0.00099732867094834573 0.0038555496515213939 0
leaf_weight=19.059255864238366 75.70279462414328 19.988663228461519 7.6367143059615037
leaf_count=1007 3776 1025 541
internal_value=0 0.000119106 0
internal_weight=122.387 39.0479 83.3395
internal_count=6349 2032 4317
is_linear=0
shrinkage=0.1


Tree=282
num_leaves=8
num_cat=0
split_feature=74 59 31 31 30 30 30
split_gain=0.0018146 0.0907951 0.200826 0.0203499 0.305896 0.000642077 0.0747333
threshold=-78.499999999999986 23.248565673828129 45.850000381469734 33.95000076293946 37.250000000000007 37.750000000000007 48.750000000000007
decision_type=2 2 2 2 2 2 2
left_child=3 2 -2 -1 -5 -3 -7
right_child=1 5 -4 4 -6 6 -8
leaf_value=0 -0.010074847438307269 0 0 0 0.012972992600576114 0.0045004603771477796 0
leaf_weight=5.2691669437335831 26.50586974300677 8.9391172346658987 6.8249548845924428 2.6989128307905075 16.981619380181655 34.811435258830898 2.229492462007328
leaf_count=789 1601 467 463 149 554 1974 352
internal_value=0 -0.00047124 -0.00509081 0 0.00303559 0 0.000403461
internal_weight=104.261 79.3109 33.3308 24.9497 19.6805 45.98 37.0409
internal_count=6349 4857 2064 1492 703 2793 2326
is_linear=0
shrinkage=0.1


Tree=283
num_leaves=13
num_cat=0
split_feature=31 56 45 39 36 45 60 60 76 54 54 39
split_gain=0.0126481 0.148701 0.0769641 0.0732353 0.0568346 0.0359423 0.032189 0.029971 0.0678265 0.0160618 0.0033118 0.00310195
threshold=41.95000076293946 112.11502075195314 -29.384063720703121 -0.24542788416147229 2.1378371715545659 207.5476989746094 17.836975097656254 8.6736450195312518 -48.211364746093743 298.50000000000006 -409.49999999999994 -0.045751417055726044
decision_type=2 2 2 2 2 2 2 2 2 2 2 2
left_child=1 2 7 -3 9 -4 -2 8 -1 10 -5 -12
right_child=6 3 5 4 -6 -7 -8 -9 -10 -11 11 -13
leaf_value=0 0 0 -0.0076272947680622455 0 0 0 -0.0045312811372541437 0 0.0068789394617858549 0 0 0.010254411372904258
leaf_weight=3.9182199882343438 10.857032707950568 2.745104525005444 17.004501195624474 1.1875256001949335 1.1934004758950312 0.82934381277300318 13.273736460134385 9.1770370032172632 18.263998804846782 1.0806242888793338 1.2010295507498145 27.447923059109598
leaf_count=243 786 83 1156 29 37 67 962 419 990 57 51 1469
internal_value=0 0.00120955 0 0.00658064 0.00824429 -0.00616693 0 0 0.00349149 0.00935198 0.00976591 0.0100043
internal_weight=108.179 84.0487 49.1931 34.8556 32.1105 17.8338 24.1308 31.3593 22.1822 30.9171 29.8365 28.649
internal_count=6349 4601 2875 1726 1643 1223 1748 1652 1233 1606 1549 1520
is_linear=0
shrinkage=0.1


Tree=284
num_leaves=5
num_cat=0
split_feature=43 56 43 43
split_gain=1.44924e-05 0.122368 0.0948098 0.00596969
threshold=-21.552886962890621 -87.440155029296861 -167.70867919921872 255.78527832031253
decision_type=2 2 2 2
left_child=1 -1 -3 -2
right_child=3 2 -4 -5
leaf_value=0 -0.00087557077566668506 0 0.0086387767236366531 0
leaf_weight=3.1202765819616607 75.466444864403456 9.1083260066807252 26.699751145206392 7.5806318484246722
leaf_count=204 3776 355 1473 541
internal_value=0 5.92147e-05 0.0056593 0
internal_weight=121.975 38.9284 35.8081 83.0471
internal_count=6349 2032 1828 4317
is_linear=0
shrinkage=0.1


Tree=285
num_leaves=8
num_cat=0
split_feature=64 73 59 64 30 31 31
split_gain=0.00199119 0.15173 0.148672 0.101665 0.186009 0.0851185 0.0459615
threshold=29.407806396484379 -39.499999999999993 29.206970214843754 -12.924774169921873 36.250000000000007 33.350000381469734 31.050000190734867
decision_type=2 2 2 2 2 2 2
left_child=3 -2 6 -1 -5 -6 -3
right_child=1 2 -4 4 5 -7 -8
leaf_value=0 0 0 0 0 0 0.013592890251167073 -0.014999743865800472
leaf_weight=10.562404915806839 22.625273613026366 1.1825384920230124 35.892011656658724 1.377855254337194 1.3465938210138144 17.773014107602648 13.07963790046051
leaf_count=1334 1291 175 2213 53 220 577 486
internal_value=0 -0.000514633 -0.00540816 0 0.00666284 0.0115611 -0.0134703
internal_weight=103.839 72.7795 50.1542 31.0599 20.4975 19.1196 14.2622
internal_count=6349 4165 2874 2184 850 797 661
is_linear=0
shrinkage=0.1


Tree=286
num_leaves=10
num_cat=0
split_feature=31 56 39 39 60 54 64 54 54
split_gain=0.0106976 0.134199 0.0688312 0.0413924 0.0278482 0.0147827 0.00729863 0.475262 0.166544
threshold=41.95000076293946 114.89904785156251 -0.24542788416147229 2.3870964050292973 17.836975097656254 298.50000000000006 -14.809478759765623 -154.49999999999997 204.50000000000003
decision_type=2 2 2 2 2 2 2 2 2
left_child=1 6 -3 5 -2 -4 -1 -8 -9
right_child=4 2 3 -5 -6 -7 7 8 -10
leaf_value=0 0 0 0.0092870975497655172 0 -0.004221428392694529 0 0 -0.019561872187098199 0
leaf_weight=14.368154223542659 10.822552653611639 2.7377337759826323 28.889705419540412 1.2645798064768303 13.223776821396312 1.0805470147170115 20.19261942314915 14.559307530755177 0.63129219412803728
leaf_count=926 786 83 1522 25 962 57 696 1268 24
internal_value=0 0.00111448 0.00631135 0.00797103 0 0.00887722 0 -0.0013898 -0.0165613
internal_weight=107.77 83.7239 33.9726 31.2348 24.0463 29.9703 49.7514 35.3832 15.1906
internal_count=6349 4601 1687 1604 1748 1579 2914 1988 1292
is_linear=0
shrinkage=0.1


Tree=287
num_leaves=3
num_cat=0
split_feature=56 56
split_gain=1.06336e-05 0.0421979
threshold=214.6813659667969 -87.440155029296861
decision_type=2 2
left_child=1 -1
right_child=-2 -3
leaf_value=0 0 0.0019467858372760362
leaf_weight=3.1134033841080955 9.4737851066747663 108.96566336951219
leaf_count=204 895 5250
internal_value=0 3.0477e-05
internal_weight=121.553 112.079
internal_count=6349 5454
is_linear=0
shrinkage=0.1


Tree=288
num_leaves=7
num_cat=0
split_feature=39 74 39 59 64 30
split_gain=0.00128723 0.0657121 0.150846 0.0868586 0.0758342 0.0957531
threshold=0.72270750999450695 -55.499999999999993 -1.2555894851684568 51.984710693359382 -82.931060791015611 45.850000381469734
decision_type=2 2 2 2 2 2
left_child=1 -1 -3 4 -4 -6
right_child=-2 2 3 -5 5 -7
leaf_value=0 0 0 0 0 -0.013825173115536186 0
leaf_weight=20.289748943061568 37.410182341292966 2.0845883584115645 1.0121740216854984 17.862205147277564 22.515713294968013 2.2696960322791702
leaf_count=1191 1767 40 97 1441 1502 311
internal_value=0 -0.000433692 -0.00373033 -0.00687698 -0.0103946 -0.0118305
internal_weight=103.444 66.0341 45.7444 43.6598 25.7976 24.7854
internal_count=6349 4582 3391 3351 1910 1813
is_linear=0
shrinkage=0.1


Tree=289
num_leaves=8
num_cat=0
split_feature=31 64 76 36 54 64 45
split_gain=0.0130071 0.099487 0.178072 0.0238044 0.0111685 0.0101653 0.242943
threshold=41.95000076293946 66.697387695312514 55.773345947265632 1.1040354967117312 -396.49999999999994 -14.809478759765623 -64.497192382812486
decision_type=2 2 2 2 2 2 2
left_child=1 5 4 -2 -3 -1 -7
right_child=3 2 -4 -5 -6 6 -8
leaf_value=0 0 0 0 -0.0039168661030338555 0.012616085938760783 0 -0.012220483238936583
leaf_weight=14.369966320111415 10.829879550728949 1.7025189250707651 28.721514528035186 13.1126645191689 16.553902199550066 7.487855758983641 14.545096000365449
leaf_count=926 265 53 1619 1483 601 309 1093
internal_value=0 0.00123136 0.00477292 0 0.0118593 0 -0.00203959
internal_weight=107.323 83.3809 46.9779 23.9425 18.2564 36.4029 22.033
internal_count=6349 4601 2273 1748 654 2328 1402
is_linear=0
shrinkage=0.1


Tree=290
num_leaves=1
num_cat=0
split_feature=
split_gain=
threshold=
decision_type=
left_child=
right_child=
leaf_value=0
leaf_weight=
leaf_count=6349
internal_value=
internal_weight=
internal_count=
is_linear=0
shrinkage=1


Tree=291
num_leaves=6
num_cat=0
split_feature=37 37 31 30 37
split_gain=0.000271335 0.107798 0.0262923 0.248574 0.021832
threshold=1.1391464471817019 0.28273612260818487 37.95000076293946 37.649999618530281 7.2226018905639657
decision_type=2 2 2 2 2
left_child=1 -1 -2 -4 -5
right_child=2 -3 3 4 -6
leaf_value=0 0 -0.0077000125372712995 0 0.0093010820716310331 0
leaf_weight=13.107605202938432 25.838764578627888 15.823817408178 14.96052349579986 31.892978648887947 1.5633304736111302
leaf_count=676 1636 2000 794 1161 82
internal_value=0 -0.000294266 0 0.00227455 0.00875502
internal_weight=103.187 28.9314 74.2556 48.4168 33.4563
internal_count=6349 2676 3673 2037 1243
is_linear=0
shrinkage=0.1


Tree=292
num_leaves=12
num_cat=0
split_feature=60 64 64 64 60 76 64 60 64 36 36
split_gain=0.00743552 1.02343 0.268533 0.150253 0.40009 0.0752275 0.0605584 0.042381 0.0208115 0.000155507 0.00340507
threshold=27.402526855468754 49.804931640625007 -14.809478759765623 121.75363159179689 82.974365234375014 81.621154785156264 36.303253173828132 -58.631256103515618 45.839080810546882 1.4177653789520266 -0.31186059117317194
decision_type=2 2 2 2 2 2 2 2 2 2 2
left_child=1 2 -1 4 5 6 -2 -4 -9 10 -5
right_child=3 -3 7 9 -6 -7 -8 8 -10 -11 -12
leaf_value=0 0 0.024002034682708812 0 0 0 0 -0.020095383982179887 -0.012201652045830805 0 0 0.0012276193692215319
leaf_weight=15.154111415613441 0.784025008673784 15.490617091068996 1.1192704406566942 1.1363802775740648 3.9261831729090764 0.98020198941230852 14.587421928183174 19.877986963198058 1.3935792056145135 11.338095556944607 21.222776681766845
leaf_count=1303 48 431 42 35 176 23 1062 1157 46 938 1088
internal_value=0 0.00115811 0 0 -0.00813914 -0.01713 -0.0187601 -0.010407 -0.0114598 0 0.000250598
internal_weight=107.011 53.0356 37.5449 53.9751 20.2778 16.3516 15.3714 22.3908 21.2716 33.6973 22.3592
internal_count=6349 2979 2548 3370 1309 1133 1110 1245 1203 2061 1123
is_linear=0
shrinkage=0.1


Tree=293
num_leaves=1
num_cat=0
split_feature=
split_gain=
threshold=
decision_type=
left_child=
right_child=
leaf_value=0
leaf_weight=
leaf_count=6349
internal_value=
internal_weight=
internal_count=
is_linear=0
shrinkage=1


Tree=294
num_leaves=12
num_cat=0
split_feature=31 30 39 30 59 30 37 64 59 39 64
split_gain=0.000686281 0.362992 0.211086 0.16404 0.328986 0.10491 0.380421 0.239266 0.0795381 0.0122615 0.010164
threshold=44.850000381469734 39.049999237060554 -0.51205381751060475 36.049999237060554 175.71365356445315 42.049999237060554 2.303879022598267 293.24383544921881 169.65567016601565 1.7877032160758974 89.598846435546889
decision_type=2 2 2 2 2 2 2 2 2 2 2
left_child=1 2 -1 -2 -5 6 7 -3 9 -4 -7
right_child=3 5 8 4 -6 10 -8 -9 -10 -11 -12
leaf_value=0 0 0.019229476131328915 -0.019701702058546551 0.014943722072489583 0 0 0 0 0 0 -0.0032089188162253905
leaf_weight=1.2792884800583149 5.1115236927289542 17.192377466475598 14.769177244044846 19.674283402971927 1.9356498490087677 19.816261018102526 11.064432318904435 1.4761673104949284 1.4289063306059677 1.539002876728772 7.4673153485637149
leaf_count=19 637 977 635 584 100 1520 504 47 34 13 1279
internal_value=0 -0.000295796 -0.0130302 0 0.00826512 0 0.00571359 0.0151763 -0.0168931 -0.0186997 0
internal_weight=102.754 76.0329 19.0164 26.7215 21.6099 57.0166 29.733 18.6685 17.7371 16.3082 27.2836
internal_count=6349 5028 701 1321 684 4327 1528 1024 682 648 2799
is_linear=0
shrinkage=0.1


Tree=295
num_leaves=7
num_cat=0
split_feature=31 64 60 60 64 45
split_gain=0.0136595 0.0829459 0.231209 0.0188513 0.00314057 0.20822
threshold=41.95000076293946 66.697387695312514 38.144470214843757 17.836975097656254 -14.809478759765623 -64.497192382812486
decision_type=2 2 2 2 2 2
left_child=1 4 -3 -2 -1 -6
right_child=3 2 -4 -5 5 -7
leaf_value=0 0 0.014949900249748439 0 -0.0034934043826479536 0 -0.011243284682259389
leaf_weight=14.336265702149829 10.621504685434049 12.264002880430779 34.301432854961604 13.043642758100757 7.4614647489506742 14.316721629700625
leaf_count=926 786 389 1884 962 309 1093
internal_value=0 0.00126706 0.00444162 0 0 -0.00113963
internal_weight=106.345 82.6799 46.5654 23.6651 36.1145 21.7782
internal_count=6349 4601 2273 1748 2328 1402
is_linear=0
shrinkage=0.1


Tree=296
num_leaves=1
num_cat=0
split_feature=
split_gain=
threshold=
decision_type=
left_child=
right_child=
leaf_value=0
leaf_weight=
leaf_count=6349
internal_value=
internal_weight=
internal_count=
is_linear=0
shrinkage=1


Tree=297
num_leaves=5
num_cat=0
split_feature=39 73 64 74
split_gain=0.00180474 0.0898238 0.175363 0.0884185
threshold=0.72270750999450695 -30.499999999999996 27.360504150390629 -26.499999999999996
decision_type=2 2 2 2
left_child=1 -1 -3 -4
right_child=-2 2 3 -5
leaf_value=0 0 0 0 -0.011560975717098805
leaf_weight=20.031752140726894 36.946369518875144 15.059577173087744 5.8427295540459481 24.188010653597303
leaf_count=1236 1767 1325 341 1680
internal_value=0 -0.000516979 -0.00439236 -0.00907294
internal_weight=102.068 65.1221 45.0903 30.0307
internal_count=6349 4582 3346 2021
is_linear=0
shrinkage=0.1


Tree=298
num_leaves=9
num_cat=0
split_feature=36 35 36 54 76 76 54 54
split_gain=0.00774729 0.0896075 0.100961 0.00835925 0.0783025 0.0421033 0.0194251 0.0228542
threshold=1.24363648891449 0.2407350763678551 -0.31186059117317194 -183.49999999999997 142.39093017578128 -4.7984619140624991 -161.49999999999997 210.50000000000003
decision_type=2 2 2 2 2 2 2 2
left_child=1 -1 -3 -2 5 -5 -7 -8
right_child=3 2 -4 4 -6 6 7 -9
leaf_value=0 0 0 0.0073701016331986016 0 0 0 -0.0085457650883173277 0
leaf_weight=11.903332783258518 17.202633364358917 2.757761522778309 34.106525285402313 8.8135074282181431 5.5038585456786668 1.589995395974255 21.017727455240681 2.934490096056833
leaf_count=458 664 101 1624 924 266 70 2083 159
internal_value=0 0.00123045 0.00497922 0 -0.00140638 -0.00485547 -0.00678801 -0.00749848
internal_weight=105.83 48.7676 36.8643 57.0622 39.8596 34.3557 25.5422 23.9522
internal_count=6349 2183 1725 4166 3502 3236 2312 2242
is_linear=0
shrinkage=0.1


Tree=299
num_leaves=1
num_cat=0
split_feature=
split_gain=
threshold=
decision_type=
left_child=
right_child=
leaf_value=0
leaf_weight=
leaf_count=6349
internal_value=
internal_weight=
internal_count=
is_linear=0
shrinkage=1


Tree=300
num_leaves=7
num_cat=0
split_feature=39 74 39 30 64 64
split_gain=0.000356914 0.047723 0.0930579 0.17469 0.179094 0.0124985
threshold=0.72270750999450695 -95.499999999999986 -1.2555894851684568 40.250000000000007 -82.931060791015611 237.0718688964844
decision_type=2 2 2 2 2 2
left_child=1 -1 -3 4 -4 -6
right_child=-2 2 3 -5 5 -7
leaf_value=0 0 0 0 0 -0.013960869544666963 0
leaf_weight=10.442602611379696 36.93216607713839 2.5346096933353683 0.97047080099582927 26.020403383939993 23.630813046125699 1.3437026720494021
leaf_count=630 1767 63 15 2138 1671 65
internal_value=0 -0.000230211 -0.00290679 -0.00509503 -0.0105551 -0.0134452
internal_weight=101.875 64.9426 54.5 51.9654 25.945 24.9745
internal_count=6349 4582 3952 3889 1751 1736
is_linear=0
shrinkage=0.1


Tree=301
num_leaves=8
num_cat=0
split_feature=31 36 39 60 36 39 76
split_gain=0.0128023 0.070995 0.1147 0.0180852 0.0139852 0.0191291 0.0144707
threshold=41.95000076293946 1.518203139305115 -0.045751417055726044 17.836975097656254 1.0000000180025095e-35 1.576711177825928 -48.211364746093743
decision_type=2 2 2 2 2 2 2
left_child=1 2 -1 -2 -4 6 -6
right_child=3 -3 4 -5 5 -7 -8
leaf_value=0 0 0 0 -0.0034306826420800901 0 0 0.006896301557909915
leaf_weight=5.6451780823990694 10.524147397431081 21.326261253852863 1.6400378459366027 12.962728128593879 3.1162514667958012 1.0736927818506945 49.339128557709046
leaf_count=202 786 1530 69 962 173 30 2597
internal_value=0 0.00123056 0.00364079 0 0.00587177 0.00616353 0.00649766
internal_weight=105.627 82.1405 60.8143 23.4869 55.1691 53.5291 52.4554
internal_count=6349 4601 3071 1748 2869 2800 2770
is_linear=0
shrinkage=0.1


Tree=302
num_leaves=1
num_cat=0
split_feature=
split_gain=
threshold=
decision_type=
left_child=
right_child=
leaf_value=0
leaf_weight=
leaf_count=6349
internal_value=
internal_weight=
internal_count=
is_linear=0
shrinkage=1


Tree=303
num_leaves=1
num_cat=0
split_feature=
split_gain=
threshold=
decision_type=
left_child=
right_child=
leaf_value=0
leaf_weight=
leaf_count=6349
internal_value=
internal_weight=
internal_count=
is_linear=0
shrinkage=1


Tree=304
num_leaves=8
num_cat=0
split_feature=31 36 39 60 36 39 76
split_gain=0.00712307 0.0594656 0.103975 0.0170435 0.0125922 0.0175219 0.0125966
threshold=41.95000076293946 1.518203139305115 -0.045751417055726044 17.836975097656254 1.0000000180025095e-35 1.576711177825928 -48.211364746093743
decision_type=2 2 2 2 2 2 2
left_child=1 2 -1 -2 -4 6 -6
right_child=3 -3 4 -5 5 -7 -8
leaf_value=0 0 0 0 -0.0033332328839769756 0 0 0.0064265553017979898
leaf_weight=5.642781557980924 10.510506864404308 21.31555700750323 1.6400378459366027 12.936697297554927 3.1162545811384907 1.0736927818506945 49.236243110324722
leaf_count=202 786 1530 69 962 173 30 2597
internal_value=0 0.000918524 0.0032482 0 0.00544784 0.00572768 0.00605389
internal_weight=105.472 82.0246 60.709 23.4472 55.0662 53.4262 52.3525
internal_count=6349 4601 3071 1748 2869 2800 2770
is_linear=0
shrinkage=0.1


Tree=305
num_leaves=4
num_cat=0
split_feature=43 43 43
split_gain=2.57063e-06 0.0240704 0.00915842
threshold=-21.552886962890621 -101.11257934570311 255.78527832031253
decision_type=2 2 2
left_child=1 -1 -2
right_child=2 -3 -4
leaf_value=0 -0.0010937863171547133 0.0033130723319770385 0
leaf_weight=18.714948124019429 74.148488794686273 19.528105165110901 7.4761879644356659
leaf_count=1007 3776 1025 541
internal_value=0 2.51483e-05 0
internal_weight=119.868 38.2431 81.6247
internal_count=6349 2032 4317
is_linear=0
shrinkage=0.1


Tree=306
num_leaves=1
num_cat=0
split_feature=
split_gain=
threshold=
decision_type=
left_child=
right_child=
leaf_value=0
leaf_weight=
leaf_count=6349
internal_value=
internal_weight=
internal_count=
is_linear=0
shrinkage=1


Tree=307
num_leaves=7
num_cat=0
split_feature=31 36 39 36 36 39
split_gain=0.00387267 0.0500508 0.0947934 0.015535 0.0114849 0.016071
threshold=41.95000076293946 1.518203139305115 -0.045751417055726044 1.1040354967117312 1.0000000180025095e-35 1.576711177825928
decision_type=2 2 2 2 2 2
left_child=1 2 -1 -2 -4 -6
right_child=3 -3 4 -5 5 -7
leaf_value=0 0 0 0 -0.0031938799303667651 0.0056777086516374576 0
leaf_weight=5.6385618059430263 10.59478586073965 21.307561568857636 1.6394462618045498 12.825707352720199 52.277990461327136 1.0729025641921897
leaf_count=202 265 1530 69 1483 2770 30
internal_value=0 0.000677624 0.00292488 0 0.00509036 0.00536037
internal_weight=105.357 81.9365 60.6289 23.4205 54.9903 53.3509
internal_count=6349 4601 3071 1748 2869 2800
is_linear=0
shrinkage=0.1


Tree=308
num_leaves=4
num_cat=0
split_feature=43 43 43
split_gain=9.20894e-06 0.0225773 0.00713414
threshold=-21.552886962890621 -101.11257934570311 255.78527832031253
decision_type=2 2 2
left_child=1 -1 -2
right_child=2 -3 -4
leaf_value=0 -0.00096558134375624078 0.0032101383618191683 0
leaf_weight=18.677736486308277 74.114743496407755 19.514680985594168 7.4689863389357916
leaf_count=1007 3776 1025 541
internal_value=0 4.76282e-05 0
internal_weight=119.776 38.1924 81.5837
internal_count=6349 2032 4317
is_linear=0
shrinkage=0.1


Tree=309
num_leaves=1
num_cat=0
split_feature=
split_gain=
threshold=
decision_type=
left_child=
right_child=
leaf_value=0
leaf_weight=
leaf_count=6349
internal_value=
internal_weight=
internal_count=
is_linear=0
shrinkage=1


Tree=310
num_leaves=7
num_cat=0
split_feature=31 36 39 60 36 39
split_gain=0.00172801 0.0415722 0.0863387 0.0145666 0.0104815 0.0147492
threshold=41.95000076293946 1.518203139305115 -0.045751417055726044 17.836975097656254 1.0000000180025095e-35 1.576711177825928
decision_type=2 2 2 2 2 2
left_child=1 2 -1 -2 -4 -6
right_child=3 -3 4 -5 5 -7
leaf_value=0 0 0 0 -0.0030853527719583384 0.0053250323549714129 0
leaf_weight=5.6344529420603058 10.495630214107225 21.29996005265275 1.638903057319111 12.898680356389375 52.212876121862791 1.072144740493967
leaf_count=202 786 1530 69 962 2770 30
internal_value=0 0.000452853 0.00262245 0 0.0047554 0.00501613
internal_weight=105.253 81.8583 60.5584 23.3943 54.9239 53.285
internal_count=6349 4601 3071 1748 2869 2800
is_linear=0
shrinkage=0.1


Tree=311
num_leaves=7
num_cat=0
split_feature=43 43 60 60 43 60
split_gain=2.04878e-05 0.0209766 0.0222349 0.00647773 0.030227 0.0324755
threshold=-21.552886962890621 -101.11257934570311 -65.347534179687486 211.34890747070315 255.78527832031253 -13.371429443359373
decision_type=2 2 2 2 2 2
left_child=1 -1 -3 4 5 -2
right_child=3 2 -4 -5 -6 -7
leaf_value=0 0 0 0.0045566365678499279 0 0 -0.0031194670844196404
leaf_weight=18.644907287554815 1.8379561956971873 1.080570588819685 18.418344766134396 7.7648386151995501 3.259031103225424 68.688771621673368
leaf_count=1007 32 70 955 465 246 3574
internal_value=0 7.10833e-05 0.00309624 0 -0.000922072 -0.00224341
internal_weight=119.694 38.1438 19.4989 81.5506 73.7858 70.5267
internal_count=6349 2032 1025 4317 3852 3606
is_linear=0
shrinkage=0.1


Tree=312
num_leaves=1
num_cat=0
split_feature=
split_gain=
threshold=
decision_type=
left_child=
right_child=
leaf_value=0
leaf_weight=
leaf_count=6349
internal_value=
internal_weight=
internal_count=
is_linear=0
shrinkage=1


Tree=313
num_leaves=6
num_cat=0
split_feature=60 60 60 36 36
split_gain=0.000277237 0.0764947 0.0514786 0.0473347 0.0428894
threshold=27.402526855468754 84.436340332031264 -13.371429443359373 1.0000000180025095e-35 1.7716801762580874
decision_type=2 2 2 2 2
left_child=2 -2 -1 -4 -5
right_child=1 -3 3 4 -6
leaf_value=0 -0.0052938227694994695 0 0 0.0066531718122780914 0
leaf_weight=13.468156213813925 24.892262150126044 28.281167192268185 2.7278358848998314 29.671859889640473 6.0959217472118317
leaf_count=1229 1725 1645 96 1268 386
internal_value=0 0 0.000225817 0.00355732 0.00509505
internal_weight=105.137 53.1734 51.9638 38.4956 35.7678
internal_count=6349 3370 2979 1750 1654
is_linear=0
shrinkage=0.1


Tree=314
num_leaves=8
num_cat=0
split_feature=68 56 43 43 43 56 56
split_gain=0.000254919 0.369538 0.274285 0.12703 0.0104969 0.00500751 0.0495485
threshold=64.158569335937514 209.57446289062503 -77.845489501953111 -28.260040283203121 113.63375854492189 -87.440155029296861 42.992706298828132
decision_type=2 2 2 2 2 2 2
left_child=3 2 -2 5 -5 -1 -7
right_child=1 -3 -4 4 -6 6 -8
leaf_value=0 0 0 0.012866124792976203 -0.0056119900889535302 0 0.0055839701060882239 0
leaf_weight=3.0441558719612685 11.638007939793168 9.9127194604370725 36.504982760874555 41.26367916946765 1.0552186537533987 15.093348464695739 1.0642529989127059
leaf_count=204 401 945 1413 2180 34 1112 60
internal_value=0 0.000205339 0.00855331 0 -0.00532956 0 0.00164252
internal_weight=119.576 58.0557 48.143 61.5207 42.3189 19.2018 16.1576
internal_count=6349 2759 1814 3590 2214 1376 1172
is_linear=0
shrinkage=0.1


Tree=315
num_leaves=1
num_cat=0
split_feature=
split_gain=
threshold=
decision_type=
left_child=
right_child=
leaf_value=0
leaf_weight=
leaf_count=6349
internal_value=
internal_weight=
internal_count=
is_linear=0
shrinkage=1


Tree=316
num_leaves=6
num_cat=0
split_feature=39 39 36 36 36
split_gain=0.000872768 0.0981623 0.0892867 0.0199755 0.0023132
threshold=0.52268582582473766 -0.045751417055726044 1.5790404081344607 1.1864733695983889 4.6926918029785165
decision_type=2 2 2 2 2
left_child=1 -1 -3 -2 -5
right_child=3 2 -4 4 -6
leaf_value=0 0 0.0072612584916044989 0 -0.0023653625746489671 0
leaf_weight=10.318951932014896 17.671382516273297 33.313794995599892 4.9726489690947338 37.433882697368972 1.1502787059871469
leaf_count=357 678 1952 423 2890 49
internal_value=0 0.000413644 0.00493346 0 -0.00220761
internal_weight=104.861 48.6054 38.2864 56.2555 38.5842
internal_count=6349 2732 2375 3617 2939
is_linear=0
shrinkage=0.1


Tree=317
num_leaves=1
num_cat=0
split_feature=
split_gain=
threshold=
decision_type=
left_child=
right_child=
leaf_value=0
leaf_weight=
leaf_count=6349
internal_value=
internal_weight=
internal_count=
is_linear=0
shrinkage=1


Tree=318
num_leaves=1
num_cat=0
split_feature=
split_gain=
threshold=
decision_type=
left_child=
right_child=
leaf_value=0
leaf_weight=
leaf_count=6349
internal_value=
internal_weight=
internal_count=
is_linear=0
shrinkage=1


Tree=319
num_leaves=5
num_cat=0
split_feature=31 39 31 39
split_gain=0.000939279 0.0756698 0.0642834 0.0451688
threshold=33.750000000000007 0.47593392431735998 12.400000095367433 1.0000000180025095e-35
decision_type=2 2 2 2
left_child=2 -2 -1 -4
right_child=1 -3 3 -5
leaf_value=0 0 -0.0044714316704502375 0 0.0062914566169321173
leaf_weight=17.098460323642939 21.683664254902396 35.443494381615892 5.050983019173148 25.485647306428291
leaf_count=774 1287 2543 175 1570
internal_value=0 0 0.000433257 0.00444977
internal_weight=104.762 57.1272 47.6351 30.5366
internal_count=6349 3830 2519 1745
is_linear=0
shrinkage=0.1


Tree=320
num_leaves=4
num_cat=0
split_feature=56 56 56
split_gain=4.20407e-06 0.0400047 0.00053021
threshold=223.13342285156253 -87.440155029296861 209.57446289062503
decision_type=2 2 2
left_child=1 -1 -3
right_child=-2 2 -4
leaf_value=0 0 0.0019313816884742336 0
leaf_weight=3.0362365716136983 8.3008669344708306 106.2737581403926 1.600880890386178
leaf_count=204 820 5200 125
internal_value=0 1.92616e-05 0.00190473
internal_weight=119.212 110.911 107.875
internal_count=6349 5529 5325
is_linear=0
shrinkage=0.1


Tree=321
num_leaves=1
num_cat=0
split_feature=
split_gain=
threshold=
decision_type=
left_child=
right_child=
leaf_value=0
leaf_weight=
leaf_count=6349
internal_value=
internal_weight=
internal_count=
is_linear=0
shrinkage=1


Tree=322
num_leaves=5
num_cat=0
split_feature=31 31 31 39
split_gain=0.000460059 0.0300821 0.0274313 0.0416474
threshold=41.95000076293946 12.400000095367433 33.750000000000007 1.0000000180025095e-35
decision_type=2 2 2 2
left_child=1 -1 3 -3
right_child=-2 2 -4 -5
leaf_value=0 0 0 0 0.0059818995436728443
leaf_weight=17.089012634474784 23.217182229913305 5.048592594452205 33.856736909132451 25.436839237576351
leaf_count=774 1748 175 2082 1570
internal_value=0 0.000234259 0.00213914 0.00419847
internal_weight=104.648 81.4312 64.3422 30.4854
internal_count=6349 4601 3827 1745
is_linear=0
shrinkage=0.1


Tree=323
num_leaves=1
num_cat=0
split_feature=
split_gain=
threshold=
decision_type=
left_child=
right_child=
leaf_value=0
leaf_weight=
leaf_count=6349
internal_value=
internal_weight=
internal_count=
is_linear=0
shrinkage=1


Tree=324
num_leaves=1
num_cat=0
split_feature=
split_gain=
threshold=
decision_type=
left_child=
right_child=
leaf_value=0
leaf_weight=
leaf_count=6349
internal_value=
internal_weight=
internal_count=
is_linear=0
shrinkage=1


Tree=325
num_leaves=5
num_cat=0
split_feature=31 31 31 39
split_gain=0.000107825 0.0262721 0.0234712 0.0381706
threshold=41.95000076293946 12.400000095367433 33.750000000000007 1.0000000180025095e-35
decision_type=2 2 2 2
left_child=1 -1 3 -3
right_child=-2 2 -4 -5
leaf_value=0 0 0 0 0.0056278707906143345
leaf_weight=17.089012634474784 23.217182229913305 5.048592594452205 33.856736909132451 25.387452639755793
leaf_count=774 1748 175 2082 1570
internal_value=0 0.000113442 0.00198878 0.00389618
internal_weight=104.599 81.3818 64.2928 30.436
internal_count=6349 4601 3827 1745
is_linear=0
shrinkage=0.1


Tree=326
num_leaves=1
num_cat=0
split_feature=
split_gain=
threshold=
decision_type=
left_child=
right_child=
leaf_value=0
leaf_weight=
leaf_count=6349
internal_value=
internal_weight=
internal_count=
is_linear=0
shrinkage=1


Tree=327
num_leaves=1
num_cat=0
split_feature=
split_gain=
threshold=
decision_type=
left_child=
right_child=
leaf_value=0
leaf_weight=
leaf_count=6349
internal_value=
internal_weight=
internal_count=
is_linear=0
shrinkage=1


Tree=328
num_leaves=1
num_cat=0
split_feature=
split_gain=
threshold=
decision_type=
left_child=
right_child=
leaf_value=0
leaf_weight=
leaf_count=6349
internal_value=
internal_weight=
internal_count=
is_linear=0
shrinkage=1


Tree=329
num_leaves=4
num_cat=0
split_feature=56 56 56
split_gain=4.63526e-06 0.0397754 0.0003337
threshold=223.13342285156253 -87.440155029296861 209.57446289062503
decision_type=2 2 2
left_child=1 -1 -3
right_child=-2 2 -4
leaf_value=0 0 0.0019218077006614119 0
leaf_weight=3.0247477623634031 8.2624910748563689 106.20748095505405 1.5923813430126745
leaf_count=204 820 5200 125
internal_value=0 2.0233e-05 0.00189992
internal_weight=119.087 110.825 107.8
internal_count=6349 5529 5325
is_linear=0
shrinkage=0.1


Tree=330
num_leaves=1
num_cat=0
split_feature=
split_gain=
threshold=
decision_type=
left_child=
right_child=
leaf_value=0
leaf_weight=
leaf_count=6349
internal_value=
internal_weight=
internal_count=
is_linear=0
shrinkage=1


Tree=331
num_leaves=4
num_cat=0
split_feature=31 31 31
split_gain=3.27404e-05 0.0240249 0.0202948
threshold=41.95000076293946 12.400000095367433 33.750000000000007
decision_type=2 2 2
left_child=1 -1 -3
right_child=-2 2 -4
leaf_value=0 0 0.0036775300771279794 0
leaf_weight=17.079649950726889 23.212480679212604 30.391477393801324 33.855796581425238
leaf_count=774 1748 1745 2082
internal_value=0 6.25318e-05 0.00189987
internal_weight=104.539 81.3269 64.2473
internal_count=6349 4601 3827
is_linear=0
shrinkage=0.1


Tree=332
num_leaves=1
num_cat=0
split_feature=
split_gain=
threshold=
decision_type=
left_child=
right_child=
leaf_value=0
leaf_weight=
leaf_count=6349
internal_value=
internal_weight=
internal_count=
is_linear=0
shrinkage=1


Tree=333
num_leaves=1
num_cat=0
split_feature=
split_gain=
threshold=
decision_type=
left_child=
right_child=
leaf_value=0
leaf_weight=
leaf_count=6349
internal_value=
internal_weight=
internal_count=
is_linear=0
shrinkage=1


Tree=334
num_leaves=1
num_cat=0
split_feature=
split_gain=
threshold=
decision_type=
left_child=
right_child=
leaf_value=0
leaf_weight=
leaf_count=6349
internal_value=
internal_weight=
internal_count=
is_linear=0
shrinkage=1


Tree=335
num_leaves=4
num_cat=0
split_feature=60 60 60
split_gain=8.50799e-06 0.0683433 0.0228373
threshold=208.07672119140628 -12.675872802734373 409.82980346679693
decision_type=2 2 2
left_child=1 -1 -2
right_child=2 -3 -4
leaf_value=0 0.0038050123739549763 -0.0027635349319853845 0
leaf_weight=17.383558956207708 13.376194229116662 87.084874584223144 1.2141036577522744
leaf_count=1254 574 4425 96
internal_value=0 0 7.07571e-05
internal_weight=119.059 104.468 14.5903
internal_count=6349 5679 670
is_linear=0
shrinkage=0.1


Tree=336
num_leaves=1
num_cat=0
split_feature=
split_gain=
threshold=
decision_type=
left_child=
right_child=
leaf_value=0
leaf_weight=
leaf_count=6349
internal_value=
internal_weight=
internal_count=
is_linear=0
shrinkage=1


Tree=337
num_leaves=1
num_cat=0
split_feature=
split_gain=
threshold=
decision_type=
left_child=
right_child=
leaf_value=0
leaf_weight=
leaf_count=6349
internal_value=
internal_weight=
internal_count=
is_linear=0
shrinkage=1


Tree=338
num_leaves=4
num_cat=0
split_feature=56 56 56
split_gain=2.92147e-05 0.0410404 0.000322354
threshold=223.13342285156253 -87.440155029296861 209.57446289062503
decision_type=2 2 2
left_child=1 -1 -3
right_child=-2 2 -4
leaf_value=0 0 0.00195276854405285 0
leaf_weight=3.0223983046598724 8.2444549362407979 106.1428893544944 1.5864847442135204
leaf_count=204 820 5200 125
internal_value=0 5.08117e-05 0.00193109
internal_weight=118.996 110.752 107.729
internal_count=6349 5529 5325
is_linear=0
shrinkage=0.1


Tree=339
num_leaves=1
num_cat=0
split_feature=
split_gain=
threshold=
decision_type=
left_child=
right_child=
leaf_value=0
leaf_weight=
leaf_count=6349
internal_value=
internal_weight=
internal_count=
is_linear=0
shrinkage=1


Tree=340
num_leaves=4
num_cat=0
split_feature=31 31 31
split_gain=7.72818e-08 0.0216546 0.0182302
threshold=41.95000076293946 12.400000095367433 33.750000000000007
decision_type=2 2 2
left_child=1 -1 -3
right_child=-2 2 -4
leaf_value=0 0 0.0034896443149583841 0
leaf_weight=17.062926559709013 23.205252019630279 30.349255244247615 33.853115537145641
leaf_count=774 1748 1745 2082
internal_value=0 3.03919e-06 0.0018031
internal_weight=104.471 81.2653 64.2024
internal_count=6349 4601 3827
is_linear=0
shrinkage=0.1


Tree=341
num_leaves=1
num_cat=0
split_feature=
split_gain=
threshold=
decision_type=
left_child=
right_child=
leaf_value=0
leaf_weight=
leaf_count=6349
internal_value=
internal_weight=
internal_count=
is_linear=0
shrinkage=1


end of trees

feature_importances:
Column_31=544
Column_30=443
Column_56=290
Column_60=279
Column_39=252
Column_36=242
Column_37=206
Column_34=201
Column_64=198
Column_68=151
Column_43=141
Column_76=127
Column_44=114
Column_54=114
Column_59=111
Column_41=102
Column_74=101
Column_33=100
Column_66=89
Column_62=82
Column_63=74
Column_55=70
Column_46=69
Column_40=67
Column_42=67
Column_51=65
Column_45=61
Column_67=61
Column_38=58
Column_52=54
Column_26=53
Column_24=48
Column_70=48
Column_72=47
Column_48=45
Column_71=42
Column_47=41
Column_0=40
Column_65=38
Column_75=38
Column_27=37
Column_35=35
Column_50=32
Column_53=31
Column_61=30
Column_16=29
Column_18=29
Column_58=29
Column_28=28
Column_73=27
Column_1=25
Column_2=21
Column_49=21
Column_21=19
Column_22=18
Column_69=16
Column_8=15
Column_29=14
Column_3=13
Column_23=11
Column_9=10
Column_20=8
Column_5=7
Column_11=7
Column_25=6
Column_14=5
Column_32=5
Column_6=4
Column_7=4
Column_15=4
Column_57=4
Column_4=3
Column_17=3
Column_19=3
Column_13=1

parameters:
[boosting: gbdt]
[objective: multiclass]
[metric: multi_logloss]
[tree_learner: serial]
[device_type: cpu]
[data_sample_strategy: bagging]
[data: ]
[valid: ]
[num_iterations: 1194]
[learning_rate: 0.1]
[num_leaves: 440]
[num_threads: -1]
[seed: 0]
[deterministic: 0]
[force_col_wise: 0]
[force_row_wise: 0]
[histogram_pool_size: -1]
[max_depth: -1]
[min_data_in_leaf: 54]
[min_sum_hessian_in_leaf: 0.001]
[bagging_fraction: 0.716002]
[pos_bagging_fraction: 1]
[neg_bagging_fraction: 1]
[bagging_freq: 0]
[bagging_seed: 3]
[bagging_by_query: 0]
[feature_fraction: 0.865157]
[feature_fraction_bynode: 1]
[feature_fraction_seed: 2]
[extra_trees: 0]
[extra_seed: 6]
[early_stopping_round: 0]
[early_stopping_min_delta: 0]
[first_metric_only: 0]
[max_delta_step: 0]
[lambda_l1: 4.82183]
[lambda_l2: 2.40335]
[linear_lambda: 0]
[min_gain_to_split: 0]
[drop_rate: 0.1]
[max_drop: 50]
[skip_drop: 0.5]
[xgboost_dart_mode: 0]
[uniform_drop: 0]
[drop_seed: 4]
[top_rate: 0.2]
[other_rate: 0.1]
[min_data_per_group: 100]
[max_cat_threshold: 32]
[cat_l2: 10]
[cat_smooth: 10]
[max_cat_to_onehot: 4]
[top_k: 20]
[monotone_constraints: ]
[monotone_constraints_method: basic]
[monotone_penalty: 0]
[feature_contri: ]
[forcedsplits_filename: ]
[refit_decay_rate: 0.9]
[cegb_tradeoff: 1]
[cegb_penalty_split: 0]
[cegb_penalty_feature_lazy: ]
[cegb_penalty_feature_coupled: ]
[path_smooth: 0]
[interaction_constraints: ]
[verbosity: -1]
[saved_feature_importance_type: 0]
[use_quantized_grad: 0]
[num_grad_quant_bins: 4]
[quant_train_renew_leaf: 0]
[stochastic_rounding: 1]
[linear_tree: 0]
[max_bin: 255]
[max_bin_by_feature: ]
[min_data_in_bin: 3]
[bin_construct_sample_cnt: 200000]
[data_random_seed: 1]
[is_enable_sparse: 1]
[enable_bundle: 1]
[use_missing: 1]
[zero_as_missing: 0]
[feature_pre_filter: 1]
[pre_partition: 0]
[two_round: 0]
[header: 0]
[label_column: ]
[weight_column: ]
[group_column: ]
[ignore_column: ]
[categorical_feature: ]
[forcedbins_filename: ]
[precise_float_parser: 0]
[parser_config_file: ]
[objective_seed: 5]
[num_class: 3]
[is_unbalance: 1]
[scale_pos_weight: 1]
[sigmoid: 1]
[boost_from_average: 1]
[reg_sqrt: 0]
[alpha: 0.9]
[fair_c: 1]
[poisson_max_delta_step: 0.7]
[tweedie_variance_power: 1.5]
[lambdarank_truncation_level: 30]
[lambdarank_norm: 1]
[label_gain: ]
[lambdarank_position_bias_regularization: 0]
[eval_at: ]
[multi_error_top_k: 1]
[auc_mu_weights: ]
[num_machines: 1]
[local_listen_port: 12400]
[time_out: 120]
[machine_list_filename: ]
[machines: ]
[gpu_platform_id: -1]
[gpu_device_id: -1]
[gpu_use_dp: 0]
[num_gpu: 1]

end of parameters

pandas_categorical:null
